step_type,req_ids,s_time_s,d_time_s,batch_size,total_tokens,ctx_lens,computed_tokens,mm_items,cache_hits
prefill,chatcmpl-9492be82577fe6f8-8f650fd6,3165878.417897,0.000628,1,1351,1351,0,1,0
encoder,chatcmpl-9492be82577fe6f8-8f650fd6,3165878.420500,2.467314,1,0,,, 1,0
decode,chatcmpl-9492be82577fe6f8-8f650fd6,3165903.823524,0.000059,1,1,1352,1351,0,0
decode,chatcmpl-9492be82577fe6f8-8f650fd6,3165905.877178,0.000050,1,1,1354,1352,0,0
decode,chatcmpl-9492be82577fe6f8-8f650fd6,3165905.891780,0.000044,1,1,1356,1353,0,0
decode,chatcmpl-9492be82577fe6f8-8f650fd6,3165905.905674,0.000044,1,1,1358,1354,0,0
decode,chatcmpl-9492be82577fe6f8-8f650fd6,3165905.919480,0.000043,1,1,1360,1355,0,0
decode,chatcmpl-9492be82577fe6f8-8f650fd6,3165905.933290,0.000043,1,1,1362,1356,0,0
decode,chatcmpl-9492be82577fe6f8-8f650fd6,3165905.947065,0.000042,1,1,1364,1357,0,0
decode,chatcmpl-9492be82577fe6f8-8f650fd6,3165905.960851,0.000042,1,1,1366,1358,0,0
decode,chatcmpl-9492be82577fe6f8-8f650fd6,3165905.974617,0.000043,1,1,1368,1359,0,0
decode,chatcmpl-9492be82577fe6f8-8f650fd6,3165905.988396,0.000043,1,1,1370,1360,0,0
decode,chatcmpl-9492be82577fe6f8-8f650fd6,3165906.002152,0.000044,1,1,1372,1361,0,0
decode,chatcmpl-9492be82577fe6f8-8f650fd6,3165906.015931,0.000042,1,1,1374,1362,0,0
decode,chatcmpl-9492be82577fe6f8-8f650fd6,3165906.029822,0.000042,1,1,1376,1363,0,0
decode,chatcmpl-9492be82577fe6f8-8f650fd6,3165906.043766,0.000041,1,1,1378,1364,0,0
decode,chatcmpl-9492be82577fe6f8-8f650fd6,3165906.057613,0.000040,1,1,1380,1365,0,0
decode,chatcmpl-9492be82577fe6f8-8f650fd6,3165906.071443,0.000040,1,1,1382,1366,0,0
decode,chatcmpl-9492be82577fe6f8-8f650fd6,3165906.085276,0.000041,1,1,1384,1367,0,0
decode,chatcmpl-9492be82577fe6f8-8f650fd6,3165906.099095,0.000041,1,1,1386,1368,0,0
decode,chatcmpl-9492be82577fe6f8-8f650fd6,3165906.112920,0.000041,1,1,1388,1369,0,0
decode,chatcmpl-9492be82577fe6f8-8f650fd6,3165906.126744,0.000043,1,1,1390,1370,0,0
decode,chatcmpl-9492be82577fe6f8-8f650fd6,3165906.140581,0.000043,1,1,1392,1371,0,0
decode,chatcmpl-9492be82577fe6f8-8f650fd6,3165906.154414,0.000042,1,1,1394,1372,0,0
decode,chatcmpl-9492be82577fe6f8-8f650fd6,3165906.168247,0.000042,1,1,1396,1373,0,0
decode,chatcmpl-9492be82577fe6f8-8f650fd6,3165906.182056,0.000042,1,1,1398,1374,0,0
decode,chatcmpl-9492be82577fe6f8-8f650fd6,3165906.195884,0.000043,1,1,1400,1375,0,0
decode,chatcmpl-9492be82577fe6f8-8f650fd6,3165906.209716,0.000041,1,1,1402,1376,0,0
decode,chatcmpl-9492be82577fe6f8-8f650fd6,3165906.223549,0.000041,1,1,1404,1377,0,0
decode,chatcmpl-9492be82577fe6f8-8f650fd6,3165906.237389,0.000041,1,1,1406,1378,0,0
decode,chatcmpl-9492be82577fe6f8-8f650fd6,3165906.251211,0.000040,1,1,1408,1379,0,0
decode,chatcmpl-9492be82577fe6f8-8f650fd6,3165906.265045,0.000042,1,1,1410,1380,0,0
decode,chatcmpl-9492be82577fe6f8-8f650fd6,3165906.278855,0.000041,1,1,1412,1381,0,0
decode,chatcmpl-9492be82577fe6f8-8f650fd6,3165906.292701,0.000042,1,1,1414,1382,0,0
decode,chatcmpl-9492be82577fe6f8-8f650fd6,3165906.306529,0.000042,1,1,1416,1383,0,0
decode,chatcmpl-9492be82577fe6f8-8f650fd6,3165906.320370,0.000041,1,1,1418,1384,0,0
decode,chatcmpl-9492be82577fe6f8-8f650fd6,3165906.334199,0.000041,1,1,1420,1385,0,0
decode,chatcmpl-9492be82577fe6f8-8f650fd6,3165906.348033,0.000042,1,1,1422,1386,0,0
decode,chatcmpl-9492be82577fe6f8-8f650fd6,3165906.361850,0.000041,1,1,1424,1387,0,0
decode,chatcmpl-9492be82577fe6f8-8f650fd6,3165906.375674,0.000042,1,1,1426,1388,0,0
decode,chatcmpl-9492be82577fe6f8-8f650fd6,3165906.389512,0.000042,1,1,1428,1389,0,0
decode,chatcmpl-9492be82577fe6f8-8f650fd6,3165906.403327,0.000041,1,1,1430,1390,0,0
decode,chatcmpl-9492be82577fe6f8-8f650fd6,3165906.417147,0.000040,1,1,1432,1391,0,0
decode,chatcmpl-9492be82577fe6f8-8f650fd6,3165906.430940,0.000042,1,1,1434,1392,0,0
decode,chatcmpl-9492be82577fe6f8-8f650fd6,3165906.444761,0.000041,1,1,1436,1393,0,0
decode,chatcmpl-9492be82577fe6f8-8f650fd6,3165906.458563,0.000041,1,1,1438,1394,0,0
decode,chatcmpl-9492be82577fe6f8-8f650fd6,3165906.472393,0.000042,1,1,1440,1395,0,0
decode,chatcmpl-9492be82577fe6f8-8f650fd6,3165906.486197,0.000041,1,1,1442,1396,0,0
decode,chatcmpl-9492be82577fe6f8-8f650fd6,3165906.500121,0.000041,1,1,1444,1397,0,0
decode,chatcmpl-9492be82577fe6f8-8f650fd6,3165906.513875,0.000041,1,1,1446,1398,0,0
decode,chatcmpl-9492be82577fe6f8-8f650fd6,3165906.527683,0.000040,1,1,1448,1399,0,0
decode,chatcmpl-9492be82577fe6f8-8f650fd6,3165906.541511,0.000043,1,1,1450,1400,0,0
decode,chatcmpl-9492be82577fe6f8-8f650fd6,3165906.555336,0.000042,1,1,1452,1401,0,0
decode,chatcmpl-9492be82577fe6f8-8f650fd6,3165906.569180,0.000040,1,1,1454,1402,0,0
decode,chatcmpl-9492be82577fe6f8-8f650fd6,3165906.583017,0.000043,1,1,1456,1403,0,0
decode,chatcmpl-9492be82577fe6f8-8f650fd6,3165906.596868,0.000042,1,1,1458,1404,0,0
decode,chatcmpl-9492be82577fe6f8-8f650fd6,3165906.610664,0.000039,1,1,1460,1405,0,0
decode,chatcmpl-9492be82577fe6f8-8f650fd6,3165906.624485,0.000040,1,1,1462,1406,0,0
decode,chatcmpl-9492be82577fe6f8-8f650fd6,3165906.638300,0.000042,1,1,1464,1407,0,0
decode,chatcmpl-9492be82577fe6f8-8f650fd6,3165906.652147,0.000060,1,1,1466,1408,0,0
decode,chatcmpl-9492be82577fe6f8-8f650fd6,3165906.665990,0.000040,1,1,1468,1409,0,0
decode,chatcmpl-9492be82577fe6f8-8f650fd6,3165906.679793,0.000040,1,1,1470,1410,0,0
decode,chatcmpl-9492be82577fe6f8-8f650fd6,3165906.693627,0.000039,1,1,1472,1411,0,0
decode,chatcmpl-9492be82577fe6f8-8f650fd6,3165906.707439,0.000041,1,1,1474,1412,0,0
decode,chatcmpl-9492be82577fe6f8-8f650fd6,3165906.721271,0.000041,1,1,1476,1413,0,0
decode,chatcmpl-9492be82577fe6f8-8f650fd6,3165906.735089,0.000040,1,1,1478,1414,0,0
decode,chatcmpl-9492be82577fe6f8-8f650fd6,3165906.748905,0.000041,1,1,1480,1415,0,0
decode,chatcmpl-9492be82577fe6f8-8f650fd6,3165906.762732,0.000041,1,1,1482,1416,0,0
decode,chatcmpl-9492be82577fe6f8-8f650fd6,3165906.776568,0.000040,1,1,1484,1417,0,0
decode,chatcmpl-9492be82577fe6f8-8f650fd6,3165906.790372,0.000042,1,1,1486,1418,0,0
decode,chatcmpl-9492be82577fe6f8-8f650fd6,3165906.804173,0.000040,1,1,1488,1419,0,0
decode,chatcmpl-9492be82577fe6f8-8f650fd6,3165906.817977,0.000041,1,1,1490,1420,0,0
decode,chatcmpl-9492be82577fe6f8-8f650fd6,3165906.831794,0.000042,1,1,1492,1421,0,0
decode,chatcmpl-9492be82577fe6f8-8f650fd6,3165906.845587,0.000040,1,1,1494,1422,0,0
decode,chatcmpl-9492be82577fe6f8-8f650fd6,3165906.859396,0.000039,1,1,1496,1423,0,0
decode,chatcmpl-9492be82577fe6f8-8f650fd6,3165906.873211,0.000041,1,1,1498,1424,0,0
decode,chatcmpl-9492be82577fe6f8-8f650fd6,3165906.887002,0.000039,1,1,1500,1425,0,0
decode,chatcmpl-9492be82577fe6f8-8f650fd6,3165906.900818,0.000041,1,1,1502,1426,0,0
decode,chatcmpl-9492be82577fe6f8-8f650fd6,3165906.914636,0.000041,1,1,1504,1427,0,0
decode,chatcmpl-9492be82577fe6f8-8f650fd6,3165906.928467,0.000042,1,1,1506,1428,0,0
decode,chatcmpl-9492be82577fe6f8-8f650fd6,3165906.942287,0.000041,1,1,1508,1429,0,0
decode,chatcmpl-9492be82577fe6f8-8f650fd6,3165906.956085,0.000041,1,1,1510,1430,0,0
decode,chatcmpl-9492be82577fe6f8-8f650fd6,3165906.969900,0.000042,1,1,1512,1431,0,0
decode,chatcmpl-9492be82577fe6f8-8f650fd6,3165906.983695,0.000040,1,1,1514,1432,0,0
decode,chatcmpl-9492be82577fe6f8-8f650fd6,3165906.997498,0.000041,1,1,1516,1433,0,0
decode,chatcmpl-9492be82577fe6f8-8f650fd6,3165907.011316,0.000040,1,1,1518,1434,0,0
decode,chatcmpl-9492be82577fe6f8-8f650fd6,3165907.025139,0.000040,1,1,1520,1435,0,0
decode,chatcmpl-9492be82577fe6f8-8f650fd6,3165907.038961,0.000039,1,1,1522,1436,0,0
decode,chatcmpl-9492be82577fe6f8-8f650fd6,3165907.052788,0.000040,1,1,1524,1437,0,0
decode,chatcmpl-9492be82577fe6f8-8f650fd6,3165907.066595,0.000041,1,1,1526,1438,0,0
decode,chatcmpl-9492be82577fe6f8-8f650fd6,3165907.080406,0.000041,1,1,1528,1439,0,0
decode,chatcmpl-9492be82577fe6f8-8f650fd6,3165907.094208,0.000041,1,1,1530,1440,0,0
decode,chatcmpl-9492be82577fe6f8-8f650fd6,3165907.108022,0.000041,1,1,1532,1441,0,0
decode,chatcmpl-9492be82577fe6f8-8f650fd6,3165907.121850,0.000040,1,1,1534,1442,0,0
decode,chatcmpl-9492be82577fe6f8-8f650fd6,3165907.135663,0.000041,1,1,1536,1443,0,0
decode,chatcmpl-9492be82577fe6f8-8f650fd6,3165907.149481,0.000041,1,1,1538,1444,0,0
decode,chatcmpl-9492be82577fe6f8-8f650fd6,3165907.163280,0.000041,1,1,1540,1445,0,0
decode,chatcmpl-9492be82577fe6f8-8f650fd6,3165907.177102,0.000041,1,1,1542,1446,0,0
decode,chatcmpl-9492be82577fe6f8-8f650fd6,3165907.190914,0.000041,1,1,1544,1447,0,0
decode,chatcmpl-9492be82577fe6f8-8f650fd6,3165907.204736,0.000039,1,1,1546,1448,0,0
decode,chatcmpl-9492be82577fe6f8-8f650fd6,3165907.218553,0.000040,1,1,1548,1449,0,0
decode,chatcmpl-9492be82577fe6f8-8f650fd6,3165907.232382,0.000041,1,1,1550,1450,0,0
decode,chatcmpl-9492be82577fe6f8-8f650fd6,3165907.246191,0.000040,1,1,1552,1451,0,0
decode,chatcmpl-9492be82577fe6f8-8f650fd6,3165907.259995,0.000047,1,1,1554,1452,0,0
decode,chatcmpl-9492be82577fe6f8-8f650fd6,3165907.273811,0.000042,1,1,1556,1453,0,0
decode,chatcmpl-9492be82577fe6f8-8f650fd6,3165907.287635,0.000041,1,1,1558,1454,0,0
decode,chatcmpl-9492be82577fe6f8-8f650fd6,3165907.301443,0.000041,1,1,1560,1455,0,0
decode,chatcmpl-9492be82577fe6f8-8f650fd6,3165907.315256,0.000041,1,1,1562,1456,0,0
decode,chatcmpl-9492be82577fe6f8-8f650fd6,3165907.329076,0.000041,1,1,1564,1457,0,0
decode,chatcmpl-9492be82577fe6f8-8f650fd6,3165907.342900,0.000042,1,1,1566,1458,0,0
decode,chatcmpl-9492be82577fe6f8-8f650fd6,3165907.356728,0.000039,1,1,1568,1459,0,0
decode,chatcmpl-9492be82577fe6f8-8f650fd6,3165907.370535,0.000041,1,1,1570,1460,0,0
decode,chatcmpl-9492be82577fe6f8-8f650fd6,3165907.384366,0.000056,1,1,1572,1461,0,0
decode,chatcmpl-9492be82577fe6f8-8f650fd6,3165907.398236,0.000040,1,1,1574,1462,0,0
decode,chatcmpl-9492be82577fe6f8-8f650fd6,3165907.412053,0.000041,1,1,1576,1463,0,0
decode,chatcmpl-9492be82577fe6f8-8f650fd6,3165907.425859,0.000041,1,1,1578,1464,0,0
decode,chatcmpl-9492be82577fe6f8-8f650fd6,3165907.439664,0.000043,1,1,1580,1465,0,0
decode,chatcmpl-9492be82577fe6f8-8f650fd6,3165907.453501,0.000041,1,1,1582,1466,0,0
decode,chatcmpl-9492be82577fe6f8-8f650fd6,3165907.467318,0.000041,1,1,1584,1467,0,0
decode,chatcmpl-9492be82577fe6f8-8f650fd6,3165907.481169,0.000041,1,1,1586,1468,0,0
decode,chatcmpl-9492be82577fe6f8-8f650fd6,3165907.494987,0.000040,1,1,1588,1469,0,0
decode,chatcmpl-9492be82577fe6f8-8f650fd6,3165907.508801,0.000040,1,1,1590,1470,0,0
decode,chatcmpl-9492be82577fe6f8-8f650fd6,3165907.522623,0.000041,1,1,1592,1471,0,0
decode,chatcmpl-9492be82577fe6f8-8f650fd6,3165907.536459,0.000042,1,1,1594,1472,0,0
decode,chatcmpl-9492be82577fe6f8-8f650fd6,3165907.550281,0.000042,1,1,1596,1473,0,0
decode,chatcmpl-9492be82577fe6f8-8f650fd6,3165907.564102,0.000042,1,1,1598,1474,0,0
decode,chatcmpl-9492be82577fe6f8-8f650fd6,3165907.577922,0.000041,1,1,1600,1475,0,0
decode,chatcmpl-9492be82577fe6f8-8f650fd6,3165907.591727,0.000040,1,1,1602,1476,0,0
decode,chatcmpl-9492be82577fe6f8-8f650fd6,3165907.605562,0.000040,1,1,1604,1477,0,0
decode,chatcmpl-9492be82577fe6f8-8f650fd6,3165907.619388,0.000041,1,1,1606,1478,0,0
decode,chatcmpl-9492be82577fe6f8-8f650fd6,3165907.633203,0.000041,1,1,1608,1479,0,0
decode,chatcmpl-9492be82577fe6f8-8f650fd6,3165907.647010,0.000041,1,1,1610,1480,0,0
decode,chatcmpl-9492be82577fe6f8-8f650fd6,3165907.660844,0.000041,1,1,1612,1481,0,0
decode,chatcmpl-9492be82577fe6f8-8f650fd6,3165907.674655,0.000041,1,1,1614,1482,0,0
decode,chatcmpl-9492be82577fe6f8-8f650fd6,3165907.688472,0.000041,1,1,1616,1483,0,0
decode,chatcmpl-9492be82577fe6f8-8f650fd6,3165907.702294,0.000041,1,1,1618,1484,0,0
decode,chatcmpl-9492be82577fe6f8-8f650fd6,3165907.716094,0.000040,1,1,1620,1485,0,0
decode,chatcmpl-9492be82577fe6f8-8f650fd6,3165907.729908,0.000039,1,1,1622,1486,0,0
decode,chatcmpl-9492be82577fe6f8-8f650fd6,3165907.743734,0.000041,1,1,1624,1487,0,0
decode,,3165907.757547,0.000097,0,0,,,0,0
decode,,3165907.757995,0.000068,0,0,,,0,0
prefill,chatcmpl-ae5702c29bc2258d-a77172a1,3165907.845411,0.000522,1,1351,1351,0,1,0
encoder,chatcmpl-ae5702c29bc2258d-a77172a1,3165907.847804,0.375233,1,0,,, 1,0
decode,chatcmpl-ae5702c29bc2258d-a77172a1,3165908.375135,0.000044,1,1,1352,1351,0,0
decode,chatcmpl-ae5702c29bc2258d-a77172a1,3165908.389341,0.000040,1,1,1354,1352,0,0
decode,chatcmpl-ae5702c29bc2258d-a77172a1,3165908.403162,0.000042,1,1,1356,1353,0,0
decode,chatcmpl-ae5702c29bc2258d-a77172a1,3165908.416975,0.000042,1,1,1358,1354,0,0
decode,chatcmpl-ae5702c29bc2258d-a77172a1,3165908.430745,0.000041,1,1,1360,1355,0,0
decode,chatcmpl-ae5702c29bc2258d-a77172a1,3165908.444521,0.000041,1,1,1362,1356,0,0
decode,chatcmpl-ae5702c29bc2258d-a77172a1,3165908.458295,0.000042,1,1,1364,1357,0,0
decode,chatcmpl-ae5702c29bc2258d-a77172a1,3165908.472071,0.000041,1,1,1366,1358,0,0
decode,chatcmpl-ae5702c29bc2258d-a77172a1,3165908.485828,0.000040,1,1,1368,1359,0,0
decode,chatcmpl-ae5702c29bc2258d-a77172a1,3165908.499686,0.000042,1,1,1370,1360,0,0
decode,chatcmpl-ae5702c29bc2258d-a77172a1,3165908.513440,0.000041,1,1,1372,1361,0,0
decode,chatcmpl-ae5702c29bc2258d-a77172a1,3165908.527199,0.000043,1,1,1374,1362,0,0
decode,chatcmpl-ae5702c29bc2258d-a77172a1,3165908.540963,0.000043,1,1,1376,1363,0,0
decode,chatcmpl-ae5702c29bc2258d-a77172a1,3165908.554726,0.000040,1,1,1378,1364,0,0
decode,chatcmpl-ae5702c29bc2258d-a77172a1,3165908.568482,0.000042,1,1,1380,1365,0,0
decode,chatcmpl-ae5702c29bc2258d-a77172a1,3165908.582234,0.000041,1,1,1382,1366,0,0
decode,chatcmpl-ae5702c29bc2258d-a77172a1,3165908.596012,0.000043,1,1,1384,1367,0,0
decode,chatcmpl-ae5702c29bc2258d-a77172a1,3165908.609772,0.000042,1,1,1386,1368,0,0
decode,chatcmpl-ae5702c29bc2258d-a77172a1,3165908.623524,0.000043,1,1,1388,1369,0,0
decode,chatcmpl-ae5702c29bc2258d-a77172a1,3165908.637293,0.000042,1,1,1390,1370,0,0
decode,chatcmpl-ae5702c29bc2258d-a77172a1,3165908.651155,0.000041,1,1,1392,1371,0,0
decode,chatcmpl-ae5702c29bc2258d-a77172a1,3165908.665023,0.000043,1,1,1394,1372,0,0
decode,chatcmpl-ae5702c29bc2258d-a77172a1,3165908.678855,0.000042,1,1,1396,1373,0,0
decode,chatcmpl-ae5702c29bc2258d-a77172a1,3165908.692633,0.000042,1,1,1398,1374,0,0
decode,chatcmpl-ae5702c29bc2258d-a77172a1,3165908.706386,0.000043,1,1,1400,1375,0,0
decode,chatcmpl-ae5702c29bc2258d-a77172a1,3165908.720149,0.000041,1,1,1402,1376,0,0
decode,chatcmpl-ae5702c29bc2258d-a77172a1,3165908.733889,0.000043,1,1,1404,1377,0,0
decode,chatcmpl-ae5702c29bc2258d-a77172a1,3165908.747632,0.000040,1,1,1406,1378,0,0
decode,chatcmpl-ae5702c29bc2258d-a77172a1,3165908.761400,0.000044,1,1,1408,1379,0,0
decode,chatcmpl-ae5702c29bc2258d-a77172a1,3165908.775172,0.000041,1,1,1410,1380,0,0
decode,chatcmpl-ae5702c29bc2258d-a77172a1,3165908.788936,0.000041,1,1,1412,1381,0,0
decode,chatcmpl-ae5702c29bc2258d-a77172a1,3165908.802758,0.000042,1,1,1414,1382,0,0
decode,chatcmpl-ae5702c29bc2258d-a77172a1,3165908.816561,0.000042,1,1,1416,1383,0,0
decode,chatcmpl-ae5702c29bc2258d-a77172a1,3165908.830326,0.000043,1,1,1418,1384,0,0
decode,chatcmpl-ae5702c29bc2258d-a77172a1,3165908.844069,0.000042,1,1,1420,1385,0,0
decode,chatcmpl-ae5702c29bc2258d-a77172a1,3165908.857825,0.000041,1,1,1422,1386,0,0
decode,chatcmpl-ae5702c29bc2258d-a77172a1,3165908.871576,0.000042,1,1,1424,1387,0,0
decode,chatcmpl-ae5702c29bc2258d-a77172a1,3165908.885357,0.000041,1,1,1426,1388,0,0
decode,chatcmpl-ae5702c29bc2258d-a77172a1,3165908.899119,0.000042,1,1,1428,1389,0,0
decode,chatcmpl-ae5702c29bc2258d-a77172a1,3165908.912883,0.000042,1,1,1430,1390,0,0
decode,chatcmpl-ae5702c29bc2258d-a77172a1,3165908.926622,0.000042,1,1,1432,1391,0,0
decode,chatcmpl-ae5702c29bc2258d-a77172a1,3165908.940395,0.000042,1,1,1434,1392,0,0
decode,chatcmpl-ae5702c29bc2258d-a77172a1,3165908.954249,0.000042,1,1,1436,1393,0,0
decode,chatcmpl-ae5702c29bc2258d-a77172a1,3165908.968013,0.000041,1,1,1438,1394,0,0
decode,chatcmpl-ae5702c29bc2258d-a77172a1,3165908.981775,0.000043,1,1,1440,1395,0,0
decode,chatcmpl-ae5702c29bc2258d-a77172a1,3165908.995523,0.000042,1,1,1442,1396,0,0
decode,chatcmpl-ae5702c29bc2258d-a77172a1,3165909.009293,0.000041,1,1,1444,1397,0,0
decode,chatcmpl-ae5702c29bc2258d-a77172a1,3165909.023058,0.000041,1,1,1446,1398,0,0
decode,chatcmpl-ae5702c29bc2258d-a77172a1,3165909.036817,0.000042,1,1,1448,1399,0,0
decode,chatcmpl-ae5702c29bc2258d-a77172a1,3165909.050558,0.000041,1,1,1450,1400,0,0
decode,chatcmpl-ae5702c29bc2258d-a77172a1,3165909.064329,0.000043,1,1,1452,1401,0,0
decode,chatcmpl-ae5702c29bc2258d-a77172a1,3165909.078099,0.000041,1,1,1454,1402,0,0
decode,chatcmpl-ae5702c29bc2258d-a77172a1,3165909.091873,0.000042,1,1,1456,1403,0,0
decode,chatcmpl-ae5702c29bc2258d-a77172a1,3165909.105727,0.000041,1,1,1458,1404,0,0
decode,chatcmpl-ae5702c29bc2258d-a77172a1,3165909.119506,0.000042,1,1,1460,1405,0,0
decode,chatcmpl-ae5702c29bc2258d-a77172a1,3165909.133263,0.000041,1,1,1462,1406,0,0
decode,chatcmpl-ae5702c29bc2258d-a77172a1,3165909.147027,0.000043,1,1,1464,1407,0,0
decode,chatcmpl-ae5702c29bc2258d-a77172a1,3165909.160807,0.000060,1,1,1466,1408,0,0
decode,chatcmpl-ae5702c29bc2258d-a77172a1,3165909.174585,0.000042,1,1,1468,1409,0,0
decode,chatcmpl-ae5702c29bc2258d-a77172a1,3165909.188373,0.000044,1,1,1470,1410,0,0
decode,chatcmpl-ae5702c29bc2258d-a77172a1,3165909.202137,0.000041,1,1,1472,1411,0,0
decode,chatcmpl-ae5702c29bc2258d-a77172a1,3165909.215896,0.000043,1,1,1474,1412,0,0
decode,chatcmpl-ae5702c29bc2258d-a77172a1,3165909.229696,0.000043,1,1,1476,1413,0,0
decode,chatcmpl-ae5702c29bc2258d-a77172a1,3165909.243466,0.000042,1,1,1478,1414,0,0
decode,chatcmpl-ae5702c29bc2258d-a77172a1,3165909.257336,0.000043,1,1,1480,1415,0,0
decode,chatcmpl-ae5702c29bc2258d-a77172a1,3165909.271099,0.000042,1,1,1482,1416,0,0
decode,chatcmpl-ae5702c29bc2258d-a77172a1,3165909.284876,0.000041,1,1,1484,1417,0,0
decode,chatcmpl-ae5702c29bc2258d-a77172a1,3165909.298643,0.000042,1,1,1486,1418,0,0
decode,chatcmpl-ae5702c29bc2258d-a77172a1,3165909.312466,0.000042,1,1,1488,1419,0,0
decode,chatcmpl-ae5702c29bc2258d-a77172a1,3165909.326229,0.000041,1,1,1490,1420,0,0
decode,chatcmpl-ae5702c29bc2258d-a77172a1,3165909.339990,0.000047,1,1,1492,1421,0,0
decode,chatcmpl-ae5702c29bc2258d-a77172a1,3165909.353745,0.000040,1,1,1494,1422,0,0
decode,chatcmpl-ae5702c29bc2258d-a77172a1,3165909.367480,0.000041,1,1,1496,1423,0,0
decode,chatcmpl-ae5702c29bc2258d-a77172a1,3165909.381239,0.000041,1,1,1498,1424,0,0
decode,chatcmpl-ae5702c29bc2258d-a77172a1,3165909.394990,0.000043,1,1,1500,1425,0,0
decode,chatcmpl-ae5702c29bc2258d-a77172a1,3165909.408838,0.000042,1,1,1502,1426,0,0
decode,chatcmpl-ae5702c29bc2258d-a77172a1,3165909.422592,0.000042,1,1,1504,1427,0,0
decode,chatcmpl-ae5702c29bc2258d-a77172a1,3165909.436357,0.000041,1,1,1506,1428,0,0
decode,chatcmpl-ae5702c29bc2258d-a77172a1,3165909.450119,0.000043,1,1,1508,1429,0,0
decode,chatcmpl-ae5702c29bc2258d-a77172a1,3165909.463888,0.000044,1,1,1510,1430,0,0
decode,chatcmpl-ae5702c29bc2258d-a77172a1,3165909.477654,0.000042,1,1,1512,1431,0,0
decode,chatcmpl-ae5702c29bc2258d-a77172a1,3165909.491398,0.000043,1,1,1514,1432,0,0
decode,chatcmpl-ae5702c29bc2258d-a77172a1,3165909.505174,0.000041,1,1,1516,1433,0,0
decode,chatcmpl-ae5702c29bc2258d-a77172a1,3165909.518944,0.000042,1,1,1518,1434,0,0
decode,chatcmpl-ae5702c29bc2258d-a77172a1,3165909.532707,0.000043,1,1,1520,1435,0,0
decode,chatcmpl-ae5702c29bc2258d-a77172a1,3165909.546455,0.000040,1,1,1522,1436,0,0
decode,chatcmpl-ae5702c29bc2258d-a77172a1,3165909.560324,0.000043,1,1,1524,1437,0,0
decode,chatcmpl-ae5702c29bc2258d-a77172a1,3165909.574095,0.000044,1,1,1526,1438,0,0
decode,chatcmpl-ae5702c29bc2258d-a77172a1,3165909.587842,0.000043,1,1,1528,1439,0,0
decode,chatcmpl-ae5702c29bc2258d-a77172a1,3165909.601593,0.000041,1,1,1530,1440,0,0
decode,chatcmpl-ae5702c29bc2258d-a77172a1,3165909.615346,0.000042,1,1,1532,1441,0,0
decode,chatcmpl-ae5702c29bc2258d-a77172a1,3165909.629110,0.000041,1,1,1534,1442,0,0
decode,chatcmpl-ae5702c29bc2258d-a77172a1,3165909.642865,0.000042,1,1,1536,1443,0,0
decode,chatcmpl-ae5702c29bc2258d-a77172a1,3165909.656648,0.000042,1,1,1538,1444,0,0
decode,chatcmpl-ae5702c29bc2258d-a77172a1,3165909.670401,0.000042,1,1,1540,1445,0,0
decode,chatcmpl-ae5702c29bc2258d-a77172a1,3165909.684156,0.000041,1,1,1542,1446,0,0
decode,chatcmpl-ae5702c29bc2258d-a77172a1,3165909.697948,0.000043,1,1,1544,1447,0,0
decode,chatcmpl-ae5702c29bc2258d-a77172a1,3165909.711711,0.000043,1,1,1546,1448,0,0
decode,chatcmpl-ae5702c29bc2258d-a77172a1,3165909.725500,0.000042,1,1,1548,1449,0,0
decode,chatcmpl-ae5702c29bc2258d-a77172a1,3165909.739265,0.000041,1,1,1550,1450,0,0
decode,chatcmpl-ae5702c29bc2258d-a77172a1,3165909.753013,0.000040,1,1,1552,1451,0,0
decode,chatcmpl-ae5702c29bc2258d-a77172a1,3165909.766785,0.000042,1,1,1554,1452,0,0
decode,chatcmpl-ae5702c29bc2258d-a77172a1,3165909.780550,0.000042,1,1,1556,1453,0,0
decode,chatcmpl-ae5702c29bc2258d-a77172a1,3165909.794295,0.000041,1,1,1558,1454,0,0
decode,chatcmpl-ae5702c29bc2258d-a77172a1,3165909.808030,0.000041,1,1,1560,1455,0,0
decode,chatcmpl-ae5702c29bc2258d-a77172a1,3165909.821788,0.000041,1,1,1562,1456,0,0
decode,chatcmpl-ae5702c29bc2258d-a77172a1,3165909.835549,0.000043,1,1,1564,1457,0,0
decode,chatcmpl-ae5702c29bc2258d-a77172a1,3165909.849300,0.000041,1,1,1566,1458,0,0
decode,chatcmpl-ae5702c29bc2258d-a77172a1,3165909.863073,0.000041,1,1,1568,1459,0,0
decode,chatcmpl-ae5702c29bc2258d-a77172a1,3165909.876840,0.000042,1,1,1570,1460,0,0
decode,chatcmpl-ae5702c29bc2258d-a77172a1,3165909.890589,0.000042,1,1,1572,1461,0,0
decode,chatcmpl-ae5702c29bc2258d-a77172a1,3165909.904362,0.000042,1,1,1574,1462,0,0
decode,chatcmpl-ae5702c29bc2258d-a77172a1,3165909.918120,0.000043,1,1,1576,1463,0,0
decode,chatcmpl-ae5702c29bc2258d-a77172a1,3165909.931872,0.000043,1,1,1578,1464,0,0
decode,chatcmpl-ae5702c29bc2258d-a77172a1,3165909.945615,0.000043,1,1,1580,1465,0,0
decode,chatcmpl-ae5702c29bc2258d-a77172a1,3165909.959375,0.000042,1,1,1582,1466,0,0
decode,chatcmpl-ae5702c29bc2258d-a77172a1,3165909.973140,0.000041,1,1,1584,1467,0,0
decode,chatcmpl-ae5702c29bc2258d-a77172a1,3165909.986888,0.000042,1,1,1586,1468,0,0
decode,chatcmpl-ae5702c29bc2258d-a77172a1,3165910.000658,0.000041,1,1,1588,1469,0,0
decode,chatcmpl-ae5702c29bc2258d-a77172a1,3165910.014408,0.000041,1,1,1590,1470,0,0
decode,chatcmpl-ae5702c29bc2258d-a77172a1,3165910.028159,0.000045,1,1,1592,1471,0,0
decode,chatcmpl-ae5702c29bc2258d-a77172a1,3165910.041934,0.000041,1,1,1594,1472,0,0
decode,chatcmpl-ae5702c29bc2258d-a77172a1,3165910.055682,0.000042,1,1,1596,1473,0,0
decode,chatcmpl-ae5702c29bc2258d-a77172a1,3165910.069457,0.000043,1,1,1598,1474,0,0
decode,chatcmpl-ae5702c29bc2258d-a77172a1,3165910.083222,0.000040,1,1,1600,1475,0,0
decode,chatcmpl-ae5702c29bc2258d-a77172a1,3165910.096975,0.000042,1,1,1602,1476,0,0
decode,chatcmpl-ae5702c29bc2258d-a77172a1,3165910.110714,0.000041,1,1,1604,1477,0,0
decode,chatcmpl-ae5702c29bc2258d-a77172a1,3165910.124484,0.000043,1,1,1606,1478,0,0
decode,chatcmpl-ae5702c29bc2258d-a77172a1,3165910.138278,0.000041,1,1,1608,1479,0,0
decode,chatcmpl-ae5702c29bc2258d-a77172a1,3165910.152037,0.000043,1,1,1610,1480,0,0
decode,chatcmpl-ae5702c29bc2258d-a77172a1,3165910.165789,0.000042,1,1,1612,1481,0,0
decode,chatcmpl-ae5702c29bc2258d-a77172a1,3165910.179551,0.000042,1,1,1614,1482,0,0
decode,chatcmpl-ae5702c29bc2258d-a77172a1,3165910.193326,0.000042,1,1,1616,1483,0,0
decode,chatcmpl-ae5702c29bc2258d-a77172a1,3165910.207093,0.000041,1,1,1618,1484,0,0
decode,chatcmpl-ae5702c29bc2258d-a77172a1,3165910.220890,0.000041,1,1,1620,1485,0,0
decode,chatcmpl-ae5702c29bc2258d-a77172a1,3165910.234649,0.000041,1,1,1622,1486,0,0
decode,chatcmpl-ae5702c29bc2258d-a77172a1,3165910.248679,0.000044,1,1,1624,1487,0,0
decode,,3165910.262445,0.000149,0,0,,,0,0
decode,,3165910.262771,0.000125,0,0,,,0,0
prefill,chatcmpl-9f7448a95c872288-aa2ab674,3165910.348107,0.000477,1,1333,1333,0,1,0
encoder,chatcmpl-9f7448a95c872288-aa2ab674,3165910.350197,0.375515,1,0,,, 1,0
decode,chatcmpl-9f7448a95c872288-aa2ab674,3165910.875376,0.000045,1,1,1334,1333,0,0
decode,chatcmpl-9f7448a95c872288-aa2ab674,3165910.889558,0.000042,1,1,1336,1334,0,0
decode,chatcmpl-9f7448a95c872288-aa2ab674,3165910.903473,0.000042,1,1,1338,1335,0,0
decode,chatcmpl-9f7448a95c872288-aa2ab674,3165910.917393,0.000045,1,1,1340,1336,0,0
decode,chatcmpl-9f7448a95c872288-aa2ab674,3165910.931191,0.000044,1,1,1342,1337,0,0
decode,chatcmpl-9f7448a95c872288-aa2ab674,3165910.945122,0.000042,1,1,1344,1338,0,0
decode,chatcmpl-9f7448a95c872288-aa2ab674,3165910.958894,0.000042,1,1,1346,1339,0,0
decode,chatcmpl-9f7448a95c872288-aa2ab674,3165910.972691,0.000042,1,1,1348,1340,0,0
decode,chatcmpl-9f7448a95c872288-aa2ab674,3165910.986453,0.000043,1,1,1350,1341,0,0
decode,chatcmpl-9f7448a95c872288-aa2ab674,3165911.000199,0.000044,1,1,1352,1342,0,0
decode,chatcmpl-9f7448a95c872288-aa2ab674,3165911.013972,0.000043,1,1,1354,1343,0,0
decode,chatcmpl-9f7448a95c872288-aa2ab674,3165911.027734,0.000041,1,1,1356,1344,0,0
decode,chatcmpl-9f7448a95c872288-aa2ab674,3165911.041499,0.000042,1,1,1358,1345,0,0
decode,chatcmpl-9f7448a95c872288-aa2ab674,3165911.055259,0.000042,1,1,1360,1346,0,0
decode,chatcmpl-9f7448a95c872288-aa2ab674,3165911.069038,0.000045,1,1,1362,1347,0,0
decode,chatcmpl-9f7448a95c872288-aa2ab674,3165911.082804,0.000041,1,1,1364,1348,0,0
decode,chatcmpl-9f7448a95c872288-aa2ab674,3165911.096682,0.000043,1,1,1366,1349,0,0
decode,chatcmpl-9f7448a95c872288-aa2ab674,3165911.110455,0.000042,1,1,1368,1350,0,0
decode,chatcmpl-9f7448a95c872288-aa2ab674,3165911.124210,0.000042,1,1,1370,1351,0,0
decode,chatcmpl-9f7448a95c872288-aa2ab674,3165911.137974,0.000042,1,1,1372,1352,0,0
decode,chatcmpl-9f7448a95c872288-aa2ab674,3165911.151752,0.000042,1,1,1374,1353,0,0
decode,chatcmpl-9f7448a95c872288-aa2ab674,3165911.165514,0.000042,1,1,1376,1354,0,0
decode,chatcmpl-9f7448a95c872288-aa2ab674,3165911.179264,0.000042,1,1,1378,1355,0,0
decode,chatcmpl-9f7448a95c872288-aa2ab674,3165911.193038,0.000042,1,1,1380,1356,0,0
decode,chatcmpl-9f7448a95c872288-aa2ab674,3165911.206803,0.000041,1,1,1382,1357,0,0
decode,chatcmpl-9f7448a95c872288-aa2ab674,3165911.220589,0.000043,1,1,1384,1358,0,0
decode,chatcmpl-9f7448a95c872288-aa2ab674,3165911.234343,0.000043,1,1,1386,1359,0,0
decode,chatcmpl-9f7448a95c872288-aa2ab674,3165911.248186,0.000041,1,1,1388,1360,0,0
decode,chatcmpl-9f7448a95c872288-aa2ab674,3165911.261952,0.000042,1,1,1390,1361,0,0
decode,chatcmpl-9f7448a95c872288-aa2ab674,3165911.275696,0.000044,1,1,1392,1362,0,0
decode,chatcmpl-9f7448a95c872288-aa2ab674,3165911.289466,0.000043,1,1,1394,1363,0,0
decode,chatcmpl-9f7448a95c872288-aa2ab674,3165911.303251,0.000042,1,1,1396,1364,0,0
decode,chatcmpl-9f7448a95c872288-aa2ab674,3165911.317016,0.000043,1,1,1398,1365,0,0
decode,chatcmpl-9f7448a95c872288-aa2ab674,3165911.330781,0.000043,1,1,1400,1366,0,0
decode,chatcmpl-9f7448a95c872288-aa2ab674,3165911.344569,0.000041,1,1,1402,1367,0,0
decode,chatcmpl-9f7448a95c872288-aa2ab674,3165911.358331,0.000042,1,1,1404,1368,0,0
decode,chatcmpl-9f7448a95c872288-aa2ab674,3165911.372100,0.000042,1,1,1406,1369,0,0
decode,chatcmpl-9f7448a95c872288-aa2ab674,3165911.385942,0.000041,1,1,1408,1370,0,0
decode,chatcmpl-9f7448a95c872288-aa2ab674,3165911.399807,0.000043,1,1,1410,1371,0,0
decode,chatcmpl-9f7448a95c872288-aa2ab674,3165911.413577,0.000043,1,1,1412,1372,0,0
decode,chatcmpl-9f7448a95c872288-aa2ab674,3165911.427691,0.000042,1,1,1414,1373,0,0
decode,chatcmpl-9f7448a95c872288-aa2ab674,3165911.441460,0.000042,1,1,1416,1374,0,0
decode,chatcmpl-9f7448a95c872288-aa2ab674,3165911.455212,0.000043,1,1,1418,1375,0,0
decode,chatcmpl-9f7448a95c872288-aa2ab674,3165911.468988,0.000042,1,1,1420,1376,0,0
decode,chatcmpl-9f7448a95c872288-aa2ab674,3165911.482758,0.000044,1,1,1422,1377,0,0
decode,chatcmpl-9f7448a95c872288-aa2ab674,3165911.496544,0.000042,1,1,1424,1378,0,0
decode,chatcmpl-9f7448a95c872288-aa2ab674,3165911.510296,0.000040,1,1,1426,1379,0,0
decode,chatcmpl-9f7448a95c872288-aa2ab674,3165911.524042,0.000042,1,1,1428,1380,0,0
decode,chatcmpl-9f7448a95c872288-aa2ab674,3165911.537792,0.000042,1,1,1430,1381,0,0
decode,chatcmpl-9f7448a95c872288-aa2ab674,3165911.551660,0.000043,1,1,1432,1382,0,0
decode,chatcmpl-9f7448a95c872288-aa2ab674,3165911.565416,0.000043,1,1,1434,1383,0,0
decode,chatcmpl-9f7448a95c872288-aa2ab674,3165911.579178,0.000042,1,1,1436,1384,0,0
decode,chatcmpl-9f7448a95c872288-aa2ab674,3165911.592963,0.000042,1,1,1438,1385,0,0
decode,chatcmpl-9f7448a95c872288-aa2ab674,3165911.606726,0.000044,1,1,1440,1386,0,0
decode,chatcmpl-9f7448a95c872288-aa2ab674,3165911.620505,0.000041,1,1,1442,1387,0,0
decode,chatcmpl-9f7448a95c872288-aa2ab674,3165911.634249,0.000043,1,1,1444,1388,0,0
decode,chatcmpl-9f7448a95c872288-aa2ab674,3165911.647995,0.000051,1,1,1446,1389,0,0
decode,chatcmpl-9f7448a95c872288-aa2ab674,3165911.661768,0.000044,1,1,1448,1390,0,0
decode,chatcmpl-9f7448a95c872288-aa2ab674,3165911.675517,0.000042,1,1,1450,1391,0,0
decode,chatcmpl-9f7448a95c872288-aa2ab674,3165911.689276,0.000043,1,1,1452,1392,0,0
decode,chatcmpl-9f7448a95c872288-aa2ab674,3165911.703134,0.000043,1,1,1454,1393,0,0
decode,chatcmpl-9f7448a95c872288-aa2ab674,3165911.716980,0.000041,1,1,1456,1394,0,0
decode,chatcmpl-9f7448a95c872288-aa2ab674,3165911.730738,0.000043,1,1,1458,1395,0,0
decode,chatcmpl-9f7448a95c872288-aa2ab674,3165911.744525,0.000040,1,1,1460,1396,0,0
decode,chatcmpl-9f7448a95c872288-aa2ab674,3165911.758289,0.000042,1,1,1462,1397,0,0
decode,chatcmpl-9f7448a95c872288-aa2ab674,3165911.772054,0.000042,1,1,1464,1398,0,0
decode,chatcmpl-9f7448a95c872288-aa2ab674,3165911.785831,0.000044,1,1,1466,1399,0,0
decode,chatcmpl-9f7448a95c872288-aa2ab674,3165911.799590,0.000043,1,1,1468,1400,0,0
decode,chatcmpl-9f7448a95c872288-aa2ab674,3165911.813351,0.000044,1,1,1470,1401,0,0
decode,chatcmpl-9f7448a95c872288-aa2ab674,3165911.827148,0.000044,1,1,1472,1402,0,0
decode,chatcmpl-9f7448a95c872288-aa2ab674,3165911.840928,0.000043,1,1,1474,1403,0,0
decode,chatcmpl-9f7448a95c872288-aa2ab674,3165911.854799,0.000043,1,1,1476,1404,0,0
decode,chatcmpl-9f7448a95c872288-aa2ab674,3165911.868589,0.000042,1,1,1478,1405,0,0
decode,chatcmpl-9f7448a95c872288-aa2ab674,3165911.882351,0.000041,1,1,1480,1406,0,0
decode,chatcmpl-9f7448a95c872288-aa2ab674,3165911.896112,0.000041,1,1,1482,1407,0,0
decode,chatcmpl-9f7448a95c872288-aa2ab674,3165911.909875,0.000054,1,1,1484,1408,0,0
decode,chatcmpl-9f7448a95c872288-aa2ab674,3165911.923642,0.000043,1,1,1486,1409,0,0
decode,chatcmpl-9f7448a95c872288-aa2ab674,3165911.937401,0.000041,1,1,1488,1410,0,0
decode,chatcmpl-9f7448a95c872288-aa2ab674,3165911.951159,0.000044,1,1,1490,1411,0,0
decode,chatcmpl-9f7448a95c872288-aa2ab674,3165911.964937,0.000042,1,1,1492,1412,0,0
decode,chatcmpl-9f7448a95c872288-aa2ab674,3165911.978686,0.000041,1,1,1494,1413,0,0
decode,chatcmpl-9f7448a95c872288-aa2ab674,3165911.992464,0.000043,1,1,1496,1414,0,0
decode,chatcmpl-9f7448a95c872288-aa2ab674,3165912.006342,0.000043,1,1,1498,1415,0,0
decode,chatcmpl-9f7448a95c872288-aa2ab674,3165912.020087,0.000042,1,1,1500,1416,0,0
decode,chatcmpl-9f7448a95c872288-aa2ab674,3165912.033850,0.000044,1,1,1502,1417,0,0
decode,chatcmpl-9f7448a95c872288-aa2ab674,3165912.047650,0.000042,1,1,1504,1418,0,0
decode,chatcmpl-9f7448a95c872288-aa2ab674,3165912.061420,0.000042,1,1,1506,1419,0,0
decode,chatcmpl-9f7448a95c872288-aa2ab674,3165912.075173,0.000041,1,1,1508,1420,0,0
decode,chatcmpl-9f7448a95c872288-aa2ab674,3165912.088951,0.000042,1,1,1510,1421,0,0
decode,chatcmpl-9f7448a95c872288-aa2ab674,3165912.102728,0.000042,1,1,1512,1422,0,0
decode,chatcmpl-9f7448a95c872288-aa2ab674,3165912.116513,0.000042,1,1,1514,1423,0,0
decode,chatcmpl-9f7448a95c872288-aa2ab674,3165912.130264,0.000044,1,1,1516,1424,0,0
decode,chatcmpl-9f7448a95c872288-aa2ab674,3165912.144035,0.000043,1,1,1518,1425,0,0
decode,chatcmpl-9f7448a95c872288-aa2ab674,3165912.157872,0.000042,1,1,1520,1426,0,0
decode,chatcmpl-9f7448a95c872288-aa2ab674,3165912.171648,0.000044,1,1,1522,1427,0,0
decode,chatcmpl-9f7448a95c872288-aa2ab674,3165912.185431,0.000043,1,1,1524,1428,0,0
decode,chatcmpl-9f7448a95c872288-aa2ab674,3165912.199182,0.000042,1,1,1526,1429,0,0
decode,chatcmpl-9f7448a95c872288-aa2ab674,3165912.212966,0.000043,1,1,1528,1430,0,0
decode,chatcmpl-9f7448a95c872288-aa2ab674,3165912.226741,0.000043,1,1,1530,1431,0,0
decode,chatcmpl-9f7448a95c872288-aa2ab674,3165912.240533,0.000041,1,1,1532,1432,0,0
decode,chatcmpl-9f7448a95c872288-aa2ab674,3165912.254298,0.000043,1,1,1534,1433,0,0
decode,chatcmpl-9f7448a95c872288-aa2ab674,3165912.268056,0.000041,1,1,1536,1434,0,0
decode,chatcmpl-9f7448a95c872288-aa2ab674,3165912.281807,0.000043,1,1,1538,1435,0,0
decode,chatcmpl-9f7448a95c872288-aa2ab674,3165912.295569,0.000043,1,1,1540,1436,0,0
decode,chatcmpl-9f7448a95c872288-aa2ab674,3165912.309450,0.000043,1,1,1542,1437,0,0
decode,chatcmpl-9f7448a95c872288-aa2ab674,3165912.323207,0.000043,1,1,1544,1438,0,0
decode,chatcmpl-9f7448a95c872288-aa2ab674,3165912.336972,0.000042,1,1,1546,1439,0,0
decode,chatcmpl-9f7448a95c872288-aa2ab674,3165912.350734,0.000041,1,1,1548,1440,0,0
decode,chatcmpl-9f7448a95c872288-aa2ab674,3165912.364530,0.000042,1,1,1550,1441,0,0
decode,chatcmpl-9f7448a95c872288-aa2ab674,3165912.378280,0.000043,1,1,1552,1442,0,0
decode,chatcmpl-9f7448a95c872288-aa2ab674,3165912.392044,0.000044,1,1,1554,1443,0,0
decode,chatcmpl-9f7448a95c872288-aa2ab674,3165912.405827,0.000042,1,1,1556,1444,0,0
decode,chatcmpl-9f7448a95c872288-aa2ab674,3165912.419595,0.000042,1,1,1558,1445,0,0
decode,chatcmpl-9f7448a95c872288-aa2ab674,3165912.433374,0.000044,1,1,1560,1446,0,0
decode,chatcmpl-9f7448a95c872288-aa2ab674,3165912.447149,0.000043,1,1,1562,1447,0,0
decode,chatcmpl-9f7448a95c872288-aa2ab674,3165912.461001,0.000043,1,1,1564,1448,0,0
decode,chatcmpl-9f7448a95c872288-aa2ab674,3165912.474757,0.000043,1,1,1566,1449,0,0
decode,chatcmpl-9f7448a95c872288-aa2ab674,3165912.488508,0.000042,1,1,1568,1450,0,0
decode,chatcmpl-9f7448a95c872288-aa2ab674,3165912.502268,0.000042,1,1,1570,1451,0,0
decode,,3165912.516037,0.000088,0,0,,,0,0
decode,,3165912.516411,0.000059,0,0,,,0,0
prefill,chatcmpl-9d769c5c64ff0ab4-b0258fa4,3165912.595661,0.000502,1,1364,1364,0,1,0
encoder,chatcmpl-9d769c5c64ff0ab4-b0258fa4,3165912.597803,0.375363,1,0,,, 1,0
decode,chatcmpl-9d769c5c64ff0ab4-b0258fa4,3165913.126981,0.000045,1,1,1365,1364,0,0
decode,chatcmpl-9d769c5c64ff0ab4-b0258fa4,3165913.141168,0.000044,1,1,1367,1365,0,0
decode,chatcmpl-9d769c5c64ff0ab4-b0258fa4,3165913.154974,0.000043,1,1,1369,1366,0,0
decode,chatcmpl-9d769c5c64ff0ab4-b0258fa4,3165913.168768,0.000043,1,1,1371,1367,0,0
decode,chatcmpl-9d769c5c64ff0ab4-b0258fa4,3165913.182544,0.000042,1,1,1373,1368,0,0
decode,chatcmpl-9d769c5c64ff0ab4-b0258fa4,3165913.196334,0.000044,1,1,1375,1369,0,0
decode,chatcmpl-9d769c5c64ff0ab4-b0258fa4,3165913.210212,0.000043,1,1,1377,1370,0,0
decode,chatcmpl-9d769c5c64ff0ab4-b0258fa4,3165913.223977,0.000046,1,1,1379,1371,0,0
decode,chatcmpl-9d769c5c64ff0ab4-b0258fa4,3165913.237761,0.000042,1,1,1381,1372,0,0
decode,chatcmpl-9d769c5c64ff0ab4-b0258fa4,3165913.251502,0.000041,1,1,1383,1373,0,0
decode,chatcmpl-9d769c5c64ff0ab4-b0258fa4,3165913.265300,0.000043,1,1,1385,1374,0,0
decode,chatcmpl-9d769c5c64ff0ab4-b0258fa4,3165913.279046,0.000043,1,1,1387,1375,0,0
decode,chatcmpl-9d769c5c64ff0ab4-b0258fa4,3165913.292838,0.000043,1,1,1389,1376,0,0
decode,chatcmpl-9d769c5c64ff0ab4-b0258fa4,3165913.306627,0.000042,1,1,1391,1377,0,0
decode,chatcmpl-9d769c5c64ff0ab4-b0258fa4,3165913.320396,0.000043,1,1,1393,1378,0,0
decode,chatcmpl-9d769c5c64ff0ab4-b0258fa4,3165913.334155,0.000043,1,1,1395,1379,0,0
decode,chatcmpl-9d769c5c64ff0ab4-b0258fa4,3165913.347919,0.000042,1,1,1397,1380,0,0
decode,chatcmpl-9d769c5c64ff0ab4-b0258fa4,3165913.361677,0.000040,1,1,1399,1381,0,0
decode,chatcmpl-9d769c5c64ff0ab4-b0258fa4,3165913.375443,0.000042,1,1,1401,1382,0,0
decode,chatcmpl-9d769c5c64ff0ab4-b0258fa4,3165913.389207,0.000044,1,1,1403,1383,0,0
decode,chatcmpl-9d769c5c64ff0ab4-b0258fa4,3165913.402974,0.000042,1,1,1405,1384,0,0
decode,chatcmpl-9d769c5c64ff0ab4-b0258fa4,3165913.416740,0.000043,1,1,1407,1385,0,0
decode,chatcmpl-9d769c5c64ff0ab4-b0258fa4,3165913.430493,0.000042,1,1,1409,1386,0,0
decode,chatcmpl-9d769c5c64ff0ab4-b0258fa4,3165913.444256,0.000041,1,1,1411,1387,0,0
decode,chatcmpl-9d769c5c64ff0ab4-b0258fa4,3165913.458007,0.000042,1,1,1413,1388,0,0
decode,chatcmpl-9d769c5c64ff0ab4-b0258fa4,3165913.471778,0.000041,1,1,1415,1389,0,0
decode,chatcmpl-9d769c5c64ff0ab4-b0258fa4,3165913.485547,0.000042,1,1,1417,1390,0,0
decode,chatcmpl-9d769c5c64ff0ab4-b0258fa4,3165913.499300,0.000043,1,1,1419,1391,0,0
decode,chatcmpl-9d769c5c64ff0ab4-b0258fa4,3165913.513056,0.000041,1,1,1421,1392,0,0
decode,chatcmpl-9d769c5c64ff0ab4-b0258fa4,3165913.526810,0.000043,1,1,1423,1393,0,0
decode,chatcmpl-9d769c5c64ff0ab4-b0258fa4,3165913.540594,0.000045,1,1,1425,1394,0,0
decode,chatcmpl-9d769c5c64ff0ab4-b0258fa4,3165913.554360,0.000042,1,1,1427,1395,0,0
decode,chatcmpl-9d769c5c64ff0ab4-b0258fa4,3165913.568108,0.000044,1,1,1429,1396,0,0
decode,chatcmpl-9d769c5c64ff0ab4-b0258fa4,3165913.581866,0.000040,1,1,1431,1397,0,0
decode,chatcmpl-9d769c5c64ff0ab4-b0258fa4,3165913.595632,0.000043,1,1,1433,1398,0,0
decode,chatcmpl-9d769c5c64ff0ab4-b0258fa4,3165913.609398,0.000043,1,1,1435,1399,0,0
decode,chatcmpl-9d769c5c64ff0ab4-b0258fa4,3165913.623147,0.000043,1,1,1437,1400,0,0
decode,chatcmpl-9d769c5c64ff0ab4-b0258fa4,3165913.636913,0.000042,1,1,1439,1401,0,0
decode,chatcmpl-9d769c5c64ff0ab4-b0258fa4,3165913.650658,0.000041,1,1,1441,1402,0,0
decode,chatcmpl-9d769c5c64ff0ab4-b0258fa4,3165913.664431,0.000040,1,1,1443,1403,0,0
decode,chatcmpl-9d769c5c64ff0ab4-b0258fa4,3165913.678193,0.000042,1,1,1445,1404,0,0
decode,chatcmpl-9d769c5c64ff0ab4-b0258fa4,3165913.692073,0.000042,1,1,1447,1405,0,0
decode,chatcmpl-9d769c5c64ff0ab4-b0258fa4,3165913.705900,0.000043,1,1,1449,1406,0,0
decode,chatcmpl-9d769c5c64ff0ab4-b0258fa4,3165913.719660,0.000041,1,1,1451,1407,0,0
decode,chatcmpl-9d769c5c64ff0ab4-b0258fa4,3165913.733432,0.000053,1,1,1453,1408,0,0
decode,chatcmpl-9d769c5c64ff0ab4-b0258fa4,3165913.747214,0.000041,1,1,1455,1409,0,0
decode,chatcmpl-9d769c5c64ff0ab4-b0258fa4,3165913.760998,0.000041,1,1,1457,1410,0,0
decode,chatcmpl-9d769c5c64ff0ab4-b0258fa4,3165913.774764,0.000043,1,1,1459,1411,0,0
decode,chatcmpl-9d769c5c64ff0ab4-b0258fa4,3165913.788549,0.000041,1,1,1461,1412,0,0
decode,chatcmpl-9d769c5c64ff0ab4-b0258fa4,3165913.802314,0.000042,1,1,1463,1413,0,0
decode,chatcmpl-9d769c5c64ff0ab4-b0258fa4,3165913.816070,0.000042,1,1,1465,1414,0,0
decode,chatcmpl-9d769c5c64ff0ab4-b0258fa4,3165913.829825,0.000042,1,1,1467,1415,0,0
decode,chatcmpl-9d769c5c64ff0ab4-b0258fa4,3165913.843680,0.000044,1,1,1469,1416,0,0
decode,chatcmpl-9d769c5c64ff0ab4-b0258fa4,3165913.857456,0.000041,1,1,1471,1417,0,0
decode,chatcmpl-9d769c5c64ff0ab4-b0258fa4,3165913.871206,0.000043,1,1,1473,1418,0,0
decode,chatcmpl-9d769c5c64ff0ab4-b0258fa4,3165913.884986,0.000041,1,1,1475,1419,0,0
decode,chatcmpl-9d769c5c64ff0ab4-b0258fa4,3165913.898748,0.000041,1,1,1477,1420,0,0
decode,chatcmpl-9d769c5c64ff0ab4-b0258fa4,3165913.912547,0.000042,1,1,1479,1421,0,0
decode,chatcmpl-9d769c5c64ff0ab4-b0258fa4,3165913.926322,0.000042,1,1,1481,1422,0,0
decode,chatcmpl-9d769c5c64ff0ab4-b0258fa4,3165913.940064,0.000042,1,1,1483,1423,0,0
decode,chatcmpl-9d769c5c64ff0ab4-b0258fa4,3165913.953834,0.000043,1,1,1485,1424,0,0
decode,chatcmpl-9d769c5c64ff0ab4-b0258fa4,3165913.967596,0.000042,1,1,1487,1425,0,0
decode,chatcmpl-9d769c5c64ff0ab4-b0258fa4,3165913.981364,0.000042,1,1,1489,1426,0,0
decode,chatcmpl-9d769c5c64ff0ab4-b0258fa4,3165913.995200,0.000042,1,1,1491,1427,0,0
decode,chatcmpl-9d769c5c64ff0ab4-b0258fa4,3165914.008973,0.000043,1,1,1493,1428,0,0
decode,chatcmpl-9d769c5c64ff0ab4-b0258fa4,3165914.022736,0.000043,1,1,1495,1429,0,0
decode,chatcmpl-9d769c5c64ff0ab4-b0258fa4,3165914.036506,0.000043,1,1,1497,1430,0,0
decode,chatcmpl-9d769c5c64ff0ab4-b0258fa4,3165914.050263,0.000042,1,1,1499,1431,0,0
decode,chatcmpl-9d769c5c64ff0ab4-b0258fa4,3165914.064014,0.000042,1,1,1501,1432,0,0
decode,chatcmpl-9d769c5c64ff0ab4-b0258fa4,3165914.077771,0.000043,1,1,1503,1433,0,0
decode,chatcmpl-9d769c5c64ff0ab4-b0258fa4,3165914.091528,0.000043,1,1,1505,1434,0,0
decode,chatcmpl-9d769c5c64ff0ab4-b0258fa4,3165914.105318,0.000041,1,1,1507,1435,0,0
decode,chatcmpl-9d769c5c64ff0ab4-b0258fa4,3165914.119080,0.000044,1,1,1509,1436,0,0
decode,chatcmpl-9d769c5c64ff0ab4-b0258fa4,3165914.132847,0.000042,1,1,1511,1437,0,0
decode,chatcmpl-9d769c5c64ff0ab4-b0258fa4,3165914.146699,0.000039,1,1,1513,1438,0,0
decode,chatcmpl-9d769c5c64ff0ab4-b0258fa4,3165914.160486,0.000044,1,1,1515,1439,0,0
decode,chatcmpl-9d769c5c64ff0ab4-b0258fa4,3165914.174256,0.000043,1,1,1517,1440,0,0
decode,chatcmpl-9d769c5c64ff0ab4-b0258fa4,3165914.188022,0.000041,1,1,1519,1441,0,0
decode,chatcmpl-9d769c5c64ff0ab4-b0258fa4,3165914.201781,0.000040,1,1,1521,1442,0,0
decode,chatcmpl-9d769c5c64ff0ab4-b0258fa4,3165914.215536,0.000042,1,1,1523,1443,0,0
decode,chatcmpl-9d769c5c64ff0ab4-b0258fa4,3165914.229298,0.000045,1,1,1525,1444,0,0
decode,chatcmpl-9d769c5c64ff0ab4-b0258fa4,3165914.243063,0.000044,1,1,1527,1445,0,0
decode,chatcmpl-9d769c5c64ff0ab4-b0258fa4,3165914.256840,0.000042,1,1,1529,1446,0,0
decode,chatcmpl-9d769c5c64ff0ab4-b0258fa4,3165914.270616,0.000042,1,1,1531,1447,0,0
decode,chatcmpl-9d769c5c64ff0ab4-b0258fa4,3165914.284411,0.000043,1,1,1533,1448,0,0
decode,chatcmpl-9d769c5c64ff0ab4-b0258fa4,3165914.298273,0.000042,1,1,1535,1449,0,0
decode,chatcmpl-9d769c5c64ff0ab4-b0258fa4,3165914.312038,0.000042,1,1,1537,1450,0,0
decode,chatcmpl-9d769c5c64ff0ab4-b0258fa4,3165914.325794,0.000043,1,1,1539,1451,0,0
decode,chatcmpl-9d769c5c64ff0ab4-b0258fa4,3165914.339553,0.000042,1,1,1541,1452,0,0
decode,chatcmpl-9d769c5c64ff0ab4-b0258fa4,3165914.353348,0.000043,1,1,1543,1453,0,0
decode,chatcmpl-9d769c5c64ff0ab4-b0258fa4,3165914.367207,0.000043,1,1,1545,1454,0,0
decode,chatcmpl-9d769c5c64ff0ab4-b0258fa4,3165914.380971,0.000040,1,1,1547,1455,0,0
decode,chatcmpl-9d769c5c64ff0ab4-b0258fa4,3165914.394726,0.000043,1,1,1549,1456,0,0
decode,chatcmpl-9d769c5c64ff0ab4-b0258fa4,3165914.408498,0.000043,1,1,1551,1457,0,0
decode,chatcmpl-9d769c5c64ff0ab4-b0258fa4,3165914.422247,0.000044,1,1,1553,1458,0,0
decode,chatcmpl-9d769c5c64ff0ab4-b0258fa4,3165914.436018,0.000042,1,1,1555,1459,0,0
decode,chatcmpl-9d769c5c64ff0ab4-b0258fa4,3165914.449881,0.000042,1,1,1557,1460,0,0
decode,chatcmpl-9d769c5c64ff0ab4-b0258fa4,3165914.463642,0.000044,1,1,1559,1461,0,0
decode,chatcmpl-9d769c5c64ff0ab4-b0258fa4,3165914.477415,0.000041,1,1,1561,1462,0,0
decode,chatcmpl-9d769c5c64ff0ab4-b0258fa4,3165914.491170,0.000043,1,1,1563,1463,0,0
decode,chatcmpl-9d769c5c64ff0ab4-b0258fa4,3165914.504963,0.000042,1,1,1565,1464,0,0
decode,chatcmpl-9d769c5c64ff0ab4-b0258fa4,3165914.518736,0.000042,1,1,1567,1465,0,0
decode,,3165914.532518,0.000087,0,0,,,0,0
decode,,3165914.532846,0.000118,0,0,,,0,0
prefill,chatcmpl-bcf67b1fb60fc5fa-bf3adbf5,3165921.125689,0.000551,1,1351,1351,0,1,0
encoder,chatcmpl-bcf67b1fb60fc5fa-bf3adbf5,3165921.128340,0.375780,1,0,,, 1,0
decode,chatcmpl-bcf67b1fb60fc5fa-bf3adbf5,3165921.656295,0.000048,1,1,1352,1351,0,0
decode,chatcmpl-bcf67b1fb60fc5fa-bf3adbf5,3165921.670486,0.000045,1,1,1354,1352,0,0
decode,chatcmpl-bcf67b1fb60fc5fa-bf3adbf5,3165921.684304,0.000041,1,1,1356,1353,0,0
decode,chatcmpl-bcf67b1fb60fc5fa-bf3adbf5,3165921.698101,0.000040,1,1,1358,1354,0,0
decode,chatcmpl-bcf67b1fb60fc5fa-bf3adbf5,3165921.711886,0.000043,1,1,1360,1355,0,0
decode,chatcmpl-bcf67b1fb60fc5fa-bf3adbf5,3165921.725667,0.000042,1,1,1362,1356,0,0
decode,chatcmpl-bcf67b1fb60fc5fa-bf3adbf5,3165921.739430,0.000041,1,1,1364,1357,0,0
decode,chatcmpl-bcf67b1fb60fc5fa-bf3adbf5,3165921.753206,0.000043,1,1,1366,1358,0,0
decode,chatcmpl-bcf67b1fb60fc5fa-bf3adbf5,3165921.766984,0.000042,1,1,1368,1359,0,0
decode,chatcmpl-bcf67b1fb60fc5fa-bf3adbf5,3165921.780767,0.000041,1,1,1370,1360,0,0
decode,chatcmpl-bcf67b1fb60fc5fa-bf3adbf5,3165921.794541,0.000043,1,1,1372,1361,0,0
decode,chatcmpl-bcf67b1fb60fc5fa-bf3adbf5,3165921.808329,0.000041,1,1,1374,1362,0,0
decode,chatcmpl-bcf67b1fb60fc5fa-bf3adbf5,3165921.822090,0.000041,1,1,1376,1363,0,0
decode,chatcmpl-bcf67b1fb60fc5fa-bf3adbf5,3165921.835843,0.000041,1,1,1378,1364,0,0
decode,chatcmpl-bcf67b1fb60fc5fa-bf3adbf5,3165921.849599,0.000041,1,1,1380,1365,0,0
decode,chatcmpl-bcf67b1fb60fc5fa-bf3adbf5,3165921.863355,0.000044,1,1,1382,1366,0,0
decode,chatcmpl-bcf67b1fb60fc5fa-bf3adbf5,3165921.877128,0.000043,1,1,1384,1367,0,0
decode,chatcmpl-bcf67b1fb60fc5fa-bf3adbf5,3165921.890895,0.000041,1,1,1386,1368,0,0
decode,chatcmpl-bcf67b1fb60fc5fa-bf3adbf5,3165921.904680,0.000042,1,1,1388,1369,0,0
decode,chatcmpl-bcf67b1fb60fc5fa-bf3adbf5,3165921.918436,0.000041,1,1,1390,1370,0,0
decode,chatcmpl-bcf67b1fb60fc5fa-bf3adbf5,3165921.932187,0.000043,1,1,1392,1371,0,0
decode,chatcmpl-bcf67b1fb60fc5fa-bf3adbf5,3165921.945960,0.000042,1,1,1394,1372,0,0
decode,chatcmpl-bcf67b1fb60fc5fa-bf3adbf5,3165921.959711,0.000041,1,1,1396,1373,0,0
decode,chatcmpl-bcf67b1fb60fc5fa-bf3adbf5,3165921.973461,0.000043,1,1,1398,1374,0,0
decode,chatcmpl-bcf67b1fb60fc5fa-bf3adbf5,3165921.987243,0.000042,1,1,1400,1375,0,0
decode,chatcmpl-bcf67b1fb60fc5fa-bf3adbf5,3165922.001028,0.000044,1,1,1402,1376,0,0
decode,chatcmpl-bcf67b1fb60fc5fa-bf3adbf5,3165922.014810,0.000043,1,1,1404,1377,0,0
decode,chatcmpl-bcf67b1fb60fc5fa-bf3adbf5,3165922.028605,0.000043,1,1,1406,1378,0,0
decode,chatcmpl-bcf67b1fb60fc5fa-bf3adbf5,3165922.042350,0.000042,1,1,1408,1379,0,0
decode,chatcmpl-bcf67b1fb60fc5fa-bf3adbf5,3165922.056119,0.000043,1,1,1410,1380,0,0
decode,chatcmpl-bcf67b1fb60fc5fa-bf3adbf5,3165922.069897,0.000043,1,1,1412,1381,0,0
decode,chatcmpl-bcf67b1fb60fc5fa-bf3adbf5,3165922.083649,0.000042,1,1,1414,1382,0,0
decode,chatcmpl-bcf67b1fb60fc5fa-bf3adbf5,3165922.097425,0.000042,1,1,1416,1383,0,0
decode,chatcmpl-bcf67b1fb60fc5fa-bf3adbf5,3165922.111188,0.000042,1,1,1418,1384,0,0
decode,chatcmpl-bcf67b1fb60fc5fa-bf3adbf5,3165922.124947,0.000041,1,1,1420,1385,0,0
decode,chatcmpl-bcf67b1fb60fc5fa-bf3adbf5,3165922.138721,0.000042,1,1,1422,1386,0,0
decode,chatcmpl-bcf67b1fb60fc5fa-bf3adbf5,3165922.152491,0.000041,1,1,1424,1387,0,0
decode,chatcmpl-bcf67b1fb60fc5fa-bf3adbf5,3165922.166241,0.000042,1,1,1426,1388,0,0
decode,chatcmpl-bcf67b1fb60fc5fa-bf3adbf5,3165922.179990,0.000046,1,1,1428,1389,0,0
decode,chatcmpl-bcf67b1fb60fc5fa-bf3adbf5,3165922.193743,0.000043,1,1,1430,1390,0,0
decode,chatcmpl-bcf67b1fb60fc5fa-bf3adbf5,3165922.207517,0.000041,1,1,1432,1391,0,0
decode,chatcmpl-bcf67b1fb60fc5fa-bf3adbf5,3165922.221277,0.000043,1,1,1434,1392,0,0
decode,chatcmpl-bcf67b1fb60fc5fa-bf3adbf5,3165922.235040,0.000042,1,1,1436,1393,0,0
decode,chatcmpl-bcf67b1fb60fc5fa-bf3adbf5,3165922.248798,0.000042,1,1,1438,1394,0,0
decode,chatcmpl-bcf67b1fb60fc5fa-bf3adbf5,3165922.262539,0.000043,1,1,1440,1395,0,0
decode,chatcmpl-bcf67b1fb60fc5fa-bf3adbf5,3165922.276310,0.000039,1,1,1442,1396,0,0
decode,chatcmpl-bcf67b1fb60fc5fa-bf3adbf5,3165922.290058,0.000041,1,1,1444,1397,0,0
decode,chatcmpl-bcf67b1fb60fc5fa-bf3adbf5,3165922.303800,0.000042,1,1,1446,1398,0,0
decode,chatcmpl-bcf67b1fb60fc5fa-bf3adbf5,3165922.317549,0.000042,1,1,1448,1399,0,0
decode,chatcmpl-bcf67b1fb60fc5fa-bf3adbf5,3165922.331306,0.000043,1,1,1450,1400,0,0
decode,chatcmpl-bcf67b1fb60fc5fa-bf3adbf5,3165922.345080,0.000042,1,1,1452,1401,0,0
decode,chatcmpl-bcf67b1fb60fc5fa-bf3adbf5,3165922.358848,0.000043,1,1,1454,1402,0,0
decode,chatcmpl-bcf67b1fb60fc5fa-bf3adbf5,3165922.372627,0.000042,1,1,1456,1403,0,0
decode,chatcmpl-bcf67b1fb60fc5fa-bf3adbf5,3165922.386386,0.000042,1,1,1458,1404,0,0
decode,chatcmpl-bcf67b1fb60fc5fa-bf3adbf5,3165922.400150,0.000041,1,1,1460,1405,0,0
decode,chatcmpl-bcf67b1fb60fc5fa-bf3adbf5,3165922.413896,0.000043,1,1,1462,1406,0,0
decode,chatcmpl-bcf67b1fb60fc5fa-bf3adbf5,3165922.427661,0.000042,1,1,1464,1407,0,0
decode,chatcmpl-bcf67b1fb60fc5fa-bf3adbf5,3165922.441419,0.000053,1,1,1466,1408,0,0
decode,chatcmpl-bcf67b1fb60fc5fa-bf3adbf5,3165922.455195,0.000044,1,1,1468,1409,0,0
decode,chatcmpl-bcf67b1fb60fc5fa-bf3adbf5,3165922.468969,0.000043,1,1,1470,1410,0,0
decode,chatcmpl-bcf67b1fb60fc5fa-bf3adbf5,3165922.482742,0.000044,1,1,1472,1411,0,0
decode,chatcmpl-bcf67b1fb60fc5fa-bf3adbf5,3165922.496528,0.000041,1,1,1474,1412,0,0
decode,chatcmpl-bcf67b1fb60fc5fa-bf3adbf5,3165922.510297,0.000042,1,1,1476,1413,0,0
decode,chatcmpl-bcf67b1fb60fc5fa-bf3adbf5,3165922.524042,0.000042,1,1,1478,1414,0,0
decode,chatcmpl-bcf67b1fb60fc5fa-bf3adbf5,3165922.537788,0.000042,1,1,1480,1415,0,0
decode,chatcmpl-bcf67b1fb60fc5fa-bf3adbf5,3165922.551564,0.000042,1,1,1482,1416,0,0
decode,chatcmpl-bcf67b1fb60fc5fa-bf3adbf5,3165922.565336,0.000043,1,1,1484,1417,0,0
decode,chatcmpl-bcf67b1fb60fc5fa-bf3adbf5,3165922.579099,0.000041,1,1,1486,1418,0,0
decode,chatcmpl-bcf67b1fb60fc5fa-bf3adbf5,3165922.592856,0.000042,1,1,1488,1419,0,0
decode,chatcmpl-bcf67b1fb60fc5fa-bf3adbf5,3165922.606606,0.000042,1,1,1490,1420,0,0
decode,chatcmpl-bcf67b1fb60fc5fa-bf3adbf5,3165922.620388,0.000043,1,1,1492,1421,0,0
decode,chatcmpl-bcf67b1fb60fc5fa-bf3adbf5,3165922.634146,0.000040,1,1,1494,1422,0,0
decode,chatcmpl-bcf67b1fb60fc5fa-bf3adbf5,3165922.647905,0.000041,1,1,1496,1423,0,0
decode,chatcmpl-bcf67b1fb60fc5fa-bf3adbf5,3165922.661665,0.000042,1,1,1498,1424,0,0
decode,chatcmpl-bcf67b1fb60fc5fa-bf3adbf5,3165922.675444,0.000043,1,1,1500,1425,0,0
decode,chatcmpl-bcf67b1fb60fc5fa-bf3adbf5,3165922.689230,0.000042,1,1,1502,1426,0,0
decode,chatcmpl-bcf67b1fb60fc5fa-bf3adbf5,3165922.702998,0.000043,1,1,1504,1427,0,0
decode,chatcmpl-bcf67b1fb60fc5fa-bf3adbf5,3165922.716776,0.000042,1,1,1506,1428,0,0
decode,chatcmpl-bcf67b1fb60fc5fa-bf3adbf5,3165922.730536,0.000043,1,1,1508,1429,0,0
decode,chatcmpl-bcf67b1fb60fc5fa-bf3adbf5,3165922.744329,0.000041,1,1,1510,1430,0,0
decode,chatcmpl-bcf67b1fb60fc5fa-bf3adbf5,3165922.758097,0.000043,1,1,1512,1431,0,0
decode,chatcmpl-bcf67b1fb60fc5fa-bf3adbf5,3165922.771871,0.000041,1,1,1514,1432,0,0
decode,chatcmpl-bcf67b1fb60fc5fa-bf3adbf5,3165922.785640,0.000042,1,1,1516,1433,0,0
decode,chatcmpl-bcf67b1fb60fc5fa-bf3adbf5,3165922.799392,0.000043,1,1,1518,1434,0,0
decode,chatcmpl-bcf67b1fb60fc5fa-bf3adbf5,3165922.813150,0.000043,1,1,1520,1435,0,0
decode,chatcmpl-bcf67b1fb60fc5fa-bf3adbf5,3165922.826917,0.000042,1,1,1522,1436,0,0
decode,chatcmpl-bcf67b1fb60fc5fa-bf3adbf5,3165922.840677,0.000040,1,1,1524,1437,0,0
decode,chatcmpl-bcf67b1fb60fc5fa-bf3adbf5,3165922.854421,0.000044,1,1,1526,1438,0,0
decode,chatcmpl-bcf67b1fb60fc5fa-bf3adbf5,3165922.868190,0.000044,1,1,1528,1439,0,0
decode,chatcmpl-bcf67b1fb60fc5fa-bf3adbf5,3165922.881939,0.000043,1,1,1530,1440,0,0
decode,chatcmpl-bcf67b1fb60fc5fa-bf3adbf5,3165922.895698,0.000041,1,1,1532,1441,0,0
decode,chatcmpl-bcf67b1fb60fc5fa-bf3adbf5,3165922.909479,0.000043,1,1,1534,1442,0,0
decode,chatcmpl-bcf67b1fb60fc5fa-bf3adbf5,3165922.923231,0.000042,1,1,1536,1443,0,0
decode,chatcmpl-bcf67b1fb60fc5fa-bf3adbf5,3165922.937017,0.000042,1,1,1538,1444,0,0
decode,chatcmpl-bcf67b1fb60fc5fa-bf3adbf5,3165922.950786,0.000042,1,1,1540,1445,0,0
decode,chatcmpl-bcf67b1fb60fc5fa-bf3adbf5,3165922.964553,0.000041,1,1,1542,1446,0,0
decode,chatcmpl-bcf67b1fb60fc5fa-bf3adbf5,3165922.978290,0.000040,1,1,1544,1447,0,0
decode,chatcmpl-bcf67b1fb60fc5fa-bf3adbf5,3165922.992034,0.000042,1,1,1546,1448,0,0
decode,chatcmpl-bcf67b1fb60fc5fa-bf3adbf5,3165923.005799,0.000043,1,1,1548,1449,0,0
decode,chatcmpl-bcf67b1fb60fc5fa-bf3adbf5,3165923.019561,0.000042,1,1,1550,1450,0,0
decode,chatcmpl-bcf67b1fb60fc5fa-bf3adbf5,3165923.033320,0.000040,1,1,1552,1451,0,0
decode,chatcmpl-bcf67b1fb60fc5fa-bf3adbf5,3165923.047070,0.000042,1,1,1554,1452,0,0
decode,chatcmpl-bcf67b1fb60fc5fa-bf3adbf5,3165923.060853,0.000040,1,1,1556,1453,0,0
decode,chatcmpl-bcf67b1fb60fc5fa-bf3adbf5,3165923.074597,0.000043,1,1,1558,1454,0,0
decode,chatcmpl-bcf67b1fb60fc5fa-bf3adbf5,3165923.088374,0.000043,1,1,1560,1455,0,0
decode,chatcmpl-bcf67b1fb60fc5fa-bf3adbf5,3165923.102129,0.000042,1,1,1562,1456,0,0
decode,chatcmpl-bcf67b1fb60fc5fa-bf3adbf5,3165923.115886,0.000043,1,1,1564,1457,0,0
decode,chatcmpl-bcf67b1fb60fc5fa-bf3adbf5,3165923.129645,0.000042,1,1,1566,1458,0,0
decode,chatcmpl-bcf67b1fb60fc5fa-bf3adbf5,3165923.143421,0.000041,1,1,1568,1459,0,0
decode,chatcmpl-bcf67b1fb60fc5fa-bf3adbf5,3165923.157188,0.000042,1,1,1570,1460,0,0
decode,chatcmpl-bcf67b1fb60fc5fa-bf3adbf5,3165923.170944,0.000042,1,1,1572,1461,0,0
decode,chatcmpl-bcf67b1fb60fc5fa-bf3adbf5,3165923.184711,0.000042,1,1,1574,1462,0,0
decode,chatcmpl-bcf67b1fb60fc5fa-bf3adbf5,3165923.198461,0.000043,1,1,1576,1463,0,0
decode,chatcmpl-bcf67b1fb60fc5fa-bf3adbf5,3165923.212248,0.000040,1,1,1578,1464,0,0
decode,chatcmpl-bcf67b1fb60fc5fa-bf3adbf5,3165923.226010,0.000045,1,1,1580,1465,0,0
decode,chatcmpl-bcf67b1fb60fc5fa-bf3adbf5,3165923.239774,0.000041,1,1,1582,1466,0,0
decode,chatcmpl-bcf67b1fb60fc5fa-bf3adbf5,3165923.253549,0.000042,1,1,1584,1467,0,0
decode,chatcmpl-bcf67b1fb60fc5fa-bf3adbf5,3165923.267323,0.000043,1,1,1586,1468,0,0
decode,chatcmpl-bcf67b1fb60fc5fa-bf3adbf5,3165923.281092,0.000042,1,1,1588,1469,0,0
decode,chatcmpl-bcf67b1fb60fc5fa-bf3adbf5,3165923.294849,0.000043,1,1,1590,1470,0,0
decode,chatcmpl-bcf67b1fb60fc5fa-bf3adbf5,3165923.308628,0.000043,1,1,1592,1471,0,0
decode,chatcmpl-bcf67b1fb60fc5fa-bf3adbf5,3165923.322391,0.000042,1,1,1594,1472,0,0
decode,chatcmpl-bcf67b1fb60fc5fa-bf3adbf5,3165923.336146,0.000042,1,1,1596,1473,0,0
decode,chatcmpl-bcf67b1fb60fc5fa-bf3adbf5,3165923.349908,0.000042,1,1,1598,1474,0,0
decode,chatcmpl-bcf67b1fb60fc5fa-bf3adbf5,3165923.363696,0.000043,1,1,1600,1475,0,0
decode,chatcmpl-bcf67b1fb60fc5fa-bf3adbf5,3165923.377456,0.000042,1,1,1602,1476,0,0
decode,chatcmpl-bcf67b1fb60fc5fa-bf3adbf5,3165923.391221,0.000043,1,1,1604,1477,0,0
decode,chatcmpl-bcf67b1fb60fc5fa-bf3adbf5,3165923.404996,0.000043,1,1,1606,1478,0,0
decode,chatcmpl-bcf67b1fb60fc5fa-bf3adbf5,3165923.418759,0.000043,1,1,1608,1479,0,0
decode,chatcmpl-bcf67b1fb60fc5fa-bf3adbf5,3165923.432547,0.000040,1,1,1610,1480,0,0
decode,chatcmpl-bcf67b1fb60fc5fa-bf3adbf5,3165923.446297,0.000043,1,1,1612,1481,0,0
decode,chatcmpl-bcf67b1fb60fc5fa-bf3adbf5,3165923.460063,0.000043,1,1,1614,1482,0,0
decode,chatcmpl-bcf67b1fb60fc5fa-bf3adbf5,3165923.473837,0.000042,1,1,1616,1483,0,0
decode,chatcmpl-bcf67b1fb60fc5fa-bf3adbf5,3165923.487608,0.000041,1,1,1618,1484,0,0
decode,chatcmpl-bcf67b1fb60fc5fa-bf3adbf5,3165923.501377,0.000042,1,1,1620,1485,0,0
decode,chatcmpl-bcf67b1fb60fc5fa-bf3adbf5,3165923.515136,0.000041,1,1,1622,1486,0,0
decode,chatcmpl-bcf67b1fb60fc5fa-bf3adbf5,3165923.528911,0.000041,1,1,1624,1487,0,0
decode,,3165923.542657,0.000183,0,0,,,0,0
decode,,3165923.543132,0.000064,0,0,,,0,0
prefill,chatcmpl-9a8521d505156d03-8ff7b02a,3165923.628151,0.000486,1,1351,1351,0,1,0
encoder,chatcmpl-9a8521d505156d03-8ff7b02a,3165923.630544,0.375199,1,0,,, 1,0
decode,chatcmpl-9a8521d505156d03-8ff7b02a,3165924.157760,0.000045,1,1,1352,1351,0,0
decode,chatcmpl-9a8521d505156d03-8ff7b02a,3165924.171927,0.000043,1,1,1354,1352,0,0
decode,chatcmpl-9a8521d505156d03-8ff7b02a,3165924.185714,0.000042,1,1,1356,1353,0,0
decode,chatcmpl-9a8521d505156d03-8ff7b02a,3165924.199511,0.000042,1,1,1358,1354,0,0
decode,chatcmpl-9a8521d505156d03-8ff7b02a,3165924.213282,0.000042,1,1,1360,1355,0,0
decode,chatcmpl-9a8521d505156d03-8ff7b02a,3165924.227031,0.000043,1,1,1362,1356,0,0
decode,chatcmpl-9a8521d505156d03-8ff7b02a,3165924.240900,0.000041,1,1,1364,1357,0,0
decode,chatcmpl-9a8521d505156d03-8ff7b02a,3165924.254655,0.000043,1,1,1366,1358,0,0
decode,chatcmpl-9a8521d505156d03-8ff7b02a,3165924.268411,0.000042,1,1,1368,1359,0,0
decode,chatcmpl-9a8521d505156d03-8ff7b02a,3165924.282197,0.000041,1,1,1370,1360,0,0
decode,chatcmpl-9a8521d505156d03-8ff7b02a,3165924.295955,0.000042,1,1,1372,1361,0,0
decode,chatcmpl-9a8521d505156d03-8ff7b02a,3165924.309712,0.000045,1,1,1374,1362,0,0
decode,chatcmpl-9a8521d505156d03-8ff7b02a,3165924.323461,0.000042,1,1,1376,1363,0,0
decode,chatcmpl-9a8521d505156d03-8ff7b02a,3165924.337234,0.000043,1,1,1378,1364,0,0
decode,chatcmpl-9a8521d505156d03-8ff7b02a,3165924.350994,0.000041,1,1,1380,1365,0,0
decode,chatcmpl-9a8521d505156d03-8ff7b02a,3165924.364765,0.000042,1,1,1382,1366,0,0
decode,chatcmpl-9a8521d505156d03-8ff7b02a,3165924.378533,0.000041,1,1,1384,1367,0,0
decode,chatcmpl-9a8521d505156d03-8ff7b02a,3165924.392412,0.000043,1,1,1386,1368,0,0
decode,chatcmpl-9a8521d505156d03-8ff7b02a,3165924.406188,0.000041,1,1,1388,1369,0,0
decode,chatcmpl-9a8521d505156d03-8ff7b02a,3165924.419949,0.000043,1,1,1390,1370,0,0
decode,chatcmpl-9a8521d505156d03-8ff7b02a,3165924.433723,0.000041,1,1,1392,1371,0,0
decode,chatcmpl-9a8521d505156d03-8ff7b02a,3165924.447477,0.000043,1,1,1394,1372,0,0
decode,chatcmpl-9a8521d505156d03-8ff7b02a,3165924.461247,0.000043,1,1,1396,1373,0,0
decode,chatcmpl-9a8521d505156d03-8ff7b02a,3165924.474994,0.000044,1,1,1398,1374,0,0
decode,chatcmpl-9a8521d505156d03-8ff7b02a,3165924.488769,0.000043,1,1,1400,1375,0,0
decode,chatcmpl-9a8521d505156d03-8ff7b02a,3165924.502535,0.000041,1,1,1402,1376,0,0
decode,chatcmpl-9a8521d505156d03-8ff7b02a,3165924.516285,0.000043,1,1,1404,1377,0,0
decode,chatcmpl-9a8521d505156d03-8ff7b02a,3165924.530044,0.000042,1,1,1406,1378,0,0
decode,chatcmpl-9a8521d505156d03-8ff7b02a,3165924.543894,0.000044,1,1,1408,1379,0,0
decode,chatcmpl-9a8521d505156d03-8ff7b02a,3165924.557667,0.000043,1,1,1410,1380,0,0
decode,chatcmpl-9a8521d505156d03-8ff7b02a,3165924.571427,0.000042,1,1,1412,1381,0,0
decode,chatcmpl-9a8521d505156d03-8ff7b02a,3165924.585206,0.000042,1,1,1414,1382,0,0
decode,chatcmpl-9a8521d505156d03-8ff7b02a,3165924.598982,0.000043,1,1,1416,1383,0,0
decode,chatcmpl-9a8521d505156d03-8ff7b02a,3165924.612779,0.000041,1,1,1418,1384,0,0
decode,chatcmpl-9a8521d505156d03-8ff7b02a,3165924.626532,0.000042,1,1,1420,1385,0,0
decode,chatcmpl-9a8521d505156d03-8ff7b02a,3165924.640280,0.000041,1,1,1422,1386,0,0
decode,chatcmpl-9a8521d505156d03-8ff7b02a,3165924.654049,0.000042,1,1,1424,1387,0,0
decode,chatcmpl-9a8521d505156d03-8ff7b02a,3165924.667795,0.000043,1,1,1426,1388,0,0
decode,chatcmpl-9a8521d505156d03-8ff7b02a,3165924.681567,0.000043,1,1,1428,1389,0,0
decode,chatcmpl-9a8521d505156d03-8ff7b02a,3165924.695438,0.000041,1,1,1430,1390,0,0
decode,chatcmpl-9a8521d505156d03-8ff7b02a,3165924.709232,0.000041,1,1,1432,1391,0,0
decode,chatcmpl-9a8521d505156d03-8ff7b02a,3165924.723009,0.000044,1,1,1434,1392,0,0
decode,chatcmpl-9a8521d505156d03-8ff7b02a,3165924.736788,0.000043,1,1,1436,1393,0,0
decode,chatcmpl-9a8521d505156d03-8ff7b02a,3165924.750569,0.000042,1,1,1438,1394,0,0
decode,chatcmpl-9a8521d505156d03-8ff7b02a,3165924.764329,0.000041,1,1,1440,1395,0,0
decode,chatcmpl-9a8521d505156d03-8ff7b02a,3165924.778075,0.000042,1,1,1442,1396,0,0
decode,chatcmpl-9a8521d505156d03-8ff7b02a,3165924.791822,0.000043,1,1,1444,1397,0,0
decode,chatcmpl-9a8521d505156d03-8ff7b02a,3165924.805598,0.000043,1,1,1446,1398,0,0
decode,chatcmpl-9a8521d505156d03-8ff7b02a,3165924.819349,0.000042,1,1,1448,1399,0,0
decode,chatcmpl-9a8521d505156d03-8ff7b02a,3165924.833110,0.000042,1,1,1450,1400,0,0
decode,chatcmpl-9a8521d505156d03-8ff7b02a,3165924.846961,0.000041,1,1,1452,1401,0,0
decode,chatcmpl-9a8521d505156d03-8ff7b02a,3165924.860728,0.000042,1,1,1454,1402,0,0
decode,chatcmpl-9a8521d505156d03-8ff7b02a,3165924.874490,0.000042,1,1,1456,1403,0,0
decode,chatcmpl-9a8521d505156d03-8ff7b02a,3165924.888250,0.000042,1,1,1458,1404,0,0
decode,chatcmpl-9a8521d505156d03-8ff7b02a,3165924.902008,0.000042,1,1,1460,1405,0,0
decode,chatcmpl-9a8521d505156d03-8ff7b02a,3165924.915777,0.000042,1,1,1462,1406,0,0
decode,chatcmpl-9a8521d505156d03-8ff7b02a,3165924.929563,0.000042,1,1,1464,1407,0,0
decode,chatcmpl-9a8521d505156d03-8ff7b02a,3165924.943339,0.000053,1,1,1466,1408,0,0
decode,chatcmpl-9a8521d505156d03-8ff7b02a,3165924.957135,0.000042,1,1,1468,1409,0,0
decode,chatcmpl-9a8521d505156d03-8ff7b02a,3165924.970905,0.000041,1,1,1470,1410,0,0
decode,chatcmpl-9a8521d505156d03-8ff7b02a,3165924.984682,0.000044,1,1,1472,1411,0,0
decode,chatcmpl-9a8521d505156d03-8ff7b02a,3165924.998527,0.000043,1,1,1474,1412,0,0
decode,chatcmpl-9a8521d505156d03-8ff7b02a,3165925.012298,0.000041,1,1,1476,1413,0,0
decode,chatcmpl-9a8521d505156d03-8ff7b02a,3165925.026063,0.000044,1,1,1478,1414,0,0
decode,chatcmpl-9a8521d505156d03-8ff7b02a,3165925.039834,0.000042,1,1,1480,1415,0,0
decode,chatcmpl-9a8521d505156d03-8ff7b02a,3165925.053582,0.000041,1,1,1482,1416,0,0
decode,chatcmpl-9a8521d505156d03-8ff7b02a,3165925.067327,0.000042,1,1,1484,1417,0,0
decode,chatcmpl-9a8521d505156d03-8ff7b02a,3165925.081089,0.000042,1,1,1486,1418,0,0
decode,chatcmpl-9a8521d505156d03-8ff7b02a,3165925.094846,0.000042,1,1,1488,1419,0,0
decode,chatcmpl-9a8521d505156d03-8ff7b02a,3165925.108601,0.000042,1,1,1490,1420,0,0
decode,chatcmpl-9a8521d505156d03-8ff7b02a,3165925.122370,0.000041,1,1,1492,1421,0,0
decode,chatcmpl-9a8521d505156d03-8ff7b02a,3165925.136114,0.000043,1,1,1494,1422,0,0
decode,chatcmpl-9a8521d505156d03-8ff7b02a,3165925.149874,0.000041,1,1,1496,1423,0,0
decode,chatcmpl-9a8521d505156d03-8ff7b02a,3165925.163634,0.000041,1,1,1498,1424,0,0
decode,chatcmpl-9a8521d505156d03-8ff7b02a,3165925.177391,0.000041,1,1,1500,1425,0,0
decode,chatcmpl-9a8521d505156d03-8ff7b02a,3165925.191143,0.000041,1,1,1502,1426,0,0
decode,chatcmpl-9a8521d505156d03-8ff7b02a,3165925.204918,0.000041,1,1,1504,1427,0,0
decode,chatcmpl-9a8521d505156d03-8ff7b02a,3165925.218671,0.000043,1,1,1506,1428,0,0
decode,chatcmpl-9a8521d505156d03-8ff7b02a,3165925.232451,0.000042,1,1,1508,1429,0,0
decode,chatcmpl-9a8521d505156d03-8ff7b02a,3165925.246204,0.000042,1,1,1510,1430,0,0
decode,chatcmpl-9a8521d505156d03-8ff7b02a,3165925.259965,0.000046,1,1,1512,1431,0,0
decode,chatcmpl-9a8521d505156d03-8ff7b02a,3165925.273714,0.000044,1,1,1514,1432,0,0
decode,chatcmpl-9a8521d505156d03-8ff7b02a,3165925.287485,0.000040,1,1,1516,1433,0,0
decode,chatcmpl-9a8521d505156d03-8ff7b02a,3165925.301263,0.000043,1,1,1518,1434,0,0
decode,chatcmpl-9a8521d505156d03-8ff7b02a,3165925.315034,0.000042,1,1,1520,1435,0,0
decode,chatcmpl-9a8521d505156d03-8ff7b02a,3165925.328807,0.000043,1,1,1522,1436,0,0
decode,chatcmpl-9a8521d505156d03-8ff7b02a,3165925.342576,0.000043,1,1,1524,1437,0,0
decode,chatcmpl-9a8521d505156d03-8ff7b02a,3165925.356355,0.000042,1,1,1526,1438,0,0
decode,chatcmpl-9a8521d505156d03-8ff7b02a,3165925.370131,0.000044,1,1,1528,1439,0,0
decode,chatcmpl-9a8521d505156d03-8ff7b02a,3165925.383897,0.000042,1,1,1530,1440,0,0
decode,chatcmpl-9a8521d505156d03-8ff7b02a,3165925.397663,0.000043,1,1,1532,1441,0,0
decode,chatcmpl-9a8521d505156d03-8ff7b02a,3165925.411429,0.000041,1,1,1534,1442,0,0
decode,chatcmpl-9a8521d505156d03-8ff7b02a,3165925.425209,0.000042,1,1,1536,1443,0,0
decode,chatcmpl-9a8521d505156d03-8ff7b02a,3165925.438969,0.000041,1,1,1538,1444,0,0
decode,chatcmpl-9a8521d505156d03-8ff7b02a,3165925.452758,0.000042,1,1,1540,1445,0,0
decode,chatcmpl-9a8521d505156d03-8ff7b02a,3165925.466519,0.000044,1,1,1542,1446,0,0
decode,chatcmpl-9a8521d505156d03-8ff7b02a,3165925.480284,0.000042,1,1,1544,1447,0,0
decode,chatcmpl-9a8521d505156d03-8ff7b02a,3165925.494045,0.000043,1,1,1546,1448,0,0
decode,chatcmpl-9a8521d505156d03-8ff7b02a,3165925.507818,0.000042,1,1,1548,1449,0,0
decode,chatcmpl-9a8521d505156d03-8ff7b02a,3165925.521579,0.000043,1,1,1550,1450,0,0
decode,chatcmpl-9a8521d505156d03-8ff7b02a,3165925.535343,0.000042,1,1,1552,1451,0,0
decode,chatcmpl-9a8521d505156d03-8ff7b02a,3165925.549117,0.000041,1,1,1554,1452,0,0
decode,chatcmpl-9a8521d505156d03-8ff7b02a,3165925.562861,0.000043,1,1,1556,1453,0,0
decode,chatcmpl-9a8521d505156d03-8ff7b02a,3165925.576620,0.000043,1,1,1558,1454,0,0
decode,chatcmpl-9a8521d505156d03-8ff7b02a,3165925.590399,0.000042,1,1,1560,1455,0,0
decode,chatcmpl-9a8521d505156d03-8ff7b02a,3165925.604153,0.000041,1,1,1562,1456,0,0
decode,chatcmpl-9a8521d505156d03-8ff7b02a,3165925.617914,0.000041,1,1,1564,1457,0,0
decode,chatcmpl-9a8521d505156d03-8ff7b02a,3165925.631673,0.000042,1,1,1566,1458,0,0
decode,chatcmpl-9a8521d505156d03-8ff7b02a,3165925.645436,0.000041,1,1,1568,1459,0,0
decode,chatcmpl-9a8521d505156d03-8ff7b02a,3165925.659192,0.000043,1,1,1570,1460,0,0
decode,chatcmpl-9a8521d505156d03-8ff7b02a,3165925.672959,0.000042,1,1,1572,1461,0,0
decode,chatcmpl-9a8521d505156d03-8ff7b02a,3165925.686727,0.000042,1,1,1574,1462,0,0
decode,chatcmpl-9a8521d505156d03-8ff7b02a,3165925.700512,0.000041,1,1,1576,1463,0,0
decode,chatcmpl-9a8521d505156d03-8ff7b02a,3165925.714265,0.000043,1,1,1578,1464,0,0
decode,chatcmpl-9a8521d505156d03-8ff7b02a,3165925.728032,0.000042,1,1,1580,1465,0,0
decode,chatcmpl-9a8521d505156d03-8ff7b02a,3165925.741792,0.000042,1,1,1582,1466,0,0
decode,chatcmpl-9a8521d505156d03-8ff7b02a,3165925.755543,0.000042,1,1,1584,1467,0,0
decode,chatcmpl-9a8521d505156d03-8ff7b02a,3165925.769323,0.000041,1,1,1586,1468,0,0
decode,chatcmpl-9a8521d505156d03-8ff7b02a,3165925.783077,0.000042,1,1,1588,1469,0,0
decode,chatcmpl-9a8521d505156d03-8ff7b02a,3165925.796835,0.000041,1,1,1590,1470,0,0
decode,chatcmpl-9a8521d505156d03-8ff7b02a,3165925.810595,0.000042,1,1,1592,1471,0,0
decode,chatcmpl-9a8521d505156d03-8ff7b02a,3165925.824388,0.000042,1,1,1594,1472,0,0
decode,chatcmpl-9a8521d505156d03-8ff7b02a,3165925.838155,0.000042,1,1,1596,1473,0,0
decode,chatcmpl-9a8521d505156d03-8ff7b02a,3165925.851914,0.000040,1,1,1598,1474,0,0
decode,chatcmpl-9a8521d505156d03-8ff7b02a,3165925.865703,0.000041,1,1,1600,1475,0,0
decode,chatcmpl-9a8521d505156d03-8ff7b02a,3165925.879441,0.000043,1,1,1602,1476,0,0
decode,chatcmpl-9a8521d505156d03-8ff7b02a,3165925.893222,0.000041,1,1,1604,1477,0,0
decode,chatcmpl-9a8521d505156d03-8ff7b02a,3165925.906987,0.000043,1,1,1606,1478,0,0
decode,chatcmpl-9a8521d505156d03-8ff7b02a,3165925.920763,0.000043,1,1,1608,1479,0,0
decode,chatcmpl-9a8521d505156d03-8ff7b02a,3165925.934525,0.000043,1,1,1610,1480,0,0
decode,chatcmpl-9a8521d505156d03-8ff7b02a,3165925.948292,0.000043,1,1,1612,1481,0,0
decode,chatcmpl-9a8521d505156d03-8ff7b02a,3165925.962056,0.000042,1,1,1614,1482,0,0
decode,chatcmpl-9a8521d505156d03-8ff7b02a,3165925.975833,0.000042,1,1,1616,1483,0,0
decode,chatcmpl-9a8521d505156d03-8ff7b02a,3165925.989609,0.000043,1,1,1618,1484,0,0
decode,chatcmpl-9a8521d505156d03-8ff7b02a,3165926.003383,0.000041,1,1,1620,1485,0,0
decode,chatcmpl-9a8521d505156d03-8ff7b02a,3165926.017160,0.000041,1,1,1622,1486,0,0
decode,chatcmpl-9a8521d505156d03-8ff7b02a,3165926.030920,0.000043,1,1,1624,1487,0,0
decode,,3165926.044695,0.000087,0,0,,,0,0
decode,,3165926.045076,0.000060,0,0,,,0,0
prefill,chatcmpl-9edfa2bbdbb57a6f-9b4eec22,3165926.129414,0.000495,1,1333,1333,0,1,0
encoder,chatcmpl-9edfa2bbdbb57a6f-9b4eec22,3165926.131736,0.375376,1,0,,, 1,0
decode,chatcmpl-9edfa2bbdbb57a6f-9b4eec22,3165926.656803,0.000045,1,1,1334,1333,0,0
decode,chatcmpl-9edfa2bbdbb57a6f-9b4eec22,3165926.670963,0.000041,1,1,1336,1334,0,0
decode,chatcmpl-9edfa2bbdbb57a6f-9b4eec22,3165926.684922,0.000043,1,1,1338,1335,0,0
decode,chatcmpl-9edfa2bbdbb57a6f-9b4eec22,3165926.698701,0.000043,1,1,1340,1336,0,0
decode,chatcmpl-9edfa2bbdbb57a6f-9b4eec22,3165926.712496,0.000042,1,1,1342,1337,0,0
decode,chatcmpl-9edfa2bbdbb57a6f-9b4eec22,3165926.726268,0.000043,1,1,1344,1338,0,0
decode,chatcmpl-9edfa2bbdbb57a6f-9b4eec22,3165926.740048,0.000043,1,1,1346,1339,0,0
decode,chatcmpl-9edfa2bbdbb57a6f-9b4eec22,3165926.753811,0.000040,1,1,1348,1340,0,0
decode,chatcmpl-9edfa2bbdbb57a6f-9b4eec22,3165926.767557,0.000043,1,1,1350,1341,0,0
decode,chatcmpl-9edfa2bbdbb57a6f-9b4eec22,3165926.781330,0.000043,1,1,1352,1342,0,0
decode,chatcmpl-9edfa2bbdbb57a6f-9b4eec22,3165926.795099,0.000042,1,1,1354,1343,0,0
decode,chatcmpl-9edfa2bbdbb57a6f-9b4eec22,3165926.808866,0.000042,1,1,1356,1344,0,0
decode,chatcmpl-9edfa2bbdbb57a6f-9b4eec22,3165926.822620,0.000041,1,1,1358,1345,0,0
decode,chatcmpl-9edfa2bbdbb57a6f-9b4eec22,3165926.836495,0.000042,1,1,1360,1346,0,0
decode,chatcmpl-9edfa2bbdbb57a6f-9b4eec22,3165926.850255,0.000041,1,1,1362,1347,0,0
decode,chatcmpl-9edfa2bbdbb57a6f-9b4eec22,3165926.864018,0.000042,1,1,1364,1348,0,0
decode,chatcmpl-9edfa2bbdbb57a6f-9b4eec22,3165926.877787,0.000041,1,1,1366,1349,0,0
decode,chatcmpl-9edfa2bbdbb57a6f-9b4eec22,3165926.891550,0.000042,1,1,1368,1350,0,0
decode,chatcmpl-9edfa2bbdbb57a6f-9b4eec22,3165926.905314,0.000043,1,1,1370,1351,0,0
decode,chatcmpl-9edfa2bbdbb57a6f-9b4eec22,3165926.919067,0.000043,1,1,1372,1352,0,0
decode,chatcmpl-9edfa2bbdbb57a6f-9b4eec22,3165926.932863,0.000044,1,1,1374,1353,0,0
decode,chatcmpl-9edfa2bbdbb57a6f-9b4eec22,3165926.946612,0.000042,1,1,1376,1354,0,0
decode,chatcmpl-9edfa2bbdbb57a6f-9b4eec22,3165926.960386,0.000043,1,1,1378,1355,0,0
decode,chatcmpl-9edfa2bbdbb57a6f-9b4eec22,3165926.974147,0.000042,1,1,1380,1356,0,0
decode,chatcmpl-9edfa2bbdbb57a6f-9b4eec22,3165926.988014,0.000042,1,1,1382,1357,0,0
decode,chatcmpl-9edfa2bbdbb57a6f-9b4eec22,3165927.001777,0.000043,1,1,1384,1358,0,0
decode,chatcmpl-9edfa2bbdbb57a6f-9b4eec22,3165927.015559,0.000043,1,1,1386,1359,0,0
decode,chatcmpl-9edfa2bbdbb57a6f-9b4eec22,3165927.029334,0.000040,1,1,1388,1360,0,0
decode,chatcmpl-9edfa2bbdbb57a6f-9b4eec22,3165927.043105,0.000043,1,1,1390,1361,0,0
decode,chatcmpl-9edfa2bbdbb57a6f-9b4eec22,3165927.056899,0.000041,1,1,1392,1362,0,0
decode,chatcmpl-9edfa2bbdbb57a6f-9b4eec22,3165927.070674,0.000041,1,1,1394,1363,0,0
decode,chatcmpl-9edfa2bbdbb57a6f-9b4eec22,3165927.084449,0.000043,1,1,1396,1364,0,0
decode,chatcmpl-9edfa2bbdbb57a6f-9b4eec22,3165927.098223,0.000042,1,1,1398,1365,0,0
decode,chatcmpl-9edfa2bbdbb57a6f-9b4eec22,3165927.112000,0.000052,1,1,1400,1366,0,0
decode,chatcmpl-9edfa2bbdbb57a6f-9b4eec22,3165927.125773,0.000041,1,1,1402,1367,0,0
decode,chatcmpl-9edfa2bbdbb57a6f-9b4eec22,3165927.139629,0.000040,1,1,1404,1368,0,0
decode,chatcmpl-9edfa2bbdbb57a6f-9b4eec22,3165927.153400,0.000041,1,1,1406,1369,0,0
decode,chatcmpl-9edfa2bbdbb57a6f-9b4eec22,3165927.167150,0.000042,1,1,1408,1370,0,0
decode,chatcmpl-9edfa2bbdbb57a6f-9b4eec22,3165927.180908,0.000044,1,1,1410,1371,0,0
decode,chatcmpl-9edfa2bbdbb57a6f-9b4eec22,3165927.194680,0.000043,1,1,1412,1372,0,0
decode,chatcmpl-9edfa2bbdbb57a6f-9b4eec22,3165927.208464,0.000043,1,1,1414,1373,0,0
decode,chatcmpl-9edfa2bbdbb57a6f-9b4eec22,3165927.222216,0.000041,1,1,1416,1374,0,0
decode,chatcmpl-9edfa2bbdbb57a6f-9b4eec22,3165927.235979,0.000047,1,1,1418,1375,0,0
decode,chatcmpl-9edfa2bbdbb57a6f-9b4eec22,3165927.249736,0.000042,1,1,1420,1376,0,0
decode,chatcmpl-9edfa2bbdbb57a6f-9b4eec22,3165927.263501,0.000040,1,1,1422,1377,0,0
decode,chatcmpl-9edfa2bbdbb57a6f-9b4eec22,3165927.277255,0.000043,1,1,1424,1378,0,0
decode,chatcmpl-9edfa2bbdbb57a6f-9b4eec22,3165927.291117,0.000042,1,1,1426,1379,0,0
decode,chatcmpl-9edfa2bbdbb57a6f-9b4eec22,3165927.304890,0.000042,1,1,1428,1380,0,0
decode,chatcmpl-9edfa2bbdbb57a6f-9b4eec22,3165927.318657,0.000042,1,1,1430,1381,0,0
decode,chatcmpl-9edfa2bbdbb57a6f-9b4eec22,3165927.332454,0.000043,1,1,1432,1382,0,0
decode,chatcmpl-9edfa2bbdbb57a6f-9b4eec22,3165927.346218,0.000043,1,1,1434,1383,0,0
decode,chatcmpl-9edfa2bbdbb57a6f-9b4eec22,3165927.359974,0.000048,1,1,1436,1384,0,0
decode,chatcmpl-9edfa2bbdbb57a6f-9b4eec22,3165927.373732,0.000042,1,1,1438,1385,0,0
decode,chatcmpl-9edfa2bbdbb57a6f-9b4eec22,3165927.387472,0.000043,1,1,1440,1386,0,0
decode,chatcmpl-9edfa2bbdbb57a6f-9b4eec22,3165927.401238,0.000043,1,1,1442,1387,0,0
decode,chatcmpl-9edfa2bbdbb57a6f-9b4eec22,3165927.415082,0.000041,1,1,1444,1388,0,0
decode,chatcmpl-9edfa2bbdbb57a6f-9b4eec22,3165927.428847,0.000041,1,1,1446,1389,0,0
decode,chatcmpl-9edfa2bbdbb57a6f-9b4eec22,3165927.442697,0.000040,1,1,1448,1390,0,0
decode,chatcmpl-9edfa2bbdbb57a6f-9b4eec22,3165927.456471,0.000041,1,1,1450,1391,0,0
decode,chatcmpl-9edfa2bbdbb57a6f-9b4eec22,3165927.470231,0.000043,1,1,1452,1392,0,0
decode,chatcmpl-9edfa2bbdbb57a6f-9b4eec22,3165927.483979,0.000049,1,1,1454,1393,0,0
decode,chatcmpl-9edfa2bbdbb57a6f-9b4eec22,3165927.497750,0.000042,1,1,1456,1394,0,0
decode,chatcmpl-9edfa2bbdbb57a6f-9b4eec22,3165927.511494,0.000043,1,1,1458,1395,0,0
decode,chatcmpl-9edfa2bbdbb57a6f-9b4eec22,3165927.525268,0.000043,1,1,1460,1396,0,0
decode,chatcmpl-9edfa2bbdbb57a6f-9b4eec22,3165927.539029,0.000043,1,1,1462,1397,0,0
decode,chatcmpl-9edfa2bbdbb57a6f-9b4eec22,3165927.552823,0.000042,1,1,1464,1398,0,0
decode,chatcmpl-9edfa2bbdbb57a6f-9b4eec22,3165927.566602,0.000043,1,1,1466,1399,0,0
decode,chatcmpl-9edfa2bbdbb57a6f-9b4eec22,3165927.580380,0.000043,1,1,1468,1400,0,0
decode,chatcmpl-9edfa2bbdbb57a6f-9b4eec22,3165927.594208,0.000042,1,1,1470,1401,0,0
decode,chatcmpl-9edfa2bbdbb57a6f-9b4eec22,3165927.607978,0.000049,1,1,1472,1402,0,0
decode,chatcmpl-9edfa2bbdbb57a6f-9b4eec22,3165927.621765,0.000042,1,1,1474,1403,0,0
decode,chatcmpl-9edfa2bbdbb57a6f-9b4eec22,3165927.635529,0.000043,1,1,1476,1404,0,0
decode,chatcmpl-9edfa2bbdbb57a6f-9b4eec22,3165927.649281,0.000042,1,1,1478,1405,0,0
decode,chatcmpl-9edfa2bbdbb57a6f-9b4eec22,3165927.663034,0.000042,1,1,1480,1406,0,0
decode,chatcmpl-9edfa2bbdbb57a6f-9b4eec22,3165927.676802,0.000043,1,1,1482,1407,0,0
decode,chatcmpl-9edfa2bbdbb57a6f-9b4eec22,3165927.690575,0.000054,1,1,1484,1408,0,0
decode,chatcmpl-9edfa2bbdbb57a6f-9b4eec22,3165927.704377,0.000043,1,1,1486,1409,0,0
decode,chatcmpl-9edfa2bbdbb57a6f-9b4eec22,3165927.718147,0.000043,1,1,1488,1410,0,0
decode,chatcmpl-9edfa2bbdbb57a6f-9b4eec22,3165927.731983,0.000047,1,1,1490,1411,0,0
decode,chatcmpl-9edfa2bbdbb57a6f-9b4eec22,3165927.745869,0.000043,1,1,1492,1412,0,0
decode,chatcmpl-9edfa2bbdbb57a6f-9b4eec22,3165927.759645,0.000043,1,1,1494,1413,0,0
decode,chatcmpl-9edfa2bbdbb57a6f-9b4eec22,3165927.773420,0.000042,1,1,1496,1414,0,0
decode,chatcmpl-9edfa2bbdbb57a6f-9b4eec22,3165927.787161,0.000043,1,1,1498,1415,0,0
decode,chatcmpl-9edfa2bbdbb57a6f-9b4eec22,3165927.800938,0.000043,1,1,1500,1416,0,0
decode,chatcmpl-9edfa2bbdbb57a6f-9b4eec22,3165927.814716,0.000043,1,1,1502,1417,0,0
decode,chatcmpl-9edfa2bbdbb57a6f-9b4eec22,3165927.828493,0.000044,1,1,1504,1418,0,0
decode,chatcmpl-9edfa2bbdbb57a6f-9b4eec22,3165927.842261,0.000043,1,1,1506,1419,0,0
decode,chatcmpl-9edfa2bbdbb57a6f-9b4eec22,3165927.856013,0.000044,1,1,1508,1420,0,0
decode,chatcmpl-9edfa2bbdbb57a6f-9b4eec22,3165927.869789,0.000044,1,1,1510,1421,0,0
decode,chatcmpl-9edfa2bbdbb57a6f-9b4eec22,3165927.883550,0.000043,1,1,1512,1422,0,0
decode,chatcmpl-9edfa2bbdbb57a6f-9b4eec22,3165927.897441,0.000041,1,1,1514,1423,0,0
decode,chatcmpl-9edfa2bbdbb57a6f-9b4eec22,3165927.911207,0.000042,1,1,1516,1424,0,0
decode,chatcmpl-9edfa2bbdbb57a6f-9b4eec22,3165927.924995,0.000041,1,1,1518,1425,0,0
decode,chatcmpl-9edfa2bbdbb57a6f-9b4eec22,3165927.938788,0.000042,1,1,1520,1426,0,0
decode,chatcmpl-9edfa2bbdbb57a6f-9b4eec22,3165927.952576,0.000043,1,1,1522,1427,0,0
decode,chatcmpl-9edfa2bbdbb57a6f-9b4eec22,3165927.966328,0.000041,1,1,1524,1428,0,0
decode,chatcmpl-9edfa2bbdbb57a6f-9b4eec22,3165927.980102,0.000043,1,1,1526,1429,0,0
decode,chatcmpl-9edfa2bbdbb57a6f-9b4eec22,3165927.993867,0.000042,1,1,1528,1430,0,0
decode,chatcmpl-9edfa2bbdbb57a6f-9b4eec22,3165928.007624,0.000041,1,1,1530,1431,0,0
decode,chatcmpl-9edfa2bbdbb57a6f-9b4eec22,3165928.021394,0.000043,1,1,1532,1432,0,0
decode,chatcmpl-9edfa2bbdbb57a6f-9b4eec22,3165928.035148,0.000043,1,1,1534,1433,0,0
decode,chatcmpl-9edfa2bbdbb57a6f-9b4eec22,3165928.049034,0.000043,1,1,1536,1434,0,0
decode,chatcmpl-9edfa2bbdbb57a6f-9b4eec22,3165928.062803,0.000044,1,1,1538,1435,0,0
decode,chatcmpl-9edfa2bbdbb57a6f-9b4eec22,3165928.076589,0.000043,1,1,1540,1436,0,0
decode,chatcmpl-9edfa2bbdbb57a6f-9b4eec22,3165928.090346,0.000042,1,1,1542,1437,0,0
decode,chatcmpl-9edfa2bbdbb57a6f-9b4eec22,3165928.104100,0.000042,1,1,1544,1438,0,0
decode,chatcmpl-9edfa2bbdbb57a6f-9b4eec22,3165928.117870,0.000042,1,1,1546,1439,0,0
decode,chatcmpl-9edfa2bbdbb57a6f-9b4eec22,3165928.131632,0.000042,1,1,1548,1440,0,0
decode,chatcmpl-9edfa2bbdbb57a6f-9b4eec22,3165928.145388,0.000041,1,1,1550,1441,0,0
decode,chatcmpl-9edfa2bbdbb57a6f-9b4eec22,3165928.159151,0.000043,1,1,1552,1442,0,0
decode,chatcmpl-9edfa2bbdbb57a6f-9b4eec22,3165928.172936,0.000042,1,1,1554,1443,0,0
decode,chatcmpl-9edfa2bbdbb57a6f-9b4eec22,3165928.186678,0.000042,1,1,1556,1444,0,0
decode,chatcmpl-9edfa2bbdbb57a6f-9b4eec22,3165928.200544,0.000043,1,1,1558,1445,0,0
decode,chatcmpl-9edfa2bbdbb57a6f-9b4eec22,3165928.214310,0.000044,1,1,1560,1446,0,0
decode,chatcmpl-9edfa2bbdbb57a6f-9b4eec22,3165928.228081,0.000042,1,1,1562,1447,0,0
decode,chatcmpl-9edfa2bbdbb57a6f-9b4eec22,3165928.241836,0.000042,1,1,1564,1448,0,0
decode,chatcmpl-9edfa2bbdbb57a6f-9b4eec22,3165928.255609,0.000041,1,1,1566,1449,0,0
decode,chatcmpl-9edfa2bbdbb57a6f-9b4eec22,3165928.269367,0.000041,1,1,1568,1450,0,0
decode,chatcmpl-9edfa2bbdbb57a6f-9b4eec22,3165928.283109,0.000043,1,1,1570,1451,0,0
decode,,3165928.296889,0.000087,0,0,,,0,0
decode,,3165928.297213,0.000110,0,0,,,0,0
prefill,chatcmpl-af40e0a2eee331a3-956b1ffd,3165928.376687,0.000556,1,1364,1364,0,1,0
encoder,chatcmpl-af40e0a2eee331a3-956b1ffd,3165928.378971,0.375487,1,0,,, 1,0
decode,chatcmpl-af40e0a2eee331a3-956b1ffd,3165928.908227,0.000043,1,1,1365,1364,0,0
decode,chatcmpl-af40e0a2eee331a3-956b1ffd,3165928.922338,0.000042,1,1,1367,1365,0,0
decode,chatcmpl-af40e0a2eee331a3-956b1ffd,3165928.936133,0.000043,1,1,1369,1366,0,0
decode,chatcmpl-af40e0a2eee331a3-956b1ffd,3165928.949904,0.000043,1,1,1371,1367,0,0
decode,chatcmpl-af40e0a2eee331a3-956b1ffd,3165928.963661,0.000043,1,1,1373,1368,0,0
decode,chatcmpl-af40e0a2eee331a3-956b1ffd,3165928.977452,0.000042,1,1,1375,1369,0,0
decode,chatcmpl-af40e0a2eee331a3-956b1ffd,3165928.991217,0.000043,1,1,1377,1370,0,0
decode,chatcmpl-af40e0a2eee331a3-956b1ffd,3165929.004990,0.000042,1,1,1379,1371,0,0
decode,chatcmpl-af40e0a2eee331a3-956b1ffd,3165929.018758,0.000041,1,1,1381,1372,0,0
decode,chatcmpl-af40e0a2eee331a3-956b1ffd,3165929.032553,0.000042,1,1,1383,1373,0,0
decode,chatcmpl-af40e0a2eee331a3-956b1ffd,3165929.046311,0.000043,1,1,1385,1374,0,0
decode,chatcmpl-af40e0a2eee331a3-956b1ffd,3165929.060082,0.000044,1,1,1387,1375,0,0
decode,chatcmpl-af40e0a2eee331a3-956b1ffd,3165929.073888,0.000041,1,1,1389,1376,0,0
decode,chatcmpl-af40e0a2eee331a3-956b1ffd,3165929.087662,0.000042,1,1,1391,1377,0,0
decode,chatcmpl-af40e0a2eee331a3-956b1ffd,3165929.101432,0.000043,1,1,1393,1378,0,0
decode,chatcmpl-af40e0a2eee331a3-956b1ffd,3165929.115206,0.000042,1,1,1395,1379,0,0
decode,chatcmpl-af40e0a2eee331a3-956b1ffd,3165929.129086,0.000043,1,1,1397,1380,0,0
decode,chatcmpl-af40e0a2eee331a3-956b1ffd,3165929.142825,0.000043,1,1,1399,1381,0,0
decode,chatcmpl-af40e0a2eee331a3-956b1ffd,3165929.156579,0.000043,1,1,1401,1382,0,0
decode,chatcmpl-af40e0a2eee331a3-956b1ffd,3165929.170348,0.000042,1,1,1403,1383,0,0
decode,chatcmpl-af40e0a2eee331a3-956b1ffd,3165929.184122,0.000044,1,1,1405,1384,0,0
decode,chatcmpl-af40e0a2eee331a3-956b1ffd,3165929.197877,0.000041,1,1,1407,1385,0,0
decode,chatcmpl-af40e0a2eee331a3-956b1ffd,3165929.211642,0.000041,1,1,1409,1386,0,0
decode,chatcmpl-af40e0a2eee331a3-956b1ffd,3165929.225396,0.000043,1,1,1411,1387,0,0
decode,chatcmpl-af40e0a2eee331a3-956b1ffd,3165929.239166,0.000041,1,1,1413,1388,0,0
decode,chatcmpl-af40e0a2eee331a3-956b1ffd,3165929.252941,0.000042,1,1,1415,1389,0,0
decode,chatcmpl-af40e0a2eee331a3-956b1ffd,3165929.266710,0.000042,1,1,1417,1390,0,0
decode,chatcmpl-af40e0a2eee331a3-956b1ffd,3165929.280578,0.000043,1,1,1419,1391,0,0
decode,chatcmpl-af40e0a2eee331a3-956b1ffd,3165929.294346,0.000041,1,1,1421,1392,0,0
decode,chatcmpl-af40e0a2eee331a3-956b1ffd,3165929.308093,0.000041,1,1,1423,1393,0,0
decode,chatcmpl-af40e0a2eee331a3-956b1ffd,3165929.321854,0.000042,1,1,1425,1394,0,0
decode,chatcmpl-af40e0a2eee331a3-956b1ffd,3165929.335609,0.000042,1,1,1427,1395,0,0
decode,chatcmpl-af40e0a2eee331a3-956b1ffd,3165929.349377,0.000042,1,1,1429,1396,0,0
decode,chatcmpl-af40e0a2eee331a3-956b1ffd,3165929.363132,0.000045,1,1,1431,1397,0,0
decode,chatcmpl-af40e0a2eee331a3-956b1ffd,3165929.376907,0.000040,1,1,1433,1398,0,0
decode,chatcmpl-af40e0a2eee331a3-956b1ffd,3165929.390675,0.000043,1,1,1435,1399,0,0
decode,chatcmpl-af40e0a2eee331a3-956b1ffd,3165929.404447,0.000042,1,1,1437,1400,0,0
decode,chatcmpl-af40e0a2eee331a3-956b1ffd,3165929.418193,0.000042,1,1,1439,1401,0,0
decode,chatcmpl-af40e0a2eee331a3-956b1ffd,3165929.432043,0.000043,1,1,1441,1402,0,0
decode,chatcmpl-af40e0a2eee331a3-956b1ffd,3165929.445806,0.000042,1,1,1443,1403,0,0
decode,chatcmpl-af40e0a2eee331a3-956b1ffd,3165929.459561,0.000041,1,1,1445,1404,0,0
decode,chatcmpl-af40e0a2eee331a3-956b1ffd,3165929.473332,0.000042,1,1,1447,1405,0,0
decode,chatcmpl-af40e0a2eee331a3-956b1ffd,3165929.487099,0.000041,1,1,1449,1406,0,0
decode,chatcmpl-af40e0a2eee331a3-956b1ffd,3165929.500853,0.000042,1,1,1451,1407,0,0
decode,chatcmpl-af40e0a2eee331a3-956b1ffd,3165929.514599,0.000053,1,1,1453,1408,0,0
decode,chatcmpl-af40e0a2eee331a3-956b1ffd,3165929.528378,0.000044,1,1,1455,1409,0,0
decode,chatcmpl-af40e0a2eee331a3-956b1ffd,3165929.542127,0.000043,1,1,1457,1410,0,0
decode,chatcmpl-af40e0a2eee331a3-956b1ffd,3165929.555881,0.000043,1,1,1459,1411,0,0
decode,chatcmpl-af40e0a2eee331a3-956b1ffd,3165929.569663,0.000041,1,1,1461,1412,0,0
decode,chatcmpl-af40e0a2eee331a3-956b1ffd,3165929.583529,0.000042,1,1,1463,1413,0,0
decode,chatcmpl-af40e0a2eee331a3-956b1ffd,3165929.597310,0.000043,1,1,1465,1414,0,0
decode,chatcmpl-af40e0a2eee331a3-956b1ffd,3165929.611072,0.000043,1,1,1467,1415,0,0
decode,chatcmpl-af40e0a2eee331a3-956b1ffd,3165929.624841,0.000040,1,1,1469,1416,0,0
decode,chatcmpl-af40e0a2eee331a3-956b1ffd,3165929.638601,0.000043,1,1,1471,1417,0,0
decode,chatcmpl-af40e0a2eee331a3-956b1ffd,3165929.652372,0.000042,1,1,1473,1418,0,0
decode,chatcmpl-af40e0a2eee331a3-956b1ffd,3165929.666118,0.000041,1,1,1475,1419,0,0
decode,chatcmpl-af40e0a2eee331a3-956b1ffd,3165929.679876,0.000043,1,1,1477,1420,0,0
decode,chatcmpl-af40e0a2eee331a3-956b1ffd,3165929.693655,0.000042,1,1,1479,1421,0,0
decode,chatcmpl-af40e0a2eee331a3-956b1ffd,3165929.707416,0.000043,1,1,1481,1422,0,0
decode,chatcmpl-af40e0a2eee331a3-956b1ffd,3165929.721185,0.000042,1,1,1483,1423,0,0
decode,chatcmpl-af40e0a2eee331a3-956b1ffd,3165929.735101,0.000043,1,1,1485,1424,0,0
decode,chatcmpl-af40e0a2eee331a3-956b1ffd,3165929.748884,0.000043,1,1,1487,1425,0,0
decode,chatcmpl-af40e0a2eee331a3-956b1ffd,3165929.762639,0.000042,1,1,1489,1426,0,0
decode,chatcmpl-af40e0a2eee331a3-956b1ffd,3165929.776405,0.000041,1,1,1491,1427,0,0
decode,chatcmpl-af40e0a2eee331a3-956b1ffd,3165929.790166,0.000042,1,1,1493,1428,0,0
decode,chatcmpl-af40e0a2eee331a3-956b1ffd,3165929.803925,0.000041,1,1,1495,1429,0,0
decode,chatcmpl-af40e0a2eee331a3-956b1ffd,3165929.817693,0.000043,1,1,1497,1430,0,0
decode,chatcmpl-af40e0a2eee331a3-956b1ffd,3165929.831449,0.000041,1,1,1499,1431,0,0
decode,chatcmpl-af40e0a2eee331a3-956b1ffd,3165929.845224,0.000041,1,1,1501,1432,0,0
decode,chatcmpl-af40e0a2eee331a3-956b1ffd,3165929.858993,0.000042,1,1,1503,1433,0,0
decode,chatcmpl-af40e0a2eee331a3-956b1ffd,3165929.872754,0.000043,1,1,1505,1434,0,0
decode,chatcmpl-af40e0a2eee331a3-956b1ffd,3165929.886615,0.000042,1,1,1507,1435,0,0
decode,chatcmpl-af40e0a2eee331a3-956b1ffd,3165929.900394,0.000042,1,1,1509,1436,0,0
decode,chatcmpl-af40e0a2eee331a3-956b1ffd,3165929.914161,0.000043,1,1,1511,1437,0,0
decode,chatcmpl-af40e0a2eee331a3-956b1ffd,3165929.927922,0.000041,1,1,1513,1438,0,0
decode,chatcmpl-af40e0a2eee331a3-956b1ffd,3165929.941698,0.000041,1,1,1515,1439,0,0
decode,chatcmpl-af40e0a2eee331a3-956b1ffd,3165929.955521,0.000042,1,1,1517,1440,0,0
decode,chatcmpl-af40e0a2eee331a3-956b1ffd,3165929.969306,0.000042,1,1,1519,1441,0,0
decode,chatcmpl-af40e0a2eee331a3-956b1ffd,3165929.983056,0.000042,1,1,1521,1442,0,0
decode,chatcmpl-af40e0a2eee331a3-956b1ffd,3165929.996820,0.000042,1,1,1523,1443,0,0
decode,chatcmpl-af40e0a2eee331a3-956b1ffd,3165930.010581,0.000041,1,1,1525,1444,0,0
decode,chatcmpl-af40e0a2eee331a3-956b1ffd,3165930.024362,0.000042,1,1,1527,1445,0,0
decode,chatcmpl-af40e0a2eee331a3-956b1ffd,3165930.038205,0.000043,1,1,1529,1446,0,0
decode,chatcmpl-af40e0a2eee331a3-956b1ffd,3165930.051963,0.000047,1,1,1531,1447,0,0
decode,chatcmpl-af40e0a2eee331a3-956b1ffd,3165930.065726,0.000043,1,1,1533,1448,0,0
decode,chatcmpl-af40e0a2eee331a3-956b1ffd,3165930.079486,0.000042,1,1,1535,1449,0,0
decode,chatcmpl-af40e0a2eee331a3-956b1ffd,3165930.093264,0.000041,1,1,1537,1450,0,0
decode,chatcmpl-af40e0a2eee331a3-956b1ffd,3165930.107020,0.000041,1,1,1539,1451,0,0
decode,chatcmpl-af40e0a2eee331a3-956b1ffd,3165930.120799,0.000042,1,1,1541,1452,0,0
decode,chatcmpl-af40e0a2eee331a3-956b1ffd,3165930.134567,0.000043,1,1,1543,1453,0,0
decode,chatcmpl-af40e0a2eee331a3-956b1ffd,3165930.148343,0.000041,1,1,1545,1454,0,0
decode,chatcmpl-af40e0a2eee331a3-956b1ffd,3165930.162098,0.000041,1,1,1547,1455,0,0
decode,chatcmpl-af40e0a2eee331a3-956b1ffd,3165930.175848,0.000042,1,1,1549,1456,0,0
decode,chatcmpl-af40e0a2eee331a3-956b1ffd,3165930.189729,0.000040,1,1,1551,1457,0,0
decode,chatcmpl-af40e0a2eee331a3-956b1ffd,3165930.203481,0.000042,1,1,1553,1458,0,0
decode,chatcmpl-af40e0a2eee331a3-956b1ffd,3165930.217237,0.000042,1,1,1555,1459,0,0
decode,chatcmpl-af40e0a2eee331a3-956b1ffd,3165930.230993,0.000042,1,1,1557,1460,0,0
decode,chatcmpl-af40e0a2eee331a3-956b1ffd,3165930.244756,0.000043,1,1,1559,1461,0,0
decode,chatcmpl-af40e0a2eee331a3-956b1ffd,3165930.258526,0.000043,1,1,1561,1462,0,0
decode,chatcmpl-af40e0a2eee331a3-956b1ffd,3165930.272293,0.000042,1,1,1563,1463,0,0
decode,chatcmpl-af40e0a2eee331a3-956b1ffd,3165930.286058,0.000041,1,1,1565,1464,0,0
decode,chatcmpl-af40e0a2eee331a3-956b1ffd,3165930.299812,0.000043,1,1,1567,1465,0,0
decode,,3165930.313579,0.000092,0,0,,,0,0
decode,,3165930.313960,0.000060,0,0,,,0,0
prefill,chatcmpl-92a1080def5a8a4d-a017e036,3165937.099889,0.000528,1,1351,1351,0,1,0
encoder,chatcmpl-92a1080def5a8a4d-a017e036,3165937.102195,0.375631,1,0,,, 1,0
decode,chatcmpl-92a1080def5a8a4d-a017e036,3165937.629970,0.000045,1,1,1352,1351,0,0
decode,chatcmpl-92a1080def5a8a4d-a017e036,3165937.644181,0.000044,1,1,1354,1352,0,0
decode,chatcmpl-92a1080def5a8a4d-a017e036,3165937.657986,0.000043,1,1,1356,1353,0,0
decode,chatcmpl-92a1080def5a8a4d-a017e036,3165937.671787,0.000042,1,1,1358,1354,0,0
decode,chatcmpl-92a1080def5a8a4d-a017e036,3165937.685580,0.000043,1,1,1360,1355,0,0
decode,chatcmpl-92a1080def5a8a4d-a017e036,3165937.699370,0.000040,1,1,1362,1356,0,0
decode,chatcmpl-92a1080def5a8a4d-a017e036,3165937.713148,0.000044,1,1,1364,1357,0,0
decode,chatcmpl-92a1080def5a8a4d-a017e036,3165937.726916,0.000044,1,1,1366,1358,0,0
decode,chatcmpl-92a1080def5a8a4d-a017e036,3165937.740737,0.000041,1,1,1368,1359,0,0
decode,chatcmpl-92a1080def5a8a4d-a017e036,3165937.754506,0.000041,1,1,1370,1360,0,0
decode,chatcmpl-92a1080def5a8a4d-a017e036,3165937.768269,0.000041,1,1,1372,1361,0,0
decode,chatcmpl-92a1080def5a8a4d-a017e036,3165937.782028,0.000041,1,1,1374,1362,0,0
decode,chatcmpl-92a1080def5a8a4d-a017e036,3165937.795783,0.000042,1,1,1376,1363,0,0
decode,chatcmpl-92a1080def5a8a4d-a017e036,3165937.809535,0.000042,1,1,1378,1364,0,0
decode,chatcmpl-92a1080def5a8a4d-a017e036,3165937.823303,0.000041,1,1,1380,1365,0,0
decode,chatcmpl-92a1080def5a8a4d-a017e036,3165937.837099,0.000043,1,1,1382,1366,0,0
decode,chatcmpl-92a1080def5a8a4d-a017e036,3165937.850867,0.000044,1,1,1384,1367,0,0
decode,chatcmpl-92a1080def5a8a4d-a017e036,3165937.864654,0.000043,1,1,1386,1368,0,0
decode,chatcmpl-92a1080def5a8a4d-a017e036,3165937.878422,0.000042,1,1,1388,1369,0,0
decode,chatcmpl-92a1080def5a8a4d-a017e036,3165937.892190,0.000043,1,1,1390,1370,0,0
decode,chatcmpl-92a1080def5a8a4d-a017e036,3165937.905954,0.000042,1,1,1392,1371,0,0
decode,chatcmpl-92a1080def5a8a4d-a017e036,3165937.919708,0.000044,1,1,1394,1372,0,0
decode,chatcmpl-92a1080def5a8a4d-a017e036,3165937.933464,0.000042,1,1,1396,1373,0,0
decode,chatcmpl-92a1080def5a8a4d-a017e036,3165937.947223,0.000044,1,1,1398,1374,0,0
decode,chatcmpl-92a1080def5a8a4d-a017e036,3165937.961008,0.000044,1,1,1400,1375,0,0
decode,chatcmpl-92a1080def5a8a4d-a017e036,3165937.974759,0.000042,1,1,1402,1376,0,0
decode,chatcmpl-92a1080def5a8a4d-a017e036,3165937.988543,0.000043,1,1,1404,1377,0,0
decode,chatcmpl-92a1080def5a8a4d-a017e036,3165938.002296,0.000041,1,1,1406,1378,0,0
decode,chatcmpl-92a1080def5a8a4d-a017e036,3165938.016050,0.000043,1,1,1408,1379,0,0
decode,chatcmpl-92a1080def5a8a4d-a017e036,3165938.029810,0.000044,1,1,1410,1380,0,0
decode,chatcmpl-92a1080def5a8a4d-a017e036,3165938.043582,0.000042,1,1,1412,1381,0,0
decode,chatcmpl-92a1080def5a8a4d-a017e036,3165938.057338,0.000043,1,1,1414,1382,0,0
decode,chatcmpl-92a1080def5a8a4d-a017e036,3165938.071093,0.000042,1,1,1416,1383,0,0
decode,chatcmpl-92a1080def5a8a4d-a017e036,3165938.084877,0.000044,1,1,1418,1384,0,0
decode,chatcmpl-92a1080def5a8a4d-a017e036,3165938.098657,0.000043,1,1,1420,1385,0,0
decode,chatcmpl-92a1080def5a8a4d-a017e036,3165938.112445,0.000044,1,1,1422,1386,0,0
decode,chatcmpl-92a1080def5a8a4d-a017e036,3165938.126205,0.000041,1,1,1424,1387,0,0
decode,chatcmpl-92a1080def5a8a4d-a017e036,3165938.139964,0.000046,1,1,1426,1388,0,0
decode,chatcmpl-92a1080def5a8a4d-a017e036,3165938.153721,0.000042,1,1,1428,1389,0,0
decode,chatcmpl-92a1080def5a8a4d-a017e036,3165938.167505,0.000042,1,1,1430,1390,0,0
decode,chatcmpl-92a1080def5a8a4d-a017e036,3165938.181279,0.000043,1,1,1432,1391,0,0
decode,chatcmpl-92a1080def5a8a4d-a017e036,3165938.195033,0.000043,1,1,1434,1392,0,0
decode,chatcmpl-92a1080def5a8a4d-a017e036,3165938.208803,0.000043,1,1,1436,1393,0,0
decode,chatcmpl-92a1080def5a8a4d-a017e036,3165938.222577,0.000043,1,1,1438,1394,0,0
decode,chatcmpl-92a1080def5a8a4d-a017e036,3165938.236340,0.000043,1,1,1440,1395,0,0
decode,chatcmpl-92a1080def5a8a4d-a017e036,3165938.250115,0.000042,1,1,1442,1396,0,0
decode,chatcmpl-92a1080def5a8a4d-a017e036,3165938.263873,0.000042,1,1,1444,1397,0,0
decode,chatcmpl-92a1080def5a8a4d-a017e036,3165938.277644,0.000042,1,1,1446,1398,0,0
decode,chatcmpl-92a1080def5a8a4d-a017e036,3165938.291392,0.000042,1,1,1448,1399,0,0
decode,chatcmpl-92a1080def5a8a4d-a017e036,3165938.305168,0.000042,1,1,1450,1400,0,0
decode,chatcmpl-92a1080def5a8a4d-a017e036,3165938.318934,0.000041,1,1,1452,1401,0,0
decode,chatcmpl-92a1080def5a8a4d-a017e036,3165938.332733,0.000043,1,1,1454,1402,0,0
decode,chatcmpl-92a1080def5a8a4d-a017e036,3165938.346498,0.000042,1,1,1456,1403,0,0
decode,chatcmpl-92a1080def5a8a4d-a017e036,3165938.360248,0.000042,1,1,1458,1404,0,0
decode,chatcmpl-92a1080def5a8a4d-a017e036,3165938.374015,0.000040,1,1,1460,1405,0,0
decode,chatcmpl-92a1080def5a8a4d-a017e036,3165938.387780,0.000043,1,1,1462,1406,0,0
decode,chatcmpl-92a1080def5a8a4d-a017e036,3165938.401556,0.000042,1,1,1464,1407,0,0
decode,chatcmpl-92a1080def5a8a4d-a017e036,3165938.415337,0.000053,1,1,1466,1408,0,0
decode,chatcmpl-92a1080def5a8a4d-a017e036,3165938.429110,0.000043,1,1,1468,1409,0,0
decode,chatcmpl-92a1080def5a8a4d-a017e036,3165938.442868,0.000043,1,1,1470,1410,0,0
decode,chatcmpl-92a1080def5a8a4d-a017e036,3165938.456637,0.000043,1,1,1472,1411,0,0
decode,chatcmpl-92a1080def5a8a4d-a017e036,3165938.470394,0.000041,1,1,1474,1412,0,0
decode,chatcmpl-92a1080def5a8a4d-a017e036,3165938.484156,0.000042,1,1,1476,1413,0,0
decode,chatcmpl-92a1080def5a8a4d-a017e036,3165938.497925,0.000041,1,1,1478,1414,0,0
decode,chatcmpl-92a1080def5a8a4d-a017e036,3165938.511682,0.000043,1,1,1480,1415,0,0
decode,chatcmpl-92a1080def5a8a4d-a017e036,3165938.525441,0.000042,1,1,1482,1416,0,0
decode,chatcmpl-92a1080def5a8a4d-a017e036,3165938.539204,0.000044,1,1,1484,1417,0,0
decode,chatcmpl-92a1080def5a8a4d-a017e036,3165938.552997,0.000044,1,1,1486,1418,0,0
decode,chatcmpl-92a1080def5a8a4d-a017e036,3165938.566760,0.000042,1,1,1488,1419,0,0
decode,chatcmpl-92a1080def5a8a4d-a017e036,3165938.580548,0.000041,1,1,1490,1420,0,0
decode,chatcmpl-92a1080def5a8a4d-a017e036,3165938.594303,0.000043,1,1,1492,1421,0,0
decode,chatcmpl-92a1080def5a8a4d-a017e036,3165938.608063,0.000043,1,1,1494,1422,0,0
decode,chatcmpl-92a1080def5a8a4d-a017e036,3165938.621822,0.000043,1,1,1496,1423,0,0
decode,chatcmpl-92a1080def5a8a4d-a017e036,3165938.635579,0.000042,1,1,1498,1424,0,0
decode,chatcmpl-92a1080def5a8a4d-a017e036,3165938.649354,0.000041,1,1,1500,1425,0,0
decode,chatcmpl-92a1080def5a8a4d-a017e036,3165938.663107,0.000043,1,1,1502,1426,0,0
decode,chatcmpl-92a1080def5a8a4d-a017e036,3165938.676883,0.000044,1,1,1504,1427,0,0
decode,chatcmpl-92a1080def5a8a4d-a017e036,3165938.690645,0.000043,1,1,1506,1428,0,0
decode,chatcmpl-92a1080def5a8a4d-a017e036,3165938.704446,0.000042,1,1,1508,1429,0,0
decode,chatcmpl-92a1080def5a8a4d-a017e036,3165938.718205,0.000042,1,1,1510,1430,0,0
decode,chatcmpl-92a1080def5a8a4d-a017e036,3165938.731959,0.000046,1,1,1512,1431,0,0
decode,chatcmpl-92a1080def5a8a4d-a017e036,3165938.745720,0.000042,1,1,1514,1432,0,0
decode,chatcmpl-92a1080def5a8a4d-a017e036,3165938.759568,0.000045,1,1,1516,1433,0,0
decode,chatcmpl-92a1080def5a8a4d-a017e036,3165938.773360,0.000041,1,1,1518,1434,0,0
decode,chatcmpl-92a1080def5a8a4d-a017e036,3165938.787134,0.000042,1,1,1520,1435,0,0
decode,chatcmpl-92a1080def5a8a4d-a017e036,3165938.800920,0.000042,1,1,1522,1436,0,0
decode,chatcmpl-92a1080def5a8a4d-a017e036,3165938.814681,0.000044,1,1,1524,1437,0,0
decode,chatcmpl-92a1080def5a8a4d-a017e036,3165938.828459,0.000041,1,1,1526,1438,0,0
decode,chatcmpl-92a1080def5a8a4d-a017e036,3165938.842223,0.000044,1,1,1528,1439,0,0
decode,chatcmpl-92a1080def5a8a4d-a017e036,3165938.855988,0.000046,1,1,1530,1440,0,0
decode,chatcmpl-92a1080def5a8a4d-a017e036,3165938.869739,0.000043,1,1,1532,1441,0,0
decode,chatcmpl-92a1080def5a8a4d-a017e036,3165938.883498,0.000043,1,1,1534,1442,0,0
decode,chatcmpl-92a1080def5a8a4d-a017e036,3165938.897269,0.000043,1,1,1536,1443,0,0
decode,chatcmpl-92a1080def5a8a4d-a017e036,3165938.911018,0.000043,1,1,1538,1444,0,0
decode,chatcmpl-92a1080def5a8a4d-a017e036,3165938.924796,0.000041,1,1,1540,1445,0,0
decode,chatcmpl-92a1080def5a8a4d-a017e036,3165938.938552,0.000041,1,1,1542,1446,0,0
decode,chatcmpl-92a1080def5a8a4d-a017e036,3165938.952339,0.000043,1,1,1544,1447,0,0
decode,chatcmpl-92a1080def5a8a4d-a017e036,3165938.966100,0.000042,1,1,1546,1448,0,0
decode,chatcmpl-92a1080def5a8a4d-a017e036,3165938.979870,0.000042,1,1,1548,1449,0,0
decode,chatcmpl-92a1080def5a8a4d-a017e036,3165938.993637,0.000046,1,1,1550,1450,0,0
decode,chatcmpl-92a1080def5a8a4d-a017e036,3165939.007383,0.000040,1,1,1552,1451,0,0
decode,chatcmpl-92a1080def5a8a4d-a017e036,3165939.021154,0.000045,1,1,1554,1452,0,0
decode,chatcmpl-92a1080def5a8a4d-a017e036,3165939.034899,0.000042,1,1,1556,1453,0,0
decode,chatcmpl-92a1080def5a8a4d-a017e036,3165939.048669,0.000042,1,1,1558,1454,0,0
decode,chatcmpl-92a1080def5a8a4d-a017e036,3165939.062441,0.000042,1,1,1560,1455,0,0
decode,chatcmpl-92a1080def5a8a4d-a017e036,3165939.076207,0.000041,1,1,1562,1456,0,0
decode,chatcmpl-92a1080def5a8a4d-a017e036,3165939.089972,0.000044,1,1,1564,1457,0,0
decode,chatcmpl-92a1080def5a8a4d-a017e036,3165939.103734,0.000042,1,1,1566,1458,0,0
decode,chatcmpl-92a1080def5a8a4d-a017e036,3165939.117486,0.000041,1,1,1568,1459,0,0
decode,chatcmpl-92a1080def5a8a4d-a017e036,3165939.131240,0.000043,1,1,1570,1460,0,0
decode,chatcmpl-92a1080def5a8a4d-a017e036,3165939.145010,0.000043,1,1,1572,1461,0,0
decode,chatcmpl-92a1080def5a8a4d-a017e036,3165939.158769,0.000042,1,1,1574,1462,0,0
decode,chatcmpl-92a1080def5a8a4d-a017e036,3165939.172528,0.000042,1,1,1576,1463,0,0
decode,chatcmpl-92a1080def5a8a4d-a017e036,3165939.186303,0.000041,1,1,1578,1464,0,0
decode,chatcmpl-92a1080def5a8a4d-a017e036,3165939.200064,0.000042,1,1,1580,1465,0,0
decode,chatcmpl-92a1080def5a8a4d-a017e036,3165939.213817,0.000043,1,1,1582,1466,0,0
decode,chatcmpl-92a1080def5a8a4d-a017e036,3165939.227579,0.000043,1,1,1584,1467,0,0
decode,chatcmpl-92a1080def5a8a4d-a017e036,3165939.241337,0.000042,1,1,1586,1468,0,0
decode,chatcmpl-92a1080def5a8a4d-a017e036,3165939.255114,0.000041,1,1,1588,1469,0,0
decode,chatcmpl-92a1080def5a8a4d-a017e036,3165939.268881,0.000042,1,1,1590,1470,0,0
decode,chatcmpl-92a1080def5a8a4d-a017e036,3165939.282645,0.000041,1,1,1592,1471,0,0
decode,chatcmpl-92a1080def5a8a4d-a017e036,3165939.296435,0.000041,1,1,1594,1472,0,0
decode,chatcmpl-92a1080def5a8a4d-a017e036,3165939.310185,0.000043,1,1,1596,1473,0,0
decode,chatcmpl-92a1080def5a8a4d-a017e036,3165939.323941,0.000044,1,1,1598,1474,0,0
decode,chatcmpl-92a1080def5a8a4d-a017e036,3165939.337799,0.000043,1,1,1600,1475,0,0
decode,chatcmpl-92a1080def5a8a4d-a017e036,3165939.351554,0.000042,1,1,1602,1476,0,0
decode,chatcmpl-92a1080def5a8a4d-a017e036,3165939.365345,0.000043,1,1,1604,1477,0,0
decode,chatcmpl-92a1080def5a8a4d-a017e036,3165939.379105,0.000042,1,1,1606,1478,0,0
decode,chatcmpl-92a1080def5a8a4d-a017e036,3165939.392877,0.000042,1,1,1608,1479,0,0
decode,chatcmpl-92a1080def5a8a4d-a017e036,3165939.406648,0.000043,1,1,1610,1480,0,0
decode,chatcmpl-92a1080def5a8a4d-a017e036,3165939.420427,0.000042,1,1,1612,1481,0,0
decode,chatcmpl-92a1080def5a8a4d-a017e036,3165939.434173,0.000041,1,1,1614,1482,0,0
decode,chatcmpl-92a1080def5a8a4d-a017e036,3165939.447918,0.000043,1,1,1616,1483,0,0
decode,chatcmpl-92a1080def5a8a4d-a017e036,3165939.461689,0.000042,1,1,1618,1484,0,0
decode,chatcmpl-92a1080def5a8a4d-a017e036,3165939.475459,0.000042,1,1,1620,1485,0,0
decode,chatcmpl-92a1080def5a8a4d-a017e036,3165939.489332,0.000043,1,1,1622,1486,0,0
decode,chatcmpl-92a1080def5a8a4d-a017e036,3165939.503092,0.000043,1,1,1624,1487,0,0
decode,,3165939.516866,0.000094,0,0,,,0,0
decode,,3165939.517253,0.000061,0,0,,,0,0
prefill,chatcmpl-bdb375c1582560a1-9f4edead,3165939.596909,0.000509,1,1351,1351,0,1,0
encoder,chatcmpl-bdb375c1582560a1-9f4edead,3165939.599093,0.375430,1,0,,, 1,0
decode,chatcmpl-bdb375c1582560a1-9f4edead,3165940.126571,0.000045,1,1,1352,1351,0,0
decode,chatcmpl-bdb375c1582560a1-9f4edead,3165940.140750,0.000043,1,1,1354,1352,0,0
decode,chatcmpl-bdb375c1582560a1-9f4edead,3165940.154561,0.000042,1,1,1356,1353,0,0
decode,chatcmpl-bdb375c1582560a1-9f4edead,3165940.168450,0.000042,1,1,1358,1354,0,0
decode,chatcmpl-bdb375c1582560a1-9f4edead,3165940.182227,0.000042,1,1,1360,1355,0,0
decode,chatcmpl-bdb375c1582560a1-9f4edead,3165940.196008,0.000043,1,1,1362,1356,0,0
decode,chatcmpl-bdb375c1582560a1-9f4edead,3165940.209768,0.000041,1,1,1364,1357,0,0
decode,chatcmpl-bdb375c1582560a1-9f4edead,3165940.223516,0.000042,1,1,1366,1358,0,0
decode,chatcmpl-bdb375c1582560a1-9f4edead,3165940.237294,0.000041,1,1,1368,1359,0,0
decode,chatcmpl-bdb375c1582560a1-9f4edead,3165940.251051,0.000043,1,1,1370,1360,0,0
decode,chatcmpl-bdb375c1582560a1-9f4edead,3165940.264822,0.000043,1,1,1372,1361,0,0
decode,chatcmpl-bdb375c1582560a1-9f4edead,3165940.278605,0.000042,1,1,1374,1362,0,0
decode,chatcmpl-bdb375c1582560a1-9f4edead,3165940.292383,0.000043,1,1,1376,1363,0,0
decode,chatcmpl-bdb375c1582560a1-9f4edead,3165940.306150,0.000043,1,1,1378,1364,0,0
decode,chatcmpl-bdb375c1582560a1-9f4edead,3165940.320043,0.000042,1,1,1380,1365,0,0
decode,chatcmpl-bdb375c1582560a1-9f4edead,3165940.333820,0.000042,1,1,1382,1366,0,0
decode,chatcmpl-bdb375c1582560a1-9f4edead,3165940.347593,0.000042,1,1,1384,1367,0,0
decode,chatcmpl-bdb375c1582560a1-9f4edead,3165940.361352,0.000042,1,1,1386,1368,0,0
decode,chatcmpl-bdb375c1582560a1-9f4edead,3165940.375127,0.000043,1,1,1388,1369,0,0
decode,chatcmpl-bdb375c1582560a1-9f4edead,3165940.388893,0.000044,1,1,1390,1370,0,0
decode,chatcmpl-bdb375c1582560a1-9f4edead,3165940.402647,0.000040,1,1,1392,1371,0,0
decode,chatcmpl-bdb375c1582560a1-9f4edead,3165940.416421,0.000044,1,1,1394,1372,0,0
decode,chatcmpl-bdb375c1582560a1-9f4edead,3165940.430189,0.000043,1,1,1396,1373,0,0
decode,chatcmpl-bdb375c1582560a1-9f4edead,3165940.443958,0.000042,1,1,1398,1374,0,0
decode,chatcmpl-bdb375c1582560a1-9f4edead,3165940.457734,0.000042,1,1,1400,1375,0,0
decode,chatcmpl-bdb375c1582560a1-9f4edead,3165940.471597,0.000041,1,1,1402,1376,0,0
decode,chatcmpl-bdb375c1582560a1-9f4edead,3165940.485367,0.000045,1,1,1404,1377,0,0
decode,chatcmpl-bdb375c1582560a1-9f4edead,3165940.499117,0.000042,1,1,1406,1378,0,0
decode,chatcmpl-bdb375c1582560a1-9f4edead,3165940.512885,0.000043,1,1,1408,1379,0,0
decode,chatcmpl-bdb375c1582560a1-9f4edead,3165940.526638,0.000042,1,1,1410,1380,0,0
decode,chatcmpl-bdb375c1582560a1-9f4edead,3165940.540420,0.000043,1,1,1412,1381,0,0
decode,chatcmpl-bdb375c1582560a1-9f4edead,3165940.554191,0.000041,1,1,1414,1382,0,0
decode,chatcmpl-bdb375c1582560a1-9f4edead,3165940.567949,0.000040,1,1,1416,1383,0,0
decode,chatcmpl-bdb375c1582560a1-9f4edead,3165940.581717,0.000042,1,1,1418,1384,0,0
decode,chatcmpl-bdb375c1582560a1-9f4edead,3165940.595466,0.000041,1,1,1420,1385,0,0
decode,chatcmpl-bdb375c1582560a1-9f4edead,3165940.609228,0.000041,1,1,1422,1386,0,0
decode,chatcmpl-bdb375c1582560a1-9f4edead,3165940.623072,0.000042,1,1,1424,1387,0,0
decode,chatcmpl-bdb375c1582560a1-9f4edead,3165940.636843,0.000042,1,1,1426,1388,0,0
decode,chatcmpl-bdb375c1582560a1-9f4edead,3165940.650616,0.000043,1,1,1428,1389,0,0
decode,chatcmpl-bdb375c1582560a1-9f4edead,3165940.664402,0.000044,1,1,1430,1390,0,0
decode,chatcmpl-bdb375c1582560a1-9f4edead,3165940.678179,0.000043,1,1,1432,1391,0,0
decode,chatcmpl-bdb375c1582560a1-9f4edead,3165940.691930,0.000043,1,1,1434,1392,0,0
decode,chatcmpl-bdb375c1582560a1-9f4edead,3165940.705680,0.000044,1,1,1436,1393,0,0
decode,chatcmpl-bdb375c1582560a1-9f4edead,3165940.719448,0.000043,1,1,1438,1394,0,0
decode,chatcmpl-bdb375c1582560a1-9f4edead,3165940.733208,0.000042,1,1,1440,1395,0,0
decode,chatcmpl-bdb375c1582560a1-9f4edead,3165940.746973,0.000042,1,1,1442,1396,0,0
decode,chatcmpl-bdb375c1582560a1-9f4edead,3165940.760740,0.000042,1,1,1444,1397,0,0
decode,chatcmpl-bdb375c1582560a1-9f4edead,3165940.774597,0.000044,1,1,1446,1398,0,0
decode,chatcmpl-bdb375c1582560a1-9f4edead,3165940.788392,0.000041,1,1,1448,1399,0,0
decode,chatcmpl-bdb375c1582560a1-9f4edead,3165940.802139,0.000042,1,1,1450,1400,0,0
decode,chatcmpl-bdb375c1582560a1-9f4edead,3165940.815898,0.000042,1,1,1452,1401,0,0
decode,chatcmpl-bdb375c1582560a1-9f4edead,3165940.829662,0.000041,1,1,1454,1402,0,0
decode,chatcmpl-bdb375c1582560a1-9f4edead,3165940.843409,0.000043,1,1,1456,1403,0,0
decode,chatcmpl-bdb375c1582560a1-9f4edead,3165940.857176,0.000042,1,1,1458,1404,0,0
decode,chatcmpl-bdb375c1582560a1-9f4edead,3165940.870943,0.000042,1,1,1460,1405,0,0
decode,chatcmpl-bdb375c1582560a1-9f4edead,3165940.884714,0.000042,1,1,1462,1406,0,0
decode,chatcmpl-bdb375c1582560a1-9f4edead,3165940.898482,0.000043,1,1,1464,1407,0,0
decode,chatcmpl-bdb375c1582560a1-9f4edead,3165940.912237,0.000053,1,1,1466,1408,0,0
decode,chatcmpl-bdb375c1582560a1-9f4edead,3165940.926018,0.000040,1,1,1468,1409,0,0
decode,chatcmpl-bdb375c1582560a1-9f4edead,3165940.939770,0.000041,1,1,1470,1410,0,0
decode,chatcmpl-bdb375c1582560a1-9f4edead,3165940.953554,0.000042,1,1,1472,1411,0,0
decode,chatcmpl-bdb375c1582560a1-9f4edead,3165940.967318,0.000044,1,1,1474,1412,0,0
decode,chatcmpl-bdb375c1582560a1-9f4edead,3165940.981098,0.000043,1,1,1476,1413,0,0
decode,chatcmpl-bdb375c1582560a1-9f4edead,3165940.994889,0.000040,1,1,1478,1414,0,0
decode,chatcmpl-bdb375c1582560a1-9f4edead,3165941.008664,0.000042,1,1,1480,1415,0,0
decode,chatcmpl-bdb375c1582560a1-9f4edead,3165941.022424,0.000042,1,1,1482,1416,0,0
decode,chatcmpl-bdb375c1582560a1-9f4edead,3165941.036195,0.000041,1,1,1484,1417,0,0
decode,chatcmpl-bdb375c1582560a1-9f4edead,3165941.049948,0.000042,1,1,1486,1418,0,0
decode,chatcmpl-bdb375c1582560a1-9f4edead,3165941.063702,0.000042,1,1,1488,1419,0,0
decode,chatcmpl-bdb375c1582560a1-9f4edead,3165941.077492,0.000041,1,1,1490,1420,0,0
decode,chatcmpl-bdb375c1582560a1-9f4edead,3165941.091237,0.000040,1,1,1492,1421,0,0
decode,chatcmpl-bdb375c1582560a1-9f4edead,3165941.104991,0.000042,1,1,1494,1422,0,0
decode,chatcmpl-bdb375c1582560a1-9f4edead,3165941.118772,0.000044,1,1,1496,1423,0,0
decode,chatcmpl-bdb375c1582560a1-9f4edead,3165941.132560,0.000041,1,1,1498,1424,0,0
decode,chatcmpl-bdb375c1582560a1-9f4edead,3165941.146305,0.000043,1,1,1500,1425,0,0
decode,chatcmpl-bdb375c1582560a1-9f4edead,3165941.160051,0.000043,1,1,1502,1426,0,0
decode,chatcmpl-bdb375c1582560a1-9f4edead,3165941.173819,0.000043,1,1,1504,1427,0,0
decode,chatcmpl-bdb375c1582560a1-9f4edead,3165941.187576,0.000043,1,1,1506,1428,0,0
decode,chatcmpl-bdb375c1582560a1-9f4edead,3165941.201364,0.000043,1,1,1508,1429,0,0
decode,chatcmpl-bdb375c1582560a1-9f4edead,3165941.215133,0.000041,1,1,1510,1430,0,0
decode,chatcmpl-bdb375c1582560a1-9f4edead,3165941.228909,0.000041,1,1,1512,1431,0,0
decode,chatcmpl-bdb375c1582560a1-9f4edead,3165941.242669,0.000042,1,1,1514,1432,0,0
decode,chatcmpl-bdb375c1582560a1-9f4edead,3165941.256446,0.000042,1,1,1516,1433,0,0
decode,chatcmpl-bdb375c1582560a1-9f4edead,3165941.270216,0.000041,1,1,1518,1434,0,0
decode,chatcmpl-bdb375c1582560a1-9f4edead,3165941.283970,0.000046,1,1,1520,1435,0,0
decode,chatcmpl-bdb375c1582560a1-9f4edead,3165941.297753,0.000041,1,1,1522,1436,0,0
decode,chatcmpl-bdb375c1582560a1-9f4edead,3165941.311523,0.000041,1,1,1524,1437,0,0
decode,chatcmpl-bdb375c1582560a1-9f4edead,3165941.325311,0.000043,1,1,1526,1438,0,0
decode,chatcmpl-bdb375c1582560a1-9f4edead,3165941.339102,0.000042,1,1,1528,1439,0,0
decode,chatcmpl-bdb375c1582560a1-9f4edead,3165941.352935,0.000040,1,1,1530,1440,0,0
decode,chatcmpl-bdb375c1582560a1-9f4edead,3165941.366679,0.000041,1,1,1532,1441,0,0
decode,chatcmpl-bdb375c1582560a1-9f4edead,3165941.380467,0.000041,1,1,1534,1442,0,0
decode,chatcmpl-bdb375c1582560a1-9f4edead,3165941.394225,0.000042,1,1,1536,1443,0,0
decode,chatcmpl-bdb375c1582560a1-9f4edead,3165941.407994,0.000047,1,1,1538,1444,0,0
decode,chatcmpl-bdb375c1582560a1-9f4edead,3165941.421774,0.000042,1,1,1540,1445,0,0
decode,chatcmpl-bdb375c1582560a1-9f4edead,3165941.435543,0.000044,1,1,1542,1446,0,0
decode,chatcmpl-bdb375c1582560a1-9f4edead,3165941.449340,0.000043,1,1,1544,1447,0,0
decode,chatcmpl-bdb375c1582560a1-9f4edead,3165941.463099,0.000042,1,1,1546,1448,0,0
decode,chatcmpl-bdb375c1582560a1-9f4edead,3165941.476859,0.000042,1,1,1548,1449,0,0
decode,chatcmpl-bdb375c1582560a1-9f4edead,3165941.490603,0.000042,1,1,1550,1450,0,0
decode,chatcmpl-bdb375c1582560a1-9f4edead,3165941.504390,0.000042,1,1,1552,1451,0,0
decode,chatcmpl-bdb375c1582560a1-9f4edead,3165941.518135,0.000040,1,1,1554,1452,0,0
decode,chatcmpl-bdb375c1582560a1-9f4edead,3165941.531903,0.000041,1,1,1556,1453,0,0
decode,chatcmpl-bdb375c1582560a1-9f4edead,3165941.545682,0.000042,1,1,1558,1454,0,0
decode,chatcmpl-bdb375c1582560a1-9f4edead,3165941.559441,0.000043,1,1,1560,1455,0,0
decode,chatcmpl-bdb375c1582560a1-9f4edead,3165941.573217,0.000041,1,1,1562,1456,0,0
decode,chatcmpl-bdb375c1582560a1-9f4edead,3165941.586991,0.000042,1,1,1564,1457,0,0
decode,chatcmpl-bdb375c1582560a1-9f4edead,3165941.600761,0.000043,1,1,1566,1458,0,0
decode,chatcmpl-bdb375c1582560a1-9f4edead,3165941.614527,0.000042,1,1,1568,1459,0,0
decode,chatcmpl-bdb375c1582560a1-9f4edead,3165941.628291,0.000041,1,1,1570,1460,0,0
decode,chatcmpl-bdb375c1582560a1-9f4edead,3165941.642044,0.000041,1,1,1572,1461,0,0
decode,chatcmpl-bdb375c1582560a1-9f4edead,3165941.655790,0.000042,1,1,1574,1462,0,0
decode,chatcmpl-bdb375c1582560a1-9f4edead,3165941.669567,0.000042,1,1,1576,1463,0,0
decode,chatcmpl-bdb375c1582560a1-9f4edead,3165941.683358,0.000042,1,1,1578,1464,0,0
decode,chatcmpl-bdb375c1582560a1-9f4edead,3165941.697134,0.000043,1,1,1580,1465,0,0
decode,chatcmpl-bdb375c1582560a1-9f4edead,3165941.710900,0.000040,1,1,1582,1466,0,0
decode,chatcmpl-bdb375c1582560a1-9f4edead,3165941.724670,0.000043,1,1,1584,1467,0,0
decode,chatcmpl-bdb375c1582560a1-9f4edead,3165941.738430,0.000044,1,1,1586,1468,0,0
decode,chatcmpl-bdb375c1582560a1-9f4edead,3165941.752201,0.000042,1,1,1588,1469,0,0
decode,chatcmpl-bdb375c1582560a1-9f4edead,3165941.765982,0.000041,1,1,1590,1470,0,0
decode,chatcmpl-bdb375c1582560a1-9f4edead,3165941.779756,0.000040,1,1,1592,1471,0,0
decode,chatcmpl-bdb375c1582560a1-9f4edead,3165941.793529,0.000042,1,1,1594,1472,0,0
decode,chatcmpl-bdb375c1582560a1-9f4edead,3165941.807283,0.000042,1,1,1596,1473,0,0
decode,chatcmpl-bdb375c1582560a1-9f4edead,3165941.821057,0.000042,1,1,1598,1474,0,0
decode,chatcmpl-bdb375c1582560a1-9f4edead,3165941.834822,0.000042,1,1,1600,1475,0,0
decode,chatcmpl-bdb375c1582560a1-9f4edead,3165941.848598,0.000041,1,1,1602,1476,0,0
decode,chatcmpl-bdb375c1582560a1-9f4edead,3165941.862366,0.000042,1,1,1604,1477,0,0
decode,chatcmpl-bdb375c1582560a1-9f4edead,3165941.876131,0.000042,1,1,1606,1478,0,0
decode,chatcmpl-bdb375c1582560a1-9f4edead,3165941.889880,0.000043,1,1,1608,1479,0,0
decode,chatcmpl-bdb375c1582560a1-9f4edead,3165941.903659,0.000042,1,1,1610,1480,0,0
decode,chatcmpl-bdb375c1582560a1-9f4edead,3165941.917424,0.000040,1,1,1612,1481,0,0
decode,chatcmpl-bdb375c1582560a1-9f4edead,3165941.931194,0.000042,1,1,1614,1482,0,0
decode,chatcmpl-bdb375c1582560a1-9f4edead,3165941.944947,0.000042,1,1,1616,1483,0,0
decode,chatcmpl-bdb375c1582560a1-9f4edead,3165941.958708,0.000041,1,1,1618,1484,0,0
decode,chatcmpl-bdb375c1582560a1-9f4edead,3165941.972491,0.000040,1,1,1620,1485,0,0
decode,chatcmpl-bdb375c1582560a1-9f4edead,3165941.986242,0.000042,1,1,1622,1486,0,0
decode,chatcmpl-bdb375c1582560a1-9f4edead,3165942.000019,0.000039,1,1,1624,1487,0,0
decode,,3165942.013766,0.000098,0,0,,,0,0
decode,,3165942.014150,0.000059,0,0,,,0,0
prefill,chatcmpl-95f60dd550d8e8c8-93bfdf82,3165942.093077,0.000516,1,1333,1333,0,1,0
encoder,chatcmpl-95f60dd550d8e8c8-93bfdf82,3165942.095287,0.375587,1,0,,, 1,0
decode,chatcmpl-95f60dd550d8e8c8-93bfdf82,3165942.620518,0.000045,1,1,1334,1333,0,0
decode,chatcmpl-95f60dd550d8e8c8-93bfdf82,3165942.634634,0.000042,1,1,1336,1334,0,0
decode,chatcmpl-95f60dd550d8e8c8-93bfdf82,3165942.648447,0.000042,1,1,1338,1335,0,0
decode,chatcmpl-95f60dd550d8e8c8-93bfdf82,3165942.662229,0.000040,1,1,1340,1336,0,0
decode,chatcmpl-95f60dd550d8e8c8-93bfdf82,3165942.675999,0.000051,1,1,1342,1337,0,0
decode,chatcmpl-95f60dd550d8e8c8-93bfdf82,3165942.689767,0.000042,1,1,1344,1338,0,0
decode,chatcmpl-95f60dd550d8e8c8-93bfdf82,3165942.703513,0.000044,1,1,1346,1339,0,0
decode,chatcmpl-95f60dd550d8e8c8-93bfdf82,3165942.717289,0.000040,1,1,1348,1340,0,0
decode,chatcmpl-95f60dd550d8e8c8-93bfdf82,3165942.731046,0.000042,1,1,1350,1341,0,0
decode,chatcmpl-95f60dd550d8e8c8-93bfdf82,3165942.744808,0.000042,1,1,1352,1342,0,0
decode,chatcmpl-95f60dd550d8e8c8-93bfdf82,3165942.758686,0.000041,1,1,1354,1343,0,0
decode,chatcmpl-95f60dd550d8e8c8-93bfdf82,3165942.772491,0.000043,1,1,1356,1344,0,0
decode,chatcmpl-95f60dd550d8e8c8-93bfdf82,3165942.786250,0.000043,1,1,1358,1345,0,0
decode,chatcmpl-95f60dd550d8e8c8-93bfdf82,3165942.800014,0.000042,1,1,1360,1346,0,0
decode,chatcmpl-95f60dd550d8e8c8-93bfdf82,3165942.813780,0.000042,1,1,1362,1347,0,0
decode,chatcmpl-95f60dd550d8e8c8-93bfdf82,3165942.827544,0.000043,1,1,1364,1348,0,0
decode,chatcmpl-95f60dd550d8e8c8-93bfdf82,3165942.841324,0.000041,1,1,1366,1349,0,0
decode,chatcmpl-95f60dd550d8e8c8-93bfdf82,3165942.855086,0.000043,1,1,1368,1350,0,0
decode,chatcmpl-95f60dd550d8e8c8-93bfdf82,3165942.868866,0.000043,1,1,1370,1351,0,0
decode,chatcmpl-95f60dd550d8e8c8-93bfdf82,3165942.882637,0.000041,1,1,1372,1352,0,0
decode,chatcmpl-95f60dd550d8e8c8-93bfdf82,3165942.896441,0.000041,1,1,1374,1353,0,0
decode,chatcmpl-95f60dd550d8e8c8-93bfdf82,3165942.910320,0.000044,1,1,1376,1354,0,0
decode,chatcmpl-95f60dd550d8e8c8-93bfdf82,3165942.924107,0.000042,1,1,1378,1355,0,0
decode,chatcmpl-95f60dd550d8e8c8-93bfdf82,3165942.937878,0.000043,1,1,1380,1356,0,0
decode,chatcmpl-95f60dd550d8e8c8-93bfdf82,3165942.951634,0.000042,1,1,1382,1357,0,0
decode,chatcmpl-95f60dd550d8e8c8-93bfdf82,3165942.965416,0.000043,1,1,1384,1358,0,0
decode,chatcmpl-95f60dd550d8e8c8-93bfdf82,3165942.979179,0.000041,1,1,1386,1359,0,0
decode,chatcmpl-95f60dd550d8e8c8-93bfdf82,3165942.992987,0.000043,1,1,1388,1360,0,0
decode,chatcmpl-95f60dd550d8e8c8-93bfdf82,3165943.006736,0.000042,1,1,1390,1361,0,0
decode,chatcmpl-95f60dd550d8e8c8-93bfdf82,3165943.020519,0.000041,1,1,1392,1362,0,0
decode,chatcmpl-95f60dd550d8e8c8-93bfdf82,3165943.034295,0.000042,1,1,1394,1363,0,0
decode,chatcmpl-95f60dd550d8e8c8-93bfdf82,3165943.048058,0.000041,1,1,1396,1364,0,0
decode,chatcmpl-95f60dd550d8e8c8-93bfdf82,3165943.061932,0.000041,1,1,1398,1365,0,0
decode,chatcmpl-95f60dd550d8e8c8-93bfdf82,3165943.075692,0.000043,1,1,1400,1366,0,0
decode,chatcmpl-95f60dd550d8e8c8-93bfdf82,3165943.089458,0.000042,1,1,1402,1367,0,0
decode,chatcmpl-95f60dd550d8e8c8-93bfdf82,3165943.103230,0.000042,1,1,1404,1368,0,0
decode,chatcmpl-95f60dd550d8e8c8-93bfdf82,3165943.117000,0.000042,1,1,1406,1369,0,0
decode,chatcmpl-95f60dd550d8e8c8-93bfdf82,3165943.130744,0.000042,1,1,1408,1370,0,0
decode,chatcmpl-95f60dd550d8e8c8-93bfdf82,3165943.144522,0.000042,1,1,1410,1371,0,0
decode,chatcmpl-95f60dd550d8e8c8-93bfdf82,3165943.158280,0.000041,1,1,1412,1372,0,0
decode,chatcmpl-95f60dd550d8e8c8-93bfdf82,3165943.172040,0.000042,1,1,1414,1373,0,0
decode,chatcmpl-95f60dd550d8e8c8-93bfdf82,3165943.185818,0.000042,1,1,1416,1374,0,0
decode,chatcmpl-95f60dd550d8e8c8-93bfdf82,3165943.199571,0.000041,1,1,1418,1375,0,0
decode,chatcmpl-95f60dd550d8e8c8-93bfdf82,3165943.213426,0.000042,1,1,1420,1376,0,0
decode,chatcmpl-95f60dd550d8e8c8-93bfdf82,3165943.227183,0.000042,1,1,1422,1377,0,0
decode,chatcmpl-95f60dd550d8e8c8-93bfdf82,3165943.240956,0.000042,1,1,1424,1378,0,0
decode,chatcmpl-95f60dd550d8e8c8-93bfdf82,3165943.254728,0.000041,1,1,1426,1379,0,0
decode,chatcmpl-95f60dd550d8e8c8-93bfdf82,3165943.268510,0.000042,1,1,1428,1380,0,0
decode,chatcmpl-95f60dd550d8e8c8-93bfdf82,3165943.282252,0.000043,1,1,1430,1381,0,0
decode,chatcmpl-95f60dd550d8e8c8-93bfdf82,3165943.296016,0.000041,1,1,1432,1382,0,0
decode,chatcmpl-95f60dd550d8e8c8-93bfdf82,3165943.309756,0.000044,1,1,1434,1383,0,0
decode,chatcmpl-95f60dd550d8e8c8-93bfdf82,3165943.323528,0.000044,1,1,1436,1384,0,0
decode,chatcmpl-95f60dd550d8e8c8-93bfdf82,3165943.337279,0.000044,1,1,1438,1385,0,0
decode,chatcmpl-95f60dd550d8e8c8-93bfdf82,3165943.351032,0.000042,1,1,1440,1386,0,0
decode,chatcmpl-95f60dd550d8e8c8-93bfdf82,3165943.364892,0.000042,1,1,1442,1387,0,0
decode,chatcmpl-95f60dd550d8e8c8-93bfdf82,3165943.378649,0.000043,1,1,1444,1388,0,0
decode,chatcmpl-95f60dd550d8e8c8-93bfdf82,3165943.392434,0.000042,1,1,1446,1389,0,0
decode,chatcmpl-95f60dd550d8e8c8-93bfdf82,3165943.406197,0.000041,1,1,1448,1390,0,0
decode,chatcmpl-95f60dd550d8e8c8-93bfdf82,3165943.419948,0.000043,1,1,1450,1391,0,0
decode,chatcmpl-95f60dd550d8e8c8-93bfdf82,3165943.433721,0.000042,1,1,1452,1392,0,0
decode,chatcmpl-95f60dd550d8e8c8-93bfdf82,3165943.447482,0.000044,1,1,1454,1393,0,0
decode,chatcmpl-95f60dd550d8e8c8-93bfdf82,3165943.461239,0.000042,1,1,1456,1394,0,0
decode,chatcmpl-95f60dd550d8e8c8-93bfdf82,3165943.474999,0.000042,1,1,1458,1395,0,0
decode,chatcmpl-95f60dd550d8e8c8-93bfdf82,3165943.488774,0.000042,1,1,1460,1396,0,0
decode,chatcmpl-95f60dd550d8e8c8-93bfdf82,3165943.502522,0.000042,1,1,1462,1397,0,0
decode,chatcmpl-95f60dd550d8e8c8-93bfdf82,3165943.516375,0.000042,1,1,1464,1398,0,0
decode,chatcmpl-95f60dd550d8e8c8-93bfdf82,3165943.530133,0.000041,1,1,1466,1399,0,0
decode,chatcmpl-95f60dd550d8e8c8-93bfdf82,3165943.543906,0.000042,1,1,1468,1400,0,0
decode,chatcmpl-95f60dd550d8e8c8-93bfdf82,3165943.557683,0.000043,1,1,1470,1401,0,0
decode,chatcmpl-95f60dd550d8e8c8-93bfdf82,3165943.571443,0.000042,1,1,1472,1402,0,0
decode,chatcmpl-95f60dd550d8e8c8-93bfdf82,3165943.585200,0.000042,1,1,1474,1403,0,0
decode,chatcmpl-95f60dd550d8e8c8-93bfdf82,3165943.598949,0.000042,1,1,1476,1404,0,0
decode,chatcmpl-95f60dd550d8e8c8-93bfdf82,3165943.612733,0.000042,1,1,1478,1405,0,0
decode,chatcmpl-95f60dd550d8e8c8-93bfdf82,3165943.626495,0.000041,1,1,1480,1406,0,0
decode,chatcmpl-95f60dd550d8e8c8-93bfdf82,3165943.640274,0.000043,1,1,1482,1407,0,0
decode,chatcmpl-95f60dd550d8e8c8-93bfdf82,3165943.654016,0.000052,1,1,1484,1408,0,0
decode,chatcmpl-95f60dd550d8e8c8-93bfdf82,3165943.667874,0.000042,1,1,1486,1409,0,0
decode,chatcmpl-95f60dd550d8e8c8-93bfdf82,3165943.681647,0.000043,1,1,1488,1410,0,0
decode,chatcmpl-95f60dd550d8e8c8-93bfdf82,3165943.695399,0.000043,1,1,1490,1411,0,0
decode,chatcmpl-95f60dd550d8e8c8-93bfdf82,3165943.709166,0.000042,1,1,1492,1412,0,0
decode,chatcmpl-95f60dd550d8e8c8-93bfdf82,3165943.722942,0.000043,1,1,1494,1413,0,0
decode,chatcmpl-95f60dd550d8e8c8-93bfdf82,3165943.736710,0.000043,1,1,1496,1414,0,0
decode,chatcmpl-95f60dd550d8e8c8-93bfdf82,3165943.750479,0.000043,1,1,1498,1415,0,0
decode,chatcmpl-95f60dd550d8e8c8-93bfdf82,3165943.764244,0.000041,1,1,1500,1416,0,0
decode,chatcmpl-95f60dd550d8e8c8-93bfdf82,3165943.778005,0.000041,1,1,1502,1417,0,0
decode,chatcmpl-95f60dd550d8e8c8-93bfdf82,3165943.791741,0.000042,1,1,1504,1418,0,0
decode,chatcmpl-95f60dd550d8e8c8-93bfdf82,3165943.805525,0.000042,1,1,1506,1419,0,0
decode,chatcmpl-95f60dd550d8e8c8-93bfdf82,3165943.819376,0.000043,1,1,1508,1420,0,0
decode,chatcmpl-95f60dd550d8e8c8-93bfdf82,3165943.833147,0.000042,1,1,1510,1421,0,0
decode,chatcmpl-95f60dd550d8e8c8-93bfdf82,3165943.846918,0.000042,1,1,1512,1422,0,0
decode,chatcmpl-95f60dd550d8e8c8-93bfdf82,3165943.860684,0.000042,1,1,1514,1423,0,0
decode,chatcmpl-95f60dd550d8e8c8-93bfdf82,3165943.874450,0.000043,1,1,1516,1424,0,0
decode,chatcmpl-95f60dd550d8e8c8-93bfdf82,3165943.888209,0.000043,1,1,1518,1425,0,0
decode,chatcmpl-95f60dd550d8e8c8-93bfdf82,3165943.901962,0.000041,1,1,1520,1426,0,0
decode,chatcmpl-95f60dd550d8e8c8-93bfdf82,3165943.915744,0.000042,1,1,1522,1427,0,0
decode,chatcmpl-95f60dd550d8e8c8-93bfdf82,3165943.929503,0.000041,1,1,1524,1428,0,0
decode,chatcmpl-95f60dd550d8e8c8-93bfdf82,3165943.943260,0.000043,1,1,1526,1429,0,0
decode,chatcmpl-95f60dd550d8e8c8-93bfdf82,3165943.957021,0.000042,1,1,1528,1430,0,0
decode,chatcmpl-95f60dd550d8e8c8-93bfdf82,3165943.970857,0.000041,1,1,1530,1431,0,0
decode,chatcmpl-95f60dd550d8e8c8-93bfdf82,3165943.984652,0.000041,1,1,1532,1432,0,0
decode,chatcmpl-95f60dd550d8e8c8-93bfdf82,3165943.998410,0.000042,1,1,1534,1433,0,0
decode,chatcmpl-95f60dd550d8e8c8-93bfdf82,3165944.012175,0.000042,1,1,1536,1434,0,0
decode,chatcmpl-95f60dd550d8e8c8-93bfdf82,3165944.025941,0.000043,1,1,1538,1435,0,0
decode,chatcmpl-95f60dd550d8e8c8-93bfdf82,3165944.039707,0.000043,1,1,1540,1436,0,0
decode,chatcmpl-95f60dd550d8e8c8-93bfdf82,3165944.053479,0.000042,1,1,1542,1437,0,0
decode,chatcmpl-95f60dd550d8e8c8-93bfdf82,3165944.067232,0.000043,1,1,1544,1438,0,0
decode,chatcmpl-95f60dd550d8e8c8-93bfdf82,3165944.081003,0.000041,1,1,1546,1439,0,0
decode,chatcmpl-95f60dd550d8e8c8-93bfdf82,3165944.094759,0.000042,1,1,1548,1440,0,0
decode,chatcmpl-95f60dd550d8e8c8-93bfdf82,3165944.108518,0.000042,1,1,1550,1441,0,0
decode,chatcmpl-95f60dd550d8e8c8-93bfdf82,3165944.122357,0.000041,1,1,1552,1442,0,0
decode,chatcmpl-95f60dd550d8e8c8-93bfdf82,3165944.136117,0.000042,1,1,1554,1443,0,0
decode,chatcmpl-95f60dd550d8e8c8-93bfdf82,3165944.149862,0.000043,1,1,1556,1444,0,0
decode,chatcmpl-95f60dd550d8e8c8-93bfdf82,3165944.163621,0.000043,1,1,1558,1445,0,0
decode,chatcmpl-95f60dd550d8e8c8-93bfdf82,3165944.177377,0.000043,1,1,1560,1446,0,0
decode,chatcmpl-95f60dd550d8e8c8-93bfdf82,3165944.191149,0.000043,1,1,1562,1447,0,0
decode,chatcmpl-95f60dd550d8e8c8-93bfdf82,3165944.204927,0.000041,1,1,1564,1448,0,0
decode,chatcmpl-95f60dd550d8e8c8-93bfdf82,3165944.218693,0.000042,1,1,1566,1449,0,0
decode,chatcmpl-95f60dd550d8e8c8-93bfdf82,3165944.232488,0.000042,1,1,1568,1450,0,0
decode,chatcmpl-95f60dd550d8e8c8-93bfdf82,3165944.246258,0.000043,1,1,1570,1451,0,0
decode,,3165944.260018,0.000088,0,0,,,0,0
decode,,3165944.260389,0.000120,0,0,,,0,0
prefill,chatcmpl-9dad27c6a89e2117-9a568d34,3165944.339686,0.000533,1,1364,1364,0,1,0
encoder,chatcmpl-9dad27c6a89e2117-9a568d34,3165944.341942,0.375465,1,0,,, 1,0
decode,chatcmpl-9dad27c6a89e2117-9a568d34,3165944.871176,0.000047,1,1,1365,1364,0,0
decode,chatcmpl-9dad27c6a89e2117-9a568d34,3165944.885334,0.000041,1,1,1367,1365,0,0
decode,chatcmpl-9dad27c6a89e2117-9a568d34,3165944.899275,0.000042,1,1,1369,1366,0,0
decode,chatcmpl-9dad27c6a89e2117-9a568d34,3165944.913077,0.000044,1,1,1371,1367,0,0
decode,chatcmpl-9dad27c6a89e2117-9a568d34,3165944.926873,0.000042,1,1,1373,1368,0,0
decode,chatcmpl-9dad27c6a89e2117-9a568d34,3165944.940645,0.000043,1,1,1375,1369,0,0
decode,chatcmpl-9dad27c6a89e2117-9a568d34,3165944.954430,0.000042,1,1,1377,1370,0,0
decode,chatcmpl-9dad27c6a89e2117-9a568d34,3165944.968205,0.000043,1,1,1379,1371,0,0
decode,chatcmpl-9dad27c6a89e2117-9a568d34,3165944.981970,0.000042,1,1,1381,1372,0,0
decode,chatcmpl-9dad27c6a89e2117-9a568d34,3165944.995727,0.000042,1,1,1383,1373,0,0
decode,chatcmpl-9dad27c6a89e2117-9a568d34,3165945.009495,0.000043,1,1,1385,1374,0,0
decode,chatcmpl-9dad27c6a89e2117-9a568d34,3165945.023269,0.000041,1,1,1387,1375,0,0
decode,chatcmpl-9dad27c6a89e2117-9a568d34,3165945.037034,0.000043,1,1,1389,1376,0,0
decode,chatcmpl-9dad27c6a89e2117-9a568d34,3165945.050910,0.000042,1,1,1391,1377,0,0
decode,chatcmpl-9dad27c6a89e2117-9a568d34,3165945.064668,0.000041,1,1,1393,1378,0,0
decode,chatcmpl-9dad27c6a89e2117-9a568d34,3165945.078425,0.000041,1,1,1395,1379,0,0
decode,chatcmpl-9dad27c6a89e2117-9a568d34,3165945.092180,0.000041,1,1,1397,1380,0,0
decode,chatcmpl-9dad27c6a89e2117-9a568d34,3165945.105931,0.000041,1,1,1399,1381,0,0
decode,chatcmpl-9dad27c6a89e2117-9a568d34,3165945.119690,0.000042,1,1,1401,1382,0,0
decode,chatcmpl-9dad27c6a89e2117-9a568d34,3165945.133452,0.000041,1,1,1403,1383,0,0
decode,chatcmpl-9dad27c6a89e2117-9a568d34,3165945.147222,0.000041,1,1,1405,1384,0,0
decode,chatcmpl-9dad27c6a89e2117-9a568d34,3165945.160980,0.000043,1,1,1407,1385,0,0
decode,chatcmpl-9dad27c6a89e2117-9a568d34,3165945.174742,0.000043,1,1,1409,1386,0,0
decode,chatcmpl-9dad27c6a89e2117-9a568d34,3165945.188524,0.000042,1,1,1411,1387,0,0
decode,chatcmpl-9dad27c6a89e2117-9a568d34,3165945.202365,0.000041,1,1,1413,1388,0,0
decode,chatcmpl-9dad27c6a89e2117-9a568d34,3165945.216137,0.000042,1,1,1415,1389,0,0
decode,chatcmpl-9dad27c6a89e2117-9a568d34,3165945.229882,0.000043,1,1,1417,1390,0,0
decode,chatcmpl-9dad27c6a89e2117-9a568d34,3165945.243627,0.000042,1,1,1419,1391,0,0
decode,chatcmpl-9dad27c6a89e2117-9a568d34,3165945.257403,0.000043,1,1,1421,1392,0,0
decode,chatcmpl-9dad27c6a89e2117-9a568d34,3165945.271147,0.000043,1,1,1423,1393,0,0
decode,chatcmpl-9dad27c6a89e2117-9a568d34,3165945.284905,0.000041,1,1,1425,1394,0,0
decode,chatcmpl-9dad27c6a89e2117-9a568d34,3165945.298654,0.000042,1,1,1427,1395,0,0
decode,chatcmpl-9dad27c6a89e2117-9a568d34,3165945.312449,0.000041,1,1,1429,1396,0,0
decode,chatcmpl-9dad27c6a89e2117-9a568d34,3165945.326203,0.000040,1,1,1431,1397,0,0
decode,chatcmpl-9dad27c6a89e2117-9a568d34,3165945.339958,0.000048,1,1,1433,1398,0,0
decode,chatcmpl-9dad27c6a89e2117-9a568d34,3165945.353841,0.000042,1,1,1435,1399,0,0
decode,chatcmpl-9dad27c6a89e2117-9a568d34,3165945.367610,0.000042,1,1,1437,1400,0,0
decode,chatcmpl-9dad27c6a89e2117-9a568d34,3165945.381377,0.000042,1,1,1439,1401,0,0
decode,chatcmpl-9dad27c6a89e2117-9a568d34,3165945.395129,0.000043,1,1,1441,1402,0,0
decode,chatcmpl-9dad27c6a89e2117-9a568d34,3165945.408905,0.000040,1,1,1443,1403,0,0
decode,chatcmpl-9dad27c6a89e2117-9a568d34,3165945.422673,0.000042,1,1,1445,1404,0,0
decode,chatcmpl-9dad27c6a89e2117-9a568d34,3165945.436459,0.000044,1,1,1447,1405,0,0
decode,chatcmpl-9dad27c6a89e2117-9a568d34,3165945.450218,0.000043,1,1,1449,1406,0,0
decode,chatcmpl-9dad27c6a89e2117-9a568d34,3165945.463997,0.000047,1,1,1451,1407,0,0
decode,chatcmpl-9dad27c6a89e2117-9a568d34,3165945.477757,0.000056,1,1,1453,1408,0,0
decode,chatcmpl-9dad27c6a89e2117-9a568d34,3165945.491541,0.000042,1,1,1455,1409,0,0
decode,chatcmpl-9dad27c6a89e2117-9a568d34,3165945.505398,0.000041,1,1,1457,1410,0,0
decode,chatcmpl-9dad27c6a89e2117-9a568d34,3165945.519162,0.000041,1,1,1459,1411,0,0
decode,chatcmpl-9dad27c6a89e2117-9a568d34,3165945.532940,0.000041,1,1,1461,1412,0,0
decode,chatcmpl-9dad27c6a89e2117-9a568d34,3165945.546675,0.000042,1,1,1463,1413,0,0
decode,chatcmpl-9dad27c6a89e2117-9a568d34,3165945.560458,0.000042,1,1,1465,1414,0,0
decode,chatcmpl-9dad27c6a89e2117-9a568d34,3165945.574228,0.000043,1,1,1467,1415,0,0
decode,chatcmpl-9dad27c6a89e2117-9a568d34,3165945.587998,0.000047,1,1,1469,1416,0,0
decode,chatcmpl-9dad27c6a89e2117-9a568d34,3165945.601752,0.000041,1,1,1471,1417,0,0
decode,chatcmpl-9dad27c6a89e2117-9a568d34,3165945.615522,0.000043,1,1,1473,1418,0,0
decode,chatcmpl-9dad27c6a89e2117-9a568d34,3165945.629288,0.000043,1,1,1475,1419,0,0
decode,chatcmpl-9dad27c6a89e2117-9a568d34,3165945.643061,0.000042,1,1,1477,1420,0,0
decode,chatcmpl-9dad27c6a89e2117-9a568d34,3165945.656933,0.000043,1,1,1479,1421,0,0
decode,chatcmpl-9dad27c6a89e2117-9a568d34,3165945.670693,0.000042,1,1,1481,1422,0,0
decode,chatcmpl-9dad27c6a89e2117-9a568d34,3165945.684468,0.000041,1,1,1483,1423,0,0
decode,chatcmpl-9dad27c6a89e2117-9a568d34,3165945.698226,0.000042,1,1,1485,1424,0,0
decode,chatcmpl-9dad27c6a89e2117-9a568d34,3165945.712011,0.000041,1,1,1487,1425,0,0
decode,chatcmpl-9dad27c6a89e2117-9a568d34,3165945.725764,0.000043,1,1,1489,1426,0,0
decode,chatcmpl-9dad27c6a89e2117-9a568d34,3165945.739528,0.000042,1,1,1491,1427,0,0
decode,chatcmpl-9dad27c6a89e2117-9a568d34,3165945.753284,0.000043,1,1,1493,1428,0,0
decode,chatcmpl-9dad27c6a89e2117-9a568d34,3165945.767040,0.000040,1,1,1495,1429,0,0
decode,chatcmpl-9dad27c6a89e2117-9a568d34,3165945.780804,0.000042,1,1,1497,1430,0,0
decode,chatcmpl-9dad27c6a89e2117-9a568d34,3165945.794564,0.000042,1,1,1499,1431,0,0
decode,chatcmpl-9dad27c6a89e2117-9a568d34,3165945.808472,0.000041,1,1,1501,1432,0,0
decode,chatcmpl-9dad27c6a89e2117-9a568d34,3165945.822212,0.000040,1,1,1503,1433,0,0
decode,chatcmpl-9dad27c6a89e2117-9a568d34,3165945.835996,0.000048,1,1,1505,1434,0,0
decode,chatcmpl-9dad27c6a89e2117-9a568d34,3165945.849773,0.000042,1,1,1507,1435,0,0
decode,chatcmpl-9dad27c6a89e2117-9a568d34,3165945.863539,0.000042,1,1,1509,1436,0,0
decode,chatcmpl-9dad27c6a89e2117-9a568d34,3165945.877309,0.000042,1,1,1511,1437,0,0
decode,chatcmpl-9dad27c6a89e2117-9a568d34,3165945.891061,0.000043,1,1,1513,1438,0,0
decode,chatcmpl-9dad27c6a89e2117-9a568d34,3165945.904845,0.000043,1,1,1515,1439,0,0
decode,chatcmpl-9dad27c6a89e2117-9a568d34,3165945.918615,0.000043,1,1,1517,1440,0,0
decode,chatcmpl-9dad27c6a89e2117-9a568d34,3165945.932395,0.000042,1,1,1519,1441,0,0
decode,chatcmpl-9dad27c6a89e2117-9a568d34,3165945.946131,0.000043,1,1,1521,1442,0,0
decode,chatcmpl-9dad27c6a89e2117-9a568d34,3165945.959977,0.000048,1,1,1523,1443,0,0
decode,chatcmpl-9dad27c6a89e2117-9a568d34,3165945.973742,0.000042,1,1,1525,1444,0,0
decode,chatcmpl-9dad27c6a89e2117-9a568d34,3165945.987492,0.000042,1,1,1527,1445,0,0
decode,chatcmpl-9dad27c6a89e2117-9a568d34,3165946.001243,0.000041,1,1,1529,1446,0,0
decode,chatcmpl-9dad27c6a89e2117-9a568d34,3165946.014979,0.000041,1,1,1531,1447,0,0
decode,chatcmpl-9dad27c6a89e2117-9a568d34,3165946.028731,0.000041,1,1,1533,1448,0,0
decode,chatcmpl-9dad27c6a89e2117-9a568d34,3165946.042482,0.000044,1,1,1535,1449,0,0
decode,chatcmpl-9dad27c6a89e2117-9a568d34,3165946.056266,0.000041,1,1,1537,1450,0,0
decode,chatcmpl-9dad27c6a89e2117-9a568d34,3165946.070017,0.000040,1,1,1539,1451,0,0
decode,chatcmpl-9dad27c6a89e2117-9a568d34,3165946.083762,0.000043,1,1,1541,1452,0,0
decode,chatcmpl-9dad27c6a89e2117-9a568d34,3165946.097537,0.000043,1,1,1543,1453,0,0
decode,chatcmpl-9dad27c6a89e2117-9a568d34,3165946.111406,0.000043,1,1,1545,1454,0,0
decode,chatcmpl-9dad27c6a89e2117-9a568d34,3165946.125171,0.000042,1,1,1547,1455,0,0
decode,chatcmpl-9dad27c6a89e2117-9a568d34,3165946.138924,0.000043,1,1,1549,1456,0,0
decode,chatcmpl-9dad27c6a89e2117-9a568d34,3165946.152673,0.000042,1,1,1551,1457,0,0
decode,chatcmpl-9dad27c6a89e2117-9a568d34,3165946.166437,0.000042,1,1,1553,1458,0,0
decode,chatcmpl-9dad27c6a89e2117-9a568d34,3165946.180199,0.000042,1,1,1555,1459,0,0
decode,chatcmpl-9dad27c6a89e2117-9a568d34,3165946.193943,0.000040,1,1,1557,1460,0,0
decode,chatcmpl-9dad27c6a89e2117-9a568d34,3165946.207712,0.000041,1,1,1559,1461,0,0
decode,chatcmpl-9dad27c6a89e2117-9a568d34,3165946.221473,0.000042,1,1,1561,1462,0,0
decode,chatcmpl-9dad27c6a89e2117-9a568d34,3165946.235218,0.000042,1,1,1563,1463,0,0
decode,chatcmpl-9dad27c6a89e2117-9a568d34,3165946.249006,0.000040,1,1,1565,1464,0,0
decode,chatcmpl-9dad27c6a89e2117-9a568d34,3165946.262864,0.000042,1,1,1567,1465,0,0
decode,,3165946.276658,0.000092,0,0,,,0,0
decode,,3165946.277040,0.000110,0,0,,,0,0
