step_type,req_ids,s_time_s,d_time_s,batch_size,total_tokens,ctx_lens,computed_tokens,mm_items,0
enc_prefill,chatcmpl-1fb069a0eac1402dbb0a056718ba068a,3174610.513974,1.544949,1,1369,1369,0,1,0
enc_decode,chatcmpl-1fb069a0eac1402dbb0a056718ba068a,3174612.059571,0.014717,1,1,1370,1369,0,0
enc_decode,chatcmpl-1fb069a0eac1402dbb0a056718ba068a,3174612.074589,0.014384,1,1,1371,1370,0,0
enc_decode,chatcmpl-1fb069a0eac1402dbb0a056718ba068a,3174612.089189,0.014238,1,1,1372,1371,0,0
enc_decode,chatcmpl-1fb069a0eac1402dbb0a056718ba068a,3174612.103648,0.014280,1,1,1373,1372,0,0
enc_decode,chatcmpl-1fb069a0eac1402dbb0a056718ba068a,3174612.118146,0.014182,1,1,1374,1373,0,0
enc_decode,chatcmpl-1fb069a0eac1402dbb0a056718ba068a,3174612.132547,0.014173,1,1,1375,1374,0,0
enc_decode,chatcmpl-1fb069a0eac1402dbb0a056718ba068a,3174612.146937,0.014190,1,1,1376,1375,0,0
enc_decode,chatcmpl-1fb069a0eac1402dbb0a056718ba068a,3174612.161343,0.014154,1,1,1377,1376,0,0
enc_decode,chatcmpl-1fb069a0eac1402dbb0a056718ba068a,3174612.175713,0.014183,1,1,1378,1377,0,0
enc_decode,chatcmpl-1fb069a0eac1402dbb0a056718ba068a,3174612.190115,0.014142,1,1,1379,1378,0,0
enc_decode,chatcmpl-1fb069a0eac1402dbb0a056718ba068a,3174612.204476,0.014166,1,1,1380,1379,0,0
enc_decode,chatcmpl-1fb069a0eac1402dbb0a056718ba068a,3174612.218862,0.014158,1,1,1381,1380,0,0
enc_decode,chatcmpl-1fb069a0eac1402dbb0a056718ba068a,3174612.233239,0.014136,1,1,1382,1381,0,0
enc_decode,chatcmpl-1fb069a0eac1402dbb0a056718ba068a,3174612.247593,0.014148,1,1,1383,1382,0,0
enc_decode,chatcmpl-1fb069a0eac1402dbb0a056718ba068a,3174612.261963,0.014172,1,1,1384,1383,0,0
enc_decode,chatcmpl-1fb069a0eac1402dbb0a056718ba068a,3174612.276352,0.014147,1,1,1385,1384,0,0
enc_decode,chatcmpl-1fb069a0eac1402dbb0a056718ba068a,3174612.290713,0.014162,1,1,1386,1385,0,0
enc_decode,chatcmpl-1fb069a0eac1402dbb0a056718ba068a,3174612.305093,0.014132,1,1,1387,1386,0,0
enc_decode,chatcmpl-1fb069a0eac1402dbb0a056718ba068a,3174612.319441,0.014158,1,1,1388,1387,0,0
enc_decode,chatcmpl-1fb069a0eac1402dbb0a056718ba068a,3174612.333815,0.014142,1,1,1389,1388,0,0
enc_decode,chatcmpl-1fb069a0eac1402dbb0a056718ba068a,3174612.348179,0.014142,1,1,1390,1389,0,0
enc_decode,chatcmpl-1fb069a0eac1402dbb0a056718ba068a,3174612.362537,0.014145,1,1,1391,1390,0,0
enc_decode,chatcmpl-1fb069a0eac1402dbb0a056718ba068a,3174612.376895,0.014144,1,1,1392,1391,0,0
enc_decode,chatcmpl-1fb069a0eac1402dbb0a056718ba068a,3174612.391257,0.014150,1,1,1393,1392,0,0
enc_decode,chatcmpl-1fb069a0eac1402dbb0a056718ba068a,3174612.405626,0.014142,1,1,1394,1393,0,0
enc_decode,chatcmpl-1fb069a0eac1402dbb0a056718ba068a,3174612.419987,0.014158,1,1,1395,1394,0,0
enc_decode,chatcmpl-1fb069a0eac1402dbb0a056718ba068a,3174612.434363,0.014225,1,1,1396,1395,0,0
enc_decode,chatcmpl-1fb069a0eac1402dbb0a056718ba068a,3174612.448806,0.014140,1,1,1397,1396,0,0
enc_decode,chatcmpl-1fb069a0eac1402dbb0a056718ba068a,3174612.463165,0.014146,1,1,1398,1397,0,0
enc_decode,chatcmpl-1fb069a0eac1402dbb0a056718ba068a,3174612.477526,0.014128,1,1,1399,1398,0,0
enc_decode,chatcmpl-1fb069a0eac1402dbb0a056718ba068a,3174612.491870,0.014170,1,1,1400,1399,0,0
enc_decode,chatcmpl-1fb069a0eac1402dbb0a056718ba068a,3174612.506260,0.014132,1,1,1401,1400,0,0
enc_decode,chatcmpl-1fb069a0eac1402dbb0a056718ba068a,3174612.520606,0.014159,1,1,1402,1401,0,0
enc_decode,chatcmpl-1fb069a0eac1402dbb0a056718ba068a,3174612.534985,0.014206,1,1,1403,1402,0,0
enc_decode,chatcmpl-1fb069a0eac1402dbb0a056718ba068a,3174612.549418,0.014211,1,1,1404,1403,0,0
enc_decode,chatcmpl-1fb069a0eac1402dbb0a056718ba068a,3174612.563854,0.014205,1,1,1405,1404,0,0
enc_decode,chatcmpl-1fb069a0eac1402dbb0a056718ba068a,3174612.578280,0.014215,1,1,1406,1405,0,0
enc_decode,chatcmpl-1fb069a0eac1402dbb0a056718ba068a,3174612.592721,0.014199,1,1,1407,1406,0,0
enc_decode,chatcmpl-1fb069a0eac1402dbb0a056718ba068a,3174612.607146,0.014227,1,1,1408,1407,0,0
enc_decode,chatcmpl-1fb069a0eac1402dbb0a056718ba068a,3174612.621629,0.014186,1,1,1409,1408,0,0
enc_decode,chatcmpl-1fb069a0eac1402dbb0a056718ba068a,3174612.636049,0.014214,1,1,1410,1409,0,0
enc_decode,chatcmpl-1fb069a0eac1402dbb0a056718ba068a,3174612.650488,0.014201,1,1,1411,1410,0,0
enc_decode,chatcmpl-1fb069a0eac1402dbb0a056718ba068a,3174612.664927,0.014189,1,1,1412,1411,0,0
enc_decode,chatcmpl-1fb069a0eac1402dbb0a056718ba068a,3174612.679344,0.014204,1,1,1413,1412,0,0
enc_decode,chatcmpl-1fb069a0eac1402dbb0a056718ba068a,3174612.693773,0.014205,1,1,1414,1413,0,0
enc_decode,chatcmpl-1fb069a0eac1402dbb0a056718ba068a,3174612.708208,0.014222,1,1,1415,1414,0,0
enc_decode,chatcmpl-1fb069a0eac1402dbb0a056718ba068a,3174612.722657,0.014224,1,1,1416,1415,0,0
enc_decode,chatcmpl-1fb069a0eac1402dbb0a056718ba068a,3174612.737110,0.014197,1,1,1417,1416,0,0
enc_decode,chatcmpl-1fb069a0eac1402dbb0a056718ba068a,3174612.751534,0.014219,1,1,1418,1417,0,0
enc_decode,chatcmpl-1fb069a0eac1402dbb0a056718ba068a,3174612.765978,0.014287,1,1,1419,1418,0,0
enc_decode,chatcmpl-1fb069a0eac1402dbb0a056718ba068a,3174612.780491,0.014189,1,1,1420,1419,0,0
enc_decode,chatcmpl-1fb069a0eac1402dbb0a056718ba068a,3174612.794907,0.014227,1,1,1421,1420,0,0
enc_decode,chatcmpl-1fb069a0eac1402dbb0a056718ba068a,3174612.809363,0.014207,1,1,1422,1421,0,0
enc_decode,chatcmpl-1fb069a0eac1402dbb0a056718ba068a,3174612.823795,0.014204,1,1,1423,1422,0,0
enc_decode,chatcmpl-1fb069a0eac1402dbb0a056718ba068a,3174612.838230,0.014199,1,1,1424,1423,0,0
enc_decode,chatcmpl-1fb069a0eac1402dbb0a056718ba068a,3174612.852657,0.014173,1,1,1425,1424,0,0
enc_decode,chatcmpl-1fb069a0eac1402dbb0a056718ba068a,3174612.867054,0.014209,1,1,1426,1425,0,0
enc_decode,chatcmpl-1fb069a0eac1402dbb0a056718ba068a,3174612.881489,0.014201,1,1,1427,1426,0,0
enc_decode,chatcmpl-1fb069a0eac1402dbb0a056718ba068a,3174612.895916,0.014203,1,1,1428,1427,0,0
enc_decode,chatcmpl-1fb069a0eac1402dbb0a056718ba068a,3174612.910346,0.014182,1,1,1429,1428,0,0
enc_decode,chatcmpl-1fb069a0eac1402dbb0a056718ba068a,3174612.924754,0.014196,1,1,1430,1429,0,0
enc_decode,chatcmpl-1fb069a0eac1402dbb0a056718ba068a,3174612.939175,0.014204,1,1,1431,1430,0,0
enc_decode,chatcmpl-1fb069a0eac1402dbb0a056718ba068a,3174612.953604,0.014194,1,1,1432,1431,0,0
enc_decode,chatcmpl-1fb069a0eac1402dbb0a056718ba068a,3174612.968029,0.014185,1,1,1433,1432,0,0
enc_decode,chatcmpl-1fb069a0eac1402dbb0a056718ba068a,3174612.982443,0.014201,1,1,1434,1433,0,0
enc_decode,chatcmpl-1fb069a0eac1402dbb0a056718ba068a,3174612.996868,0.014198,1,1,1435,1434,0,0
enc_decode,chatcmpl-1fb069a0eac1402dbb0a056718ba068a,3174613.011292,0.014200,1,1,1436,1435,0,0
enc_decode,chatcmpl-1fb069a0eac1402dbb0a056718ba068a,3174613.025717,0.014189,1,1,1437,1436,0,0
enc_decode,chatcmpl-1fb069a0eac1402dbb0a056718ba068a,3174613.040141,0.014189,1,1,1438,1437,0,0
enc_decode,chatcmpl-1fb069a0eac1402dbb0a056718ba068a,3174613.054553,0.014207,1,1,1439,1438,0,0
enc_decode,chatcmpl-1fb069a0eac1402dbb0a056718ba068a,3174613.068988,0.014195,1,1,1440,1439,0,0
enc_decode,chatcmpl-1fb069a0eac1402dbb0a056718ba068a,3174613.083408,0.014188,1,1,1441,1440,0,0
enc_decode,chatcmpl-1fb069a0eac1402dbb0a056718ba068a,3174613.097820,0.014279,1,1,1442,1441,0,0
enc_decode,chatcmpl-1fb069a0eac1402dbb0a056718ba068a,3174613.112329,0.014196,1,1,1443,1442,0,0
enc_decode,chatcmpl-1fb069a0eac1402dbb0a056718ba068a,3174613.126750,0.014204,1,1,1444,1443,0,0
enc_decode,chatcmpl-1fb069a0eac1402dbb0a056718ba068a,3174613.141179,0.014185,1,1,1445,1444,0,0
enc_decode,chatcmpl-1fb069a0eac1402dbb0a056718ba068a,3174613.155593,0.014222,1,1,1446,1445,0,0
enc_decode,chatcmpl-1fb069a0eac1402dbb0a056718ba068a,3174613.170041,0.014232,1,1,1447,1446,0,0
enc_decode,chatcmpl-1fb069a0eac1402dbb0a056718ba068a,3174613.184496,0.014212,1,1,1448,1447,0,0
enc_decode,chatcmpl-1fb069a0eac1402dbb0a056718ba068a,3174613.198945,0.014206,1,1,1449,1448,0,0
enc_decode,chatcmpl-1fb069a0eac1402dbb0a056718ba068a,3174613.213378,0.014204,1,1,1450,1449,0,0
enc_decode,chatcmpl-1fb069a0eac1402dbb0a056718ba068a,3174613.227808,0.014213,1,1,1451,1450,0,0
enc_decode,chatcmpl-1fb069a0eac1402dbb0a056718ba068a,3174613.242246,0.014196,1,1,1452,1451,0,0
enc_decode,chatcmpl-1fb069a0eac1402dbb0a056718ba068a,3174613.256666,0.014182,1,1,1453,1452,0,0
enc_decode,chatcmpl-1fb069a0eac1402dbb0a056718ba068a,3174613.271074,0.014205,1,1,1454,1453,0,0
enc_decode,chatcmpl-1fb069a0eac1402dbb0a056718ba068a,3174613.285517,0.014191,1,1,1455,1454,0,0
enc_decode,chatcmpl-1fb069a0eac1402dbb0a056718ba068a,3174613.299932,0.014200,1,1,1456,1455,0,0
enc_decode,chatcmpl-1fb069a0eac1402dbb0a056718ba068a,3174613.314358,0.014203,1,1,1457,1456,0,0
enc_decode,chatcmpl-1fb069a0eac1402dbb0a056718ba068a,3174613.328785,0.014204,1,1,1458,1457,0,0
enc_decode,chatcmpl-1fb069a0eac1402dbb0a056718ba068a,3174613.343214,0.014209,1,1,1459,1458,0,0
enc_decode,chatcmpl-1fb069a0eac1402dbb0a056718ba068a,3174613.357650,0.014193,1,1,1460,1459,0,0
enc_decode,chatcmpl-1fb069a0eac1402dbb0a056718ba068a,3174613.372078,0.014193,1,1,1461,1460,0,0
enc_decode,chatcmpl-1fb069a0eac1402dbb0a056718ba068a,3174613.386495,0.014198,1,1,1462,1461,0,0
enc_decode,chatcmpl-1fb069a0eac1402dbb0a056718ba068a,3174613.400918,0.014183,1,1,1463,1462,0,0
enc_decode,chatcmpl-1fb069a0eac1402dbb0a056718ba068a,3174613.415328,0.014211,1,1,1464,1463,0,0
enc_decode,chatcmpl-1fb069a0eac1402dbb0a056718ba068a,3174613.429766,0.014274,1,1,1465,1464,0,0
enc_decode,chatcmpl-1fb069a0eac1402dbb0a056718ba068a,3174613.444267,0.014183,1,1,1466,1465,0,0
enc_decode,chatcmpl-1fb069a0eac1402dbb0a056718ba068a,3174613.458680,0.014193,1,1,1467,1466,0,0
enc_decode,chatcmpl-1fb069a0eac1402dbb0a056718ba068a,3174613.473096,0.014186,1,1,1468,1467,0,0
enc_decode,chatcmpl-1fb069a0eac1402dbb0a056718ba068a,3174613.487507,0.014197,1,1,1469,1468,0,0
enc_decode,chatcmpl-1fb069a0eac1402dbb0a056718ba068a,3174613.501929,0.014210,1,1,1470,1469,0,0
enc_decode,chatcmpl-1fb069a0eac1402dbb0a056718ba068a,3174613.516365,0.014207,1,1,1471,1470,0,0
enc_decode,chatcmpl-1fb069a0eac1402dbb0a056718ba068a,3174613.530800,0.014225,1,1,1472,1471,0,0
enc_decode,chatcmpl-1fb069a0eac1402dbb0a056718ba068a,3174613.545253,0.014191,1,1,1473,1472,0,0
enc_decode,chatcmpl-1fb069a0eac1402dbb0a056718ba068a,3174613.559673,0.014217,1,1,1474,1473,0,0
enc_decode,chatcmpl-1fb069a0eac1402dbb0a056718ba068a,3174613.574117,0.014182,1,1,1475,1474,0,0
enc_decode,chatcmpl-1fb069a0eac1402dbb0a056718ba068a,3174613.588526,0.014192,1,1,1476,1475,0,0
enc_decode,chatcmpl-1fb069a0eac1402dbb0a056718ba068a,3174613.602942,0.014505,1,1,1477,1476,0,0
enc_decode,chatcmpl-1fb069a0eac1402dbb0a056718ba068a,3174613.617674,0.014192,1,1,1478,1477,0,0
enc_decode,chatcmpl-1fb069a0eac1402dbb0a056718ba068a,3174613.632100,0.014206,1,1,1479,1478,0,0
enc_decode,chatcmpl-1fb069a0eac1402dbb0a056718ba068a,3174613.646530,0.014194,1,1,1480,1479,0,0
enc_decode,chatcmpl-1fb069a0eac1402dbb0a056718ba068a,3174613.660950,0.014236,1,1,1481,1480,0,0
enc_decode,chatcmpl-1fb069a0eac1402dbb0a056718ba068a,3174613.675410,0.014211,1,1,1482,1481,0,0
enc_decode,chatcmpl-1fb069a0eac1402dbb0a056718ba068a,3174613.689845,0.014197,1,1,1483,1482,0,0
enc_decode,chatcmpl-1fb069a0eac1402dbb0a056718ba068a,3174613.704268,0.014296,1,1,1484,1483,0,0
enc_decode,chatcmpl-1fb069a0eac1402dbb0a056718ba068a,3174613.718787,0.014185,1,1,1485,1484,0,0
enc_decode,chatcmpl-1fb069a0eac1402dbb0a056718ba068a,3174613.733199,0.014185,1,1,1486,1485,0,0
enc_decode,chatcmpl-1fb069a0eac1402dbb0a056718ba068a,3174613.747610,0.014240,1,1,1487,1486,0,0
enc_decode,chatcmpl-1fb069a0eac1402dbb0a056718ba068a,3174613.762077,0.014303,1,1,1488,1487,0,0
enc_decode,chatcmpl-1fb069a0eac1402dbb0a056718ba068a,3174613.776608,0.014202,1,1,1489,1488,0,0
enc_decode,chatcmpl-1fb069a0eac1402dbb0a056718ba068a,3174613.791039,0.014213,1,1,1490,1489,0,0
enc_decode,chatcmpl-1fb069a0eac1402dbb0a056718ba068a,3174613.805476,0.014198,1,1,1491,1490,0,0
enc_decode,chatcmpl-1fb069a0eac1402dbb0a056718ba068a,3174613.819902,0.014213,1,1,1492,1491,0,0
enc_decode,chatcmpl-1fb069a0eac1402dbb0a056718ba068a,3174613.834344,0.014191,1,1,1493,1492,0,0
enc_decode,chatcmpl-1fb069a0eac1402dbb0a056718ba068a,3174613.848764,0.014203,1,1,1494,1493,0,0
enc_decode,chatcmpl-1fb069a0eac1402dbb0a056718ba068a,3174613.863191,0.014203,1,1,1495,1494,0,0
enc_decode,chatcmpl-1fb069a0eac1402dbb0a056718ba068a,3174613.877622,0.014209,1,1,1496,1495,0,0
enc_decode,chatcmpl-1fb069a0eac1402dbb0a056718ba068a,3174613.892066,0.014192,1,1,1497,1496,0,0
enc_decode,chatcmpl-1fb069a0eac1402dbb0a056718ba068a,3174613.906497,0.014188,1,1,1498,1497,0,0
enc_decode,chatcmpl-1fb069a0eac1402dbb0a056718ba068a,3174613.920910,0.014188,1,1,1499,1498,0,0
enc_decode,chatcmpl-1fb069a0eac1402dbb0a056718ba068a,3174613.935322,0.014204,1,1,1500,1499,0,0
enc_prefill,chatcmpl-86398f41cbba4b22a5a44ebce408e970,3174613.977399,0.338268,1,1369,1369,0,1,0
enc_decode,chatcmpl-86398f41cbba4b22a5a44ebce408e970,3174614.315944,0.014336,1,1,1370,1369,0,0
enc_decode,chatcmpl-86398f41cbba4b22a5a44ebce408e970,3174614.330513,0.014221,1,1,1371,1370,0,0
enc_decode,chatcmpl-86398f41cbba4b22a5a44ebce408e970,3174614.345164,0.014261,1,1,1372,1371,0,0
enc_decode,chatcmpl-86398f41cbba4b22a5a44ebce408e970,3174614.359646,0.014212,1,1,1373,1372,0,0
enc_decode,chatcmpl-86398f41cbba4b22a5a44ebce408e970,3174614.374083,0.014207,1,1,1374,1373,0,0
enc_decode,chatcmpl-86398f41cbba4b22a5a44ebce408e970,3174614.388517,0.014222,1,1,1375,1374,0,0
enc_decode,chatcmpl-86398f41cbba4b22a5a44ebce408e970,3174614.402965,0.014241,1,1,1376,1375,0,0
enc_decode,chatcmpl-86398f41cbba4b22a5a44ebce408e970,3174614.417432,0.014188,1,1,1377,1376,0,0
enc_decode,chatcmpl-86398f41cbba4b22a5a44ebce408e970,3174614.431848,0.014201,1,1,1378,1377,0,0
enc_decode,chatcmpl-86398f41cbba4b22a5a44ebce408e970,3174614.446278,0.014205,1,1,1379,1378,0,0
enc_decode,chatcmpl-86398f41cbba4b22a5a44ebce408e970,3174614.460711,0.014199,1,1,1380,1379,0,0
enc_decode,chatcmpl-86398f41cbba4b22a5a44ebce408e970,3174614.475136,0.014201,1,1,1381,1380,0,0
enc_decode,chatcmpl-86398f41cbba4b22a5a44ebce408e970,3174614.489561,0.014566,1,1,1382,1381,0,0
enc_decode,chatcmpl-86398f41cbba4b22a5a44ebce408e970,3174614.504350,0.014196,1,1,1383,1382,0,0
enc_decode,chatcmpl-86398f41cbba4b22a5a44ebce408e970,3174614.518771,0.014198,1,1,1384,1383,0,0
enc_decode,chatcmpl-86398f41cbba4b22a5a44ebce408e970,3174614.533193,0.014222,1,1,1385,1384,0,0
enc_decode,chatcmpl-86398f41cbba4b22a5a44ebce408e970,3174614.547642,0.014330,1,1,1386,1385,0,0
enc_decode,chatcmpl-86398f41cbba4b22a5a44ebce408e970,3174614.562201,0.014208,1,1,1387,1386,0,0
enc_decode,chatcmpl-86398f41cbba4b22a5a44ebce408e970,3174614.576637,0.014193,1,1,1388,1387,0,0
enc_decode,chatcmpl-86398f41cbba4b22a5a44ebce408e970,3174614.591059,0.014212,1,1,1389,1388,0,0
enc_decode,chatcmpl-86398f41cbba4b22a5a44ebce408e970,3174614.605496,0.014202,1,1,1390,1389,0,0
enc_decode,chatcmpl-86398f41cbba4b22a5a44ebce408e970,3174614.619923,0.014189,1,1,1391,1390,0,0
enc_decode,chatcmpl-86398f41cbba4b22a5a44ebce408e970,3174614.634339,0.014222,1,1,1392,1391,0,0
enc_decode,chatcmpl-86398f41cbba4b22a5a44ebce408e970,3174614.648788,0.014213,1,1,1393,1392,0,0
enc_decode,chatcmpl-86398f41cbba4b22a5a44ebce408e970,3174614.663228,0.014186,1,1,1394,1393,0,0
enc_decode,chatcmpl-86398f41cbba4b22a5a44ebce408e970,3174614.677641,0.014187,1,1,1395,1394,0,0
enc_decode,chatcmpl-86398f41cbba4b22a5a44ebce408e970,3174614.692064,0.014193,1,1,1396,1395,0,0
enc_decode,chatcmpl-86398f41cbba4b22a5a44ebce408e970,3174614.706480,0.014173,1,1,1397,1396,0,0
enc_decode,chatcmpl-86398f41cbba4b22a5a44ebce408e970,3174614.720881,0.014209,1,1,1398,1397,0,0
enc_decode,chatcmpl-86398f41cbba4b22a5a44ebce408e970,3174614.735317,0.014229,1,1,1399,1398,0,0
enc_decode,chatcmpl-86398f41cbba4b22a5a44ebce408e970,3174614.749772,0.014197,1,1,1400,1399,0,0
enc_decode,chatcmpl-86398f41cbba4b22a5a44ebce408e970,3174614.764201,0.014229,1,1,1401,1400,0,0
enc_decode,chatcmpl-86398f41cbba4b22a5a44ebce408e970,3174614.778656,0.014215,1,1,1402,1401,0,0
enc_decode,chatcmpl-86398f41cbba4b22a5a44ebce408e970,3174614.793099,0.014182,1,1,1403,1402,0,0
enc_decode,chatcmpl-86398f41cbba4b22a5a44ebce408e970,3174614.807508,0.014197,1,1,1404,1403,0,0
enc_decode,chatcmpl-86398f41cbba4b22a5a44ebce408e970,3174614.821929,0.014285,1,1,1405,1404,0,0
enc_decode,chatcmpl-86398f41cbba4b22a5a44ebce408e970,3174614.836443,0.014261,1,1,1406,1405,0,0
enc_decode,chatcmpl-86398f41cbba4b22a5a44ebce408e970,3174614.850931,0.014219,1,1,1407,1406,0,0
enc_decode,chatcmpl-86398f41cbba4b22a5a44ebce408e970,3174614.865373,0.014198,1,1,1408,1407,0,0
enc_decode,chatcmpl-86398f41cbba4b22a5a44ebce408e970,3174614.879829,0.014308,1,1,1409,1408,0,0
enc_decode,chatcmpl-86398f41cbba4b22a5a44ebce408e970,3174614.894363,0.014202,1,1,1410,1409,0,0
enc_decode,chatcmpl-86398f41cbba4b22a5a44ebce408e970,3174614.908789,0.014205,1,1,1411,1410,0,0
enc_decode,chatcmpl-86398f41cbba4b22a5a44ebce408e970,3174614.923216,0.014208,1,1,1412,1411,0,0
enc_decode,chatcmpl-86398f41cbba4b22a5a44ebce408e970,3174614.937651,0.014221,1,1,1413,1412,0,0
enc_decode,chatcmpl-86398f41cbba4b22a5a44ebce408e970,3174614.952105,0.014191,1,1,1414,1413,0,0
enc_decode,chatcmpl-86398f41cbba4b22a5a44ebce408e970,3174614.966521,0.014197,1,1,1415,1414,0,0
enc_decode,chatcmpl-86398f41cbba4b22a5a44ebce408e970,3174614.980943,0.014211,1,1,1416,1415,0,0
enc_decode,chatcmpl-86398f41cbba4b22a5a44ebce408e970,3174614.995379,0.014211,1,1,1417,1416,0,0
enc_decode,chatcmpl-86398f41cbba4b22a5a44ebce408e970,3174615.009814,0.014216,1,1,1418,1417,0,0
enc_decode,chatcmpl-86398f41cbba4b22a5a44ebce408e970,3174615.024256,0.014210,1,1,1419,1418,0,0
enc_decode,chatcmpl-86398f41cbba4b22a5a44ebce408e970,3174615.038689,0.014183,1,1,1420,1419,0,0
enc_decode,chatcmpl-86398f41cbba4b22a5a44ebce408e970,3174615.053101,0.014197,1,1,1421,1420,0,0
enc_decode,chatcmpl-86398f41cbba4b22a5a44ebce408e970,3174615.067521,0.014216,1,1,1422,1421,0,0
enc_decode,chatcmpl-86398f41cbba4b22a5a44ebce408e970,3174615.081964,0.014231,1,1,1423,1422,0,0
enc_decode,chatcmpl-86398f41cbba4b22a5a44ebce408e970,3174615.096424,0.014202,1,1,1424,1423,0,0
enc_decode,chatcmpl-86398f41cbba4b22a5a44ebce408e970,3174615.110850,0.014217,1,1,1425,1424,0,0
enc_decode,chatcmpl-86398f41cbba4b22a5a44ebce408e970,3174615.125296,0.014173,1,1,1426,1425,0,0
enc_decode,chatcmpl-86398f41cbba4b22a5a44ebce408e970,3174615.139691,0.014198,1,1,1427,1426,0,0
enc_decode,chatcmpl-86398f41cbba4b22a5a44ebce408e970,3174615.154114,0.014316,1,1,1428,1427,0,0
enc_decode,chatcmpl-86398f41cbba4b22a5a44ebce408e970,3174615.168660,0.014210,1,1,1429,1428,0,0
enc_decode,chatcmpl-86398f41cbba4b22a5a44ebce408e970,3174615.183096,0.014210,1,1,1430,1429,0,0
enc_decode,chatcmpl-86398f41cbba4b22a5a44ebce408e970,3174615.197529,0.014208,1,1,1431,1430,0,0
enc_decode,chatcmpl-86398f41cbba4b22a5a44ebce408e970,3174615.211962,0.014305,1,1,1432,1431,0,0
enc_decode,chatcmpl-86398f41cbba4b22a5a44ebce408e970,3174615.226493,0.014200,1,1,1433,1432,0,0
enc_decode,chatcmpl-86398f41cbba4b22a5a44ebce408e970,3174615.240917,0.014215,1,1,1434,1433,0,0
enc_decode,chatcmpl-86398f41cbba4b22a5a44ebce408e970,3174615.255357,0.014208,1,1,1435,1434,0,0
enc_decode,chatcmpl-86398f41cbba4b22a5a44ebce408e970,3174615.269785,0.014197,1,1,1436,1435,0,0
enc_decode,chatcmpl-86398f41cbba4b22a5a44ebce408e970,3174615.284218,0.014210,1,1,1437,1436,0,0
enc_decode,chatcmpl-86398f41cbba4b22a5a44ebce408e970,3174615.298653,0.014180,1,1,1438,1437,0,0
enc_decode,chatcmpl-86398f41cbba4b22a5a44ebce408e970,3174615.313057,0.014189,1,1,1439,1438,0,0
enc_decode,chatcmpl-86398f41cbba4b22a5a44ebce408e970,3174615.327473,0.014188,1,1,1440,1439,0,0
enc_decode,chatcmpl-86398f41cbba4b22a5a44ebce408e970,3174615.341885,0.014186,1,1,1441,1440,0,0
enc_decode,chatcmpl-86398f41cbba4b22a5a44ebce408e970,3174615.356296,0.014203,1,1,1442,1441,0,0
enc_decode,chatcmpl-86398f41cbba4b22a5a44ebce408e970,3174615.370720,0.014217,1,1,1443,1442,0,0
enc_decode,chatcmpl-86398f41cbba4b22a5a44ebce408e970,3174615.385162,0.014200,1,1,1444,1443,0,0
enc_decode,chatcmpl-86398f41cbba4b22a5a44ebce408e970,3174615.399588,0.014227,1,1,1445,1444,0,0
enc_decode,chatcmpl-86398f41cbba4b22a5a44ebce408e970,3174615.414042,0.014199,1,1,1446,1445,0,0
enc_decode,chatcmpl-86398f41cbba4b22a5a44ebce408e970,3174615.428468,0.014203,1,1,1447,1446,0,0
enc_decode,chatcmpl-86398f41cbba4b22a5a44ebce408e970,3174615.442896,0.014204,1,1,1448,1447,0,0
enc_decode,chatcmpl-86398f41cbba4b22a5a44ebce408e970,3174615.457326,0.014209,1,1,1449,1448,0,0
enc_decode,chatcmpl-86398f41cbba4b22a5a44ebce408e970,3174615.471762,0.014245,1,1,1450,1449,0,0
enc_decode,chatcmpl-86398f41cbba4b22a5a44ebce408e970,3174615.486232,0.014294,1,1,1451,1450,0,0
enc_decode,chatcmpl-86398f41cbba4b22a5a44ebce408e970,3174615.500762,0.014181,1,1,1452,1451,0,0
enc_decode,chatcmpl-86398f41cbba4b22a5a44ebce408e970,3174615.515173,0.014233,1,1,1453,1452,0,0
enc_decode,chatcmpl-86398f41cbba4b22a5a44ebce408e970,3174615.529634,0.014191,1,1,1454,1453,0,0
enc_decode,chatcmpl-86398f41cbba4b22a5a44ebce408e970,3174615.544059,0.014275,1,1,1455,1454,0,0
enc_decode,chatcmpl-86398f41cbba4b22a5a44ebce408e970,3174615.558560,0.014223,1,1,1456,1455,0,0
enc_decode,chatcmpl-86398f41cbba4b22a5a44ebce408e970,3174615.573011,0.014194,1,1,1457,1456,0,0
enc_decode,chatcmpl-86398f41cbba4b22a5a44ebce408e970,3174615.587428,0.014219,1,1,1458,1457,0,0
enc_decode,chatcmpl-86398f41cbba4b22a5a44ebce408e970,3174615.601871,0.014201,1,1,1459,1458,0,0
enc_decode,chatcmpl-86398f41cbba4b22a5a44ebce408e970,3174615.616299,0.014186,1,1,1460,1459,0,0
enc_decode,chatcmpl-86398f41cbba4b22a5a44ebce408e970,3174615.630710,0.014207,1,1,1461,1460,0,0
enc_decode,chatcmpl-86398f41cbba4b22a5a44ebce408e970,3174615.645142,0.014207,1,1,1462,1461,0,0
enc_decode,chatcmpl-86398f41cbba4b22a5a44ebce408e970,3174615.659573,0.014218,1,1,1463,1462,0,0
enc_decode,chatcmpl-86398f41cbba4b22a5a44ebce408e970,3174615.674021,0.014210,1,1,1464,1463,0,0
enc_decode,chatcmpl-86398f41cbba4b22a5a44ebce408e970,3174615.688460,0.014215,1,1,1465,1464,0,0
enc_decode,chatcmpl-86398f41cbba4b22a5a44ebce408e970,3174615.702903,0.014212,1,1,1466,1465,0,0
enc_decode,chatcmpl-86398f41cbba4b22a5a44ebce408e970,3174615.717337,0.014215,1,1,1467,1466,0,0
enc_decode,chatcmpl-86398f41cbba4b22a5a44ebce408e970,3174615.731776,0.014219,1,1,1468,1467,0,0
enc_decode,chatcmpl-86398f41cbba4b22a5a44ebce408e970,3174615.746220,0.014203,1,1,1469,1468,0,0
enc_decode,chatcmpl-86398f41cbba4b22a5a44ebce408e970,3174615.760646,0.014204,1,1,1470,1469,0,0
enc_decode,chatcmpl-86398f41cbba4b22a5a44ebce408e970,3174615.775075,0.014213,1,1,1471,1470,0,0
enc_decode,chatcmpl-86398f41cbba4b22a5a44ebce408e970,3174615.789511,0.014184,1,1,1472,1471,0,0
enc_decode,chatcmpl-86398f41cbba4b22a5a44ebce408e970,3174615.803919,0.014242,1,1,1473,1472,0,0
enc_decode,chatcmpl-86398f41cbba4b22a5a44ebce408e970,3174615.818387,0.014289,1,1,1474,1473,0,0
enc_decode,chatcmpl-86398f41cbba4b22a5a44ebce408e970,3174615.832901,0.014194,1,1,1475,1474,0,0
enc_decode,chatcmpl-86398f41cbba4b22a5a44ebce408e970,3174615.847322,0.014230,1,1,1476,1475,0,0
enc_decode,chatcmpl-86398f41cbba4b22a5a44ebce408e970,3174615.861776,0.014182,1,1,1477,1476,0,0
enc_decode,chatcmpl-86398f41cbba4b22a5a44ebce408e970,3174615.876193,0.014203,1,1,1478,1477,0,0
enc_decode,chatcmpl-86398f41cbba4b22a5a44ebce408e970,3174615.890622,0.014211,1,1,1479,1478,0,0
enc_decode,chatcmpl-86398f41cbba4b22a5a44ebce408e970,3174615.905057,0.014220,1,1,1480,1479,0,0
enc_decode,chatcmpl-86398f41cbba4b22a5a44ebce408e970,3174615.919507,0.014234,1,1,1481,1480,0,0
enc_decode,chatcmpl-86398f41cbba4b22a5a44ebce408e970,3174615.933966,0.014198,1,1,1482,1481,0,0
enc_decode,chatcmpl-86398f41cbba4b22a5a44ebce408e970,3174615.948392,0.014214,1,1,1483,1482,0,0
enc_decode,chatcmpl-86398f41cbba4b22a5a44ebce408e970,3174615.962834,0.014223,1,1,1484,1483,0,0
enc_decode,chatcmpl-86398f41cbba4b22a5a44ebce408e970,3174615.977281,0.014218,1,1,1485,1484,0,0
enc_decode,chatcmpl-86398f41cbba4b22a5a44ebce408e970,3174615.991728,0.014229,1,1,1486,1485,0,0
enc_decode,chatcmpl-86398f41cbba4b22a5a44ebce408e970,3174616.006185,0.014225,1,1,1487,1486,0,0
enc_decode,chatcmpl-86398f41cbba4b22a5a44ebce408e970,3174616.020636,0.014206,1,1,1488,1487,0,0
enc_decode,chatcmpl-86398f41cbba4b22a5a44ebce408e970,3174616.035070,0.014222,1,1,1489,1488,0,0
enc_decode,chatcmpl-86398f41cbba4b22a5a44ebce408e970,3174616.049516,0.014218,1,1,1490,1489,0,0
enc_decode,chatcmpl-86398f41cbba4b22a5a44ebce408e970,3174616.063957,0.014200,1,1,1491,1490,0,0
enc_decode,chatcmpl-86398f41cbba4b22a5a44ebce408e970,3174616.078381,0.014209,1,1,1492,1491,0,0
enc_decode,chatcmpl-86398f41cbba4b22a5a44ebce408e970,3174616.092813,0.014200,1,1,1493,1492,0,0
enc_decode,chatcmpl-86398f41cbba4b22a5a44ebce408e970,3174616.107238,0.014202,1,1,1494,1493,0,0
enc_decode,chatcmpl-86398f41cbba4b22a5a44ebce408e970,3174616.121678,0.014204,1,1,1495,1494,0,0
enc_decode,chatcmpl-86398f41cbba4b22a5a44ebce408e970,3174616.136113,0.014190,1,1,1496,1495,0,0
enc_decode,chatcmpl-86398f41cbba4b22a5a44ebce408e970,3174616.150527,0.014321,1,1,1497,1496,0,0
enc_decode,chatcmpl-86398f41cbba4b22a5a44ebce408e970,3174616.165081,0.014185,1,1,1498,1497,0,0
enc_decode,chatcmpl-86398f41cbba4b22a5a44ebce408e970,3174616.179488,0.014243,1,1,1499,1498,0,0
enc_decode,chatcmpl-86398f41cbba4b22a5a44ebce408e970,3174616.193954,0.014232,1,1,1500,1499,0,0
enc_prefill,chatcmpl-6904a2b1002d44c283520ac32c3546dd,3174616.230207,0.336216,1,1334,1334,0,1,0
enc_decode,chatcmpl-6904a2b1002d44c283520ac32c3546dd,3174616.566710,0.014282,1,1,1335,1334,0,0
enc_decode,chatcmpl-6904a2b1002d44c283520ac32c3546dd,3174616.581215,0.014206,1,1,1336,1335,0,0
enc_decode,chatcmpl-6904a2b1002d44c283520ac32c3546dd,3174616.595744,0.014337,1,1,1337,1336,0,0
enc_decode,chatcmpl-6904a2b1002d44c283520ac32c3546dd,3174616.610307,0.014214,1,1,1338,1337,0,0
enc_decode,chatcmpl-6904a2b1002d44c283520ac32c3546dd,3174616.624743,0.014216,1,1,1339,1338,0,0
enc_decode,chatcmpl-6904a2b1002d44c283520ac32c3546dd,3174616.639189,0.014209,1,1,1340,1339,0,0
enc_decode,chatcmpl-6904a2b1002d44c283520ac32c3546dd,3174616.653628,0.014203,1,1,1341,1340,0,0
enc_decode,chatcmpl-6904a2b1002d44c283520ac32c3546dd,3174616.668069,0.014222,1,1,1342,1341,0,0
enc_decode,chatcmpl-6904a2b1002d44c283520ac32c3546dd,3174616.682514,0.014193,1,1,1343,1342,0,0
enc_decode,chatcmpl-6904a2b1002d44c283520ac32c3546dd,3174616.696929,0.014204,1,1,1344,1343,0,0
enc_decode,chatcmpl-6904a2b1002d44c283520ac32c3546dd,3174616.711357,0.014295,1,1,1345,1344,0,0
enc_decode,chatcmpl-6904a2b1002d44c283520ac32c3546dd,3174616.725882,0.014225,1,1,1346,1345,0,0
enc_decode,chatcmpl-6904a2b1002d44c283520ac32c3546dd,3174616.740333,0.014240,1,1,1347,1346,0,0
enc_decode,chatcmpl-6904a2b1002d44c283520ac32c3546dd,3174616.754796,0.014218,1,1,1348,1347,0,0
enc_decode,chatcmpl-6904a2b1002d44c283520ac32c3546dd,3174616.769239,0.014220,1,1,1349,1348,0,0
enc_decode,chatcmpl-6904a2b1002d44c283520ac32c3546dd,3174616.783685,0.014211,1,1,1350,1349,0,0
enc_decode,chatcmpl-6904a2b1002d44c283520ac32c3546dd,3174616.798120,0.014191,1,1,1351,1350,0,0
enc_decode,chatcmpl-6904a2b1002d44c283520ac32c3546dd,3174616.812534,0.014214,1,1,1352,1351,0,0
enc_decode,chatcmpl-6904a2b1002d44c283520ac32c3546dd,3174616.826971,0.014250,1,1,1353,1352,0,0
enc_decode,chatcmpl-6904a2b1002d44c283520ac32c3546dd,3174616.841447,0.014213,1,1,1354,1353,0,0
enc_decode,chatcmpl-6904a2b1002d44c283520ac32c3546dd,3174616.855883,0.014209,1,1,1355,1354,0,0
enc_decode,chatcmpl-6904a2b1002d44c283520ac32c3546dd,3174616.870316,0.014232,1,1,1356,1355,0,0
enc_decode,chatcmpl-6904a2b1002d44c283520ac32c3546dd,3174616.884772,0.014203,1,1,1357,1356,0,0
enc_decode,chatcmpl-6904a2b1002d44c283520ac32c3546dd,3174616.899203,0.014222,1,1,1358,1357,0,0
enc_decode,chatcmpl-6904a2b1002d44c283520ac32c3546dd,3174616.913650,0.014208,1,1,1359,1358,0,0
enc_decode,chatcmpl-6904a2b1002d44c283520ac32c3546dd,3174616.928092,0.014228,1,1,1360,1359,0,0
enc_decode,chatcmpl-6904a2b1002d44c283520ac32c3546dd,3174616.942546,0.014207,1,1,1361,1360,0,0
enc_decode,chatcmpl-6904a2b1002d44c283520ac32c3546dd,3174616.956978,0.014196,1,1,1362,1361,0,0
enc_decode,chatcmpl-6904a2b1002d44c283520ac32c3546dd,3174616.971397,0.014195,1,1,1363,1362,0,0
enc_decode,chatcmpl-6904a2b1002d44c283520ac32c3546dd,3174616.985816,0.014226,1,1,1364,1363,0,0
enc_decode,chatcmpl-6904a2b1002d44c283520ac32c3546dd,3174617.000269,0.014208,1,1,1365,1364,0,0
enc_decode,chatcmpl-6904a2b1002d44c283520ac32c3546dd,3174617.014702,0.014221,1,1,1366,1365,0,0
enc_decode,chatcmpl-6904a2b1002d44c283520ac32c3546dd,3174617.029146,0.014186,1,1,1367,1366,0,0
enc_decode,chatcmpl-6904a2b1002d44c283520ac32c3546dd,3174617.043559,0.014204,1,1,1368,1367,0,0
enc_decode,chatcmpl-6904a2b1002d44c283520ac32c3546dd,3174617.057985,0.014196,1,1,1369,1368,0,0
enc_decode,chatcmpl-6904a2b1002d44c283520ac32c3546dd,3174617.072406,0.014201,1,1,1370,1369,0,0
enc_decode,chatcmpl-6904a2b1002d44c283520ac32c3546dd,3174617.086845,0.014239,1,1,1371,1370,0,0
enc_decode,chatcmpl-6904a2b1002d44c283520ac32c3546dd,3174617.101309,0.014200,1,1,1372,1371,0,0
enc_decode,chatcmpl-6904a2b1002d44c283520ac32c3546dd,3174617.115730,0.014217,1,1,1373,1372,0,0
enc_decode,chatcmpl-6904a2b1002d44c283520ac32c3546dd,3174617.130175,0.014200,1,1,1374,1373,0,0
enc_decode,chatcmpl-6904a2b1002d44c283520ac32c3546dd,3174617.144604,0.014188,1,1,1375,1374,0,0
enc_decode,chatcmpl-6904a2b1002d44c283520ac32c3546dd,3174617.159015,0.014213,1,1,1376,1375,0,0
enc_decode,chatcmpl-6904a2b1002d44c283520ac32c3546dd,3174617.173454,0.014191,1,1,1377,1376,0,0
enc_decode,chatcmpl-6904a2b1002d44c283520ac32c3546dd,3174617.187869,0.014214,1,1,1378,1377,0,0
enc_decode,chatcmpl-6904a2b1002d44c283520ac32c3546dd,3174617.202306,0.014205,1,1,1379,1378,0,0
enc_decode,chatcmpl-6904a2b1002d44c283520ac32c3546dd,3174617.216740,0.014216,1,1,1380,1379,0,0
enc_decode,chatcmpl-6904a2b1002d44c283520ac32c3546dd,3174617.231180,0.014221,1,1,1381,1380,0,0
enc_decode,chatcmpl-6904a2b1002d44c283520ac32c3546dd,3174617.245624,0.014196,1,1,1382,1381,0,0
enc_decode,chatcmpl-6904a2b1002d44c283520ac32c3546dd,3174617.260052,0.014278,1,1,1383,1382,0,0
enc_decode,chatcmpl-6904a2b1002d44c283520ac32c3546dd,3174617.274558,0.014208,1,1,1384,1383,0,0
enc_decode,chatcmpl-6904a2b1002d44c283520ac32c3546dd,3174617.288990,0.014190,1,1,1385,1384,0,0
enc_decode,chatcmpl-6904a2b1002d44c283520ac32c3546dd,3174617.303407,0.014206,1,1,1386,1385,0,0
enc_decode,chatcmpl-6904a2b1002d44c283520ac32c3546dd,3174617.317837,0.014187,1,1,1387,1386,0,0
enc_decode,chatcmpl-6904a2b1002d44c283520ac32c3546dd,3174617.332250,0.014259,1,1,1388,1387,0,0
enc_decode,chatcmpl-6904a2b1002d44c283520ac32c3546dd,3174617.346737,0.014189,1,1,1389,1388,0,0
enc_decode,chatcmpl-6904a2b1002d44c283520ac32c3546dd,3174617.361153,0.014223,1,1,1390,1389,0,0
enc_decode,chatcmpl-6904a2b1002d44c283520ac32c3546dd,3174617.375605,0.014228,1,1,1391,1390,0,0
enc_decode,chatcmpl-6904a2b1002d44c283520ac32c3546dd,3174617.390062,0.014230,1,1,1392,1391,0,0
enc_decode,chatcmpl-6904a2b1002d44c283520ac32c3546dd,3174617.404516,0.014217,1,1,1393,1392,0,0
enc_decode,chatcmpl-6904a2b1002d44c283520ac32c3546dd,3174617.418956,0.014213,1,1,1394,1393,0,0
enc_decode,chatcmpl-6904a2b1002d44c283520ac32c3546dd,3174617.433392,0.014203,1,1,1395,1394,0,0
enc_decode,chatcmpl-6904a2b1002d44c283520ac32c3546dd,3174617.447820,0.014217,1,1,1396,1395,0,0
enc_decode,chatcmpl-6904a2b1002d44c283520ac32c3546dd,3174617.462260,0.014218,1,1,1397,1396,0,0
enc_decode,chatcmpl-6904a2b1002d44c283520ac32c3546dd,3174617.476700,0.014202,1,1,1398,1397,0,0
enc_decode,chatcmpl-6904a2b1002d44c283520ac32c3546dd,3174617.491127,0.014209,1,1,1399,1398,0,0
enc_decode,chatcmpl-6904a2b1002d44c283520ac32c3546dd,3174617.505563,0.014203,1,1,1400,1399,0,0
enc_decode,chatcmpl-6904a2b1002d44c283520ac32c3546dd,3174617.519990,0.014202,1,1,1401,1400,0,0
enc_decode,chatcmpl-6904a2b1002d44c283520ac32c3546dd,3174617.534415,0.014218,1,1,1402,1401,0,0
enc_decode,chatcmpl-6904a2b1002d44c283520ac32c3546dd,3174617.548858,0.014193,1,1,1403,1402,0,0
enc_decode,chatcmpl-6904a2b1002d44c283520ac32c3546dd,3174617.563272,0.014219,1,1,1404,1403,0,0
enc_decode,chatcmpl-6904a2b1002d44c283520ac32c3546dd,3174617.577710,0.014186,1,1,1405,1404,0,0
enc_decode,chatcmpl-6904a2b1002d44c283520ac32c3546dd,3174617.592127,0.014300,1,1,1406,1405,0,0
enc_decode,chatcmpl-6904a2b1002d44c283520ac32c3546dd,3174617.606653,0.014224,1,1,1407,1406,0,0
enc_decode,chatcmpl-6904a2b1002d44c283520ac32c3546dd,3174617.621100,0.014187,1,1,1408,1407,0,0
enc_decode,chatcmpl-6904a2b1002d44c283520ac32c3546dd,3174617.635533,0.014224,1,1,1409,1408,0,0
enc_decode,chatcmpl-6904a2b1002d44c283520ac32c3546dd,3174617.649981,0.014196,1,1,1410,1409,0,0
enc_decode,chatcmpl-6904a2b1002d44c283520ac32c3546dd,3174617.664401,0.014204,1,1,1411,1410,0,0
enc_decode,chatcmpl-6904a2b1002d44c283520ac32c3546dd,3174617.678829,0.014211,1,1,1412,1411,0,0
enc_decode,chatcmpl-6904a2b1002d44c283520ac32c3546dd,3174617.693265,0.014215,1,1,1413,1412,0,0
enc_decode,chatcmpl-6904a2b1002d44c283520ac32c3546dd,3174617.707713,0.014228,1,1,1414,1413,0,0
enc_decode,chatcmpl-6904a2b1002d44c283520ac32c3546dd,3174617.722164,0.014222,1,1,1415,1414,0,0
enc_decode,chatcmpl-6904a2b1002d44c283520ac32c3546dd,3174617.736613,0.014228,1,1,1416,1415,0,0
enc_decode,chatcmpl-6904a2b1002d44c283520ac32c3546dd,3174617.751062,0.014204,1,1,1417,1416,0,0
enc_decode,chatcmpl-6904a2b1002d44c283520ac32c3546dd,3174617.765489,0.014233,1,1,1418,1417,0,0
enc_decode,chatcmpl-6904a2b1002d44c283520ac32c3546dd,3174617.779946,0.014214,1,1,1419,1418,0,0
enc_decode,chatcmpl-6904a2b1002d44c283520ac32c3546dd,3174617.794383,0.014221,1,1,1420,1419,0,0
enc_decode,chatcmpl-6904a2b1002d44c283520ac32c3546dd,3174617.808833,0.014209,1,1,1421,1420,0,0
enc_decode,chatcmpl-6904a2b1002d44c283520ac32c3546dd,3174617.823267,0.014215,1,1,1422,1421,0,0
enc_decode,chatcmpl-6904a2b1002d44c283520ac32c3546dd,3174617.837708,0.014189,1,1,1423,1422,0,0
enc_decode,chatcmpl-6904a2b1002d44c283520ac32c3546dd,3174617.852125,0.014218,1,1,1424,1423,0,0
enc_decode,chatcmpl-6904a2b1002d44c283520ac32c3546dd,3174617.866568,0.014188,1,1,1425,1424,0,0
enc_decode,chatcmpl-6904a2b1002d44c283520ac32c3546dd,3174617.880983,0.014230,1,1,1426,1425,0,0
enc_decode,chatcmpl-6904a2b1002d44c283520ac32c3546dd,3174617.895435,0.014203,1,1,1427,1426,0,0
enc_decode,chatcmpl-6904a2b1002d44c283520ac32c3546dd,3174617.909861,0.014224,1,1,1428,1427,0,0
enc_decode,chatcmpl-6904a2b1002d44c283520ac32c3546dd,3174617.924306,0.014307,1,1,1429,1428,0,0
enc_decode,chatcmpl-6904a2b1002d44c283520ac32c3546dd,3174617.938838,0.014207,1,1,1430,1429,0,0
enc_decode,chatcmpl-6904a2b1002d44c283520ac32c3546dd,3174617.953273,0.014214,1,1,1431,1430,0,0
enc_decode,chatcmpl-6904a2b1002d44c283520ac32c3546dd,3174617.967711,0.014210,1,1,1432,1431,0,0
enc_decode,chatcmpl-6904a2b1002d44c283520ac32c3546dd,3174617.982148,0.014204,1,1,1433,1432,0,0
enc_decode,chatcmpl-6904a2b1002d44c283520ac32c3546dd,3174617.996578,0.014219,1,1,1434,1433,0,0
enc_decode,chatcmpl-6904a2b1002d44c283520ac32c3546dd,3174618.011020,0.014210,1,1,1435,1434,0,0
enc_decode,chatcmpl-6904a2b1002d44c283520ac32c3546dd,3174618.025452,0.014203,1,1,1436,1435,0,0
enc_prefill,chatcmpl-782e91afd6eb479a98ba5326fbcbe22d,3174618.061737,0.337042,1,1367,1367,0,1,0
enc_decode,chatcmpl-782e91afd6eb479a98ba5326fbcbe22d,3174618.399060,0.014272,1,1,1368,1367,0,0
enc_decode,chatcmpl-782e91afd6eb479a98ba5326fbcbe22d,3174618.413563,0.014220,1,1,1369,1368,0,0
enc_decode,chatcmpl-782e91afd6eb479a98ba5326fbcbe22d,3174618.428017,0.014211,1,1,1370,1369,0,0
enc_decode,chatcmpl-782e91afd6eb479a98ba5326fbcbe22d,3174618.442452,0.014243,1,1,1371,1370,0,0
enc_decode,chatcmpl-782e91afd6eb479a98ba5326fbcbe22d,3174618.456924,0.014235,1,1,1372,1371,0,0
enc_decode,chatcmpl-782e91afd6eb479a98ba5326fbcbe22d,3174618.471383,0.014205,1,1,1373,1372,0,0
enc_decode,chatcmpl-782e91afd6eb479a98ba5326fbcbe22d,3174618.485811,0.014207,1,1,1374,1373,0,0
enc_decode,chatcmpl-782e91afd6eb479a98ba5326fbcbe22d,3174618.500242,0.014220,1,1,1375,1374,0,0
enc_decode,chatcmpl-782e91afd6eb479a98ba5326fbcbe22d,3174618.514689,0.014199,1,1,1376,1375,0,0
enc_decode,chatcmpl-782e91afd6eb479a98ba5326fbcbe22d,3174618.529111,0.014209,1,1,1377,1376,0,0
enc_decode,chatcmpl-782e91afd6eb479a98ba5326fbcbe22d,3174618.543546,0.014222,1,1,1378,1377,0,0
enc_decode,chatcmpl-782e91afd6eb479a98ba5326fbcbe22d,3174618.557988,0.014214,1,1,1379,1378,0,0
enc_decode,chatcmpl-782e91afd6eb479a98ba5326fbcbe22d,3174618.572426,0.014177,1,1,1380,1379,0,0
enc_decode,chatcmpl-782e91afd6eb479a98ba5326fbcbe22d,3174618.586827,0.014268,1,1,1381,1380,0,0
enc_decode,chatcmpl-782e91afd6eb479a98ba5326fbcbe22d,3174618.601323,0.014200,1,1,1382,1381,0,0
enc_decode,chatcmpl-782e91afd6eb479a98ba5326fbcbe22d,3174618.615752,0.014214,1,1,1383,1382,0,0
enc_decode,chatcmpl-782e91afd6eb479a98ba5326fbcbe22d,3174618.630189,0.014183,1,1,1384,1383,0,0
enc_decode,chatcmpl-782e91afd6eb479a98ba5326fbcbe22d,3174618.644601,0.014299,1,1,1385,1384,0,0
enc_decode,chatcmpl-782e91afd6eb479a98ba5326fbcbe22d,3174618.659123,0.014205,1,1,1386,1385,0,0
enc_decode,chatcmpl-782e91afd6eb479a98ba5326fbcbe22d,3174618.673565,0.014187,1,1,1387,1386,0,0
enc_decode,chatcmpl-782e91afd6eb479a98ba5326fbcbe22d,3174618.687977,0.014197,1,1,1388,1387,0,0
enc_decode,chatcmpl-782e91afd6eb479a98ba5326fbcbe22d,3174618.702397,0.014286,1,1,1389,1388,0,0
enc_decode,chatcmpl-782e91afd6eb479a98ba5326fbcbe22d,3174618.716909,0.014192,1,1,1390,1389,0,0
enc_decode,chatcmpl-782e91afd6eb479a98ba5326fbcbe22d,3174618.731326,0.014204,1,1,1391,1390,0,0
enc_decode,chatcmpl-782e91afd6eb479a98ba5326fbcbe22d,3174618.745751,0.014219,1,1,1392,1391,0,0
enc_decode,chatcmpl-782e91afd6eb479a98ba5326fbcbe22d,3174618.760206,0.014192,1,1,1393,1392,0,0
enc_decode,chatcmpl-782e91afd6eb479a98ba5326fbcbe22d,3174618.774620,0.014198,1,1,1394,1393,0,0
enc_decode,chatcmpl-782e91afd6eb479a98ba5326fbcbe22d,3174618.789042,0.014204,1,1,1395,1394,0,0
enc_decode,chatcmpl-782e91afd6eb479a98ba5326fbcbe22d,3174618.803467,0.014209,1,1,1396,1395,0,0
enc_decode,chatcmpl-782e91afd6eb479a98ba5326fbcbe22d,3174618.817901,0.014189,1,1,1397,1396,0,0
enc_decode,chatcmpl-782e91afd6eb479a98ba5326fbcbe22d,3174618.832315,0.014220,1,1,1398,1397,0,0
enc_decode,chatcmpl-782e91afd6eb479a98ba5326fbcbe22d,3174618.846758,0.014227,1,1,1399,1398,0,0
enc_decode,chatcmpl-782e91afd6eb479a98ba5326fbcbe22d,3174618.861215,0.014193,1,1,1400,1399,0,0
enc_decode,chatcmpl-782e91afd6eb479a98ba5326fbcbe22d,3174618.875631,0.014215,1,1,1401,1400,0,0
enc_decode,chatcmpl-782e91afd6eb479a98ba5326fbcbe22d,3174618.890072,0.014182,1,1,1402,1401,0,0
enc_decode,chatcmpl-782e91afd6eb479a98ba5326fbcbe22d,3174618.904477,0.014189,1,1,1403,1402,0,0
enc_decode,chatcmpl-782e91afd6eb479a98ba5326fbcbe22d,3174618.918893,0.014218,1,1,1404,1403,0,0
enc_decode,chatcmpl-782e91afd6eb479a98ba5326fbcbe22d,3174618.933334,0.014205,1,1,1405,1404,0,0
enc_decode,chatcmpl-782e91afd6eb479a98ba5326fbcbe22d,3174618.947764,0.014226,1,1,1406,1405,0,0
enc_decode,chatcmpl-782e91afd6eb479a98ba5326fbcbe22d,3174618.962214,0.014196,1,1,1407,1406,0,0
enc_decode,chatcmpl-782e91afd6eb479a98ba5326fbcbe22d,3174618.976635,0.014309,1,1,1408,1407,0,0
enc_decode,chatcmpl-782e91afd6eb479a98ba5326fbcbe22d,3174618.991181,0.014207,1,1,1409,1408,0,0
enc_decode,chatcmpl-782e91afd6eb479a98ba5326fbcbe22d,3174619.005614,0.014174,1,1,1410,1409,0,0
enc_decode,chatcmpl-782e91afd6eb479a98ba5326fbcbe22d,3174619.020019,0.014203,1,1,1411,1410,0,0
enc_decode,chatcmpl-782e91afd6eb479a98ba5326fbcbe22d,3174619.034447,0.014300,1,1,1412,1411,0,0
enc_decode,chatcmpl-782e91afd6eb479a98ba5326fbcbe22d,3174619.048970,0.014178,1,1,1413,1412,0,0
enc_decode,chatcmpl-782e91afd6eb479a98ba5326fbcbe22d,3174619.063370,0.014196,1,1,1414,1413,0,0
enc_decode,chatcmpl-782e91afd6eb479a98ba5326fbcbe22d,3174619.077789,0.014201,1,1,1415,1414,0,0
enc_decode,chatcmpl-782e91afd6eb479a98ba5326fbcbe22d,3174619.092220,0.014220,1,1,1416,1415,0,0
enc_decode,chatcmpl-782e91afd6eb479a98ba5326fbcbe22d,3174619.106666,0.014187,1,1,1417,1416,0,0
enc_decode,chatcmpl-782e91afd6eb479a98ba5326fbcbe22d,3174619.121079,0.014203,1,1,1418,1417,0,0
enc_decode,chatcmpl-782e91afd6eb479a98ba5326fbcbe22d,3174619.135506,0.014223,1,1,1419,1418,0,0
enc_decode,chatcmpl-782e91afd6eb479a98ba5326fbcbe22d,3174619.149954,0.014191,1,1,1420,1419,0,0
enc_decode,chatcmpl-782e91afd6eb479a98ba5326fbcbe22d,3174619.164368,0.014209,1,1,1421,1420,0,0
enc_decode,chatcmpl-782e91afd6eb479a98ba5326fbcbe22d,3174619.178799,0.014187,1,1,1422,1421,0,0
enc_decode,chatcmpl-782e91afd6eb479a98ba5326fbcbe22d,3174619.193209,0.014205,1,1,1423,1422,0,0
enc_decode,chatcmpl-782e91afd6eb479a98ba5326fbcbe22d,3174619.207638,0.014189,1,1,1424,1423,0,0
enc_decode,chatcmpl-782e91afd6eb479a98ba5326fbcbe22d,3174619.222050,0.014210,1,1,1425,1424,0,0
enc_decode,chatcmpl-782e91afd6eb479a98ba5326fbcbe22d,3174619.236485,0.014210,1,1,1426,1425,0,0
enc_decode,chatcmpl-782e91afd6eb479a98ba5326fbcbe22d,3174619.250916,0.014228,1,1,1427,1426,0,0
enc_decode,chatcmpl-782e91afd6eb479a98ba5326fbcbe22d,3174619.265371,0.014191,1,1,1428,1427,0,0
enc_decode,chatcmpl-782e91afd6eb479a98ba5326fbcbe22d,3174619.279792,0.014209,1,1,1429,1428,0,0
enc_decode,chatcmpl-782e91afd6eb479a98ba5326fbcbe22d,3174619.294224,0.014181,1,1,1430,1429,0,0
enc_decode,chatcmpl-782e91afd6eb479a98ba5326fbcbe22d,3174619.308639,0.014301,1,1,1431,1430,0,0
enc_decode,chatcmpl-782e91afd6eb479a98ba5326fbcbe22d,3174619.323168,0.014243,1,1,1432,1431,0,0
enc_decode,chatcmpl-782e91afd6eb479a98ba5326fbcbe22d,3174619.337637,0.014196,1,1,1433,1432,0,0
enc_decode,chatcmpl-782e91afd6eb479a98ba5326fbcbe22d,3174619.352075,0.014183,1,1,1434,1433,0,0
enc_decode,chatcmpl-782e91afd6eb479a98ba5326fbcbe22d,3174619.366483,0.014273,1,1,1435,1434,0,0
enc_decode,chatcmpl-782e91afd6eb479a98ba5326fbcbe22d,3174619.380983,0.014193,1,1,1436,1435,0,0
enc_decode,chatcmpl-782e91afd6eb479a98ba5326fbcbe22d,3174619.395401,0.014217,1,1,1437,1436,0,0
enc_decode,chatcmpl-782e91afd6eb479a98ba5326fbcbe22d,3174619.409842,0.014203,1,1,1438,1437,0,0
enc_decode,chatcmpl-782e91afd6eb479a98ba5326fbcbe22d,3174619.424272,0.014200,1,1,1439,1438,0,0
enc_decode,chatcmpl-782e91afd6eb479a98ba5326fbcbe22d,3174619.438695,0.014187,1,1,1440,1439,0,0
enc_decode,chatcmpl-782e91afd6eb479a98ba5326fbcbe22d,3174619.453103,0.014185,1,1,1441,1440,0,0
enc_decode,chatcmpl-782e91afd6eb479a98ba5326fbcbe22d,3174619.467513,0.014198,1,1,1442,1441,0,0
enc_decode,chatcmpl-782e91afd6eb479a98ba5326fbcbe22d,3174619.481935,0.014192,1,1,1443,1442,0,0
enc_decode,chatcmpl-782e91afd6eb479a98ba5326fbcbe22d,3174619.496351,0.014218,1,1,1444,1443,0,0
enc_decode,chatcmpl-782e91afd6eb479a98ba5326fbcbe22d,3174619.510793,0.014220,1,1,1445,1444,0,0
enc_decode,chatcmpl-782e91afd6eb479a98ba5326fbcbe22d,3174619.525234,0.014176,1,1,1446,1445,0,0
enc_decode,chatcmpl-782e91afd6eb479a98ba5326fbcbe22d,3174619.539635,0.014212,1,1,1447,1446,0,0
enc_decode,chatcmpl-782e91afd6eb479a98ba5326fbcbe22d,3174619.554071,0.014190,1,1,1448,1447,0,0
enc_decode,chatcmpl-782e91afd6eb479a98ba5326fbcbe22d,3174619.568486,0.014187,1,1,1449,1448,0,0
enc_decode,chatcmpl-782e91afd6eb479a98ba5326fbcbe22d,3174619.582897,0.014205,1,1,1450,1449,0,0
enc_decode,chatcmpl-782e91afd6eb479a98ba5326fbcbe22d,3174619.597329,0.014197,1,1,1451,1450,0,0
enc_decode,chatcmpl-782e91afd6eb479a98ba5326fbcbe22d,3174619.611752,0.014200,1,1,1452,1451,0,0
enc_decode,chatcmpl-782e91afd6eb479a98ba5326fbcbe22d,3174619.626179,0.014182,1,1,1453,1452,0,0
enc_decode,chatcmpl-782e91afd6eb479a98ba5326fbcbe22d,3174619.640585,0.014314,1,1,1454,1453,0,0
enc_decode,chatcmpl-782e91afd6eb479a98ba5326fbcbe22d,3174619.655122,0.014195,1,1,1455,1454,0,0
enc_decode,chatcmpl-782e91afd6eb479a98ba5326fbcbe22d,3174619.669541,0.014185,1,1,1456,1455,0,0
enc_decode,chatcmpl-782e91afd6eb479a98ba5326fbcbe22d,3174619.683944,0.014206,1,1,1457,1456,0,0
enc_decode,chatcmpl-782e91afd6eb479a98ba5326fbcbe22d,3174619.698374,0.014270,1,1,1458,1457,0,0
enc_decode,chatcmpl-782e91afd6eb479a98ba5326fbcbe22d,3174619.712869,0.014209,1,1,1459,1458,0,0
enc_decode,chatcmpl-782e91afd6eb479a98ba5326fbcbe22d,3174619.727299,0.014276,1,1,1460,1459,0,0
enc_decode,chatcmpl-782e91afd6eb479a98ba5326fbcbe22d,3174619.741797,0.014218,1,1,1461,1460,0,0
enc_decode,chatcmpl-782e91afd6eb479a98ba5326fbcbe22d,3174619.756237,0.014212,1,1,1462,1461,0,0
enc_decode,chatcmpl-782e91afd6eb479a98ba5326fbcbe22d,3174619.770675,0.014193,1,1,1463,1462,0,0
enc_decode,chatcmpl-782e91afd6eb479a98ba5326fbcbe22d,3174619.785097,0.014198,1,1,1464,1463,0,0
enc_decode,chatcmpl-782e91afd6eb479a98ba5326fbcbe22d,3174619.799521,0.014212,1,1,1465,1464,0,0
enc_decode,chatcmpl-782e91afd6eb479a98ba5326fbcbe22d,3174619.813955,0.014238,1,1,1466,1465,0,0
enc_decode,chatcmpl-782e91afd6eb479a98ba5326fbcbe22d,3174619.828417,0.014192,1,1,1467,1466,0,0
enc_decode,chatcmpl-782e91afd6eb479a98ba5326fbcbe22d,3174619.842837,0.014212,1,1,1468,1467,0,0
enc_decode,chatcmpl-782e91afd6eb479a98ba5326fbcbe22d,3174619.857277,0.014202,1,1,1469,1468,0,0
enc_decode,chatcmpl-782e91afd6eb479a98ba5326fbcbe22d,3174619.871702,0.014203,1,1,1470,1469,0,0
enc_decode,chatcmpl-782e91afd6eb479a98ba5326fbcbe22d,3174619.886127,0.014220,1,1,1471,1470,0,0
enc_decode,chatcmpl-782e91afd6eb479a98ba5326fbcbe22d,3174619.900572,0.014256,1,1,1472,1471,0,0
enc_decode,chatcmpl-782e91afd6eb479a98ba5326fbcbe22d,3174619.915053,0.014223,1,1,1473,1472,0,0
enc_decode,chatcmpl-782e91afd6eb479a98ba5326fbcbe22d,3174619.929511,0.014196,1,1,1474,1473,0,0
enc_decode,chatcmpl-782e91afd6eb479a98ba5326fbcbe22d,3174619.943934,0.014211,1,1,1475,1474,0,0
enc_decode,chatcmpl-782e91afd6eb479a98ba5326fbcbe22d,3174619.958372,0.014209,1,1,1476,1475,0,0
enc_decode,chatcmpl-782e91afd6eb479a98ba5326fbcbe22d,3174619.972806,0.014311,1,1,1477,1476,0,0
enc_decode,chatcmpl-782e91afd6eb479a98ba5326fbcbe22d,3174619.987343,0.014200,1,1,1478,1477,0,0
enc_decode,chatcmpl-782e91afd6eb479a98ba5326fbcbe22d,3174620.001770,0.014220,1,1,1479,1478,0,0
enc_decode,chatcmpl-782e91afd6eb479a98ba5326fbcbe22d,3174620.016221,0.014207,1,1,1480,1479,0,0
enc_decode,chatcmpl-782e91afd6eb479a98ba5326fbcbe22d,3174620.030650,0.014324,1,1,1481,1480,0,0
enc_decode,chatcmpl-782e91afd6eb479a98ba5326fbcbe22d,3174620.045200,0.014233,1,1,1482,1481,0,0
enc_decode,chatcmpl-782e91afd6eb479a98ba5326fbcbe22d,3174620.059657,0.014206,1,1,1483,1482,0,0
enc_decode,chatcmpl-782e91afd6eb479a98ba5326fbcbe22d,3174620.074088,0.014189,1,1,1484,1483,0,0
enc_decode,chatcmpl-782e91afd6eb479a98ba5326fbcbe22d,3174620.088504,0.014204,1,1,1485,1484,0,0
enc_decode,chatcmpl-782e91afd6eb479a98ba5326fbcbe22d,3174620.102933,0.014236,1,1,1486,1485,0,0
enc_decode,chatcmpl-782e91afd6eb479a98ba5326fbcbe22d,3174620.117392,0.014193,1,1,1487,1486,0,0
enc_decode,chatcmpl-782e91afd6eb479a98ba5326fbcbe22d,3174620.131807,0.014194,1,1,1488,1487,0,0
enc_decode,chatcmpl-782e91afd6eb479a98ba5326fbcbe22d,3174620.146227,0.014225,1,1,1489,1488,0,0
enc_decode,chatcmpl-782e91afd6eb479a98ba5326fbcbe22d,3174620.160675,0.014196,1,1,1490,1489,0,0
enc_decode,chatcmpl-782e91afd6eb479a98ba5326fbcbe22d,3174620.175092,0.014202,1,1,1491,1490,0,0
enc_decode,chatcmpl-782e91afd6eb479a98ba5326fbcbe22d,3174620.189519,0.014201,1,1,1492,1491,0,0
enc_decode,chatcmpl-782e91afd6eb479a98ba5326fbcbe22d,3174620.203944,0.014226,1,1,1493,1492,0,0
enc_prefill,chatcmpl-93ee645fee3846af98c95d03f76693f5,3174620.239794,0.336943,1,1359,1359,0,1,0
enc_decode,chatcmpl-93ee645fee3846af98c95d03f76693f5,3174620.577126,0.014344,1,1,1360,1359,0,0
enc_decode,chatcmpl-93ee645fee3846af98c95d03f76693f5,3174620.591695,0.014241,1,1,1361,1360,0,0
enc_decode,chatcmpl-93ee645fee3846af98c95d03f76693f5,3174620.606157,0.014220,1,1,1362,1361,0,0
enc_decode,chatcmpl-93ee645fee3846af98c95d03f76693f5,3174620.620604,0.014234,1,1,1363,1362,0,0
enc_decode,chatcmpl-93ee645fee3846af98c95d03f76693f5,3174620.635059,0.014205,1,1,1364,1363,0,0
enc_decode,chatcmpl-93ee645fee3846af98c95d03f76693f5,3174620.649487,0.014224,1,1,1365,1364,0,0
enc_decode,chatcmpl-93ee645fee3846af98c95d03f76693f5,3174620.663935,0.014219,1,1,1366,1365,0,0
enc_decode,chatcmpl-93ee645fee3846af98c95d03f76693f5,3174620.678379,0.014219,1,1,1367,1366,0,0
enc_decode,chatcmpl-93ee645fee3846af98c95d03f76693f5,3174620.692820,0.014226,1,1,1368,1367,0,0
enc_decode,chatcmpl-93ee645fee3846af98c95d03f76693f5,3174620.707270,0.014221,1,1,1369,1368,0,0
enc_decode,chatcmpl-93ee645fee3846af98c95d03f76693f5,3174620.721715,0.014207,1,1,1370,1369,0,0
enc_decode,chatcmpl-93ee645fee3846af98c95d03f76693f5,3174620.736157,0.014215,1,1,1371,1370,0,0
enc_decode,chatcmpl-93ee645fee3846af98c95d03f76693f5,3174620.750599,0.014308,1,1,1372,1371,0,0
enc_decode,chatcmpl-93ee645fee3846af98c95d03f76693f5,3174620.765130,0.014199,1,1,1373,1372,0,0
enc_decode,chatcmpl-93ee645fee3846af98c95d03f76693f5,3174620.779553,0.014235,1,1,1374,1373,0,0
enc_decode,chatcmpl-93ee645fee3846af98c95d03f76693f5,3174620.794011,0.014197,1,1,1375,1374,0,0
enc_decode,chatcmpl-93ee645fee3846af98c95d03f76693f5,3174620.808538,0.014229,1,1,1376,1375,0,0
enc_decode,chatcmpl-93ee645fee3846af98c95d03f76693f5,3174620.822991,0.014277,1,1,1377,1376,0,0
enc_decode,chatcmpl-93ee645fee3846af98c95d03f76693f5,3174620.837495,0.014200,1,1,1378,1377,0,0
enc_decode,chatcmpl-93ee645fee3846af98c95d03f76693f5,3174620.851919,0.014211,1,1,1379,1378,0,0
enc_decode,chatcmpl-93ee645fee3846af98c95d03f76693f5,3174620.866356,0.014205,1,1,1380,1379,0,0
enc_decode,chatcmpl-93ee645fee3846af98c95d03f76693f5,3174620.880782,0.014204,1,1,1381,1380,0,0
enc_decode,chatcmpl-93ee645fee3846af98c95d03f76693f5,3174620.895223,0.014212,1,1,1382,1381,0,0
enc_decode,chatcmpl-93ee645fee3846af98c95d03f76693f5,3174620.909657,0.014191,1,1,1383,1382,0,0
enc_decode,chatcmpl-93ee645fee3846af98c95d03f76693f5,3174620.924081,0.014198,1,1,1384,1383,0,0
enc_decode,chatcmpl-93ee645fee3846af98c95d03f76693f5,3174620.938508,0.014200,1,1,1385,1384,0,0
enc_decode,chatcmpl-93ee645fee3846af98c95d03f76693f5,3174620.952934,0.014198,1,1,1386,1385,0,0
enc_decode,chatcmpl-93ee645fee3846af98c95d03f76693f5,3174620.967358,0.014209,1,1,1387,1386,0,0
enc_decode,chatcmpl-93ee645fee3846af98c95d03f76693f5,3174620.981792,0.014180,1,1,1388,1387,0,0
enc_decode,chatcmpl-93ee645fee3846af98c95d03f76693f5,3174620.996203,0.014203,1,1,1389,1388,0,0
enc_decode,chatcmpl-93ee645fee3846af98c95d03f76693f5,3174621.010632,0.014213,1,1,1390,1389,0,0
enc_decode,chatcmpl-93ee645fee3846af98c95d03f76693f5,3174621.025067,0.014196,1,1,1391,1390,0,0
enc_decode,chatcmpl-93ee645fee3846af98c95d03f76693f5,3174621.039487,0.014223,1,1,1392,1391,0,0
enc_decode,chatcmpl-93ee645fee3846af98c95d03f76693f5,3174621.053936,0.014196,1,1,1393,1392,0,0
enc_decode,chatcmpl-93ee645fee3846af98c95d03f76693f5,3174621.068361,0.014216,1,1,1394,1393,0,0
enc_decode,chatcmpl-93ee645fee3846af98c95d03f76693f5,3174621.082802,0.014323,1,1,1395,1394,0,0
enc_decode,chatcmpl-93ee645fee3846af98c95d03f76693f5,3174621.097351,0.014211,1,1,1396,1395,0,0
enc_decode,chatcmpl-93ee645fee3846af98c95d03f76693f5,3174621.111788,0.014209,1,1,1397,1396,0,0
enc_decode,chatcmpl-93ee645fee3846af98c95d03f76693f5,3174621.126221,0.014212,1,1,1398,1397,0,0
enc_decode,chatcmpl-93ee645fee3846af98c95d03f76693f5,3174621.140657,0.014229,1,1,1399,1398,0,0
enc_decode,chatcmpl-93ee645fee3846af98c95d03f76693f5,3174621.155112,0.014216,1,1,1400,1399,0,0
enc_decode,chatcmpl-93ee645fee3846af98c95d03f76693f5,3174621.169548,0.014192,1,1,1401,1400,0,0
enc_decode,chatcmpl-93ee645fee3846af98c95d03f76693f5,3174621.183964,0.014208,1,1,1402,1401,0,0
enc_decode,chatcmpl-93ee645fee3846af98c95d03f76693f5,3174621.198394,0.014194,1,1,1403,1402,0,0
enc_decode,chatcmpl-93ee645fee3846af98c95d03f76693f5,3174621.212811,0.014236,1,1,1404,1403,0,0
enc_decode,chatcmpl-93ee645fee3846af98c95d03f76693f5,3174621.227271,0.014252,1,1,1405,1404,0,0
enc_decode,chatcmpl-93ee645fee3846af98c95d03f76693f5,3174621.241745,0.014213,1,1,1406,1405,0,0
enc_decode,chatcmpl-93ee645fee3846af98c95d03f76693f5,3174621.256190,0.014204,1,1,1407,1406,0,0
enc_decode,chatcmpl-93ee645fee3846af98c95d03f76693f5,3174621.270617,0.014225,1,1,1408,1407,0,0
enc_decode,chatcmpl-93ee645fee3846af98c95d03f76693f5,3174621.285079,0.014205,1,1,1409,1408,0,0
enc_decode,chatcmpl-93ee645fee3846af98c95d03f76693f5,3174621.299508,0.014223,1,1,1410,1409,0,0
enc_decode,chatcmpl-93ee645fee3846af98c95d03f76693f5,3174621.313954,0.014240,1,1,1411,1410,0,0
enc_decode,chatcmpl-93ee645fee3846af98c95d03f76693f5,3174621.328419,0.014196,1,1,1412,1411,0,0
enc_decode,chatcmpl-93ee645fee3846af98c95d03f76693f5,3174621.342837,0.014201,1,1,1413,1412,0,0
enc_decode,chatcmpl-93ee645fee3846af98c95d03f76693f5,3174621.357264,0.014205,1,1,1414,1413,0,0
enc_decode,chatcmpl-93ee645fee3846af98c95d03f76693f5,3174621.371694,0.014215,1,1,1415,1414,0,0
enc_decode,chatcmpl-93ee645fee3846af98c95d03f76693f5,3174621.386135,0.014196,1,1,1416,1415,0,0
enc_decode,chatcmpl-93ee645fee3846af98c95d03f76693f5,3174621.400553,0.014194,1,1,1417,1416,0,0
enc_decode,chatcmpl-93ee645fee3846af98c95d03f76693f5,3174621.414972,0.014288,1,1,1418,1417,0,0
enc_decode,chatcmpl-93ee645fee3846af98c95d03f76693f5,3174621.429488,0.014201,1,1,1419,1418,0,0
enc_decode,chatcmpl-93ee645fee3846af98c95d03f76693f5,3174621.443912,0.014234,1,1,1420,1419,0,0
enc_decode,chatcmpl-93ee645fee3846af98c95d03f76693f5,3174621.458369,0.014171,1,1,1421,1420,0,0
enc_decode,chatcmpl-93ee645fee3846af98c95d03f76693f5,3174621.472764,0.014214,1,1,1422,1421,0,0
enc_decode,chatcmpl-93ee645fee3846af98c95d03f76693f5,3174621.487204,0.014225,1,1,1423,1422,0,0
enc_decode,chatcmpl-93ee645fee3846af98c95d03f76693f5,3174621.501657,0.014211,1,1,1424,1423,0,0
enc_decode,chatcmpl-93ee645fee3846af98c95d03f76693f5,3174621.516111,0.014224,1,1,1425,1424,0,0
enc_decode,chatcmpl-93ee645fee3846af98c95d03f76693f5,3174621.530559,0.014184,1,1,1426,1425,0,0
enc_decode,chatcmpl-93ee645fee3846af98c95d03f76693f5,3174621.544966,0.014208,1,1,1427,1426,0,0
enc_decode,chatcmpl-93ee645fee3846af98c95d03f76693f5,3174621.559409,0.014297,1,1,1428,1427,0,0
enc_decode,chatcmpl-93ee645fee3846af98c95d03f76693f5,3174621.573934,0.014198,1,1,1429,1428,0,0
enc_decode,chatcmpl-93ee645fee3846af98c95d03f76693f5,3174621.588352,0.014204,1,1,1430,1429,0,0
enc_decode,chatcmpl-93ee645fee3846af98c95d03f76693f5,3174621.602781,0.014210,1,1,1431,1430,0,0
enc_decode,chatcmpl-93ee645fee3846af98c95d03f76693f5,3174621.617216,0.014201,1,1,1432,1431,0,0
enc_decode,chatcmpl-93ee645fee3846af98c95d03f76693f5,3174621.631653,0.014231,1,1,1433,1432,0,0
enc_decode,chatcmpl-93ee645fee3846af98c95d03f76693f5,3174621.646103,0.014206,1,1,1434,1433,0,0
enc_decode,chatcmpl-93ee645fee3846af98c95d03f76693f5,3174621.660535,0.014212,1,1,1435,1434,0,0
enc_decode,chatcmpl-93ee645fee3846af98c95d03f76693f5,3174621.674975,0.014220,1,1,1436,1435,0,0
enc_decode,chatcmpl-93ee645fee3846af98c95d03f76693f5,3174621.689418,0.014183,1,1,1437,1436,0,0
enc_decode,chatcmpl-93ee645fee3846af98c95d03f76693f5,3174621.703826,0.014213,1,1,1438,1437,0,0
enc_decode,chatcmpl-93ee645fee3846af98c95d03f76693f5,3174621.718263,0.014284,1,1,1439,1438,0,0
enc_decode,chatcmpl-93ee645fee3846af98c95d03f76693f5,3174621.732769,0.014189,1,1,1440,1439,0,0
enc_decode,chatcmpl-93ee645fee3846af98c95d03f76693f5,3174621.747181,0.014356,1,1,1441,1440,0,0
enc_decode,chatcmpl-93ee645fee3846af98c95d03f76693f5,3174621.761761,0.014204,1,1,1442,1441,0,0
enc_decode,chatcmpl-93ee645fee3846af98c95d03f76693f5,3174621.776197,0.014199,1,1,1443,1442,0,0
enc_decode,chatcmpl-93ee645fee3846af98c95d03f76693f5,3174621.790618,0.014199,1,1,1444,1443,0,0
enc_decode,chatcmpl-93ee645fee3846af98c95d03f76693f5,3174621.805048,0.014203,1,1,1445,1444,0,0
enc_decode,chatcmpl-93ee645fee3846af98c95d03f76693f5,3174621.819476,0.014209,1,1,1446,1445,0,0
enc_decode,chatcmpl-93ee645fee3846af98c95d03f76693f5,3174621.833907,0.014185,1,1,1447,1446,0,0
enc_decode,chatcmpl-93ee645fee3846af98c95d03f76693f5,3174621.848317,0.014214,1,1,1448,1447,0,0
enc_decode,chatcmpl-93ee645fee3846af98c95d03f76693f5,3174621.862752,0.014216,1,1,1449,1448,0,0
enc_decode,chatcmpl-93ee645fee3846af98c95d03f76693f5,3174621.877192,0.014202,1,1,1450,1449,0,0
enc_decode,chatcmpl-93ee645fee3846af98c95d03f76693f5,3174621.891616,0.014224,1,1,1451,1450,0,0
enc_decode,chatcmpl-93ee645fee3846af98c95d03f76693f5,3174621.906064,0.014200,1,1,1452,1451,0,0
enc_decode,chatcmpl-93ee645fee3846af98c95d03f76693f5,3174621.920486,0.014190,1,1,1453,1452,0,0
enc_decode,chatcmpl-93ee645fee3846af98c95d03f76693f5,3174621.934902,0.014219,1,1,1454,1453,0,0
enc_decode,chatcmpl-93ee645fee3846af98c95d03f76693f5,3174621.949342,0.014205,1,1,1455,1454,0,0
enc_decode,chatcmpl-93ee645fee3846af98c95d03f76693f5,3174621.963768,0.014223,1,1,1456,1455,0,0
enc_decode,chatcmpl-93ee645fee3846af98c95d03f76693f5,3174621.978211,0.014261,1,1,1457,1456,0,0
enc_decode,chatcmpl-93ee645fee3846af98c95d03f76693f5,3174621.992697,0.014182,1,1,1458,1457,0,0
enc_decode,chatcmpl-93ee645fee3846af98c95d03f76693f5,3174622.007102,0.014204,1,1,1459,1458,0,0
enc_decode,chatcmpl-93ee645fee3846af98c95d03f76693f5,3174622.021527,0.014191,1,1,1460,1459,0,0
enc_decode,chatcmpl-93ee645fee3846af98c95d03f76693f5,3174622.035936,0.014193,1,1,1461,1460,0,0
enc_decode,chatcmpl-93ee645fee3846af98c95d03f76693f5,3174622.050358,0.014217,1,1,1462,1461,0,0
enc_decode,chatcmpl-93ee645fee3846af98c95d03f76693f5,3174622.064800,0.014203,1,1,1463,1462,0,0
enc_decode,chatcmpl-93ee645fee3846af98c95d03f76693f5,3174622.079228,0.014252,1,1,1464,1463,0,0
enc_decode,chatcmpl-93ee645fee3846af98c95d03f76693f5,3174622.093702,0.014222,1,1,1465,1464,0,0
enc_decode,chatcmpl-93ee645fee3846af98c95d03f76693f5,3174622.108154,0.014216,1,1,1466,1465,0,0
enc_decode,chatcmpl-93ee645fee3846af98c95d03f76693f5,3174622.122591,0.014252,1,1,1467,1466,0,0
enc_decode,chatcmpl-93ee645fee3846af98c95d03f76693f5,3174622.137076,0.014203,1,1,1468,1467,0,0
enc_decode,chatcmpl-93ee645fee3846af98c95d03f76693f5,3174622.151499,0.014221,1,1,1469,1468,0,0
enc_decode,chatcmpl-93ee645fee3846af98c95d03f76693f5,3174622.165942,0.014201,1,1,1470,1469,0,0
enc_decode,chatcmpl-93ee645fee3846af98c95d03f76693f5,3174622.180365,0.014228,1,1,1471,1470,0,0
enc_decode,chatcmpl-93ee645fee3846af98c95d03f76693f5,3174622.194815,0.014226,1,1,1472,1471,0,0
enc_decode,chatcmpl-93ee645fee3846af98c95d03f76693f5,3174622.209265,0.014209,1,1,1473,1472,0,0
enc_decode,chatcmpl-93ee645fee3846af98c95d03f76693f5,3174622.223696,0.014200,1,1,1474,1473,0,0
enc_decode,chatcmpl-93ee645fee3846af98c95d03f76693f5,3174622.238120,0.014202,1,1,1475,1474,0,0
enc_decode,chatcmpl-93ee645fee3846af98c95d03f76693f5,3174622.252544,0.014208,1,1,1476,1475,0,0
enc_decode,chatcmpl-93ee645fee3846af98c95d03f76693f5,3174622.266974,0.014244,1,1,1477,1476,0,0
enc_decode,chatcmpl-93ee645fee3846af98c95d03f76693f5,3174622.281442,0.014204,1,1,1478,1477,0,0
enc_decode,chatcmpl-93ee645fee3846af98c95d03f76693f5,3174622.295872,0.014261,1,1,1479,1478,0,0
enc_decode,chatcmpl-93ee645fee3846af98c95d03f76693f5,3174622.310355,0.014204,1,1,1480,1479,0,0
enc_decode,chatcmpl-93ee645fee3846af98c95d03f76693f5,3174622.324781,0.014213,1,1,1481,1480,0,0
enc_decode,chatcmpl-93ee645fee3846af98c95d03f76693f5,3174622.339216,0.014209,1,1,1482,1481,0,0
enc_decode,chatcmpl-93ee645fee3846af98c95d03f76693f5,3174622.353644,0.014215,1,1,1483,1482,0,0
enc_decode,chatcmpl-93ee645fee3846af98c95d03f76693f5,3174622.368093,0.014204,1,1,1484,1483,0,0
enc_decode,chatcmpl-93ee645fee3846af98c95d03f76693f5,3174622.382520,0.014204,1,1,1485,1484,0,0
enc_decode,chatcmpl-93ee645fee3846af98c95d03f76693f5,3174622.396945,0.014191,1,1,1486,1485,0,0
enc_decode,chatcmpl-93ee645fee3846af98c95d03f76693f5,3174622.411360,0.014327,1,1,1487,1486,0,0
enc_decode,chatcmpl-93ee645fee3846af98c95d03f76693f5,3174622.425911,0.014198,1,1,1488,1487,0,0
enc_decode,chatcmpl-93ee645fee3846af98c95d03f76693f5,3174622.440335,0.014187,1,1,1489,1488,0,0
enc_decode,chatcmpl-93ee645fee3846af98c95d03f76693f5,3174622.454746,0.014229,1,1,1490,1489,0,0
enc_decode,chatcmpl-93ee645fee3846af98c95d03f76693f5,3174622.469195,0.014188,1,1,1491,1490,0,0
enc_decode,chatcmpl-93ee645fee3846af98c95d03f76693f5,3174622.483604,0.014193,1,1,1492,1491,0,0
enc_decode,chatcmpl-93ee645fee3846af98c95d03f76693f5,3174622.498024,0.014192,1,1,1493,1492,0,0
enc_decode,chatcmpl-93ee645fee3846af98c95d03f76693f5,3174622.512440,0.014206,1,1,1494,1493,0,0
enc_decode,chatcmpl-93ee645fee3846af98c95d03f76693f5,3174622.526870,0.014231,1,1,1495,1494,0,0
enc_decode,chatcmpl-93ee645fee3846af98c95d03f76693f5,3174622.541327,0.014235,1,1,1496,1495,0,0
enc_decode,chatcmpl-93ee645fee3846af98c95d03f76693f5,3174622.555784,0.014204,1,1,1497,1496,0,0
enc_decode,chatcmpl-93ee645fee3846af98c95d03f76693f5,3174622.570211,0.014181,1,1,1498,1497,0,0
enc_decode,chatcmpl-93ee645fee3846af98c95d03f76693f5,3174622.584614,0.014186,1,1,1499,1498,0,0
enc_decode,chatcmpl-93ee645fee3846af98c95d03f76693f5,3174622.599023,0.014205,1,1,1500,1499,0,0
enc_decode,chatcmpl-93ee645fee3846af98c95d03f76693f5,3174622.613450,0.014207,1,1,1501,1500,0,0
enc_prefill,chatcmpl-618c0aa0a1b640c79ade949427d852d8,3174622.649028,0.336005,1,1337,1337,0,1,0
enc_decode,chatcmpl-618c0aa0a1b640c79ade949427d852d8,3174622.985441,0.014275,1,1,1338,1337,0,0
enc_decode,chatcmpl-618c0aa0a1b640c79ade949427d852d8,3174622.999939,0.014223,1,1,1339,1338,0,0
enc_decode,chatcmpl-618c0aa0a1b640c79ade949427d852d8,3174623.014387,0.014230,1,1,1340,1339,0,0
enc_decode,chatcmpl-618c0aa0a1b640c79ade949427d852d8,3174623.028843,0.014226,1,1,1341,1340,0,0
enc_decode,chatcmpl-618c0aa0a1b640c79ade949427d852d8,3174623.043296,0.014236,1,1,1342,1341,0,0
enc_decode,chatcmpl-618c0aa0a1b640c79ade949427d852d8,3174623.057754,0.014234,1,1,1343,1342,0,0
enc_decode,chatcmpl-618c0aa0a1b640c79ade949427d852d8,3174623.072215,0.014216,1,1,1344,1343,0,0
enc_decode,chatcmpl-618c0aa0a1b640c79ade949427d852d8,3174623.086656,0.014213,1,1,1345,1344,0,0
enc_decode,chatcmpl-618c0aa0a1b640c79ade949427d852d8,3174623.101105,0.014216,1,1,1346,1345,0,0
enc_decode,chatcmpl-618c0aa0a1b640c79ade949427d852d8,3174623.115542,0.014230,1,1,1347,1346,0,0
enc_decode,chatcmpl-618c0aa0a1b640c79ade949427d852d8,3174623.129996,0.014193,1,1,1348,1347,0,0
enc_decode,chatcmpl-618c0aa0a1b640c79ade949427d852d8,3174623.144412,0.014204,1,1,1349,1348,0,0
enc_decode,chatcmpl-618c0aa0a1b640c79ade949427d852d8,3174623.158840,0.014216,1,1,1350,1349,0,0
enc_decode,chatcmpl-618c0aa0a1b640c79ade949427d852d8,3174623.173281,0.014216,1,1,1351,1350,0,0
enc_decode,chatcmpl-618c0aa0a1b640c79ade949427d852d8,3174623.187720,0.014329,1,1,1352,1351,0,0
enc_decode,chatcmpl-618c0aa0a1b640c79ade949427d852d8,3174623.202273,0.014203,1,1,1353,1352,0,0
enc_decode,chatcmpl-618c0aa0a1b640c79ade949427d852d8,3174623.216701,0.014195,1,1,1354,1353,0,0
enc_decode,chatcmpl-618c0aa0a1b640c79ade949427d852d8,3174623.231119,0.014205,1,1,1355,1354,0,0
enc_decode,chatcmpl-618c0aa0a1b640c79ade949427d852d8,3174623.245548,0.014208,1,1,1356,1355,0,0
enc_decode,chatcmpl-618c0aa0a1b640c79ade949427d852d8,3174623.259977,0.014188,1,1,1357,1356,0,0
enc_decode,chatcmpl-618c0aa0a1b640c79ade949427d852d8,3174623.274388,0.014206,1,1,1358,1357,0,0
enc_decode,chatcmpl-618c0aa0a1b640c79ade949427d852d8,3174623.288820,0.014190,1,1,1359,1358,0,0
enc_decode,chatcmpl-618c0aa0a1b640c79ade949427d852d8,3174623.303231,0.014211,1,1,1360,1359,0,0
enc_decode,chatcmpl-618c0aa0a1b640c79ade949427d852d8,3174623.317661,0.014220,1,1,1361,1360,0,0
enc_decode,chatcmpl-618c0aa0a1b640c79ade949427d852d8,3174623.332112,0.014178,1,1,1362,1361,0,0
enc_decode,chatcmpl-618c0aa0a1b640c79ade949427d852d8,3174623.346515,0.014187,1,1,1363,1362,0,0
enc_decode,chatcmpl-618c0aa0a1b640c79ade949427d852d8,3174623.360921,0.014189,1,1,1364,1363,0,0
enc_decode,chatcmpl-618c0aa0a1b640c79ade949427d852d8,3174623.375332,0.014198,1,1,1365,1364,0,0
enc_decode,chatcmpl-618c0aa0a1b640c79ade949427d852d8,3174623.389751,0.014187,1,1,1366,1365,0,0
enc_decode,chatcmpl-618c0aa0a1b640c79ade949427d852d8,3174623.404165,0.014185,1,1,1367,1366,0,0
enc_decode,chatcmpl-618c0aa0a1b640c79ade949427d852d8,3174623.418575,0.014183,1,1,1368,1367,0,0
enc_decode,chatcmpl-618c0aa0a1b640c79ade949427d852d8,3174623.432983,0.014202,1,1,1369,1368,0,0
enc_decode,chatcmpl-618c0aa0a1b640c79ade949427d852d8,3174623.447410,0.014207,1,1,1370,1369,0,0
enc_decode,chatcmpl-618c0aa0a1b640c79ade949427d852d8,3174623.461839,0.014207,1,1,1371,1370,0,0
enc_decode,chatcmpl-618c0aa0a1b640c79ade949427d852d8,3174623.476270,0.014193,1,1,1372,1371,0,0
enc_decode,chatcmpl-618c0aa0a1b640c79ade949427d852d8,3174623.490687,0.014203,1,1,1373,1372,0,0
enc_decode,chatcmpl-618c0aa0a1b640c79ade949427d852d8,3174623.505116,0.014209,1,1,1374,1373,0,0
enc_decode,chatcmpl-618c0aa0a1b640c79ade949427d852d8,3174623.519549,0.014283,1,1,1375,1374,0,0
enc_decode,chatcmpl-618c0aa0a1b640c79ade949427d852d8,3174623.534058,0.014207,1,1,1376,1375,0,0
enc_decode,chatcmpl-618c0aa0a1b640c79ade949427d852d8,3174623.548491,0.014186,1,1,1377,1376,0,0
enc_decode,chatcmpl-618c0aa0a1b640c79ade949427d852d8,3174623.562900,0.014206,1,1,1378,1377,0,0
enc_decode,chatcmpl-618c0aa0a1b640c79ade949427d852d8,3174623.577326,0.014196,1,1,1379,1378,0,0
enc_decode,chatcmpl-618c0aa0a1b640c79ade949427d852d8,3174623.591742,0.014201,1,1,1380,1379,0,0
enc_decode,chatcmpl-618c0aa0a1b640c79ade949427d852d8,3174623.606167,0.014185,1,1,1381,1380,0,0
enc_decode,chatcmpl-618c0aa0a1b640c79ade949427d852d8,3174623.620572,0.014211,1,1,1382,1381,0,0
enc_decode,chatcmpl-618c0aa0a1b640c79ade949427d852d8,3174623.635009,0.014214,1,1,1383,1382,0,0
enc_decode,chatcmpl-618c0aa0a1b640c79ade949427d852d8,3174623.649448,0.014186,1,1,1384,1383,0,0
enc_decode,chatcmpl-618c0aa0a1b640c79ade949427d852d8,3174623.663855,0.014199,1,1,1385,1384,0,0
enc_decode,chatcmpl-618c0aa0a1b640c79ade949427d852d8,3174623.678279,0.014202,1,1,1386,1385,0,0
enc_decode,chatcmpl-618c0aa0a1b640c79ade949427d852d8,3174623.692708,0.014203,1,1,1387,1386,0,0
enc_decode,chatcmpl-618c0aa0a1b640c79ade949427d852d8,3174623.707140,0.014187,1,1,1388,1387,0,0
enc_decode,chatcmpl-618c0aa0a1b640c79ade949427d852d8,3174623.721558,0.014194,1,1,1389,1388,0,0
enc_decode,chatcmpl-618c0aa0a1b640c79ade949427d852d8,3174623.735977,0.014214,1,1,1390,1389,0,0
enc_decode,chatcmpl-618c0aa0a1b640c79ade949427d852d8,3174623.750414,0.014196,1,1,1391,1390,0,0
enc_decode,chatcmpl-618c0aa0a1b640c79ade949427d852d8,3174623.764836,0.014201,1,1,1392,1391,0,0
enc_decode,chatcmpl-618c0aa0a1b640c79ade949427d852d8,3174623.779263,0.014199,1,1,1393,1392,0,0
enc_decode,chatcmpl-618c0aa0a1b640c79ade949427d852d8,3174623.793689,0.014293,1,1,1394,1393,0,0
enc_decode,chatcmpl-618c0aa0a1b640c79ade949427d852d8,3174623.808212,0.014220,1,1,1395,1394,0,0
enc_decode,chatcmpl-618c0aa0a1b640c79ade949427d852d8,3174623.822655,0.014190,1,1,1396,1395,0,0
enc_decode,chatcmpl-618c0aa0a1b640c79ade949427d852d8,3174623.837073,0.014196,1,1,1397,1396,0,0
enc_decode,chatcmpl-618c0aa0a1b640c79ade949427d852d8,3174623.851492,0.014267,1,1,1398,1397,0,0
enc_decode,chatcmpl-618c0aa0a1b640c79ade949427d852d8,3174623.865985,0.014211,1,1,1399,1398,0,0
enc_decode,chatcmpl-618c0aa0a1b640c79ade949427d852d8,3174623.880422,0.014181,1,1,1400,1399,0,0
enc_decode,chatcmpl-618c0aa0a1b640c79ade949427d852d8,3174623.894829,0.014227,1,1,1401,1400,0,0
enc_decode,chatcmpl-618c0aa0a1b640c79ade949427d852d8,3174623.909278,0.014217,1,1,1402,1401,0,0
enc_decode,chatcmpl-618c0aa0a1b640c79ade949427d852d8,3174623.923719,0.014223,1,1,1403,1402,0,0
enc_decode,chatcmpl-618c0aa0a1b640c79ade949427d852d8,3174623.938165,0.014221,1,1,1404,1403,0,0
enc_decode,chatcmpl-618c0aa0a1b640c79ade949427d852d8,3174623.952609,0.014204,1,1,1405,1404,0,0
enc_decode,chatcmpl-618c0aa0a1b640c79ade949427d852d8,3174623.967038,0.014233,1,1,1406,1405,0,0
enc_decode,chatcmpl-618c0aa0a1b640c79ade949427d852d8,3174623.981496,0.014205,1,1,1407,1406,0,0
enc_decode,chatcmpl-618c0aa0a1b640c79ade949427d852d8,3174623.995926,0.014223,1,1,1408,1407,0,0
enc_decode,chatcmpl-618c0aa0a1b640c79ade949427d852d8,3174624.010383,0.014218,1,1,1409,1408,0,0
enc_decode,chatcmpl-618c0aa0a1b640c79ade949427d852d8,3174624.024827,0.014179,1,1,1410,1409,0,0
enc_decode,chatcmpl-618c0aa0a1b640c79ade949427d852d8,3174624.039229,0.014214,1,1,1411,1410,0,0
enc_decode,chatcmpl-618c0aa0a1b640c79ade949427d852d8,3174624.053670,0.014196,1,1,1412,1411,0,0
enc_decode,chatcmpl-618c0aa0a1b640c79ade949427d852d8,3174624.068099,0.014210,1,1,1413,1412,0,0
enc_decode,chatcmpl-618c0aa0a1b640c79ade949427d852d8,3174624.082535,0.014212,1,1,1414,1413,0,0
enc_decode,chatcmpl-618c0aa0a1b640c79ade949427d852d8,3174624.096972,0.014231,1,1,1415,1414,0,0
enc_decode,chatcmpl-618c0aa0a1b640c79ade949427d852d8,3174624.111429,0.014216,1,1,1416,1415,0,0
enc_decode,chatcmpl-618c0aa0a1b640c79ade949427d852d8,3174624.125864,0.014288,1,1,1417,1416,0,0
enc_decode,chatcmpl-618c0aa0a1b640c79ade949427d852d8,3174624.140378,0.014218,1,1,1418,1417,0,0
enc_decode,chatcmpl-618c0aa0a1b640c79ade949427d852d8,3174624.154817,0.014229,1,1,1419,1418,0,0
enc_decode,chatcmpl-618c0aa0a1b640c79ade949427d852d8,3174624.169267,0.014180,1,1,1420,1419,0,0
enc_decode,chatcmpl-618c0aa0a1b640c79ade949427d852d8,3174624.183675,0.014294,1,1,1421,1420,0,0
enc_decode,chatcmpl-618c0aa0a1b640c79ade949427d852d8,3174624.198197,0.014193,1,1,1422,1421,0,0
enc_decode,chatcmpl-618c0aa0a1b640c79ade949427d852d8,3174624.212616,0.014186,1,1,1423,1422,0,0
enc_decode,chatcmpl-618c0aa0a1b640c79ade949427d852d8,3174624.227027,0.014203,1,1,1424,1423,0,0
enc_decode,chatcmpl-618c0aa0a1b640c79ade949427d852d8,3174624.241456,0.014200,1,1,1425,1424,0,0
enc_decode,chatcmpl-618c0aa0a1b640c79ade949427d852d8,3174624.255880,0.014188,1,1,1426,1425,0,0
enc_decode,chatcmpl-618c0aa0a1b640c79ade949427d852d8,3174624.270296,0.014207,1,1,1427,1426,0,0
enc_decode,chatcmpl-618c0aa0a1b640c79ade949427d852d8,3174624.284724,0.014194,1,1,1428,1427,0,0
enc_decode,chatcmpl-618c0aa0a1b640c79ade949427d852d8,3174624.299139,0.014228,1,1,1429,1428,0,0
enc_decode,chatcmpl-618c0aa0a1b640c79ade949427d852d8,3174624.313595,0.014218,1,1,1430,1429,0,0
enc_decode,chatcmpl-618c0aa0a1b640c79ade949427d852d8,3174624.328040,0.014200,1,1,1431,1430,0,0
enc_decode,chatcmpl-618c0aa0a1b640c79ade949427d852d8,3174624.342474,0.014209,1,1,1432,1431,0,0
enc_decode,chatcmpl-618c0aa0a1b640c79ade949427d852d8,3174624.356909,0.014196,1,1,1433,1432,0,0
enc_decode,chatcmpl-618c0aa0a1b640c79ade949427d852d8,3174624.371324,0.014203,1,1,1434,1433,0,0
enc_decode,chatcmpl-618c0aa0a1b640c79ade949427d852d8,3174624.385750,0.014194,1,1,1435,1434,0,0
enc_decode,chatcmpl-618c0aa0a1b640c79ade949427d852d8,3174624.400174,0.014183,1,1,1436,1435,0,0
enc_decode,chatcmpl-618c0aa0a1b640c79ade949427d852d8,3174624.414584,0.014205,1,1,1437,1436,0,0
enc_decode,chatcmpl-618c0aa0a1b640c79ade949427d852d8,3174624.429012,0.014201,1,1,1438,1437,0,0
enc_decode,chatcmpl-618c0aa0a1b640c79ade949427d852d8,3174624.443436,0.014200,1,1,1439,1438,0,0
enc_decode,chatcmpl-618c0aa0a1b640c79ade949427d852d8,3174624.457860,0.014304,1,1,1440,1439,0,0
enc_decode,chatcmpl-618c0aa0a1b640c79ade949427d852d8,3174624.472387,0.014209,1,1,1441,1440,0,0
enc_decode,chatcmpl-618c0aa0a1b640c79ade949427d852d8,3174624.486819,0.014235,1,1,1442,1441,0,0
enc_decode,chatcmpl-618c0aa0a1b640c79ade949427d852d8,3174624.501276,0.014219,1,1,1443,1442,0,0
enc_decode,chatcmpl-618c0aa0a1b640c79ade949427d852d8,3174624.515719,0.014290,1,1,1444,1443,0,0
enc_decode,chatcmpl-618c0aa0a1b640c79ade949427d852d8,3174624.530233,0.014211,1,1,1445,1444,0,0
enc_decode,chatcmpl-618c0aa0a1b640c79ade949427d852d8,3174624.544672,0.014204,1,1,1446,1445,0,0
enc_decode,chatcmpl-618c0aa0a1b640c79ade949427d852d8,3174624.559102,0.014207,1,1,1447,1446,0,0
enc_decode,chatcmpl-618c0aa0a1b640c79ade949427d852d8,3174624.573530,0.014191,1,1,1448,1447,0,0
enc_decode,chatcmpl-618c0aa0a1b640c79ade949427d852d8,3174624.587946,0.014210,1,1,1449,1448,0,0
enc_decode,chatcmpl-618c0aa0a1b640c79ade949427d852d8,3174624.602380,0.014199,1,1,1450,1449,0,0
enc_decode,chatcmpl-618c0aa0a1b640c79ade949427d852d8,3174624.616803,0.014193,1,1,1451,1450,0,0
enc_decode,chatcmpl-618c0aa0a1b640c79ade949427d852d8,3174624.631219,0.014206,1,1,1452,1451,0,0
enc_decode,chatcmpl-618c0aa0a1b640c79ade949427d852d8,3174624.645649,0.014202,1,1,1453,1452,0,0
enc_decode,chatcmpl-618c0aa0a1b640c79ade949427d852d8,3174624.660081,0.014204,1,1,1454,1453,0,0
enc_decode,chatcmpl-618c0aa0a1b640c79ade949427d852d8,3174624.674505,0.014212,1,1,1455,1454,0,0
enc_decode,chatcmpl-618c0aa0a1b640c79ade949427d852d8,3174624.688940,0.014208,1,1,1456,1455,0,0
enc_decode,chatcmpl-618c0aa0a1b640c79ade949427d852d8,3174624.703369,0.014220,1,1,1457,1456,0,0
enc_decode,chatcmpl-618c0aa0a1b640c79ade949427d852d8,3174624.717810,0.014206,1,1,1458,1457,0,0
enc_decode,chatcmpl-618c0aa0a1b640c79ade949427d852d8,3174624.732238,0.014194,1,1,1459,1458,0,0
enc_decode,chatcmpl-618c0aa0a1b640c79ade949427d852d8,3174624.746655,0.014188,1,1,1460,1459,0,0
enc_prefill,chatcmpl-f219246352f342e3bdc7697c55dc4833,3174624.782216,0.335889,1,1325,1325,0,1,0
enc_decode,chatcmpl-f219246352f342e3bdc7697c55dc4833,3174625.118379,0.014284,1,1,1326,1325,0,0
enc_decode,chatcmpl-f219246352f342e3bdc7697c55dc4833,3174625.132890,0.014212,1,1,1327,1326,0,0
enc_decode,chatcmpl-f219246352f342e3bdc7697c55dc4833,3174625.147446,0.014250,1,1,1328,1327,0,0
enc_decode,chatcmpl-f219246352f342e3bdc7697c55dc4833,3174625.161919,0.014211,1,1,1329,1328,0,0
enc_decode,chatcmpl-f219246352f342e3bdc7697c55dc4833,3174625.176354,0.014226,1,1,1330,1329,0,0
enc_decode,chatcmpl-f219246352f342e3bdc7697c55dc4833,3174625.190802,0.014208,1,1,1331,1330,0,0
enc_decode,chatcmpl-f219246352f342e3bdc7697c55dc4833,3174625.205233,0.014230,1,1,1332,1331,0,0
enc_decode,chatcmpl-f219246352f342e3bdc7697c55dc4833,3174625.219689,0.014228,1,1,1333,1332,0,0
enc_decode,chatcmpl-f219246352f342e3bdc7697c55dc4833,3174625.234144,0.014288,1,1,1334,1333,0,0
enc_decode,chatcmpl-f219246352f342e3bdc7697c55dc4833,3174625.248661,0.014232,1,1,1335,1334,0,0
enc_decode,chatcmpl-f219246352f342e3bdc7697c55dc4833,3174625.263118,0.014225,1,1,1336,1335,0,0
enc_decode,chatcmpl-f219246352f342e3bdc7697c55dc4833,3174625.277568,0.014207,1,1,1337,1336,0,0
enc_decode,chatcmpl-f219246352f342e3bdc7697c55dc4833,3174625.291996,0.014293,1,1,1338,1337,0,0
enc_decode,chatcmpl-f219246352f342e3bdc7697c55dc4833,3174625.306512,0.014206,1,1,1339,1338,0,0
enc_decode,chatcmpl-f219246352f342e3bdc7697c55dc4833,3174625.320951,0.014211,1,1,1340,1339,0,0
enc_decode,chatcmpl-f219246352f342e3bdc7697c55dc4833,3174625.335385,0.014218,1,1,1341,1340,0,0
enc_decode,chatcmpl-f219246352f342e3bdc7697c55dc4833,3174625.349828,0.014223,1,1,1342,1341,0,0
enc_decode,chatcmpl-f219246352f342e3bdc7697c55dc4833,3174625.364276,0.014203,1,1,1343,1342,0,0
enc_decode,chatcmpl-f219246352f342e3bdc7697c55dc4833,3174625.378706,0.014203,1,1,1344,1343,0,0
enc_decode,chatcmpl-f219246352f342e3bdc7697c55dc4833,3174625.393133,0.014215,1,1,1345,1344,0,0
enc_decode,chatcmpl-f219246352f342e3bdc7697c55dc4833,3174625.407573,0.014201,1,1,1346,1345,0,0
enc_decode,chatcmpl-f219246352f342e3bdc7697c55dc4833,3174625.421997,0.014213,1,1,1347,1346,0,0
enc_decode,chatcmpl-f219246352f342e3bdc7697c55dc4833,3174625.436433,0.014210,1,1,1348,1347,0,0
enc_decode,chatcmpl-f219246352f342e3bdc7697c55dc4833,3174625.450867,0.014231,1,1,1349,1348,0,0
enc_decode,chatcmpl-f219246352f342e3bdc7697c55dc4833,3174625.465326,0.014217,1,1,1350,1349,0,0
enc_decode,chatcmpl-f219246352f342e3bdc7697c55dc4833,3174625.479765,0.014224,1,1,1351,1350,0,0
enc_decode,chatcmpl-f219246352f342e3bdc7697c55dc4833,3174625.494218,0.014225,1,1,1352,1351,0,0
enc_decode,chatcmpl-f219246352f342e3bdc7697c55dc4833,3174625.508665,0.014218,1,1,1353,1352,0,0
enc_decode,chatcmpl-f219246352f342e3bdc7697c55dc4833,3174625.523106,0.014210,1,1,1354,1353,0,0
enc_decode,chatcmpl-f219246352f342e3bdc7697c55dc4833,3174625.537540,0.014215,1,1,1355,1354,0,0
enc_decode,chatcmpl-f219246352f342e3bdc7697c55dc4833,3174625.551979,0.014223,1,1,1356,1355,0,0
enc_decode,chatcmpl-f219246352f342e3bdc7697c55dc4833,3174625.566424,0.014306,1,1,1357,1356,0,0
enc_decode,chatcmpl-f219246352f342e3bdc7697c55dc4833,3174625.580954,0.014203,1,1,1358,1357,0,0
enc_decode,chatcmpl-f219246352f342e3bdc7697c55dc4833,3174625.595377,0.014222,1,1,1359,1358,0,0
enc_decode,chatcmpl-f219246352f342e3bdc7697c55dc4833,3174625.609822,0.014201,1,1,1360,1359,0,0
enc_decode,chatcmpl-f219246352f342e3bdc7697c55dc4833,3174625.624247,0.014273,1,1,1361,1360,0,0
enc_decode,chatcmpl-f219246352f342e3bdc7697c55dc4833,3174625.638747,0.014207,1,1,1362,1361,0,0
enc_decode,chatcmpl-f219246352f342e3bdc7697c55dc4833,3174625.653177,0.014212,1,1,1363,1362,0,0
enc_decode,chatcmpl-f219246352f342e3bdc7697c55dc4833,3174625.667611,0.014217,1,1,1364,1363,0,0
enc_decode,chatcmpl-f219246352f342e3bdc7697c55dc4833,3174625.682053,0.014221,1,1,1365,1364,0,0
enc_decode,chatcmpl-f219246352f342e3bdc7697c55dc4833,3174625.696497,0.014182,1,1,1366,1365,0,0
enc_decode,chatcmpl-f219246352f342e3bdc7697c55dc4833,3174625.710902,0.014232,1,1,1367,1366,0,0
enc_decode,chatcmpl-f219246352f342e3bdc7697c55dc4833,3174625.725358,0.014206,1,1,1368,1367,0,0
enc_decode,chatcmpl-f219246352f342e3bdc7697c55dc4833,3174625.739785,0.014212,1,1,1369,1368,0,0
enc_decode,chatcmpl-f219246352f342e3bdc7697c55dc4833,3174625.754219,0.014209,1,1,1370,1369,0,0
enc_decode,chatcmpl-f219246352f342e3bdc7697c55dc4833,3174625.768652,0.014201,1,1,1371,1370,0,0
enc_decode,chatcmpl-f219246352f342e3bdc7697c55dc4833,3174625.783078,0.014198,1,1,1372,1371,0,0
enc_decode,chatcmpl-f219246352f342e3bdc7697c55dc4833,3174625.797498,0.014202,1,1,1373,1372,0,0
enc_decode,chatcmpl-f219246352f342e3bdc7697c55dc4833,3174625.811921,0.014220,1,1,1374,1373,0,0
enc_decode,chatcmpl-f219246352f342e3bdc7697c55dc4833,3174625.826364,0.014202,1,1,1375,1374,0,0
enc_decode,chatcmpl-f219246352f342e3bdc7697c55dc4833,3174625.840788,0.014211,1,1,1376,1375,0,0
enc_decode,chatcmpl-f219246352f342e3bdc7697c55dc4833,3174625.855224,0.014191,1,1,1377,1376,0,0
enc_decode,chatcmpl-f219246352f342e3bdc7697c55dc4833,3174625.869638,0.014193,1,1,1378,1377,0,0
enc_decode,chatcmpl-f219246352f342e3bdc7697c55dc4833,3174625.884063,0.014212,1,1,1379,1378,0,0
enc_decode,chatcmpl-f219246352f342e3bdc7697c55dc4833,3174625.898495,0.014284,1,1,1380,1379,0,0
enc_decode,chatcmpl-f219246352f342e3bdc7697c55dc4833,3174625.913001,0.014186,1,1,1381,1380,0,0
enc_decode,chatcmpl-f219246352f342e3bdc7697c55dc4833,3174625.927409,0.014203,1,1,1382,1381,0,0
enc_decode,chatcmpl-f219246352f342e3bdc7697c55dc4833,3174625.941843,0.014213,1,1,1383,1382,0,0
enc_decode,chatcmpl-f219246352f342e3bdc7697c55dc4833,3174625.956281,0.014197,1,1,1384,1383,0,0
enc_decode,chatcmpl-f219246352f342e3bdc7697c55dc4833,3174625.970705,0.014202,1,1,1385,1384,0,0
enc_decode,chatcmpl-f219246352f342e3bdc7697c55dc4833,3174625.985131,0.014200,1,1,1386,1385,0,0
enc_decode,chatcmpl-f219246352f342e3bdc7697c55dc4833,3174625.999552,0.014206,1,1,1387,1386,0,0
enc_decode,chatcmpl-f219246352f342e3bdc7697c55dc4833,3174626.013981,0.014198,1,1,1388,1387,0,0
enc_decode,chatcmpl-f219246352f342e3bdc7697c55dc4833,3174626.028400,0.014202,1,1,1389,1388,0,0
enc_decode,chatcmpl-f219246352f342e3bdc7697c55dc4833,3174626.042824,0.014188,1,1,1390,1389,0,0
enc_decode,chatcmpl-f219246352f342e3bdc7697c55dc4833,3174626.057233,0.014216,1,1,1391,1390,0,0
enc_decode,chatcmpl-f219246352f342e3bdc7697c55dc4833,3174626.071673,0.014219,1,1,1392,1391,0,0
enc_decode,chatcmpl-f219246352f342e3bdc7697c55dc4833,3174626.086116,0.014195,1,1,1393,1392,0,0
enc_decode,chatcmpl-f219246352f342e3bdc7697c55dc4833,3174626.100537,0.014182,1,1,1394,1393,0,0
enc_decode,chatcmpl-f219246352f342e3bdc7697c55dc4833,3174626.114944,0.014207,1,1,1395,1394,0,0
enc_decode,chatcmpl-f219246352f342e3bdc7697c55dc4833,3174626.129376,0.014207,1,1,1396,1395,0,0
enc_decode,chatcmpl-f219246352f342e3bdc7697c55dc4833,3174626.143811,0.014216,1,1,1397,1396,0,0
enc_decode,chatcmpl-f219246352f342e3bdc7697c55dc4833,3174626.158251,0.014198,1,1,1398,1397,0,0
enc_decode,chatcmpl-f219246352f342e3bdc7697c55dc4833,3174626.172673,0.014207,1,1,1399,1398,0,0
enc_decode,chatcmpl-f219246352f342e3bdc7697c55dc4833,3174626.187104,0.014197,1,1,1400,1399,0,0
enc_decode,chatcmpl-f219246352f342e3bdc7697c55dc4833,3174626.201523,0.014212,1,1,1401,1400,0,0
enc_decode,chatcmpl-f219246352f342e3bdc7697c55dc4833,3174626.215965,0.014200,1,1,1402,1401,0,0
enc_decode,chatcmpl-f219246352f342e3bdc7697c55dc4833,3174626.230388,0.014305,1,1,1403,1402,0,0
enc_decode,chatcmpl-f219246352f342e3bdc7697c55dc4833,3174626.244918,0.014223,1,1,1404,1403,0,0
enc_decode,chatcmpl-f219246352f342e3bdc7697c55dc4833,3174626.259364,0.014205,1,1,1405,1404,0,0
enc_decode,chatcmpl-f219246352f342e3bdc7697c55dc4833,3174626.273791,0.014198,1,1,1406,1405,0,0
enc_decode,chatcmpl-f219246352f342e3bdc7697c55dc4833,3174626.288221,0.014197,1,1,1407,1406,0,0
enc_decode,chatcmpl-f219246352f342e3bdc7697c55dc4833,3174626.302646,0.014190,1,1,1408,1407,0,0
enc_decode,chatcmpl-f219246352f342e3bdc7697c55dc4833,3174626.317070,0.014204,1,1,1409,1408,0,0
enc_decode,chatcmpl-f219246352f342e3bdc7697c55dc4833,3174626.331496,0.014213,1,1,1410,1409,0,0
enc_decode,chatcmpl-f219246352f342e3bdc7697c55dc4833,3174626.345934,0.014197,1,1,1411,1410,0,0
enc_decode,chatcmpl-f219246352f342e3bdc7697c55dc4833,3174626.360353,0.014202,1,1,1412,1411,0,0
enc_decode,chatcmpl-f219246352f342e3bdc7697c55dc4833,3174626.374778,0.014205,1,1,1413,1412,0,0
enc_decode,chatcmpl-f219246352f342e3bdc7697c55dc4833,3174626.389206,0.014179,1,1,1414,1413,0,0
enc_decode,chatcmpl-f219246352f342e3bdc7697c55dc4833,3174626.403610,0.014219,1,1,1415,1414,0,0
enc_decode,chatcmpl-f219246352f342e3bdc7697c55dc4833,3174626.418050,0.014205,1,1,1416,1415,0,0
enc_decode,chatcmpl-f219246352f342e3bdc7697c55dc4833,3174626.432486,0.014211,1,1,1417,1416,0,0
enc_decode,chatcmpl-f219246352f342e3bdc7697c55dc4833,3174626.446927,0.014205,1,1,1418,1417,0,0
enc_decode,chatcmpl-f219246352f342e3bdc7697c55dc4833,3174626.461357,0.014217,1,1,1419,1418,0,0
enc_decode,chatcmpl-f219246352f342e3bdc7697c55dc4833,3174626.475795,0.014203,1,1,1420,1419,0,0
enc_decode,chatcmpl-f219246352f342e3bdc7697c55dc4833,3174626.490221,0.014211,1,1,1421,1420,0,0
enc_decode,chatcmpl-f219246352f342e3bdc7697c55dc4833,3174626.504653,0.014207,1,1,1422,1421,0,0
enc_decode,chatcmpl-f219246352f342e3bdc7697c55dc4833,3174626.519088,0.014215,1,1,1423,1422,0,0
enc_decode,chatcmpl-f219246352f342e3bdc7697c55dc4833,3174626.533525,0.014200,1,1,1424,1423,0,0
enc_decode,chatcmpl-f219246352f342e3bdc7697c55dc4833,3174626.547950,0.014204,1,1,1425,1424,0,0
enc_decode,chatcmpl-f219246352f342e3bdc7697c55dc4833,3174626.562387,0.014292,1,1,1426,1425,0,0
enc_decode,chatcmpl-f219246352f342e3bdc7697c55dc4833,3174626.576904,0.014202,1,1,1427,1426,0,0
enc_decode,chatcmpl-f219246352f342e3bdc7697c55dc4833,3174626.591327,0.014180,1,1,1428,1427,0,0
enc_decode,chatcmpl-f219246352f342e3bdc7697c55dc4833,3174626.605727,0.014203,1,1,1429,1428,0,0
enc_decode,chatcmpl-f219246352f342e3bdc7697c55dc4833,3174626.620158,0.014179,1,1,1430,1429,0,0
enc_decode,chatcmpl-f219246352f342e3bdc7697c55dc4833,3174626.634557,0.014199,1,1,1431,1430,0,0
enc_decode,chatcmpl-f219246352f342e3bdc7697c55dc4833,3174626.648979,0.014209,1,1,1432,1431,0,0
enc_decode,chatcmpl-f219246352f342e3bdc7697c55dc4833,3174626.663406,0.014212,1,1,1433,1432,0,0
enc_decode,chatcmpl-f219246352f342e3bdc7697c55dc4833,3174626.677844,0.014199,1,1,1434,1433,0,0
enc_decode,chatcmpl-f219246352f342e3bdc7697c55dc4833,3174626.692263,0.014205,1,1,1435,1434,0,0
enc_decode,chatcmpl-f219246352f342e3bdc7697c55dc4833,3174626.706693,0.014222,1,1,1436,1435,0,0
enc_decode,chatcmpl-f219246352f342e3bdc7697c55dc4833,3174626.721136,0.014186,1,1,1437,1436,0,0
enc_decode,chatcmpl-f219246352f342e3bdc7697c55dc4833,3174626.735544,0.014210,1,1,1438,1437,0,0
enc_decode,chatcmpl-f219246352f342e3bdc7697c55dc4833,3174626.749985,0.014221,1,1,1439,1438,0,0
enc_decode,chatcmpl-f219246352f342e3bdc7697c55dc4833,3174626.764424,0.014186,1,1,1440,1439,0,0
enc_decode,chatcmpl-f219246352f342e3bdc7697c55dc4833,3174626.778835,0.014224,1,1,1441,1440,0,0
enc_decode,chatcmpl-f219246352f342e3bdc7697c55dc4833,3174626.793283,0.014201,1,1,1442,1441,0,0
enc_decode,chatcmpl-f219246352f342e3bdc7697c55dc4833,3174626.807710,0.014215,1,1,1443,1442,0,0
enc_decode,chatcmpl-f219246352f342e3bdc7697c55dc4833,3174626.822147,0.014190,1,1,1444,1443,0,0
enc_decode,chatcmpl-f219246352f342e3bdc7697c55dc4833,3174626.836557,0.014232,1,1,1445,1444,0,0
enc_decode,chatcmpl-f219246352f342e3bdc7697c55dc4833,3174626.851013,0.014210,1,1,1446,1445,0,0
enc_decode,chatcmpl-f219246352f342e3bdc7697c55dc4833,3174626.865446,0.014191,1,1,1447,1446,0,0
enc_decode,chatcmpl-f219246352f342e3bdc7697c55dc4833,3174626.879856,0.014219,1,1,1448,1447,0,0
enc_decode,chatcmpl-f219246352f342e3bdc7697c55dc4833,3174626.894299,0.014327,1,1,1449,1448,0,0
enc_decode,chatcmpl-f219246352f342e3bdc7697c55dc4833,3174626.908852,0.014200,1,1,1450,1449,0,0
enc_decode,chatcmpl-f219246352f342e3bdc7697c55dc4833,3174626.923273,0.014205,1,1,1451,1450,0,0
enc_decode,chatcmpl-f219246352f342e3bdc7697c55dc4833,3174626.937701,0.014185,1,1,1452,1451,0,0
enc_decode,chatcmpl-f219246352f342e3bdc7697c55dc4833,3174626.952118,0.014220,1,1,1453,1452,0,0
enc_decode,chatcmpl-f219246352f342e3bdc7697c55dc4833,3174626.966561,0.014176,1,1,1454,1453,0,0
enc_decode,chatcmpl-f219246352f342e3bdc7697c55dc4833,3174626.980960,0.014207,1,1,1455,1454,0,0
enc_decode,chatcmpl-f219246352f342e3bdc7697c55dc4833,3174626.995389,0.014208,1,1,1456,1455,0,0
enc_decode,chatcmpl-f219246352f342e3bdc7697c55dc4833,3174627.009825,0.014217,1,1,1457,1456,0,0
enc_decode,chatcmpl-f219246352f342e3bdc7697c55dc4833,3174627.024264,0.014212,1,1,1458,1457,0,0
enc_decode,chatcmpl-f219246352f342e3bdc7697c55dc4833,3174627.038699,0.014187,1,1,1459,1458,0,0
enc_decode,chatcmpl-f219246352f342e3bdc7697c55dc4833,3174627.053108,0.014214,1,1,1460,1459,0,0
enc_decode,chatcmpl-f219246352f342e3bdc7697c55dc4833,3174627.067544,0.014201,1,1,1461,1460,0,0
enc_decode,chatcmpl-f219246352f342e3bdc7697c55dc4833,3174627.081968,0.014199,1,1,1462,1461,0,0
enc_decode,chatcmpl-f219246352f342e3bdc7697c55dc4833,3174627.096392,0.014212,1,1,1463,1462,0,0
enc_decode,chatcmpl-f219246352f342e3bdc7697c55dc4833,3174627.110826,0.014224,1,1,1464,1463,0,0
enc_decode,chatcmpl-f219246352f342e3bdc7697c55dc4833,3174627.125277,0.014199,1,1,1465,1464,0,0
enc_decode,chatcmpl-f219246352f342e3bdc7697c55dc4833,3174627.139699,0.014220,1,1,1466,1465,0,0
enc_decode,chatcmpl-f219246352f342e3bdc7697c55dc4833,3174627.154143,0.014198,1,1,1467,1466,0,0
enc_decode,chatcmpl-f219246352f342e3bdc7697c55dc4833,3174627.168565,0.014207,1,1,1468,1467,0,0
enc_decode,chatcmpl-f219246352f342e3bdc7697c55dc4833,3174627.183006,0.014226,1,1,1469,1468,0,0
enc_decode,chatcmpl-f219246352f342e3bdc7697c55dc4833,3174627.197459,0.014199,1,1,1470,1469,0,0
enc_decode,chatcmpl-f219246352f342e3bdc7697c55dc4833,3174627.211886,0.014219,1,1,1471,1470,0,0
enc_decode,chatcmpl-f219246352f342e3bdc7697c55dc4833,3174627.226326,0.014282,1,1,1472,1471,0,0
enc_decode,chatcmpl-f219246352f342e3bdc7697c55dc4833,3174627.240843,0.014202,1,1,1473,1472,0,0
enc_decode,chatcmpl-f219246352f342e3bdc7697c55dc4833,3174627.255267,0.014197,1,1,1474,1473,0,0
enc_decode,chatcmpl-f219246352f342e3bdc7697c55dc4833,3174627.269688,0.014204,1,1,1475,1474,0,0
enc_decode,chatcmpl-f219246352f342e3bdc7697c55dc4833,3174627.284123,0.014189,1,1,1476,1475,0,0
enc_decode,chatcmpl-f219246352f342e3bdc7697c55dc4833,3174627.298537,0.014200,1,1,1477,1476,0,0
enc_decode,chatcmpl-f219246352f342e3bdc7697c55dc4833,3174627.312962,0.014190,1,1,1478,1477,0,0
enc_prefill,chatcmpl-143d52c3d8074309ae3d2850a5835f36,3174627.349063,0.335926,1,1365,1365,0,1,0
enc_decode,chatcmpl-143d52c3d8074309ae3d2850a5835f36,3174627.685258,0.014188,1,1,1366,1365,0,0
enc_decode,chatcmpl-143d52c3d8074309ae3d2850a5835f36,3174627.699672,0.014221,1,1,1367,1366,0,0
enc_decode,chatcmpl-143d52c3d8074309ae3d2850a5835f36,3174627.714212,0.014161,1,1,1368,1367,0,0
enc_decode,chatcmpl-143d52c3d8074309ae3d2850a5835f36,3174627.728591,0.014179,1,1,1369,1368,0,0
enc_decode,chatcmpl-143d52c3d8074309ae3d2850a5835f36,3174627.742992,0.014202,1,1,1370,1369,0,0
enc_decode,chatcmpl-143d52c3d8074309ae3d2850a5835f36,3174627.757414,0.014180,1,1,1371,1370,0,0
enc_decode,chatcmpl-143d52c3d8074309ae3d2850a5835f36,3174627.771814,0.014190,1,1,1372,1371,0,0
enc_decode,chatcmpl-143d52c3d8074309ae3d2850a5835f36,3174627.786225,0.014166,1,1,1373,1372,0,0
enc_decode,chatcmpl-143d52c3d8074309ae3d2850a5835f36,3174627.800611,0.014177,1,1,1374,1373,0,0
enc_decode,chatcmpl-143d52c3d8074309ae3d2850a5835f36,3174627.815008,0.014195,1,1,1375,1374,0,0
enc_decode,chatcmpl-143d52c3d8074309ae3d2850a5835f36,3174627.829421,0.014163,1,1,1376,1375,0,0
enc_decode,chatcmpl-143d52c3d8074309ae3d2850a5835f36,3174627.843803,0.014185,1,1,1377,1376,0,0
enc_decode,chatcmpl-143d52c3d8074309ae3d2850a5835f36,3174627.858206,0.014154,1,1,1378,1377,0,0
enc_decode,chatcmpl-143d52c3d8074309ae3d2850a5835f36,3174627.872579,0.014182,1,1,1379,1378,0,0
enc_decode,chatcmpl-143d52c3d8074309ae3d2850a5835f36,3174627.886979,0.014181,1,1,1380,1379,0,0
enc_decode,chatcmpl-143d52c3d8074309ae3d2850a5835f36,3174627.901383,0.014161,1,1,1381,1380,0,0
enc_decode,chatcmpl-143d52c3d8074309ae3d2850a5835f36,3174627.915764,0.014185,1,1,1382,1381,0,0
enc_decode,chatcmpl-143d52c3d8074309ae3d2850a5835f36,3174627.930168,0.014161,1,1,1383,1382,0,0
enc_decode,chatcmpl-143d52c3d8074309ae3d2850a5835f36,3174627.944550,0.014161,1,1,1384,1383,0,0
enc_decode,chatcmpl-143d52c3d8074309ae3d2850a5835f36,3174627.958929,0.014186,1,1,1385,1384,0,0
enc_decode,chatcmpl-143d52c3d8074309ae3d2850a5835f36,3174627.973332,0.014156,1,1,1386,1385,0,0
enc_decode,chatcmpl-143d52c3d8074309ae3d2850a5835f36,3174627.987708,0.014185,1,1,1387,1386,0,0
enc_decode,chatcmpl-143d52c3d8074309ae3d2850a5835f36,3174628.002109,0.014278,1,1,1388,1387,0,0
enc_decode,chatcmpl-143d52c3d8074309ae3d2850a5835f36,3174628.016607,0.014171,1,1,1389,1388,0,0
enc_decode,chatcmpl-143d52c3d8074309ae3d2850a5835f36,3174628.030995,0.014192,1,1,1390,1389,0,0
enc_decode,chatcmpl-143d52c3d8074309ae3d2850a5835f36,3174628.045406,0.014172,1,1,1391,1390,0,0
enc_decode,chatcmpl-143d52c3d8074309ae3d2850a5835f36,3174628.059796,0.014179,1,1,1392,1391,0,0
enc_decode,chatcmpl-143d52c3d8074309ae3d2850a5835f36,3174628.074194,0.014174,1,1,1393,1392,0,0
enc_decode,chatcmpl-143d52c3d8074309ae3d2850a5835f36,3174628.088589,0.014178,1,1,1394,1393,0,0
enc_decode,chatcmpl-143d52c3d8074309ae3d2850a5835f36,3174628.102985,0.014195,1,1,1395,1394,0,0
enc_decode,chatcmpl-143d52c3d8074309ae3d2850a5835f36,3174628.117401,0.014158,1,1,1396,1395,0,0
enc_decode,chatcmpl-143d52c3d8074309ae3d2850a5835f36,3174628.131780,0.014174,1,1,1397,1396,0,0
enc_decode,chatcmpl-143d52c3d8074309ae3d2850a5835f36,3174628.146184,0.014177,1,1,1398,1397,0,0
enc_decode,chatcmpl-143d52c3d8074309ae3d2850a5835f36,3174628.160577,0.014168,1,1,1399,1398,0,0
enc_decode,chatcmpl-143d52c3d8074309ae3d2850a5835f36,3174628.174965,0.014186,1,1,1400,1399,0,0
enc_decode,chatcmpl-143d52c3d8074309ae3d2850a5835f36,3174628.189375,0.014181,1,1,1401,1400,0,0
enc_decode,chatcmpl-143d52c3d8074309ae3d2850a5835f36,3174628.203780,0.014231,1,1,1402,1401,0,0
enc_decode,chatcmpl-143d52c3d8074309ae3d2850a5835f36,3174628.218234,0.014202,1,1,1403,1402,0,0
enc_decode,chatcmpl-143d52c3d8074309ae3d2850a5835f36,3174628.232660,0.014210,1,1,1404,1403,0,0
enc_decode,chatcmpl-143d52c3d8074309ae3d2850a5835f36,3174628.247094,0.014209,1,1,1405,1404,0,0
enc_decode,chatcmpl-143d52c3d8074309ae3d2850a5835f36,3174628.261524,0.014190,1,1,1406,1405,0,0
enc_decode,chatcmpl-143d52c3d8074309ae3d2850a5835f36,3174628.275936,0.014210,1,1,1407,1406,0,0
enc_decode,chatcmpl-143d52c3d8074309ae3d2850a5835f36,3174628.290369,0.014176,1,1,1408,1407,0,0
enc_decode,chatcmpl-143d52c3d8074309ae3d2850a5835f36,3174628.304779,0.014209,1,1,1409,1408,0,0
enc_decode,chatcmpl-143d52c3d8074309ae3d2850a5835f36,3174628.319211,0.014234,1,1,1410,1409,0,0
enc_decode,chatcmpl-143d52c3d8074309ae3d2850a5835f36,3174628.333667,0.014314,1,1,1411,1410,0,0
enc_decode,chatcmpl-143d52c3d8074309ae3d2850a5835f36,3174628.348208,0.014201,1,1,1412,1411,0,0
enc_decode,chatcmpl-143d52c3d8074309ae3d2850a5835f36,3174628.362635,0.014188,1,1,1413,1412,0,0
enc_decode,chatcmpl-143d52c3d8074309ae3d2850a5835f36,3174628.377046,0.014187,1,1,1414,1413,0,0
enc_decode,chatcmpl-143d52c3d8074309ae3d2850a5835f36,3174628.391456,0.014209,1,1,1415,1414,0,0
enc_decode,chatcmpl-143d52c3d8074309ae3d2850a5835f36,3174628.405891,0.014212,1,1,1416,1415,0,0
enc_decode,chatcmpl-143d52c3d8074309ae3d2850a5835f36,3174628.420326,0.014202,1,1,1417,1416,0,0
enc_decode,chatcmpl-143d52c3d8074309ae3d2850a5835f36,3174628.434751,0.014211,1,1,1418,1417,0,0
enc_decode,chatcmpl-143d52c3d8074309ae3d2850a5835f36,3174628.449186,0.014214,1,1,1419,1418,0,0
enc_decode,chatcmpl-143d52c3d8074309ae3d2850a5835f36,3174628.463621,0.014202,1,1,1420,1419,0,0
enc_decode,chatcmpl-143d52c3d8074309ae3d2850a5835f36,3174628.478049,0.014197,1,1,1421,1420,0,0
enc_decode,chatcmpl-143d52c3d8074309ae3d2850a5835f36,3174628.492471,0.014209,1,1,1422,1421,0,0
enc_decode,chatcmpl-143d52c3d8074309ae3d2850a5835f36,3174628.506907,0.014200,1,1,1423,1422,0,0
enc_decode,chatcmpl-143d52c3d8074309ae3d2850a5835f36,3174628.521334,0.014220,1,1,1424,1423,0,0
enc_decode,chatcmpl-143d52c3d8074309ae3d2850a5835f36,3174628.535779,0.014210,1,1,1425,1424,0,0
enc_decode,chatcmpl-143d52c3d8074309ae3d2850a5835f36,3174628.550211,0.014188,1,1,1426,1425,0,0
enc_decode,chatcmpl-143d52c3d8074309ae3d2850a5835f36,3174628.564619,0.014208,1,1,1427,1426,0,0
enc_decode,chatcmpl-143d52c3d8074309ae3d2850a5835f36,3174628.579047,0.014207,1,1,1428,1427,0,0
enc_decode,chatcmpl-143d52c3d8074309ae3d2850a5835f36,3174628.593475,0.014202,1,1,1429,1428,0,0
enc_decode,chatcmpl-143d52c3d8074309ae3d2850a5835f36,3174628.607900,0.014232,1,1,1430,1429,0,0
enc_decode,chatcmpl-143d52c3d8074309ae3d2850a5835f36,3174628.622356,0.014208,1,1,1431,1430,0,0
enc_decode,chatcmpl-143d52c3d8074309ae3d2850a5835f36,3174628.636791,0.014197,1,1,1432,1431,0,0
enc_decode,chatcmpl-143d52c3d8074309ae3d2850a5835f36,3174628.651212,0.014204,1,1,1433,1432,0,0
enc_decode,chatcmpl-143d52c3d8074309ae3d2850a5835f36,3174628.665638,0.014297,1,1,1434,1433,0,0
enc_decode,chatcmpl-143d52c3d8074309ae3d2850a5835f36,3174628.680171,0.014203,1,1,1435,1434,0,0
enc_decode,chatcmpl-143d52c3d8074309ae3d2850a5835f36,3174628.694597,0.014188,1,1,1436,1435,0,0
enc_decode,chatcmpl-143d52c3d8074309ae3d2850a5835f36,3174628.709005,0.014224,1,1,1437,1436,0,0
enc_decode,chatcmpl-143d52c3d8074309ae3d2850a5835f36,3174628.723451,0.014188,1,1,1438,1437,0,0
enc_decode,chatcmpl-143d52c3d8074309ae3d2850a5835f36,3174628.737860,0.014214,1,1,1439,1438,0,0
enc_decode,chatcmpl-143d52c3d8074309ae3d2850a5835f36,3174628.752300,0.014205,1,1,1440,1439,0,0
enc_decode,chatcmpl-143d52c3d8074309ae3d2850a5835f36,3174628.766737,0.014210,1,1,1441,1440,0,0
enc_decode,chatcmpl-143d52c3d8074309ae3d2850a5835f36,3174628.781169,0.014192,1,1,1442,1441,0,0
enc_decode,chatcmpl-143d52c3d8074309ae3d2850a5835f36,3174628.795587,0.014214,1,1,1443,1442,0,0
enc_decode,chatcmpl-143d52c3d8074309ae3d2850a5835f36,3174628.810022,0.014225,1,1,1444,1443,0,0
enc_decode,chatcmpl-143d52c3d8074309ae3d2850a5835f36,3174628.824473,0.014207,1,1,1445,1444,0,0
enc_decode,chatcmpl-143d52c3d8074309ae3d2850a5835f36,3174628.838902,0.014217,1,1,1446,1445,0,0
enc_decode,chatcmpl-143d52c3d8074309ae3d2850a5835f36,3174628.853343,0.014217,1,1,1447,1446,0,0
enc_decode,chatcmpl-143d52c3d8074309ae3d2850a5835f36,3174628.867788,0.014216,1,1,1448,1447,0,0
enc_decode,chatcmpl-143d52c3d8074309ae3d2850a5835f36,3174628.882226,0.014206,1,1,1449,1448,0,0
enc_decode,chatcmpl-143d52c3d8074309ae3d2850a5835f36,3174628.896654,0.014200,1,1,1450,1449,0,0
enc_decode,chatcmpl-143d52c3d8074309ae3d2850a5835f36,3174628.911078,0.014197,1,1,1451,1450,0,0
enc_decode,chatcmpl-143d52c3d8074309ae3d2850a5835f36,3174628.925501,0.014207,1,1,1452,1451,0,0
enc_decode,chatcmpl-143d52c3d8074309ae3d2850a5835f36,3174628.939932,0.014309,1,1,1453,1452,0,0
enc_decode,chatcmpl-143d52c3d8074309ae3d2850a5835f36,3174628.954466,0.014200,1,1,1454,1453,0,0
enc_decode,chatcmpl-143d52c3d8074309ae3d2850a5835f36,3174628.968893,0.014206,1,1,1455,1454,0,0
enc_decode,chatcmpl-143d52c3d8074309ae3d2850a5835f36,3174628.983322,0.014209,1,1,1456,1455,0,0
enc_decode,chatcmpl-143d52c3d8074309ae3d2850a5835f36,3174628.997755,0.014309,1,1,1457,1456,0,0
enc_decode,chatcmpl-143d52c3d8074309ae3d2850a5835f36,3174629.012286,0.014206,1,1,1458,1457,0,0
enc_decode,chatcmpl-143d52c3d8074309ae3d2850a5835f36,3174629.026719,0.014188,1,1,1459,1458,0,0
enc_decode,chatcmpl-143d52c3d8074309ae3d2850a5835f36,3174629.041126,0.014182,1,1,1460,1459,0,0
enc_decode,chatcmpl-143d52c3d8074309ae3d2850a5835f36,3174629.055533,0.014221,1,1,1461,1460,0,0
enc_decode,chatcmpl-143d52c3d8074309ae3d2850a5835f36,3174629.069976,0.014212,1,1,1462,1461,0,0
enc_decode,chatcmpl-143d52c3d8074309ae3d2850a5835f36,3174629.084414,0.014201,1,1,1463,1462,0,0
enc_decode,chatcmpl-143d52c3d8074309ae3d2850a5835f36,3174629.098838,0.014211,1,1,1464,1463,0,0
enc_decode,chatcmpl-143d52c3d8074309ae3d2850a5835f36,3174629.113274,0.014202,1,1,1465,1464,0,0
enc_decode,chatcmpl-143d52c3d8074309ae3d2850a5835f36,3174629.127699,0.014207,1,1,1466,1465,0,0
enc_decode,chatcmpl-143d52c3d8074309ae3d2850a5835f36,3174629.142129,0.014214,1,1,1467,1466,0,0
enc_decode,chatcmpl-143d52c3d8074309ae3d2850a5835f36,3174629.156567,0.014186,1,1,1468,1467,0,0
enc_decode,chatcmpl-143d52c3d8074309ae3d2850a5835f36,3174629.170982,0.014225,1,1,1469,1468,0,0
enc_decode,chatcmpl-143d52c3d8074309ae3d2850a5835f36,3174629.185431,0.014210,1,1,1470,1469,0,0
enc_decode,chatcmpl-143d52c3d8074309ae3d2850a5835f36,3174629.199867,0.014218,1,1,1471,1470,0,0
enc_decode,chatcmpl-143d52c3d8074309ae3d2850a5835f36,3174629.214308,0.014201,1,1,1472,1471,0,0
enc_decode,chatcmpl-143d52c3d8074309ae3d2850a5835f36,3174629.228731,0.014201,1,1,1473,1472,0,0
enc_prefill,chatcmpl-43cda9d048fc4f0d817eb3cf50d8aae0,3174629.264262,0.335024,1,1336,1336,0,1,0
enc_decode,chatcmpl-43cda9d048fc4f0d817eb3cf50d8aae0,3174629.599702,0.014317,1,1,1337,1336,0,0
enc_decode,chatcmpl-43cda9d048fc4f0d817eb3cf50d8aae0,3174629.614248,0.014244,1,1,1338,1337,0,0
enc_decode,chatcmpl-43cda9d048fc4f0d817eb3cf50d8aae0,3174629.628717,0.014215,1,1,1339,1338,0,0
enc_decode,chatcmpl-43cda9d048fc4f0d817eb3cf50d8aae0,3174629.643153,0.014233,1,1,1340,1339,0,0
enc_decode,chatcmpl-43cda9d048fc4f0d817eb3cf50d8aae0,3174629.657611,0.014247,1,1,1341,1340,0,0
enc_decode,chatcmpl-43cda9d048fc4f0d817eb3cf50d8aae0,3174629.672089,0.014208,1,1,1342,1341,0,0
enc_decode,chatcmpl-43cda9d048fc4f0d817eb3cf50d8aae0,3174629.686524,0.014228,1,1,1343,1342,0,0
enc_decode,chatcmpl-43cda9d048fc4f0d817eb3cf50d8aae0,3174629.700972,0.014203,1,1,1344,1343,0,0
enc_decode,chatcmpl-43cda9d048fc4f0d817eb3cf50d8aae0,3174629.715398,0.014293,1,1,1345,1344,0,0
enc_decode,chatcmpl-43cda9d048fc4f0d817eb3cf50d8aae0,3174629.729927,0.014245,1,1,1346,1345,0,0
enc_decode,chatcmpl-43cda9d048fc4f0d817eb3cf50d8aae0,3174629.744396,0.014209,1,1,1347,1346,0,0
enc_decode,chatcmpl-43cda9d048fc4f0d817eb3cf50d8aae0,3174629.758827,0.014220,1,1,1348,1347,0,0
enc_decode,chatcmpl-43cda9d048fc4f0d817eb3cf50d8aae0,3174629.773269,0.014276,1,1,1349,1348,0,0
enc_decode,chatcmpl-43cda9d048fc4f0d817eb3cf50d8aae0,3174629.787770,0.014244,1,1,1350,1349,0,0
enc_decode,chatcmpl-43cda9d048fc4f0d817eb3cf50d8aae0,3174629.802236,0.014239,1,1,1351,1350,0,0
enc_decode,chatcmpl-43cda9d048fc4f0d817eb3cf50d8aae0,3174629.816698,0.014213,1,1,1352,1351,0,0
enc_decode,chatcmpl-43cda9d048fc4f0d817eb3cf50d8aae0,3174629.831136,0.014199,1,1,1353,1352,0,0
enc_decode,chatcmpl-43cda9d048fc4f0d817eb3cf50d8aae0,3174629.845558,0.014217,1,1,1354,1353,0,0
enc_decode,chatcmpl-43cda9d048fc4f0d817eb3cf50d8aae0,3174629.859998,0.014239,1,1,1355,1354,0,0
enc_decode,chatcmpl-43cda9d048fc4f0d817eb3cf50d8aae0,3174629.874462,0.014205,1,1,1356,1355,0,0
enc_decode,chatcmpl-43cda9d048fc4f0d817eb3cf50d8aae0,3174629.888891,0.014199,1,1,1357,1356,0,0
enc_decode,chatcmpl-43cda9d048fc4f0d817eb3cf50d8aae0,3174629.903313,0.014216,1,1,1358,1357,0,0
enc_decode,chatcmpl-43cda9d048fc4f0d817eb3cf50d8aae0,3174629.917749,0.014194,1,1,1359,1358,0,0
enc_decode,chatcmpl-43cda9d048fc4f0d817eb3cf50d8aae0,3174629.932173,0.014182,1,1,1360,1359,0,0
enc_decode,chatcmpl-43cda9d048fc4f0d817eb3cf50d8aae0,3174629.946578,0.014210,1,1,1361,1360,0,0
enc_decode,chatcmpl-43cda9d048fc4f0d817eb3cf50d8aae0,3174629.961013,0.014201,1,1,1362,1361,0,0
enc_decode,chatcmpl-43cda9d048fc4f0d817eb3cf50d8aae0,3174629.975440,0.014202,1,1,1363,1362,0,0
enc_decode,chatcmpl-43cda9d048fc4f0d817eb3cf50d8aae0,3174629.989862,0.014254,1,1,1364,1363,0,0
enc_decode,chatcmpl-43cda9d048fc4f0d817eb3cf50d8aae0,3174630.004339,0.014200,1,1,1365,1364,0,0
enc_decode,chatcmpl-43cda9d048fc4f0d817eb3cf50d8aae0,3174630.018761,0.014231,1,1,1366,1365,0,0
enc_decode,chatcmpl-43cda9d048fc4f0d817eb3cf50d8aae0,3174630.033212,0.014210,1,1,1367,1366,0,0
enc_decode,chatcmpl-43cda9d048fc4f0d817eb3cf50d8aae0,3174630.047648,0.014322,1,1,1368,1367,0,0
enc_decode,chatcmpl-43cda9d048fc4f0d817eb3cf50d8aae0,3174630.062193,0.014189,1,1,1369,1368,0,0
enc_decode,chatcmpl-43cda9d048fc4f0d817eb3cf50d8aae0,3174630.076606,0.014196,1,1,1370,1369,0,0
enc_decode,chatcmpl-43cda9d048fc4f0d817eb3cf50d8aae0,3174630.091027,0.014207,1,1,1371,1370,0,0
enc_decode,chatcmpl-43cda9d048fc4f0d817eb3cf50d8aae0,3174630.105454,0.014288,1,1,1372,1371,0,0
enc_decode,chatcmpl-43cda9d048fc4f0d817eb3cf50d8aae0,3174630.119964,0.014185,1,1,1373,1372,0,0
enc_decode,chatcmpl-43cda9d048fc4f0d817eb3cf50d8aae0,3174630.134374,0.014183,1,1,1374,1373,0,0
enc_decode,chatcmpl-43cda9d048fc4f0d817eb3cf50d8aae0,3174630.148780,0.014208,1,1,1375,1374,0,0
enc_decode,chatcmpl-43cda9d048fc4f0d817eb3cf50d8aae0,3174630.163213,0.014215,1,1,1376,1375,0,0
enc_decode,chatcmpl-43cda9d048fc4f0d817eb3cf50d8aae0,3174630.177654,0.014191,1,1,1377,1376,0,0
enc_decode,chatcmpl-43cda9d048fc4f0d817eb3cf50d8aae0,3174630.192078,0.014196,1,1,1378,1377,0,0
enc_decode,chatcmpl-43cda9d048fc4f0d817eb3cf50d8aae0,3174630.206498,0.014188,1,1,1379,1378,0,0
enc_decode,chatcmpl-43cda9d048fc4f0d817eb3cf50d8aae0,3174630.220906,0.014203,1,1,1380,1379,0,0
enc_decode,chatcmpl-43cda9d048fc4f0d817eb3cf50d8aae0,3174630.235332,0.014224,1,1,1381,1380,0,0
enc_decode,chatcmpl-43cda9d048fc4f0d817eb3cf50d8aae0,3174630.249776,0.014179,1,1,1382,1381,0,0
enc_decode,chatcmpl-43cda9d048fc4f0d817eb3cf50d8aae0,3174630.264187,0.014198,1,1,1383,1382,0,0
enc_decode,chatcmpl-43cda9d048fc4f0d817eb3cf50d8aae0,3174630.278611,0.014213,1,1,1384,1383,0,0
enc_decode,chatcmpl-43cda9d048fc4f0d817eb3cf50d8aae0,3174630.293048,0.014191,1,1,1385,1384,0,0
enc_decode,chatcmpl-43cda9d048fc4f0d817eb3cf50d8aae0,3174630.307461,0.014215,1,1,1386,1385,0,0
enc_decode,chatcmpl-43cda9d048fc4f0d817eb3cf50d8aae0,3174630.321900,0.014204,1,1,1387,1386,0,0
enc_decode,chatcmpl-43cda9d048fc4f0d817eb3cf50d8aae0,3174630.336327,0.014197,1,1,1388,1387,0,0
enc_decode,chatcmpl-43cda9d048fc4f0d817eb3cf50d8aae0,3174630.350754,0.014231,1,1,1389,1388,0,0
enc_decode,chatcmpl-43cda9d048fc4f0d817eb3cf50d8aae0,3174630.365210,0.014188,1,1,1390,1389,0,0
enc_decode,chatcmpl-43cda9d048fc4f0d817eb3cf50d8aae0,3174630.379623,0.014316,1,1,1391,1390,0,0
enc_decode,chatcmpl-43cda9d048fc4f0d817eb3cf50d8aae0,3174630.394166,0.014207,1,1,1392,1391,0,0
enc_decode,chatcmpl-43cda9d048fc4f0d817eb3cf50d8aae0,3174630.408596,0.014202,1,1,1393,1392,0,0
enc_decode,chatcmpl-43cda9d048fc4f0d817eb3cf50d8aae0,3174630.423019,0.014219,1,1,1394,1393,0,0
enc_decode,chatcmpl-43cda9d048fc4f0d817eb3cf50d8aae0,3174630.437460,0.014287,1,1,1395,1394,0,0
enc_decode,chatcmpl-43cda9d048fc4f0d817eb3cf50d8aae0,3174630.451971,0.014219,1,1,1396,1395,0,0
enc_decode,chatcmpl-43cda9d048fc4f0d817eb3cf50d8aae0,3174630.466412,0.014199,1,1,1397,1396,0,0
enc_decode,chatcmpl-43cda9d048fc4f0d817eb3cf50d8aae0,3174630.480834,0.014202,1,1,1398,1397,0,0
enc_decode,chatcmpl-43cda9d048fc4f0d817eb3cf50d8aae0,3174630.495261,0.014209,1,1,1399,1398,0,0
enc_decode,chatcmpl-43cda9d048fc4f0d817eb3cf50d8aae0,3174630.509696,0.014205,1,1,1400,1399,0,0
enc_decode,chatcmpl-43cda9d048fc4f0d817eb3cf50d8aae0,3174630.524132,0.014220,1,1,1401,1400,0,0
enc_decode,chatcmpl-43cda9d048fc4f0d817eb3cf50d8aae0,3174630.538578,0.014208,1,1,1402,1401,0,0
enc_decode,chatcmpl-43cda9d048fc4f0d817eb3cf50d8aae0,3174630.553012,0.014206,1,1,1403,1402,0,0
enc_decode,chatcmpl-43cda9d048fc4f0d817eb3cf50d8aae0,3174630.567445,0.014219,1,1,1404,1403,0,0
enc_decode,chatcmpl-43cda9d048fc4f0d817eb3cf50d8aae0,3174630.581887,0.014200,1,1,1405,1404,0,0
enc_decode,chatcmpl-43cda9d048fc4f0d817eb3cf50d8aae0,3174630.596311,0.014235,1,1,1406,1405,0,0
enc_decode,chatcmpl-43cda9d048fc4f0d817eb3cf50d8aae0,3174630.610768,0.014233,1,1,1407,1406,0,0
enc_decode,chatcmpl-43cda9d048fc4f0d817eb3cf50d8aae0,3174630.625224,0.014194,1,1,1408,1407,0,0
enc_decode,chatcmpl-43cda9d048fc4f0d817eb3cf50d8aae0,3174630.639659,0.014213,1,1,1409,1408,0,0
enc_decode,chatcmpl-43cda9d048fc4f0d817eb3cf50d8aae0,3174630.654094,0.014195,1,1,1410,1409,0,0
enc_decode,chatcmpl-43cda9d048fc4f0d817eb3cf50d8aae0,3174630.668515,0.014215,1,1,1411,1410,0,0
enc_decode,chatcmpl-43cda9d048fc4f0d817eb3cf50d8aae0,3174630.682953,0.014229,1,1,1412,1411,0,0
enc_decode,chatcmpl-43cda9d048fc4f0d817eb3cf50d8aae0,3174630.697407,0.014188,1,1,1413,1412,0,0
enc_decode,chatcmpl-43cda9d048fc4f0d817eb3cf50d8aae0,3174630.711818,0.014293,1,1,1414,1413,0,0
enc_decode,chatcmpl-43cda9d048fc4f0d817eb3cf50d8aae0,3174630.726334,0.014193,1,1,1415,1414,0,0
enc_decode,chatcmpl-43cda9d048fc4f0d817eb3cf50d8aae0,3174630.740750,0.014198,1,1,1416,1415,0,0
enc_decode,chatcmpl-43cda9d048fc4f0d817eb3cf50d8aae0,3174630.755171,0.014206,1,1,1417,1416,0,0
enc_decode,chatcmpl-43cda9d048fc4f0d817eb3cf50d8aae0,3174630.769599,0.014287,1,1,1418,1417,0,0
enc_decode,chatcmpl-43cda9d048fc4f0d817eb3cf50d8aae0,3174630.784121,0.014189,1,1,1419,1418,0,0
enc_decode,chatcmpl-43cda9d048fc4f0d817eb3cf50d8aae0,3174630.798536,0.014195,1,1,1420,1419,0,0
enc_decode,chatcmpl-43cda9d048fc4f0d817eb3cf50d8aae0,3174630.813049,0.014211,1,1,1421,1420,0,0
enc_decode,chatcmpl-43cda9d048fc4f0d817eb3cf50d8aae0,3174630.827480,0.014210,1,1,1422,1421,0,0
enc_decode,chatcmpl-43cda9d048fc4f0d817eb3cf50d8aae0,3174630.841914,0.014201,1,1,1423,1422,0,0
enc_decode,chatcmpl-43cda9d048fc4f0d817eb3cf50d8aae0,3174630.856337,0.014195,1,1,1424,1423,0,0
enc_decode,chatcmpl-43cda9d048fc4f0d817eb3cf50d8aae0,3174630.870756,0.014204,1,1,1425,1424,0,0
enc_decode,chatcmpl-43cda9d048fc4f0d817eb3cf50d8aae0,3174630.885191,0.014234,1,1,1426,1425,0,0
enc_decode,chatcmpl-43cda9d048fc4f0d817eb3cf50d8aae0,3174630.899648,0.014224,1,1,1427,1426,0,0
enc_decode,chatcmpl-43cda9d048fc4f0d817eb3cf50d8aae0,3174630.914106,0.014193,1,1,1428,1427,0,0
enc_decode,chatcmpl-43cda9d048fc4f0d817eb3cf50d8aae0,3174630.928522,0.014196,1,1,1429,1428,0,0
enc_decode,chatcmpl-43cda9d048fc4f0d817eb3cf50d8aae0,3174630.942942,0.014216,1,1,1430,1429,0,0
enc_decode,chatcmpl-43cda9d048fc4f0d817eb3cf50d8aae0,3174630.957383,0.014211,1,1,1431,1430,0,0
enc_decode,chatcmpl-43cda9d048fc4f0d817eb3cf50d8aae0,3174630.971827,0.014189,1,1,1432,1431,0,0
enc_decode,chatcmpl-43cda9d048fc4f0d817eb3cf50d8aae0,3174630.986237,0.014179,1,1,1433,1432,0,0
enc_decode,chatcmpl-43cda9d048fc4f0d817eb3cf50d8aae0,3174631.000638,0.014204,1,1,1434,1433,0,0
enc_decode,chatcmpl-43cda9d048fc4f0d817eb3cf50d8aae0,3174631.015070,0.014200,1,1,1435,1434,0,0
enc_decode,chatcmpl-43cda9d048fc4f0d817eb3cf50d8aae0,3174631.029491,0.014209,1,1,1436,1435,0,0
enc_decode,chatcmpl-43cda9d048fc4f0d817eb3cf50d8aae0,3174631.043925,0.014281,1,1,1437,1436,0,0
enc_decode,chatcmpl-43cda9d048fc4f0d817eb3cf50d8aae0,3174631.058428,0.014207,1,1,1438,1437,0,0
enc_decode,chatcmpl-43cda9d048fc4f0d817eb3cf50d8aae0,3174631.072856,0.014195,1,1,1439,1438,0,0
enc_decode,chatcmpl-43cda9d048fc4f0d817eb3cf50d8aae0,3174631.087275,0.014219,1,1,1440,1439,0,0
enc_decode,chatcmpl-43cda9d048fc4f0d817eb3cf50d8aae0,3174631.101718,0.014200,1,1,1441,1440,0,0
enc_decode,chatcmpl-43cda9d048fc4f0d817eb3cf50d8aae0,3174631.116151,0.014193,1,1,1442,1441,0,0
enc_decode,chatcmpl-43cda9d048fc4f0d817eb3cf50d8aae0,3174631.130576,0.014212,1,1,1443,1442,0,0
enc_decode,chatcmpl-43cda9d048fc4f0d817eb3cf50d8aae0,3174631.145011,0.014191,1,1,1444,1443,0,0
enc_decode,chatcmpl-43cda9d048fc4f0d817eb3cf50d8aae0,3174631.159424,0.014215,1,1,1445,1444,0,0
enc_decode,chatcmpl-43cda9d048fc4f0d817eb3cf50d8aae0,3174631.173863,0.014199,1,1,1446,1445,0,0
enc_decode,chatcmpl-43cda9d048fc4f0d817eb3cf50d8aae0,3174631.188285,0.014195,1,1,1447,1446,0,0
enc_decode,chatcmpl-43cda9d048fc4f0d817eb3cf50d8aae0,3174631.202700,0.014193,1,1,1448,1447,0,0
enc_decode,chatcmpl-43cda9d048fc4f0d817eb3cf50d8aae0,3174631.217118,0.014192,1,1,1449,1448,0,0
enc_decode,chatcmpl-43cda9d048fc4f0d817eb3cf50d8aae0,3174631.231531,0.014202,1,1,1450,1449,0,0
enc_decode,chatcmpl-43cda9d048fc4f0d817eb3cf50d8aae0,3174631.245957,0.014207,1,1,1451,1450,0,0
enc_decode,chatcmpl-43cda9d048fc4f0d817eb3cf50d8aae0,3174631.260388,0.014179,1,1,1452,1451,0,0
enc_decode,chatcmpl-43cda9d048fc4f0d817eb3cf50d8aae0,3174631.274791,0.014214,1,1,1453,1452,0,0
enc_decode,chatcmpl-43cda9d048fc4f0d817eb3cf50d8aae0,3174631.289228,0.014220,1,1,1454,1453,0,0
enc_decode,chatcmpl-43cda9d048fc4f0d817eb3cf50d8aae0,3174631.303671,0.014224,1,1,1455,1454,0,0
enc_decode,chatcmpl-43cda9d048fc4f0d817eb3cf50d8aae0,3174631.318116,0.014213,1,1,1456,1455,0,0
enc_decode,chatcmpl-43cda9d048fc4f0d817eb3cf50d8aae0,3174631.332557,0.014204,1,1,1457,1456,0,0
enc_decode,chatcmpl-43cda9d048fc4f0d817eb3cf50d8aae0,3174631.346989,0.014217,1,1,1458,1457,0,0
enc_decode,chatcmpl-43cda9d048fc4f0d817eb3cf50d8aae0,3174631.361426,0.014200,1,1,1459,1458,0,0
enc_decode,chatcmpl-43cda9d048fc4f0d817eb3cf50d8aae0,3174631.375853,0.014300,1,1,1460,1459,0,0
enc_decode,chatcmpl-43cda9d048fc4f0d817eb3cf50d8aae0,3174631.390376,0.014208,1,1,1461,1460,0,0
enc_decode,chatcmpl-43cda9d048fc4f0d817eb3cf50d8aae0,3174631.404806,0.014205,1,1,1462,1461,0,0
enc_decode,chatcmpl-43cda9d048fc4f0d817eb3cf50d8aae0,3174631.419237,0.014203,1,1,1463,1462,0,0
enc_decode,chatcmpl-43cda9d048fc4f0d817eb3cf50d8aae0,3174631.433664,0.014194,1,1,1464,1463,0,0
enc_decode,chatcmpl-43cda9d048fc4f0d817eb3cf50d8aae0,3174631.448096,0.014208,1,1,1465,1464,0,0
enc_decode,chatcmpl-43cda9d048fc4f0d817eb3cf50d8aae0,3174631.462529,0.014198,1,1,1466,1465,0,0
enc_decode,chatcmpl-43cda9d048fc4f0d817eb3cf50d8aae0,3174631.476949,0.014196,1,1,1467,1466,0,0
enc_decode,chatcmpl-43cda9d048fc4f0d817eb3cf50d8aae0,3174631.491370,0.014206,1,1,1468,1467,0,0
enc_decode,chatcmpl-43cda9d048fc4f0d817eb3cf50d8aae0,3174631.505801,0.014216,1,1,1469,1468,0,0
enc_decode,chatcmpl-43cda9d048fc4f0d817eb3cf50d8aae0,3174631.520247,0.014206,1,1,1470,1469,0,0
enc_decode,chatcmpl-43cda9d048fc4f0d817eb3cf50d8aae0,3174631.534676,0.014236,1,1,1471,1470,0,0
enc_decode,chatcmpl-43cda9d048fc4f0d817eb3cf50d8aae0,3174631.549132,0.014199,1,1,1472,1471,0,0
enc_decode,chatcmpl-43cda9d048fc4f0d817eb3cf50d8aae0,3174631.563554,0.014214,1,1,1473,1472,0,0
enc_decode,chatcmpl-43cda9d048fc4f0d817eb3cf50d8aae0,3174631.577987,0.014195,1,1,1474,1473,0,0
enc_decode,chatcmpl-43cda9d048fc4f0d817eb3cf50d8aae0,3174631.592405,0.014186,1,1,1475,1474,0,0
enc_decode,chatcmpl-43cda9d048fc4f0d817eb3cf50d8aae0,3174631.606825,0.014222,1,1,1476,1475,0,0
enc_prefill,chatcmpl-b78aba365718415195d8a30c4cf6cde6,3174631.642348,0.335180,1,1336,1336,0,1,0
enc_decode,chatcmpl-b78aba365718415195d8a30c4cf6cde6,3174631.977931,0.014297,1,1,1337,1336,0,0
enc_decode,chatcmpl-b78aba365718415195d8a30c4cf6cde6,3174631.992454,0.014238,1,1,1338,1337,0,0
enc_decode,chatcmpl-b78aba365718415195d8a30c4cf6cde6,3174632.006917,0.014219,1,1,1339,1338,0,0
enc_decode,chatcmpl-b78aba365718415195d8a30c4cf6cde6,3174632.021358,0.014204,1,1,1340,1339,0,0
enc_decode,chatcmpl-b78aba365718415195d8a30c4cf6cde6,3174632.035793,0.014229,1,1,1341,1340,0,0
enc_decode,chatcmpl-b78aba365718415195d8a30c4cf6cde6,3174632.050251,0.014221,1,1,1342,1341,0,0
enc_decode,chatcmpl-b78aba365718415195d8a30c4cf6cde6,3174632.064694,0.014202,1,1,1343,1342,0,0
enc_decode,chatcmpl-b78aba365718415195d8a30c4cf6cde6,3174632.079118,0.014237,1,1,1344,1343,0,0
enc_decode,chatcmpl-b78aba365718415195d8a30c4cf6cde6,3174632.093579,0.014211,1,1,1345,1344,0,0
enc_decode,chatcmpl-b78aba365718415195d8a30c4cf6cde6,3174632.108023,0.014245,1,1,1346,1345,0,0
enc_decode,chatcmpl-b78aba365718415195d8a30c4cf6cde6,3174632.122492,0.014227,1,1,1347,1346,0,0
enc_decode,chatcmpl-b78aba365718415195d8a30c4cf6cde6,3174632.136946,0.014200,1,1,1348,1347,0,0
enc_decode,chatcmpl-b78aba365718415195d8a30c4cf6cde6,3174632.151370,0.014250,1,1,1349,1348,0,0
enc_decode,chatcmpl-b78aba365718415195d8a30c4cf6cde6,3174632.165845,0.014204,1,1,1350,1349,0,0
enc_decode,chatcmpl-b78aba365718415195d8a30c4cf6cde6,3174632.180274,0.014220,1,1,1351,1350,0,0
enc_decode,chatcmpl-b78aba365718415195d8a30c4cf6cde6,3174632.194720,0.014219,1,1,1352,1351,0,0
enc_decode,chatcmpl-b78aba365718415195d8a30c4cf6cde6,3174632.209166,0.014202,1,1,1353,1352,0,0
enc_decode,chatcmpl-b78aba365718415195d8a30c4cf6cde6,3174632.223591,0.014213,1,1,1354,1353,0,0
enc_decode,chatcmpl-b78aba365718415195d8a30c4cf6cde6,3174632.238023,0.014212,1,1,1355,1354,0,0
enc_decode,chatcmpl-b78aba365718415195d8a30c4cf6cde6,3174632.252464,0.014200,1,1,1356,1355,0,0
enc_decode,chatcmpl-b78aba365718415195d8a30c4cf6cde6,3174632.266887,0.014212,1,1,1357,1356,0,0
enc_decode,chatcmpl-b78aba365718415195d8a30c4cf6cde6,3174632.281322,0.014238,1,1,1358,1357,0,0
enc_decode,chatcmpl-b78aba365718415195d8a30c4cf6cde6,3174632.295785,0.014222,1,1,1359,1358,0,0
enc_decode,chatcmpl-b78aba365718415195d8a30c4cf6cde6,3174632.310228,0.014204,1,1,1360,1359,0,0
enc_decode,chatcmpl-b78aba365718415195d8a30c4cf6cde6,3174632.324659,0.014211,1,1,1361,1360,0,0
enc_decode,chatcmpl-b78aba365718415195d8a30c4cf6cde6,3174632.339094,0.014214,1,1,1362,1361,0,0
enc_decode,chatcmpl-b78aba365718415195d8a30c4cf6cde6,3174632.353535,0.014210,1,1,1363,1362,0,0
enc_decode,chatcmpl-b78aba365718415195d8a30c4cf6cde6,3174632.367974,0.014230,1,1,1364,1363,0,0
enc_decode,chatcmpl-b78aba365718415195d8a30c4cf6cde6,3174632.382428,0.014237,1,1,1365,1364,0,0
enc_decode,chatcmpl-b78aba365718415195d8a30c4cf6cde6,3174632.396889,0.014201,1,1,1366,1365,0,0
enc_decode,chatcmpl-b78aba365718415195d8a30c4cf6cde6,3174632.411313,0.014213,1,1,1367,1366,0,0
enc_decode,chatcmpl-b78aba365718415195d8a30c4cf6cde6,3174632.425753,0.014201,1,1,1368,1367,0,0
enc_decode,chatcmpl-b78aba365718415195d8a30c4cf6cde6,3174632.440184,0.014188,1,1,1369,1368,0,0
enc_decode,chatcmpl-b78aba365718415195d8a30c4cf6cde6,3174632.454597,0.014198,1,1,1370,1369,0,0
enc_decode,chatcmpl-b78aba365718415195d8a30c4cf6cde6,3174632.469020,0.014200,1,1,1371,1370,0,0
enc_decode,chatcmpl-b78aba365718415195d8a30c4cf6cde6,3174632.483439,0.014311,1,1,1372,1371,0,0
enc_decode,chatcmpl-b78aba365718415195d8a30c4cf6cde6,3174632.497974,0.014228,1,1,1373,1372,0,0
enc_decode,chatcmpl-b78aba365718415195d8a30c4cf6cde6,3174632.512424,0.014224,1,1,1374,1373,0,0
enc_decode,chatcmpl-b78aba365718415195d8a30c4cf6cde6,3174632.526872,0.014209,1,1,1375,1374,0,0
enc_decode,chatcmpl-b78aba365718415195d8a30c4cf6cde6,3174632.541302,0.014195,1,1,1376,1375,0,0
enc_decode,chatcmpl-b78aba365718415195d8a30c4cf6cde6,3174632.555722,0.014231,1,1,1377,1376,0,0
enc_decode,chatcmpl-b78aba365718415195d8a30c4cf6cde6,3174632.570196,0.014206,1,1,1378,1377,0,0
enc_decode,chatcmpl-b78aba365718415195d8a30c4cf6cde6,3174632.584624,0.014202,1,1,1379,1378,0,0
enc_decode,chatcmpl-b78aba365718415195d8a30c4cf6cde6,3174632.599053,0.014225,1,1,1380,1379,0,0
enc_decode,chatcmpl-b78aba365718415195d8a30c4cf6cde6,3174632.613500,0.014201,1,1,1381,1380,0,0
enc_decode,chatcmpl-b78aba365718415195d8a30c4cf6cde6,3174632.627924,0.014198,1,1,1382,1381,0,0
enc_decode,chatcmpl-b78aba365718415195d8a30c4cf6cde6,3174632.642346,0.014190,1,1,1383,1382,0,0
enc_decode,chatcmpl-b78aba365718415195d8a30c4cf6cde6,3174632.656758,0.014191,1,1,1384,1383,0,0
enc_decode,chatcmpl-b78aba365718415195d8a30c4cf6cde6,3174632.671172,0.014226,1,1,1385,1384,0,0
enc_decode,chatcmpl-b78aba365718415195d8a30c4cf6cde6,3174632.685624,0.014197,1,1,1386,1385,0,0
enc_decode,chatcmpl-b78aba365718415195d8a30c4cf6cde6,3174632.700054,0.014206,1,1,1387,1386,0,0
enc_decode,chatcmpl-b78aba365718415195d8a30c4cf6cde6,3174632.714483,0.014195,1,1,1388,1387,0,0
enc_decode,chatcmpl-b78aba365718415195d8a30c4cf6cde6,3174632.728900,0.014196,1,1,1389,1388,0,0
enc_decode,chatcmpl-b78aba365718415195d8a30c4cf6cde6,3174632.743317,0.014195,1,1,1390,1389,0,0
enc_decode,chatcmpl-b78aba365718415195d8a30c4cf6cde6,3174632.757730,0.014201,1,1,1391,1390,0,0
enc_decode,chatcmpl-b78aba365718415195d8a30c4cf6cde6,3174632.772162,0.014201,1,1,1392,1391,0,0
enc_decode,chatcmpl-b78aba365718415195d8a30c4cf6cde6,3174632.786588,0.014210,1,1,1393,1392,0,0
enc_decode,chatcmpl-b78aba365718415195d8a30c4cf6cde6,3174632.801017,0.014192,1,1,1394,1393,0,0
enc_decode,chatcmpl-b78aba365718415195d8a30c4cf6cde6,3174632.815429,0.014290,1,1,1395,1394,0,0
enc_decode,chatcmpl-b78aba365718415195d8a30c4cf6cde6,3174632.829939,0.014215,1,1,1396,1395,0,0
enc_decode,chatcmpl-b78aba365718415195d8a30c4cf6cde6,3174632.844382,0.014211,1,1,1397,1396,0,0
enc_decode,chatcmpl-b78aba365718415195d8a30c4cf6cde6,3174632.858816,0.014228,1,1,1398,1397,0,0
enc_decode,chatcmpl-b78aba365718415195d8a30c4cf6cde6,3174632.873271,0.014197,1,1,1399,1398,0,0
enc_decode,chatcmpl-b78aba365718415195d8a30c4cf6cde6,3174632.887690,0.014211,1,1,1400,1399,0,0
enc_decode,chatcmpl-b78aba365718415195d8a30c4cf6cde6,3174632.902129,0.014210,1,1,1401,1400,0,0
enc_decode,chatcmpl-b78aba365718415195d8a30c4cf6cde6,3174632.916560,0.014205,1,1,1402,1401,0,0
enc_decode,chatcmpl-b78aba365718415195d8a30c4cf6cde6,3174632.930994,0.014205,1,1,1403,1402,0,0
enc_decode,chatcmpl-b78aba365718415195d8a30c4cf6cde6,3174632.945421,0.014197,1,1,1404,1403,0,0
enc_decode,chatcmpl-b78aba365718415195d8a30c4cf6cde6,3174632.959841,0.014214,1,1,1405,1404,0,0
enc_decode,chatcmpl-b78aba365718415195d8a30c4cf6cde6,3174632.974273,0.014209,1,1,1406,1405,0,0
enc_decode,chatcmpl-b78aba365718415195d8a30c4cf6cde6,3174632.988701,0.014204,1,1,1407,1406,0,0
enc_decode,chatcmpl-b78aba365718415195d8a30c4cf6cde6,3174633.003130,0.014222,1,1,1408,1407,0,0
enc_decode,chatcmpl-b78aba365718415195d8a30c4cf6cde6,3174633.017584,0.014192,1,1,1409,1408,0,0
enc_decode,chatcmpl-b78aba365718415195d8a30c4cf6cde6,3174633.032006,0.014203,1,1,1410,1409,0,0
enc_decode,chatcmpl-b78aba365718415195d8a30c4cf6cde6,3174633.046433,0.014198,1,1,1411,1410,0,0
enc_decode,chatcmpl-b78aba365718415195d8a30c4cf6cde6,3174633.060854,0.014202,1,1,1412,1411,0,0
enc_decode,chatcmpl-b78aba365718415195d8a30c4cf6cde6,3174633.075280,0.014209,1,1,1413,1412,0,0
enc_decode,chatcmpl-b78aba365718415195d8a30c4cf6cde6,3174633.089715,0.014222,1,1,1414,1413,0,0
enc_decode,chatcmpl-b78aba365718415195d8a30c4cf6cde6,3174633.104166,0.014206,1,1,1415,1414,0,0
enc_decode,chatcmpl-b78aba365718415195d8a30c4cf6cde6,3174633.118597,0.014192,1,1,1416,1415,0,0
enc_decode,chatcmpl-b78aba365718415195d8a30c4cf6cde6,3174633.133009,0.014220,1,1,1417,1416,0,0
enc_decode,chatcmpl-b78aba365718415195d8a30c4cf6cde6,3174633.147453,0.014308,1,1,1418,1417,0,0
enc_decode,chatcmpl-b78aba365718415195d8a30c4cf6cde6,3174633.161985,0.014232,1,1,1419,1418,0,0
enc_decode,chatcmpl-b78aba365718415195d8a30c4cf6cde6,3174633.176442,0.014195,1,1,1420,1419,0,0
enc_decode,chatcmpl-b78aba365718415195d8a30c4cf6cde6,3174633.190872,0.014228,1,1,1421,1420,0,0
enc_decode,chatcmpl-b78aba365718415195d8a30c4cf6cde6,3174633.205330,0.014222,1,1,1422,1421,0,0
enc_decode,chatcmpl-b78aba365718415195d8a30c4cf6cde6,3174633.219774,0.014210,1,1,1423,1422,0,0
enc_decode,chatcmpl-b78aba365718415195d8a30c4cf6cde6,3174633.234210,0.014211,1,1,1424,1423,0,0
enc_decode,chatcmpl-b78aba365718415195d8a30c4cf6cde6,3174633.248646,0.014191,1,1,1425,1424,0,0
enc_decode,chatcmpl-b78aba365718415195d8a30c4cf6cde6,3174633.263058,0.014199,1,1,1426,1425,0,0
enc_decode,chatcmpl-b78aba365718415195d8a30c4cf6cde6,3174633.277481,0.014189,1,1,1427,1426,0,0
enc_decode,chatcmpl-b78aba365718415195d8a30c4cf6cde6,3174633.291893,0.014199,1,1,1428,1427,0,0
enc_decode,chatcmpl-b78aba365718415195d8a30c4cf6cde6,3174633.306321,0.014187,1,1,1429,1428,0,0
enc_decode,chatcmpl-b78aba365718415195d8a30c4cf6cde6,3174633.320731,0.014188,1,1,1430,1429,0,0
enc_decode,chatcmpl-b78aba365718415195d8a30c4cf6cde6,3174633.335146,0.014214,1,1,1431,1430,0,0
enc_decode,chatcmpl-b78aba365718415195d8a30c4cf6cde6,3174633.349584,0.014214,1,1,1432,1431,0,0
enc_decode,chatcmpl-b78aba365718415195d8a30c4cf6cde6,3174633.364028,0.014206,1,1,1433,1432,0,0
enc_decode,chatcmpl-b78aba365718415195d8a30c4cf6cde6,3174633.378459,0.014210,1,1,1434,1433,0,0
enc_decode,chatcmpl-b78aba365718415195d8a30c4cf6cde6,3174633.392894,0.014195,1,1,1435,1434,0,0
enc_decode,chatcmpl-b78aba365718415195d8a30c4cf6cde6,3174633.407312,0.014226,1,1,1436,1435,0,0
enc_decode,chatcmpl-b78aba365718415195d8a30c4cf6cde6,3174633.421757,0.014217,1,1,1437,1436,0,0
enc_decode,chatcmpl-b78aba365718415195d8a30c4cf6cde6,3174633.436203,0.014193,1,1,1438,1437,0,0
enc_decode,chatcmpl-b78aba365718415195d8a30c4cf6cde6,3174633.450620,0.014191,1,1,1439,1438,0,0
enc_decode,chatcmpl-b78aba365718415195d8a30c4cf6cde6,3174633.465034,0.014213,1,1,1440,1439,0,0
enc_decode,chatcmpl-b78aba365718415195d8a30c4cf6cde6,3174633.479471,0.014309,1,1,1441,1440,0,0
enc_decode,chatcmpl-b78aba365718415195d8a30c4cf6cde6,3174633.494007,0.014205,1,1,1442,1441,0,0
enc_decode,chatcmpl-b78aba365718415195d8a30c4cf6cde6,3174633.508432,0.014195,1,1,1443,1442,0,0
enc_decode,chatcmpl-b78aba365718415195d8a30c4cf6cde6,3174633.522850,0.014212,1,1,1444,1443,0,0
enc_decode,chatcmpl-b78aba365718415195d8a30c4cf6cde6,3174633.537286,0.014198,1,1,1445,1444,0,0
enc_decode,chatcmpl-b78aba365718415195d8a30c4cf6cde6,3174633.551708,0.014198,1,1,1446,1445,0,0
enc_decode,chatcmpl-b78aba365718415195d8a30c4cf6cde6,3174633.566130,0.014198,1,1,1447,1446,0,0
enc_decode,chatcmpl-b78aba365718415195d8a30c4cf6cde6,3174633.580555,0.014201,1,1,1448,1447,0,0
enc_decode,chatcmpl-b78aba365718415195d8a30c4cf6cde6,3174633.594978,0.014213,1,1,1449,1448,0,0
enc_decode,chatcmpl-b78aba365718415195d8a30c4cf6cde6,3174633.609414,0.014203,1,1,1450,1449,0,0
enc_decode,chatcmpl-b78aba365718415195d8a30c4cf6cde6,3174633.623841,0.014199,1,1,1451,1450,0,0
enc_decode,chatcmpl-b78aba365718415195d8a30c4cf6cde6,3174633.638264,0.014193,1,1,1452,1451,0,0
enc_decode,chatcmpl-b78aba365718415195d8a30c4cf6cde6,3174633.652686,0.014219,1,1,1453,1452,0,0
enc_decode,chatcmpl-b78aba365718415195d8a30c4cf6cde6,3174633.667129,0.014215,1,1,1454,1453,0,0
enc_decode,chatcmpl-b78aba365718415195d8a30c4cf6cde6,3174633.681571,0.014186,1,1,1455,1454,0,0
enc_decode,chatcmpl-b78aba365718415195d8a30c4cf6cde6,3174633.695981,0.014197,1,1,1456,1455,0,0
enc_decode,chatcmpl-b78aba365718415195d8a30c4cf6cde6,3174633.710400,0.014197,1,1,1457,1456,0,0
enc_decode,chatcmpl-b78aba365718415195d8a30c4cf6cde6,3174633.724821,0.014199,1,1,1458,1457,0,0
enc_decode,chatcmpl-b78aba365718415195d8a30c4cf6cde6,3174633.739245,0.014219,1,1,1459,1458,0,0
enc_decode,chatcmpl-b78aba365718415195d8a30c4cf6cde6,3174633.753693,0.014318,1,1,1460,1459,0,0
enc_decode,chatcmpl-b78aba365718415195d8a30c4cf6cde6,3174633.768240,0.014217,1,1,1461,1460,0,0
enc_decode,chatcmpl-b78aba365718415195d8a30c4cf6cde6,3174633.782681,0.014215,1,1,1462,1461,0,0
enc_decode,chatcmpl-b78aba365718415195d8a30c4cf6cde6,3174633.797120,0.014217,1,1,1463,1462,0,0
enc_decode,chatcmpl-b78aba365718415195d8a30c4cf6cde6,3174633.811572,0.014298,1,1,1464,1463,0,0
enc_decode,chatcmpl-b78aba365718415195d8a30c4cf6cde6,3174633.826100,0.014245,1,1,1465,1464,0,0
enc_decode,chatcmpl-b78aba365718415195d8a30c4cf6cde6,3174633.840568,0.014218,1,1,1466,1465,0,0
enc_decode,chatcmpl-b78aba365718415195d8a30c4cf6cde6,3174633.855010,0.014224,1,1,1467,1466,0,0
enc_decode,chatcmpl-b78aba365718415195d8a30c4cf6cde6,3174633.869458,0.014212,1,1,1468,1467,0,0
enc_decode,chatcmpl-b78aba365718415195d8a30c4cf6cde6,3174633.883895,0.014194,1,1,1469,1468,0,0
enc_decode,chatcmpl-b78aba365718415195d8a30c4cf6cde6,3174633.898311,0.014180,1,1,1470,1469,0,0
enc_decode,chatcmpl-b78aba365718415195d8a30c4cf6cde6,3174633.912715,0.014200,1,1,1471,1470,0,0
enc_decode,chatcmpl-b78aba365718415195d8a30c4cf6cde6,3174633.927140,0.014213,1,1,1472,1471,0,0
enc_decode,chatcmpl-b78aba365718415195d8a30c4cf6cde6,3174633.941576,0.014211,1,1,1473,1472,0,0
enc_decode,chatcmpl-b78aba365718415195d8a30c4cf6cde6,3174633.956014,0.014196,1,1,1474,1473,0,0
enc_decode,chatcmpl-b78aba365718415195d8a30c4cf6cde6,3174633.970435,0.014192,1,1,1475,1474,0,0
enc_decode,chatcmpl-b78aba365718415195d8a30c4cf6cde6,3174633.984854,0.014200,1,1,1476,1475,0,0
enc_decode,chatcmpl-b78aba365718415195d8a30c4cf6cde6,3174633.999277,0.014190,1,1,1477,1476,0,0
enc_decode,chatcmpl-b78aba365718415195d8a30c4cf6cde6,3174634.013688,0.014188,1,1,1478,1477,0,0
enc_decode,chatcmpl-b78aba365718415195d8a30c4cf6cde6,3174634.028109,0.014183,1,1,1479,1478,0,0
enc_decode,chatcmpl-b78aba365718415195d8a30c4cf6cde6,3174634.042516,0.014197,1,1,1480,1479,0,0
enc_decode,chatcmpl-b78aba365718415195d8a30c4cf6cde6,3174634.056942,0.014198,1,1,1481,1480,0,0
enc_decode,chatcmpl-b78aba365718415195d8a30c4cf6cde6,3174634.071368,0.014197,1,1,1482,1481,0,0
enc_decode,chatcmpl-b78aba365718415195d8a30c4cf6cde6,3174634.085789,0.014304,1,1,1483,1482,0,0
enc_decode,chatcmpl-b78aba365718415195d8a30c4cf6cde6,3174634.100318,0.014196,1,1,1484,1483,0,0
enc_decode,chatcmpl-b78aba365718415195d8a30c4cf6cde6,3174634.114739,0.014184,1,1,1485,1484,0,0
enc_decode,chatcmpl-b78aba365718415195d8a30c4cf6cde6,3174634.129144,0.014196,1,1,1486,1485,0,0
enc_prefill,chatcmpl-e4947c0d167a4f6dbd1dbdec575dc491,3174634.165186,0.336072,1,1352,1352,0,1,0
enc_decode,chatcmpl-e4947c0d167a4f6dbd1dbdec575dc491,3174634.501681,0.014310,1,1,1353,1352,0,0
enc_decode,chatcmpl-e4947c0d167a4f6dbd1dbdec575dc491,3174634.516223,0.014260,1,1,1354,1353,0,0
enc_decode,chatcmpl-e4947c0d167a4f6dbd1dbdec575dc491,3174634.530709,0.014311,1,1,1355,1354,0,0
enc_decode,chatcmpl-e4947c0d167a4f6dbd1dbdec575dc491,3174634.545246,0.014202,1,1,1356,1355,0,0
enc_decode,chatcmpl-e4947c0d167a4f6dbd1dbdec575dc491,3174634.559672,0.014231,1,1,1357,1356,0,0
enc_decode,chatcmpl-e4947c0d167a4f6dbd1dbdec575dc491,3174634.574128,0.014199,1,1,1358,1357,0,0
enc_decode,chatcmpl-e4947c0d167a4f6dbd1dbdec575dc491,3174634.588553,0.014304,1,1,1359,1358,0,0
enc_decode,chatcmpl-e4947c0d167a4f6dbd1dbdec575dc491,3174634.603087,0.014232,1,1,1360,1359,0,0
enc_decode,chatcmpl-e4947c0d167a4f6dbd1dbdec575dc491,3174634.617545,0.014232,1,1,1361,1360,0,0
enc_decode,chatcmpl-e4947c0d167a4f6dbd1dbdec575dc491,3174634.632008,0.014196,1,1,1362,1361,0,0
enc_decode,chatcmpl-e4947c0d167a4f6dbd1dbdec575dc491,3174634.646424,0.014203,1,1,1363,1362,0,0
enc_decode,chatcmpl-e4947c0d167a4f6dbd1dbdec575dc491,3174634.660855,0.014221,1,1,1364,1363,0,0
enc_decode,chatcmpl-e4947c0d167a4f6dbd1dbdec575dc491,3174634.675299,0.014217,1,1,1365,1364,0,0
enc_decode,chatcmpl-e4947c0d167a4f6dbd1dbdec575dc491,3174634.689740,0.014219,1,1,1366,1365,0,0
enc_decode,chatcmpl-e4947c0d167a4f6dbd1dbdec575dc491,3174634.704188,0.014201,1,1,1367,1366,0,0
enc_decode,chatcmpl-e4947c0d167a4f6dbd1dbdec575dc491,3174634.718614,0.014208,1,1,1368,1367,0,0
enc_decode,chatcmpl-e4947c0d167a4f6dbd1dbdec575dc491,3174634.733049,0.014208,1,1,1369,1368,0,0
enc_decode,chatcmpl-e4947c0d167a4f6dbd1dbdec575dc491,3174634.747483,0.014211,1,1,1370,1369,0,0
enc_decode,chatcmpl-e4947c0d167a4f6dbd1dbdec575dc491,3174634.761915,0.014207,1,1,1371,1370,0,0
enc_decode,chatcmpl-e4947c0d167a4f6dbd1dbdec575dc491,3174634.776354,0.014211,1,1,1372,1371,0,0
enc_decode,chatcmpl-e4947c0d167a4f6dbd1dbdec575dc491,3174634.790787,0.014204,1,1,1373,1372,0,0
enc_decode,chatcmpl-e4947c0d167a4f6dbd1dbdec575dc491,3174634.805220,0.014233,1,1,1374,1373,0,0
enc_decode,chatcmpl-e4947c0d167a4f6dbd1dbdec575dc491,3174634.819678,0.014223,1,1,1375,1374,0,0
enc_decode,chatcmpl-e4947c0d167a4f6dbd1dbdec575dc491,3174634.834126,0.014190,1,1,1376,1375,0,0
enc_decode,chatcmpl-e4947c0d167a4f6dbd1dbdec575dc491,3174634.848542,0.014193,1,1,1377,1376,0,0
enc_decode,chatcmpl-e4947c0d167a4f6dbd1dbdec575dc491,3174634.862959,0.014291,1,1,1378,1377,0,0
enc_decode,chatcmpl-e4947c0d167a4f6dbd1dbdec575dc491,3174634.877473,0.014208,1,1,1379,1378,0,0
enc_decode,chatcmpl-e4947c0d167a4f6dbd1dbdec575dc491,3174634.891906,0.014214,1,1,1380,1379,0,0
enc_decode,chatcmpl-e4947c0d167a4f6dbd1dbdec575dc491,3174634.906346,0.014166,1,1,1381,1380,0,0
enc_decode,chatcmpl-e4947c0d167a4f6dbd1dbdec575dc491,3174634.920738,0.014299,1,1,1382,1381,0,0
enc_decode,chatcmpl-e4947c0d167a4f6dbd1dbdec575dc491,3174634.935262,0.014215,1,1,1383,1382,0,0
enc_decode,chatcmpl-e4947c0d167a4f6dbd1dbdec575dc491,3174634.949703,0.014196,1,1,1384,1383,0,0
enc_decode,chatcmpl-e4947c0d167a4f6dbd1dbdec575dc491,3174634.964134,0.014208,1,1,1385,1384,0,0
enc_decode,chatcmpl-e4947c0d167a4f6dbd1dbdec575dc491,3174634.978564,0.014195,1,1,1386,1385,0,0
enc_decode,chatcmpl-e4947c0d167a4f6dbd1dbdec575dc491,3174634.992985,0.014235,1,1,1387,1386,0,0
enc_decode,chatcmpl-e4947c0d167a4f6dbd1dbdec575dc491,3174635.007443,0.014201,1,1,1388,1387,0,0
enc_decode,chatcmpl-e4947c0d167a4f6dbd1dbdec575dc491,3174635.021865,0.014181,1,1,1389,1388,0,0
enc_decode,chatcmpl-e4947c0d167a4f6dbd1dbdec575dc491,3174635.036270,0.014202,1,1,1390,1389,0,0
enc_decode,chatcmpl-e4947c0d167a4f6dbd1dbdec575dc491,3174635.050698,0.014214,1,1,1391,1390,0,0
enc_decode,chatcmpl-e4947c0d167a4f6dbd1dbdec575dc491,3174635.065136,0.014239,1,1,1392,1391,0,0
enc_decode,chatcmpl-e4947c0d167a4f6dbd1dbdec575dc491,3174635.079601,0.014229,1,1,1393,1392,0,0
enc_decode,chatcmpl-e4947c0d167a4f6dbd1dbdec575dc491,3174635.094056,0.014199,1,1,1394,1393,0,0
enc_decode,chatcmpl-e4947c0d167a4f6dbd1dbdec575dc491,3174635.108479,0.014213,1,1,1395,1394,0,0
enc_decode,chatcmpl-e4947c0d167a4f6dbd1dbdec575dc491,3174635.122914,0.014210,1,1,1396,1395,0,0
enc_decode,chatcmpl-e4947c0d167a4f6dbd1dbdec575dc491,3174635.137346,0.014206,1,1,1397,1396,0,0
enc_decode,chatcmpl-e4947c0d167a4f6dbd1dbdec575dc491,3174635.151775,0.014195,1,1,1398,1397,0,0
enc_decode,chatcmpl-e4947c0d167a4f6dbd1dbdec575dc491,3174635.166192,0.014217,1,1,1399,1398,0,0
enc_decode,chatcmpl-e4947c0d167a4f6dbd1dbdec575dc491,3174635.180630,0.014226,1,1,1400,1399,0,0
enc_decode,chatcmpl-e4947c0d167a4f6dbd1dbdec575dc491,3174635.195079,0.014316,1,1,1401,1400,0,0
enc_decode,chatcmpl-e4947c0d167a4f6dbd1dbdec575dc491,3174635.209620,0.014195,1,1,1402,1401,0,0
enc_decode,chatcmpl-e4947c0d167a4f6dbd1dbdec575dc491,3174635.224047,0.014185,1,1,1403,1402,0,0
enc_decode,chatcmpl-e4947c0d167a4f6dbd1dbdec575dc491,3174635.238456,0.014197,1,1,1404,1403,0,0
enc_decode,chatcmpl-e4947c0d167a4f6dbd1dbdec575dc491,3174635.252879,0.014306,1,1,1405,1404,0,0
enc_decode,chatcmpl-e4947c0d167a4f6dbd1dbdec575dc491,3174635.267411,0.014210,1,1,1406,1405,0,0
enc_decode,chatcmpl-e4947c0d167a4f6dbd1dbdec575dc491,3174635.281854,0.014194,1,1,1407,1406,0,0
enc_decode,chatcmpl-e4947c0d167a4f6dbd1dbdec575dc491,3174635.296274,0.014203,1,1,1408,1407,0,0
enc_decode,chatcmpl-e4947c0d167a4f6dbd1dbdec575dc491,3174635.310714,0.014195,1,1,1409,1408,0,0
enc_decode,chatcmpl-e4947c0d167a4f6dbd1dbdec575dc491,3174635.325131,0.014193,1,1,1410,1409,0,0
enc_decode,chatcmpl-e4947c0d167a4f6dbd1dbdec575dc491,3174635.339547,0.014209,1,1,1411,1410,0,0
enc_decode,chatcmpl-e4947c0d167a4f6dbd1dbdec575dc491,3174635.353979,0.014209,1,1,1412,1411,0,0
enc_decode,chatcmpl-e4947c0d167a4f6dbd1dbdec575dc491,3174635.368410,0.014194,1,1,1413,1412,0,0
enc_decode,chatcmpl-e4947c0d167a4f6dbd1dbdec575dc491,3174635.382833,0.014220,1,1,1414,1413,0,0
enc_decode,chatcmpl-e4947c0d167a4f6dbd1dbdec575dc491,3174635.397284,0.014193,1,1,1415,1414,0,0
enc_decode,chatcmpl-e4947c0d167a4f6dbd1dbdec575dc491,3174635.411700,0.014210,1,1,1416,1415,0,0
enc_decode,chatcmpl-e4947c0d167a4f6dbd1dbdec575dc491,3174635.426137,0.014215,1,1,1417,1416,0,0
enc_decode,chatcmpl-e4947c0d167a4f6dbd1dbdec575dc491,3174635.440577,0.014200,1,1,1418,1417,0,0
enc_decode,chatcmpl-e4947c0d167a4f6dbd1dbdec575dc491,3174635.455001,0.014208,1,1,1419,1418,0,0
enc_decode,chatcmpl-e4947c0d167a4f6dbd1dbdec575dc491,3174635.469430,0.014174,1,1,1420,1419,0,0
enc_decode,chatcmpl-e4947c0d167a4f6dbd1dbdec575dc491,3174635.483832,0.014192,1,1,1421,1420,0,0
enc_decode,chatcmpl-e4947c0d167a4f6dbd1dbdec575dc491,3174635.498251,0.014194,1,1,1422,1421,0,0
enc_decode,chatcmpl-e4947c0d167a4f6dbd1dbdec575dc491,3174635.512667,0.014215,1,1,1423,1422,0,0
enc_decode,chatcmpl-e4947c0d167a4f6dbd1dbdec575dc491,3174635.527102,0.014291,1,1,1424,1423,0,0
enc_decode,chatcmpl-e4947c0d167a4f6dbd1dbdec575dc491,3174635.541618,0.014190,1,1,1425,1424,0,0
enc_decode,chatcmpl-e4947c0d167a4f6dbd1dbdec575dc491,3174635.556041,0.014219,1,1,1426,1425,0,0
enc_decode,chatcmpl-e4947c0d167a4f6dbd1dbdec575dc491,3174635.570483,0.014197,1,1,1427,1426,0,0
enc_decode,chatcmpl-e4947c0d167a4f6dbd1dbdec575dc491,3174635.584903,0.014308,1,1,1428,1427,0,0
enc_decode,chatcmpl-e4947c0d167a4f6dbd1dbdec575dc491,3174635.599440,0.014199,1,1,1429,1428,0,0
enc_decode,chatcmpl-e4947c0d167a4f6dbd1dbdec575dc491,3174635.613866,0.014194,1,1,1430,1429,0,0
enc_decode,chatcmpl-e4947c0d167a4f6dbd1dbdec575dc491,3174635.628282,0.014195,1,1,1431,1430,0,0
enc_decode,chatcmpl-e4947c0d167a4f6dbd1dbdec575dc491,3174635.642703,0.014193,1,1,1432,1431,0,0
enc_decode,chatcmpl-e4947c0d167a4f6dbd1dbdec575dc491,3174635.657121,0.014182,1,1,1433,1432,0,0
enc_decode,chatcmpl-e4947c0d167a4f6dbd1dbdec575dc491,3174635.671527,0.014220,1,1,1434,1433,0,0
enc_decode,chatcmpl-e4947c0d167a4f6dbd1dbdec575dc491,3174635.685972,0.014184,1,1,1435,1434,0,0
enc_decode,chatcmpl-e4947c0d167a4f6dbd1dbdec575dc491,3174635.700380,0.014238,1,1,1436,1435,0,0
enc_decode,chatcmpl-e4947c0d167a4f6dbd1dbdec575dc491,3174635.714838,0.014203,1,1,1437,1436,0,0
enc_decode,chatcmpl-e4947c0d167a4f6dbd1dbdec575dc491,3174635.729264,0.014194,1,1,1438,1437,0,0
enc_decode,chatcmpl-e4947c0d167a4f6dbd1dbdec575dc491,3174635.743679,0.014205,1,1,1439,1438,0,0
enc_decode,chatcmpl-e4947c0d167a4f6dbd1dbdec575dc491,3174635.758110,0.014197,1,1,1440,1439,0,0
enc_decode,chatcmpl-e4947c0d167a4f6dbd1dbdec575dc491,3174635.772533,0.014182,1,1,1441,1440,0,0
enc_decode,chatcmpl-e4947c0d167a4f6dbd1dbdec575dc491,3174635.786944,0.014216,1,1,1442,1441,0,0
enc_decode,chatcmpl-e4947c0d167a4f6dbd1dbdec575dc491,3174635.801379,0.014177,1,1,1443,1442,0,0
enc_decode,chatcmpl-e4947c0d167a4f6dbd1dbdec575dc491,3174635.815780,0.014213,1,1,1444,1443,0,0
enc_decode,chatcmpl-e4947c0d167a4f6dbd1dbdec575dc491,3174635.830213,0.014191,1,1,1445,1444,0,0
enc_decode,chatcmpl-e4947c0d167a4f6dbd1dbdec575dc491,3174635.844623,0.014205,1,1,1446,1445,0,0
enc_decode,chatcmpl-e4947c0d167a4f6dbd1dbdec575dc491,3174635.859053,0.014313,1,1,1447,1446,0,0
enc_decode,chatcmpl-e4947c0d167a4f6dbd1dbdec575dc491,3174635.873593,0.014206,1,1,1448,1447,0,0
enc_decode,chatcmpl-e4947c0d167a4f6dbd1dbdec575dc491,3174635.888028,0.014200,1,1,1449,1448,0,0
enc_decode,chatcmpl-e4947c0d167a4f6dbd1dbdec575dc491,3174635.902450,0.014202,1,1,1450,1449,0,0
enc_decode,chatcmpl-e4947c0d167a4f6dbd1dbdec575dc491,3174635.916875,0.014192,1,1,1451,1450,0,0
enc_decode,chatcmpl-e4947c0d167a4f6dbd1dbdec575dc491,3174635.931288,0.014216,1,1,1452,1451,0,0
enc_decode,chatcmpl-e4947c0d167a4f6dbd1dbdec575dc491,3174635.945728,0.014198,1,1,1453,1452,0,0
enc_decode,chatcmpl-e4947c0d167a4f6dbd1dbdec575dc491,3174635.960154,0.014213,1,1,1454,1453,0,0
enc_decode,chatcmpl-e4947c0d167a4f6dbd1dbdec575dc491,3174635.974593,0.014207,1,1,1455,1454,0,0
enc_decode,chatcmpl-e4947c0d167a4f6dbd1dbdec575dc491,3174635.989021,0.014212,1,1,1456,1455,0,0
enc_decode,chatcmpl-e4947c0d167a4f6dbd1dbdec575dc491,3174636.003453,0.014188,1,1,1457,1456,0,0
enc_decode,chatcmpl-e4947c0d167a4f6dbd1dbdec575dc491,3174636.017871,0.014189,1,1,1458,1457,0,0
enc_decode,chatcmpl-e4947c0d167a4f6dbd1dbdec575dc491,3174636.032282,0.014197,1,1,1459,1458,0,0
enc_decode,chatcmpl-e4947c0d167a4f6dbd1dbdec575dc491,3174636.046701,0.014201,1,1,1460,1459,0,0
enc_decode,chatcmpl-e4947c0d167a4f6dbd1dbdec575dc491,3174636.061120,0.014215,1,1,1461,1460,0,0
enc_decode,chatcmpl-e4947c0d167a4f6dbd1dbdec575dc491,3174636.075562,0.014193,1,1,1462,1461,0,0
enc_decode,chatcmpl-e4947c0d167a4f6dbd1dbdec575dc491,3174636.089976,0.014224,1,1,1463,1462,0,0
enc_decode,chatcmpl-e4947c0d167a4f6dbd1dbdec575dc491,3174636.104421,0.014182,1,1,1464,1463,0,0
enc_decode,chatcmpl-e4947c0d167a4f6dbd1dbdec575dc491,3174636.118826,0.014212,1,1,1465,1464,0,0
enc_decode,chatcmpl-e4947c0d167a4f6dbd1dbdec575dc491,3174636.133262,0.014195,1,1,1466,1465,0,0
enc_decode,chatcmpl-e4947c0d167a4f6dbd1dbdec575dc491,3174636.147681,0.014203,1,1,1467,1466,0,0
enc_decode,chatcmpl-e4947c0d167a4f6dbd1dbdec575dc491,3174636.162109,0.014269,1,1,1468,1467,0,0
enc_decode,chatcmpl-e4947c0d167a4f6dbd1dbdec575dc491,3174636.176602,0.014210,1,1,1469,1468,0,0
enc_decode,chatcmpl-e4947c0d167a4f6dbd1dbdec575dc491,3174636.191035,0.014316,1,1,1470,1469,0,0
enc_decode,chatcmpl-e4947c0d167a4f6dbd1dbdec575dc491,3174636.205577,0.014197,1,1,1471,1470,0,0
enc_decode,chatcmpl-e4947c0d167a4f6dbd1dbdec575dc491,3174636.219996,0.014214,1,1,1472,1471,0,0
enc_decode,chatcmpl-e4947c0d167a4f6dbd1dbdec575dc491,3174636.234431,0.014210,1,1,1473,1472,0,0
enc_decode,chatcmpl-e4947c0d167a4f6dbd1dbdec575dc491,3174636.248865,0.014213,1,1,1474,1473,0,0
enc_decode,chatcmpl-e4947c0d167a4f6dbd1dbdec575dc491,3174636.263300,0.014197,1,1,1475,1474,0,0
enc_decode,chatcmpl-e4947c0d167a4f6dbd1dbdec575dc491,3174636.277719,0.014206,1,1,1476,1475,0,0
enc_decode,chatcmpl-e4947c0d167a4f6dbd1dbdec575dc491,3174636.292155,0.014213,1,1,1477,1476,0,0
enc_decode,chatcmpl-e4947c0d167a4f6dbd1dbdec575dc491,3174636.306594,0.014217,1,1,1478,1477,0,0
enc_decode,chatcmpl-e4947c0d167a4f6dbd1dbdec575dc491,3174636.321034,0.014207,1,1,1479,1478,0,0
enc_decode,chatcmpl-e4947c0d167a4f6dbd1dbdec575dc491,3174636.335467,0.014208,1,1,1480,1479,0,0
enc_decode,chatcmpl-e4947c0d167a4f6dbd1dbdec575dc491,3174636.349898,0.014194,1,1,1481,1480,0,0
enc_decode,chatcmpl-e4947c0d167a4f6dbd1dbdec575dc491,3174636.364318,0.014191,1,1,1482,1481,0,0
enc_decode,chatcmpl-e4947c0d167a4f6dbd1dbdec575dc491,3174636.378734,0.014198,1,1,1483,1482,0,0
enc_decode,chatcmpl-e4947c0d167a4f6dbd1dbdec575dc491,3174636.393158,0.014198,1,1,1484,1483,0,0
enc_decode,chatcmpl-e4947c0d167a4f6dbd1dbdec575dc491,3174636.407577,0.014217,1,1,1485,1484,0,0
enc_decode,chatcmpl-e4947c0d167a4f6dbd1dbdec575dc491,3174636.422017,0.014207,1,1,1486,1485,0,0
enc_decode,chatcmpl-e4947c0d167a4f6dbd1dbdec575dc491,3174636.436446,0.014196,1,1,1487,1486,0,0
enc_decode,chatcmpl-e4947c0d167a4f6dbd1dbdec575dc491,3174636.450865,0.014210,1,1,1488,1487,0,0
enc_decode,chatcmpl-e4947c0d167a4f6dbd1dbdec575dc491,3174636.465299,0.014195,1,1,1489,1488,0,0
enc_decode,chatcmpl-e4947c0d167a4f6dbd1dbdec575dc491,3174636.479723,0.014205,1,1,1490,1489,0,0
enc_decode,chatcmpl-e4947c0d167a4f6dbd1dbdec575dc491,3174636.494151,0.014201,1,1,1491,1490,0,0
enc_decode,chatcmpl-e4947c0d167a4f6dbd1dbdec575dc491,3174636.508576,0.014198,1,1,1492,1491,0,0
enc_decode,chatcmpl-e4947c0d167a4f6dbd1dbdec575dc491,3174636.522995,0.014307,1,1,1493,1492,0,0
enc_decode,chatcmpl-e4947c0d167a4f6dbd1dbdec575dc491,3174636.537525,0.014194,1,1,1494,1493,0,0
enc_decode,chatcmpl-e4947c0d167a4f6dbd1dbdec575dc491,3174636.551940,0.014220,1,1,1495,1494,0,0
enc_decode,chatcmpl-e4947c0d167a4f6dbd1dbdec575dc491,3174636.566385,0.014191,1,1,1496,1495,0,0
enc_prefill,chatcmpl-82b19d5ba4994e2eaf5e0f117081c4bb,3174636.602330,0.336676,1,1363,1363,0,1,0
enc_decode,chatcmpl-82b19d5ba4994e2eaf5e0f117081c4bb,3174636.939414,0.014298,1,1,1364,1363,0,0
enc_decode,chatcmpl-82b19d5ba4994e2eaf5e0f117081c4bb,3174636.953941,0.014254,1,1,1365,1364,0,0
enc_decode,chatcmpl-82b19d5ba4994e2eaf5e0f117081c4bb,3174636.968417,0.014311,1,1,1366,1365,0,0
enc_decode,chatcmpl-82b19d5ba4994e2eaf5e0f117081c4bb,3174636.982962,0.014278,1,1,1367,1366,0,0
enc_decode,chatcmpl-82b19d5ba4994e2eaf5e0f117081c4bb,3174636.997466,0.014232,1,1,1368,1367,0,0
enc_decode,chatcmpl-82b19d5ba4994e2eaf5e0f117081c4bb,3174637.011921,0.014214,1,1,1369,1368,0,0
enc_decode,chatcmpl-82b19d5ba4994e2eaf5e0f117081c4bb,3174637.026360,0.014218,1,1,1370,1369,0,0
enc_decode,chatcmpl-82b19d5ba4994e2eaf5e0f117081c4bb,3174637.040801,0.014214,1,1,1371,1370,0,0
enc_decode,chatcmpl-82b19d5ba4994e2eaf5e0f117081c4bb,3174637.055241,0.014209,1,1,1372,1371,0,0
enc_decode,chatcmpl-82b19d5ba4994e2eaf5e0f117081c4bb,3174637.069671,0.014224,1,1,1373,1372,0,0
enc_decode,chatcmpl-82b19d5ba4994e2eaf5e0f117081c4bb,3174637.084128,0.014218,1,1,1374,1373,0,0
enc_decode,chatcmpl-82b19d5ba4994e2eaf5e0f117081c4bb,3174637.098571,0.014203,1,1,1375,1374,0,0
enc_decode,chatcmpl-82b19d5ba4994e2eaf5e0f117081c4bb,3174637.112992,0.014214,1,1,1376,1375,0,0
enc_decode,chatcmpl-82b19d5ba4994e2eaf5e0f117081c4bb,3174637.127438,0.014226,1,1,1377,1376,0,0
enc_decode,chatcmpl-82b19d5ba4994e2eaf5e0f117081c4bb,3174637.141889,0.014234,1,1,1378,1377,0,0
enc_decode,chatcmpl-82b19d5ba4994e2eaf5e0f117081c4bb,3174637.156347,0.014208,1,1,1379,1378,0,0
enc_decode,chatcmpl-82b19d5ba4994e2eaf5e0f117081c4bb,3174637.170777,0.014210,1,1,1380,1379,0,0
enc_decode,chatcmpl-82b19d5ba4994e2eaf5e0f117081c4bb,3174637.185211,0.014206,1,1,1381,1380,0,0
enc_decode,chatcmpl-82b19d5ba4994e2eaf5e0f117081c4bb,3174637.199640,0.014207,1,1,1382,1381,0,0
enc_decode,chatcmpl-82b19d5ba4994e2eaf5e0f117081c4bb,3174637.214071,0.014204,1,1,1383,1382,0,0
enc_decode,chatcmpl-82b19d5ba4994e2eaf5e0f117081c4bb,3174637.228499,0.014199,1,1,1384,1383,0,0
enc_decode,chatcmpl-82b19d5ba4994e2eaf5e0f117081c4bb,3174637.242923,0.014217,1,1,1385,1384,0,0
enc_decode,chatcmpl-82b19d5ba4994e2eaf5e0f117081c4bb,3174637.257361,0.014198,1,1,1386,1385,0,0
enc_decode,chatcmpl-82b19d5ba4994e2eaf5e0f117081c4bb,3174637.271781,0.014216,1,1,1387,1386,0,0
enc_decode,chatcmpl-82b19d5ba4994e2eaf5e0f117081c4bb,3174637.286219,0.014208,1,1,1388,1387,0,0
enc_decode,chatcmpl-82b19d5ba4994e2eaf5e0f117081c4bb,3174637.300649,0.014250,1,1,1389,1388,0,0
enc_decode,chatcmpl-82b19d5ba4994e2eaf5e0f117081c4bb,3174637.315121,0.014210,1,1,1390,1389,0,0
enc_decode,chatcmpl-82b19d5ba4994e2eaf5e0f117081c4bb,3174637.329554,0.014217,1,1,1391,1390,0,0
enc_decode,chatcmpl-82b19d5ba4994e2eaf5e0f117081c4bb,3174637.343992,0.014211,1,1,1392,1391,0,0
enc_decode,chatcmpl-82b19d5ba4994e2eaf5e0f117081c4bb,3174637.358428,0.014212,1,1,1393,1392,0,0
enc_decode,chatcmpl-82b19d5ba4994e2eaf5e0f117081c4bb,3174637.372863,0.014208,1,1,1394,1393,0,0
enc_decode,chatcmpl-82b19d5ba4994e2eaf5e0f117081c4bb,3174637.387295,0.014235,1,1,1395,1394,0,0
enc_decode,chatcmpl-82b19d5ba4994e2eaf5e0f117081c4bb,3174637.401753,0.014225,1,1,1396,1395,0,0
enc_decode,chatcmpl-82b19d5ba4994e2eaf5e0f117081c4bb,3174637.416210,0.014235,1,1,1397,1396,0,0
enc_decode,chatcmpl-82b19d5ba4994e2eaf5e0f117081c4bb,3174637.430668,0.014204,1,1,1398,1397,0,0
enc_decode,chatcmpl-82b19d5ba4994e2eaf5e0f117081c4bb,3174637.445096,0.014195,1,1,1399,1398,0,0
enc_decode,chatcmpl-82b19d5ba4994e2eaf5e0f117081c4bb,3174637.459516,0.014222,1,1,1400,1399,0,0
enc_decode,chatcmpl-82b19d5ba4994e2eaf5e0f117081c4bb,3174637.473961,0.014209,1,1,1401,1400,0,0
enc_decode,chatcmpl-82b19d5ba4994e2eaf5e0f117081c4bb,3174637.488395,0.014236,1,1,1402,1401,0,0
enc_decode,chatcmpl-82b19d5ba4994e2eaf5e0f117081c4bb,3174637.502852,0.014230,1,1,1403,1402,0,0
enc_decode,chatcmpl-82b19d5ba4994e2eaf5e0f117081c4bb,3174637.517306,0.014215,1,1,1404,1403,0,0
enc_decode,chatcmpl-82b19d5ba4994e2eaf5e0f117081c4bb,3174637.531745,0.014215,1,1,1405,1404,0,0
enc_decode,chatcmpl-82b19d5ba4994e2eaf5e0f117081c4bb,3174637.546185,0.014230,1,1,1406,1405,0,0
enc_decode,chatcmpl-82b19d5ba4994e2eaf5e0f117081c4bb,3174637.560639,0.014235,1,1,1407,1406,0,0
enc_decode,chatcmpl-82b19d5ba4994e2eaf5e0f117081c4bb,3174637.575095,0.014221,1,1,1408,1407,0,0
enc_decode,chatcmpl-82b19d5ba4994e2eaf5e0f117081c4bb,3174637.589552,0.014210,1,1,1409,1408,0,0
enc_decode,chatcmpl-82b19d5ba4994e2eaf5e0f117081c4bb,3174637.603994,0.014222,1,1,1410,1409,0,0
enc_decode,chatcmpl-82b19d5ba4994e2eaf5e0f117081c4bb,3174637.618438,0.014197,1,1,1411,1410,0,0
enc_decode,chatcmpl-82b19d5ba4994e2eaf5e0f117081c4bb,3174637.632857,0.014315,1,1,1412,1411,0,0
enc_decode,chatcmpl-82b19d5ba4994e2eaf5e0f117081c4bb,3174637.647395,0.014220,1,1,1413,1412,0,0
enc_decode,chatcmpl-82b19d5ba4994e2eaf5e0f117081c4bb,3174637.661838,0.014204,1,1,1414,1413,0,0
enc_decode,chatcmpl-82b19d5ba4994e2eaf5e0f117081c4bb,3174637.676266,0.014191,1,1,1415,1414,0,0
enc_decode,chatcmpl-82b19d5ba4994e2eaf5e0f117081c4bb,3174637.690686,0.014190,1,1,1416,1415,0,0
enc_decode,chatcmpl-82b19d5ba4994e2eaf5e0f117081c4bb,3174637.705098,0.014218,1,1,1417,1416,0,0
enc_decode,chatcmpl-82b19d5ba4994e2eaf5e0f117081c4bb,3174637.719539,0.014221,1,1,1418,1417,0,0
enc_decode,chatcmpl-82b19d5ba4994e2eaf5e0f117081c4bb,3174637.733979,0.014190,1,1,1419,1418,0,0
enc_decode,chatcmpl-82b19d5ba4994e2eaf5e0f117081c4bb,3174637.748391,0.014201,1,1,1420,1419,0,0
enc_decode,chatcmpl-82b19d5ba4994e2eaf5e0f117081c4bb,3174637.762812,0.014214,1,1,1421,1420,0,0
enc_decode,chatcmpl-82b19d5ba4994e2eaf5e0f117081c4bb,3174637.777247,0.014196,1,1,1422,1421,0,0
enc_decode,chatcmpl-82b19d5ba4994e2eaf5e0f117081c4bb,3174637.791663,0.014226,1,1,1423,1422,0,0
enc_decode,chatcmpl-82b19d5ba4994e2eaf5e0f117081c4bb,3174637.806115,0.014207,1,1,1424,1423,0,0
enc_decode,chatcmpl-82b19d5ba4994e2eaf5e0f117081c4bb,3174637.820550,0.014206,1,1,1425,1424,0,0
enc_decode,chatcmpl-82b19d5ba4994e2eaf5e0f117081c4bb,3174637.834978,0.014194,1,1,1426,1425,0,0
enc_decode,chatcmpl-82b19d5ba4994e2eaf5e0f117081c4bb,3174637.849399,0.014210,1,1,1427,1426,0,0
enc_decode,chatcmpl-82b19d5ba4994e2eaf5e0f117081c4bb,3174637.863833,0.014218,1,1,1428,1427,0,0
enc_decode,chatcmpl-82b19d5ba4994e2eaf5e0f117081c4bb,3174637.878271,0.014212,1,1,1429,1428,0,0
enc_decode,chatcmpl-82b19d5ba4994e2eaf5e0f117081c4bb,3174637.892705,0.014223,1,1,1430,1429,0,0
enc_decode,chatcmpl-82b19d5ba4994e2eaf5e0f117081c4bb,3174637.907150,0.014233,1,1,1431,1430,0,0
enc_decode,chatcmpl-82b19d5ba4994e2eaf5e0f117081c4bb,3174637.921602,0.014188,1,1,1432,1431,0,0
enc_decode,chatcmpl-82b19d5ba4994e2eaf5e0f117081c4bb,3174637.936015,0.014182,1,1,1433,1432,0,0
enc_decode,chatcmpl-82b19d5ba4994e2eaf5e0f117081c4bb,3174637.950419,0.014190,1,1,1434,1433,0,0
enc_decode,chatcmpl-82b19d5ba4994e2eaf5e0f117081c4bb,3174637.964830,0.014320,1,1,1435,1434,0,0
enc_decode,chatcmpl-82b19d5ba4994e2eaf5e0f117081c4bb,3174637.979375,0.014204,1,1,1436,1435,0,0
enc_decode,chatcmpl-82b19d5ba4994e2eaf5e0f117081c4bb,3174637.993795,0.014193,1,1,1437,1436,0,0
enc_decode,chatcmpl-82b19d5ba4994e2eaf5e0f117081c4bb,3174638.008216,0.014188,1,1,1438,1437,0,0
enc_decode,chatcmpl-82b19d5ba4994e2eaf5e0f117081c4bb,3174638.022624,0.014198,1,1,1439,1438,0,0
enc_decode,chatcmpl-82b19d5ba4994e2eaf5e0f117081c4bb,3174638.037050,0.014207,1,1,1440,1439,0,0
enc_decode,chatcmpl-82b19d5ba4994e2eaf5e0f117081c4bb,3174638.051477,0.014203,1,1,1441,1440,0,0
enc_decode,chatcmpl-82b19d5ba4994e2eaf5e0f117081c4bb,3174638.065906,0.014198,1,1,1442,1441,0,0
enc_decode,chatcmpl-82b19d5ba4994e2eaf5e0f117081c4bb,3174638.080326,0.014194,1,1,1443,1442,0,0
enc_decode,chatcmpl-82b19d5ba4994e2eaf5e0f117081c4bb,3174638.094742,0.014200,1,1,1444,1443,0,0
enc_decode,chatcmpl-82b19d5ba4994e2eaf5e0f117081c4bb,3174638.109163,0.014210,1,1,1445,1444,0,0
enc_decode,chatcmpl-82b19d5ba4994e2eaf5e0f117081c4bb,3174638.123597,0.014189,1,1,1446,1445,0,0
enc_decode,chatcmpl-82b19d5ba4994e2eaf5e0f117081c4bb,3174638.138011,0.014198,1,1,1447,1446,0,0
enc_decode,chatcmpl-82b19d5ba4994e2eaf5e0f117081c4bb,3174638.152427,0.014204,1,1,1448,1447,0,0
enc_decode,chatcmpl-82b19d5ba4994e2eaf5e0f117081c4bb,3174638.166853,0.014212,1,1,1449,1448,0,0
enc_decode,chatcmpl-82b19d5ba4994e2eaf5e0f117081c4bb,3174638.181288,0.014197,1,1,1450,1449,0,0
enc_decode,chatcmpl-82b19d5ba4994e2eaf5e0f117081c4bb,3174638.195706,0.014204,1,1,1451,1450,0,0
enc_decode,chatcmpl-82b19d5ba4994e2eaf5e0f117081c4bb,3174638.210129,0.014185,1,1,1452,1451,0,0
enc_decode,chatcmpl-82b19d5ba4994e2eaf5e0f117081c4bb,3174638.224535,0.014218,1,1,1453,1452,0,0
enc_decode,chatcmpl-82b19d5ba4994e2eaf5e0f117081c4bb,3174638.238980,0.014212,1,1,1454,1453,0,0
enc_decode,chatcmpl-82b19d5ba4994e2eaf5e0f117081c4bb,3174638.253413,0.014195,1,1,1455,1454,0,0
enc_decode,chatcmpl-82b19d5ba4994e2eaf5e0f117081c4bb,3174638.267830,0.014203,1,1,1456,1455,0,0
enc_decode,chatcmpl-82b19d5ba4994e2eaf5e0f117081c4bb,3174638.282256,0.014193,1,1,1457,1456,0,0
enc_decode,chatcmpl-82b19d5ba4994e2eaf5e0f117081c4bb,3174638.296667,0.014279,1,1,1458,1457,0,0
enc_decode,chatcmpl-82b19d5ba4994e2eaf5e0f117081c4bb,3174638.311165,0.014203,1,1,1459,1458,0,0
enc_decode,chatcmpl-82b19d5ba4994e2eaf5e0f117081c4bb,3174638.325590,0.014189,1,1,1460,1459,0,0
enc_decode,chatcmpl-82b19d5ba4994e2eaf5e0f117081c4bb,3174638.340009,0.014235,1,1,1461,1460,0,0
enc_decode,chatcmpl-82b19d5ba4994e2eaf5e0f117081c4bb,3174638.354464,0.014205,1,1,1462,1461,0,0
enc_decode,chatcmpl-82b19d5ba4994e2eaf5e0f117081c4bb,3174638.368890,0.014208,1,1,1463,1462,0,0
enc_decode,chatcmpl-82b19d5ba4994e2eaf5e0f117081c4bb,3174638.383321,0.014196,1,1,1464,1463,0,0
enc_decode,chatcmpl-82b19d5ba4994e2eaf5e0f117081c4bb,3174638.397740,0.014216,1,1,1465,1464,0,0
enc_decode,chatcmpl-82b19d5ba4994e2eaf5e0f117081c4bb,3174638.412186,0.014191,1,1,1466,1465,0,0
enc_decode,chatcmpl-82b19d5ba4994e2eaf5e0f117081c4bb,3174638.426602,0.014201,1,1,1467,1466,0,0
enc_decode,chatcmpl-82b19d5ba4994e2eaf5e0f117081c4bb,3174638.441021,0.014197,1,1,1468,1467,0,0
enc_decode,chatcmpl-82b19d5ba4994e2eaf5e0f117081c4bb,3174638.455439,0.014214,1,1,1469,1468,0,0
enc_decode,chatcmpl-82b19d5ba4994e2eaf5e0f117081c4bb,3174638.469874,0.014204,1,1,1470,1469,0,0
enc_decode,chatcmpl-82b19d5ba4994e2eaf5e0f117081c4bb,3174638.484298,0.014198,1,1,1471,1470,0,0
enc_decode,chatcmpl-82b19d5ba4994e2eaf5e0f117081c4bb,3174638.498717,0.014205,1,1,1472,1471,0,0
enc_decode,chatcmpl-82b19d5ba4994e2eaf5e0f117081c4bb,3174638.513145,0.014213,1,1,1473,1472,0,0
enc_decode,chatcmpl-82b19d5ba4994e2eaf5e0f117081c4bb,3174638.527580,0.014200,1,1,1474,1473,0,0
enc_decode,chatcmpl-82b19d5ba4994e2eaf5e0f117081c4bb,3174638.542002,0.014206,1,1,1475,1474,0,0
enc_decode,chatcmpl-82b19d5ba4994e2eaf5e0f117081c4bb,3174638.556427,0.014210,1,1,1476,1475,0,0
enc_decode,chatcmpl-82b19d5ba4994e2eaf5e0f117081c4bb,3174638.570859,0.014213,1,1,1477,1476,0,0
enc_decode,chatcmpl-82b19d5ba4994e2eaf5e0f117081c4bb,3174638.585292,0.014208,1,1,1478,1477,0,0
enc_decode,chatcmpl-82b19d5ba4994e2eaf5e0f117081c4bb,3174638.599721,0.014202,1,1,1479,1478,0,0
enc_decode,chatcmpl-82b19d5ba4994e2eaf5e0f117081c4bb,3174638.614147,0.014220,1,1,1480,1479,0,0
enc_decode,chatcmpl-82b19d5ba4994e2eaf5e0f117081c4bb,3174638.628591,0.014305,1,1,1481,1480,0,0
enc_decode,chatcmpl-82b19d5ba4994e2eaf5e0f117081c4bb,3174638.643117,0.014201,1,1,1482,1481,0,0
enc_decode,chatcmpl-82b19d5ba4994e2eaf5e0f117081c4bb,3174638.657541,0.014216,1,1,1483,1482,0,0
enc_decode,chatcmpl-82b19d5ba4994e2eaf5e0f117081c4bb,3174638.671980,0.014216,1,1,1484,1483,0,0
enc_decode,chatcmpl-82b19d5ba4994e2eaf5e0f117081c4bb,3174638.686420,0.014239,1,1,1485,1484,0,0
enc_decode,chatcmpl-82b19d5ba4994e2eaf5e0f117081c4bb,3174638.700882,0.014199,1,1,1486,1485,0,0
enc_decode,chatcmpl-82b19d5ba4994e2eaf5e0f117081c4bb,3174638.715304,0.014221,1,1,1487,1486,0,0
enc_decode,chatcmpl-82b19d5ba4994e2eaf5e0f117081c4bb,3174638.729744,0.014192,1,1,1488,1487,0,0
enc_decode,chatcmpl-82b19d5ba4994e2eaf5e0f117081c4bb,3174638.744169,0.014201,1,1,1489,1488,0,0
enc_decode,chatcmpl-82b19d5ba4994e2eaf5e0f117081c4bb,3174638.758593,0.014219,1,1,1490,1489,0,0
enc_decode,chatcmpl-82b19d5ba4994e2eaf5e0f117081c4bb,3174638.773035,0.014226,1,1,1491,1490,0,0
enc_decode,chatcmpl-82b19d5ba4994e2eaf5e0f117081c4bb,3174638.787482,0.014199,1,1,1492,1491,0,0
enc_decode,chatcmpl-82b19d5ba4994e2eaf5e0f117081c4bb,3174638.801901,0.014226,1,1,1493,1492,0,0
enc_decode,chatcmpl-82b19d5ba4994e2eaf5e0f117081c4bb,3174638.816351,0.014211,1,1,1494,1493,0,0
enc_decode,chatcmpl-82b19d5ba4994e2eaf5e0f117081c4bb,3174638.830782,0.014284,1,1,1495,1494,0,0
enc_decode,chatcmpl-82b19d5ba4994e2eaf5e0f117081c4bb,3174638.845287,0.014208,1,1,1496,1495,0,0
enc_decode,chatcmpl-82b19d5ba4994e2eaf5e0f117081c4bb,3174638.859730,0.014206,1,1,1497,1496,0,0
enc_decode,chatcmpl-82b19d5ba4994e2eaf5e0f117081c4bb,3174638.874160,0.014215,1,1,1498,1497,0,0
enc_decode,chatcmpl-82b19d5ba4994e2eaf5e0f117081c4bb,3174638.888597,0.014197,1,1,1499,1498,0,0
enc_decode,chatcmpl-82b19d5ba4994e2eaf5e0f117081c4bb,3174638.903013,0.014299,1,1,1500,1499,0,0
enc_decode,chatcmpl-82b19d5ba4994e2eaf5e0f117081c4bb,3174638.917537,0.014232,1,1,1501,1500,0,0
enc_decode,chatcmpl-82b19d5ba4994e2eaf5e0f117081c4bb,3174638.931991,0.014216,1,1,1502,1501,0,0
enc_decode,chatcmpl-82b19d5ba4994e2eaf5e0f117081c4bb,3174638.946431,0.014191,1,1,1503,1502,0,0
enc_prefill,chatcmpl-276ae1453fa64aa2a8c7a5ed9772bdde,3174638.982567,0.336333,1,1371,1371,0,1,0
enc_decode,chatcmpl-276ae1453fa64aa2a8c7a5ed9772bdde,3174639.319291,0.014278,1,1,1372,1371,0,0
enc_decode,chatcmpl-276ae1453fa64aa2a8c7a5ed9772bdde,3174639.333793,0.014252,1,1,1373,1372,0,0
enc_decode,chatcmpl-276ae1453fa64aa2a8c7a5ed9772bdde,3174639.348267,0.014343,1,1,1374,1373,0,0
enc_decode,chatcmpl-276ae1453fa64aa2a8c7a5ed9772bdde,3174639.362837,0.014221,1,1,1375,1374,0,0
enc_decode,chatcmpl-276ae1453fa64aa2a8c7a5ed9772bdde,3174639.377280,0.014212,1,1,1376,1375,0,0
enc_decode,chatcmpl-276ae1453fa64aa2a8c7a5ed9772bdde,3174639.391716,0.014216,1,1,1377,1376,0,0
enc_decode,chatcmpl-276ae1453fa64aa2a8c7a5ed9772bdde,3174639.406155,0.014292,1,1,1378,1377,0,0
enc_decode,chatcmpl-276ae1453fa64aa2a8c7a5ed9772bdde,3174639.420669,0.014213,1,1,1379,1378,0,0
enc_decode,chatcmpl-276ae1453fa64aa2a8c7a5ed9772bdde,3174639.435105,0.014207,1,1,1380,1379,0,0
enc_decode,chatcmpl-276ae1453fa64aa2a8c7a5ed9772bdde,3174639.449539,0.014212,1,1,1381,1380,0,0
enc_decode,chatcmpl-276ae1453fa64aa2a8c7a5ed9772bdde,3174639.463978,0.014207,1,1,1382,1381,0,0
enc_decode,chatcmpl-276ae1453fa64aa2a8c7a5ed9772bdde,3174639.478414,0.014247,1,1,1383,1382,0,0
enc_decode,chatcmpl-276ae1453fa64aa2a8c7a5ed9772bdde,3174639.492883,0.014194,1,1,1384,1383,0,0
enc_decode,chatcmpl-276ae1453fa64aa2a8c7a5ed9772bdde,3174639.507300,0.014233,1,1,1385,1384,0,0
enc_decode,chatcmpl-276ae1453fa64aa2a8c7a5ed9772bdde,3174639.521754,0.014198,1,1,1386,1385,0,0
enc_decode,chatcmpl-276ae1453fa64aa2a8c7a5ed9772bdde,3174639.536184,0.014212,1,1,1387,1386,0,0
enc_decode,chatcmpl-276ae1453fa64aa2a8c7a5ed9772bdde,3174639.550622,0.014218,1,1,1388,1387,0,0
enc_decode,chatcmpl-276ae1453fa64aa2a8c7a5ed9772bdde,3174639.565069,0.014205,1,1,1389,1388,0,0
enc_decode,chatcmpl-276ae1453fa64aa2a8c7a5ed9772bdde,3174639.579503,0.014236,1,1,1390,1389,0,0
enc_decode,chatcmpl-276ae1453fa64aa2a8c7a5ed9772bdde,3174639.593961,0.014203,1,1,1391,1390,0,0
enc_decode,chatcmpl-276ae1453fa64aa2a8c7a5ed9772bdde,3174639.608390,0.014198,1,1,1392,1391,0,0
enc_decode,chatcmpl-276ae1453fa64aa2a8c7a5ed9772bdde,3174639.622832,0.014258,1,1,1393,1392,0,0
enc_decode,chatcmpl-276ae1453fa64aa2a8c7a5ed9772bdde,3174639.637316,0.014195,1,1,1394,1393,0,0
enc_decode,chatcmpl-276ae1453fa64aa2a8c7a5ed9772bdde,3174639.651734,0.014213,1,1,1395,1394,0,0
enc_decode,chatcmpl-276ae1453fa64aa2a8c7a5ed9772bdde,3174639.666176,0.014201,1,1,1396,1395,0,0
enc_decode,chatcmpl-276ae1453fa64aa2a8c7a5ed9772bdde,3174639.680598,0.014287,1,1,1397,1396,0,0
enc_decode,chatcmpl-276ae1453fa64aa2a8c7a5ed9772bdde,3174639.695106,0.014234,1,1,1398,1397,0,0
enc_decode,chatcmpl-276ae1453fa64aa2a8c7a5ed9772bdde,3174639.709562,0.014196,1,1,1399,1398,0,0
enc_decode,chatcmpl-276ae1453fa64aa2a8c7a5ed9772bdde,3174639.723985,0.014220,1,1,1400,1399,0,0
enc_decode,chatcmpl-276ae1453fa64aa2a8c7a5ed9772bdde,3174639.738429,0.014300,1,1,1401,1400,0,0
enc_decode,chatcmpl-276ae1453fa64aa2a8c7a5ed9772bdde,3174639.752953,0.014224,1,1,1402,1401,0,0
enc_decode,chatcmpl-276ae1453fa64aa2a8c7a5ed9772bdde,3174639.767400,0.014206,1,1,1403,1402,0,0
enc_decode,chatcmpl-276ae1453fa64aa2a8c7a5ed9772bdde,3174639.781833,0.014197,1,1,1404,1403,0,0
enc_decode,chatcmpl-276ae1453fa64aa2a8c7a5ed9772bdde,3174639.796252,0.014222,1,1,1405,1404,0,0
enc_decode,chatcmpl-276ae1453fa64aa2a8c7a5ed9772bdde,3174639.810698,0.014207,1,1,1406,1405,0,0
enc_decode,chatcmpl-276ae1453fa64aa2a8c7a5ed9772bdde,3174639.825140,0.014214,1,1,1407,1406,0,0
enc_decode,chatcmpl-276ae1453fa64aa2a8c7a5ed9772bdde,3174639.839580,0.014218,1,1,1408,1407,0,0
enc_decode,chatcmpl-276ae1453fa64aa2a8c7a5ed9772bdde,3174639.854034,0.014200,1,1,1409,1408,0,0
enc_decode,chatcmpl-276ae1453fa64aa2a8c7a5ed9772bdde,3174639.868457,0.014207,1,1,1410,1409,0,0
enc_decode,chatcmpl-276ae1453fa64aa2a8c7a5ed9772bdde,3174639.882887,0.014197,1,1,1411,1410,0,0
enc_decode,chatcmpl-276ae1453fa64aa2a8c7a5ed9772bdde,3174639.897307,0.014225,1,1,1412,1411,0,0
enc_decode,chatcmpl-276ae1453fa64aa2a8c7a5ed9772bdde,3174639.911758,0.014223,1,1,1413,1412,0,0
enc_decode,chatcmpl-276ae1453fa64aa2a8c7a5ed9772bdde,3174639.926207,0.014259,1,1,1414,1413,0,0
enc_decode,chatcmpl-276ae1453fa64aa2a8c7a5ed9772bdde,3174639.940687,0.014177,1,1,1415,1414,0,0
enc_decode,chatcmpl-276ae1453fa64aa2a8c7a5ed9772bdde,3174639.955089,0.014216,1,1,1416,1415,0,0
enc_decode,chatcmpl-276ae1453fa64aa2a8c7a5ed9772bdde,3174639.969533,0.014232,1,1,1417,1416,0,0
enc_decode,chatcmpl-276ae1453fa64aa2a8c7a5ed9772bdde,3174639.983990,0.014199,1,1,1418,1417,0,0
enc_decode,chatcmpl-276ae1453fa64aa2a8c7a5ed9772bdde,3174639.998411,0.014196,1,1,1419,1418,0,0
enc_decode,chatcmpl-276ae1453fa64aa2a8c7a5ed9772bdde,3174640.012832,0.014293,1,1,1420,1419,0,0
enc_decode,chatcmpl-276ae1453fa64aa2a8c7a5ed9772bdde,3174640.027350,0.014211,1,1,1421,1420,0,0
enc_decode,chatcmpl-276ae1453fa64aa2a8c7a5ed9772bdde,3174640.041786,0.014208,1,1,1422,1421,0,0
enc_decode,chatcmpl-276ae1453fa64aa2a8c7a5ed9772bdde,3174640.056228,0.014201,1,1,1423,1422,0,0
enc_decode,chatcmpl-276ae1453fa64aa2a8c7a5ed9772bdde,3174640.070651,0.014290,1,1,1424,1423,0,0
enc_decode,chatcmpl-276ae1453fa64aa2a8c7a5ed9772bdde,3174640.085167,0.014223,1,1,1425,1424,0,0
enc_decode,chatcmpl-276ae1453fa64aa2a8c7a5ed9772bdde,3174640.099613,0.014229,1,1,1426,1425,0,0
enc_decode,chatcmpl-276ae1453fa64aa2a8c7a5ed9772bdde,3174640.114068,0.014206,1,1,1427,1426,0,0
enc_decode,chatcmpl-276ae1453fa64aa2a8c7a5ed9772bdde,3174640.128499,0.014185,1,1,1428,1427,0,0
enc_decode,chatcmpl-276ae1453fa64aa2a8c7a5ed9772bdde,3174640.142909,0.014214,1,1,1429,1428,0,0
enc_decode,chatcmpl-276ae1453fa64aa2a8c7a5ed9772bdde,3174640.157346,0.014211,1,1,1430,1429,0,0
enc_decode,chatcmpl-276ae1453fa64aa2a8c7a5ed9772bdde,3174640.171783,0.014213,1,1,1431,1430,0,0
enc_decode,chatcmpl-276ae1453fa64aa2a8c7a5ed9772bdde,3174640.186220,0.014206,1,1,1432,1431,0,0
enc_decode,chatcmpl-276ae1453fa64aa2a8c7a5ed9772bdde,3174640.200651,0.014189,1,1,1433,1432,0,0
enc_decode,chatcmpl-276ae1453fa64aa2a8c7a5ed9772bdde,3174640.215067,0.014204,1,1,1434,1433,0,0
enc_decode,chatcmpl-276ae1453fa64aa2a8c7a5ed9772bdde,3174640.229495,0.014222,1,1,1435,1434,0,0
enc_decode,chatcmpl-276ae1453fa64aa2a8c7a5ed9772bdde,3174640.243942,0.014201,1,1,1436,1435,0,0
enc_decode,chatcmpl-276ae1453fa64aa2a8c7a5ed9772bdde,3174640.258367,0.014194,1,1,1437,1436,0,0
enc_decode,chatcmpl-276ae1453fa64aa2a8c7a5ed9772bdde,3174640.272786,0.014201,1,1,1438,1437,0,0
enc_decode,chatcmpl-276ae1453fa64aa2a8c7a5ed9772bdde,3174640.287210,0.014191,1,1,1439,1438,0,0
enc_decode,chatcmpl-276ae1453fa64aa2a8c7a5ed9772bdde,3174640.301621,0.014204,1,1,1440,1439,0,0
enc_decode,chatcmpl-276ae1453fa64aa2a8c7a5ed9772bdde,3174640.316057,0.014189,1,1,1441,1440,0,0
enc_decode,chatcmpl-276ae1453fa64aa2a8c7a5ed9772bdde,3174640.330471,0.014206,1,1,1442,1441,0,0
enc_decode,chatcmpl-276ae1453fa64aa2a8c7a5ed9772bdde,3174640.344903,0.014295,1,1,1443,1442,0,0
enc_decode,chatcmpl-276ae1453fa64aa2a8c7a5ed9772bdde,3174640.359423,0.014180,1,1,1444,1443,0,0
enc_decode,chatcmpl-276ae1453fa64aa2a8c7a5ed9772bdde,3174640.373827,0.014201,1,1,1445,1444,0,0
enc_decode,chatcmpl-276ae1453fa64aa2a8c7a5ed9772bdde,3174640.388252,0.014216,1,1,1446,1445,0,0
enc_decode,chatcmpl-276ae1453fa64aa2a8c7a5ed9772bdde,3174640.402689,0.014323,1,1,1447,1446,0,0
enc_decode,chatcmpl-276ae1453fa64aa2a8c7a5ed9772bdde,3174640.417238,0.014203,1,1,1448,1447,0,0
enc_decode,chatcmpl-276ae1453fa64aa2a8c7a5ed9772bdde,3174640.431662,0.014217,1,1,1449,1448,0,0
enc_decode,chatcmpl-276ae1453fa64aa2a8c7a5ed9772bdde,3174640.446109,0.014191,1,1,1450,1449,0,0
enc_decode,chatcmpl-276ae1453fa64aa2a8c7a5ed9772bdde,3174640.460522,0.014212,1,1,1451,1450,0,0
enc_decode,chatcmpl-276ae1453fa64aa2a8c7a5ed9772bdde,3174640.474956,0.014201,1,1,1452,1451,0,0
enc_decode,chatcmpl-276ae1453fa64aa2a8c7a5ed9772bdde,3174640.489382,0.014197,1,1,1453,1452,0,0
enc_decode,chatcmpl-276ae1453fa64aa2a8c7a5ed9772bdde,3174640.503804,0.014229,1,1,1454,1453,0,0
enc_decode,chatcmpl-276ae1453fa64aa2a8c7a5ed9772bdde,3174640.518257,0.014197,1,1,1455,1454,0,0
enc_decode,chatcmpl-276ae1453fa64aa2a8c7a5ed9772bdde,3174640.532676,0.014203,1,1,1456,1455,0,0
enc_decode,chatcmpl-276ae1453fa64aa2a8c7a5ed9772bdde,3174640.547108,0.014203,1,1,1457,1456,0,0
enc_decode,chatcmpl-276ae1453fa64aa2a8c7a5ed9772bdde,3174640.561535,0.014209,1,1,1458,1457,0,0
enc_decode,chatcmpl-276ae1453fa64aa2a8c7a5ed9772bdde,3174640.575967,0.014243,1,1,1459,1458,0,0
enc_decode,chatcmpl-276ae1453fa64aa2a8c7a5ed9772bdde,3174640.590434,0.014209,1,1,1460,1459,0,0
enc_decode,chatcmpl-276ae1453fa64aa2a8c7a5ed9772bdde,3174640.604866,0.014204,1,1,1461,1460,0,0
enc_decode,chatcmpl-276ae1453fa64aa2a8c7a5ed9772bdde,3174640.619298,0.014249,1,1,1462,1461,0,0
enc_decode,chatcmpl-276ae1453fa64aa2a8c7a5ed9772bdde,3174640.633769,0.014203,1,1,1463,1462,0,0
enc_decode,chatcmpl-276ae1453fa64aa2a8c7a5ed9772bdde,3174640.648208,0.014215,1,1,1464,1463,0,0
enc_decode,chatcmpl-276ae1453fa64aa2a8c7a5ed9772bdde,3174640.662647,0.014176,1,1,1465,1464,0,0
enc_decode,chatcmpl-276ae1453fa64aa2a8c7a5ed9772bdde,3174640.677045,0.014274,1,1,1466,1465,0,0
enc_decode,chatcmpl-276ae1453fa64aa2a8c7a5ed9772bdde,3174640.691539,0.014203,1,1,1467,1466,0,0
enc_decode,chatcmpl-276ae1453fa64aa2a8c7a5ed9772bdde,3174640.705964,0.014199,1,1,1468,1467,0,0
enc_decode,chatcmpl-276ae1453fa64aa2a8c7a5ed9772bdde,3174640.720387,0.014187,1,1,1469,1468,0,0
enc_decode,chatcmpl-276ae1453fa64aa2a8c7a5ed9772bdde,3174640.734795,0.014298,1,1,1470,1469,0,0
enc_decode,chatcmpl-276ae1453fa64aa2a8c7a5ed9772bdde,3174640.749317,0.014215,1,1,1471,1470,0,0
enc_decode,chatcmpl-276ae1453fa64aa2a8c7a5ed9772bdde,3174640.763761,0.014211,1,1,1472,1471,0,0
enc_decode,chatcmpl-276ae1453fa64aa2a8c7a5ed9772bdde,3174640.778195,0.014197,1,1,1473,1472,0,0
enc_decode,chatcmpl-276ae1453fa64aa2a8c7a5ed9772bdde,3174640.792617,0.014190,1,1,1474,1473,0,0
enc_prefill,chatcmpl-6a262910bf76406baedddce178fd3e08,3174640.828353,0.335420,1,1330,1330,0,1,0
enc_decode,chatcmpl-6a262910bf76406baedddce178fd3e08,3174641.164057,0.014285,1,1,1331,1330,0,0
enc_decode,chatcmpl-6a262910bf76406baedddce178fd3e08,3174641.178568,0.014230,1,1,1332,1331,0,0
enc_decode,chatcmpl-6a262910bf76406baedddce178fd3e08,3174641.193132,0.014246,1,1,1333,1332,0,0
enc_decode,chatcmpl-6a262910bf76406baedddce178fd3e08,3174641.207602,0.014229,1,1,1334,1333,0,0
enc_decode,chatcmpl-6a262910bf76406baedddce178fd3e08,3174641.222059,0.014204,1,1,1335,1334,0,0
enc_decode,chatcmpl-6a262910bf76406baedddce178fd3e08,3174641.236487,0.014199,1,1,1336,1335,0,0
enc_decode,chatcmpl-6a262910bf76406baedddce178fd3e08,3174641.250913,0.014221,1,1,1337,1336,0,0
enc_decode,chatcmpl-6a262910bf76406baedddce178fd3e08,3174641.265357,0.014196,1,1,1338,1337,0,0
enc_decode,chatcmpl-6a262910bf76406baedddce178fd3e08,3174641.279776,0.014201,1,1,1339,1338,0,0
enc_decode,chatcmpl-6a262910bf76406baedddce178fd3e08,3174641.294198,0.014219,1,1,1340,1339,0,0
enc_decode,chatcmpl-6a262910bf76406baedddce178fd3e08,3174641.308637,0.014192,1,1,1341,1340,0,0
enc_decode,chatcmpl-6a262910bf76406baedddce178fd3e08,3174641.323056,0.014243,1,1,1342,1341,0,0
enc_decode,chatcmpl-6a262910bf76406baedddce178fd3e08,3174641.337522,0.014210,1,1,1343,1342,0,0
enc_decode,chatcmpl-6a262910bf76406baedddce178fd3e08,3174641.351957,0.014218,1,1,1344,1343,0,0
enc_decode,chatcmpl-6a262910bf76406baedddce178fd3e08,3174641.366400,0.014214,1,1,1345,1344,0,0
enc_decode,chatcmpl-6a262910bf76406baedddce178fd3e08,3174641.380840,0.014198,1,1,1346,1345,0,0
enc_decode,chatcmpl-6a262910bf76406baedddce178fd3e08,3174641.395259,0.014225,1,1,1347,1346,0,0
enc_decode,chatcmpl-6a262910bf76406baedddce178fd3e08,3174641.409719,0.014228,1,1,1348,1347,0,0
enc_decode,chatcmpl-6a262910bf76406baedddce178fd3e08,3174641.424176,0.014215,1,1,1349,1348,0,0
enc_decode,chatcmpl-6a262910bf76406baedddce178fd3e08,3174641.438619,0.014214,1,1,1350,1349,0,0
enc_decode,chatcmpl-6a262910bf76406baedddce178fd3e08,3174641.453056,0.014307,1,1,1351,1350,0,0
enc_decode,chatcmpl-6a262910bf76406baedddce178fd3e08,3174641.467589,0.014229,1,1,1352,1351,0,0
enc_decode,chatcmpl-6a262910bf76406baedddce178fd3e08,3174641.482047,0.014204,1,1,1353,1352,0,0
enc_decode,chatcmpl-6a262910bf76406baedddce178fd3e08,3174641.496478,0.014214,1,1,1354,1353,0,0
enc_decode,chatcmpl-6a262910bf76406baedddce178fd3e08,3174641.510916,0.014201,1,1,1355,1354,0,0
enc_decode,chatcmpl-6a262910bf76406baedddce178fd3e08,3174641.525341,0.014208,1,1,1356,1355,0,0
enc_decode,chatcmpl-6a262910bf76406baedddce178fd3e08,3174641.539774,0.014191,1,1,1357,1356,0,0
enc_decode,chatcmpl-6a262910bf76406baedddce178fd3e08,3174641.554195,0.014222,1,1,1358,1357,0,0
enc_decode,chatcmpl-6a262910bf76406baedddce178fd3e08,3174641.568640,0.014189,1,1,1359,1358,0,0
enc_decode,chatcmpl-6a262910bf76406baedddce178fd3e08,3174641.583053,0.014226,1,1,1360,1359,0,0
enc_decode,chatcmpl-6a262910bf76406baedddce178fd3e08,3174641.597504,0.014203,1,1,1361,1360,0,0
enc_decode,chatcmpl-6a262910bf76406baedddce178fd3e08,3174641.611928,0.014201,1,1,1362,1361,0,0
enc_decode,chatcmpl-6a262910bf76406baedddce178fd3e08,3174641.626354,0.014203,1,1,1363,1362,0,0
enc_decode,chatcmpl-6a262910bf76406baedddce178fd3e08,3174641.640780,0.014204,1,1,1364,1363,0,0
enc_decode,chatcmpl-6a262910bf76406baedddce178fd3e08,3174641.655208,0.014204,1,1,1365,1364,0,0
enc_decode,chatcmpl-6a262910bf76406baedddce178fd3e08,3174641.669637,0.014188,1,1,1366,1365,0,0
enc_decode,chatcmpl-6a262910bf76406baedddce178fd3e08,3174641.684064,0.014223,1,1,1367,1366,0,0
enc_decode,chatcmpl-6a262910bf76406baedddce178fd3e08,3174641.698509,0.014213,1,1,1368,1367,0,0
enc_decode,chatcmpl-6a262910bf76406baedddce178fd3e08,3174641.712946,0.014193,1,1,1369,1368,0,0
enc_decode,chatcmpl-6a262910bf76406baedddce178fd3e08,3174641.727364,0.014222,1,1,1370,1369,0,0
enc_decode,chatcmpl-6a262910bf76406baedddce178fd3e08,3174641.741809,0.014203,1,1,1371,1370,0,0
enc_decode,chatcmpl-6a262910bf76406baedddce178fd3e08,3174641.756232,0.014197,1,1,1372,1371,0,0
enc_decode,chatcmpl-6a262910bf76406baedddce178fd3e08,3174641.770654,0.014211,1,1,1373,1372,0,0
enc_decode,chatcmpl-6a262910bf76406baedddce178fd3e08,3174641.785092,0.014269,1,1,1374,1373,0,0
enc_decode,chatcmpl-6a262910bf76406baedddce178fd3e08,3174641.799583,0.014211,1,1,1375,1374,0,0
enc_decode,chatcmpl-6a262910bf76406baedddce178fd3e08,3174641.814017,0.014210,1,1,1376,1375,0,0
enc_decode,chatcmpl-6a262910bf76406baedddce178fd3e08,3174641.828448,0.014203,1,1,1377,1376,0,0
enc_decode,chatcmpl-6a262910bf76406baedddce178fd3e08,3174641.842877,0.014204,1,1,1378,1377,0,0
enc_decode,chatcmpl-6a262910bf76406baedddce178fd3e08,3174641.857304,0.014214,1,1,1379,1378,0,0
enc_decode,chatcmpl-6a262910bf76406baedddce178fd3e08,3174641.871740,0.014221,1,1,1380,1379,0,0
enc_decode,chatcmpl-6a262910bf76406baedddce178fd3e08,3174641.886186,0.014206,1,1,1381,1380,0,0
enc_decode,chatcmpl-6a262910bf76406baedddce178fd3e08,3174641.900613,0.014206,1,1,1382,1381,0,0
enc_decode,chatcmpl-6a262910bf76406baedddce178fd3e08,3174641.915045,0.014207,1,1,1383,1382,0,0
enc_decode,chatcmpl-6a262910bf76406baedddce178fd3e08,3174641.929486,0.014210,1,1,1384,1383,0,0
enc_decode,chatcmpl-6a262910bf76406baedddce178fd3e08,3174641.943918,0.014193,1,1,1385,1384,0,0
enc_decode,chatcmpl-6a262910bf76406baedddce178fd3e08,3174641.958336,0.014187,1,1,1386,1385,0,0
enc_decode,chatcmpl-6a262910bf76406baedddce178fd3e08,3174641.972747,0.014207,1,1,1387,1386,0,0
enc_decode,chatcmpl-6a262910bf76406baedddce178fd3e08,3174641.987177,0.014235,1,1,1388,1387,0,0
enc_decode,chatcmpl-6a262910bf76406baedddce178fd3e08,3174642.001634,0.014219,1,1,1389,1388,0,0
enc_decode,chatcmpl-6a262910bf76406baedddce178fd3e08,3174642.016090,0.014198,1,1,1390,1389,0,0
enc_decode,chatcmpl-6a262910bf76406baedddce178fd3e08,3174642.030519,0.014205,1,1,1391,1390,0,0
enc_decode,chatcmpl-6a262910bf76406baedddce178fd3e08,3174642.044946,0.014190,1,1,1392,1391,0,0
enc_decode,chatcmpl-6a262910bf76406baedddce178fd3e08,3174642.059362,0.014206,1,1,1393,1392,0,0
enc_decode,chatcmpl-6a262910bf76406baedddce178fd3e08,3174642.073791,0.014194,1,1,1394,1393,0,0
enc_decode,chatcmpl-6a262910bf76406baedddce178fd3e08,3174642.088218,0.014197,1,1,1395,1394,0,0
enc_decode,chatcmpl-6a262910bf76406baedddce178fd3e08,3174642.102637,0.014221,1,1,1396,1395,0,0
enc_decode,chatcmpl-6a262910bf76406baedddce178fd3e08,3174642.117082,0.014311,1,1,1397,1396,0,0
enc_decode,chatcmpl-6a262910bf76406baedddce178fd3e08,3174642.131617,0.014206,1,1,1398,1397,0,0
enc_decode,chatcmpl-6a262910bf76406baedddce178fd3e08,3174642.146047,0.014190,1,1,1399,1398,0,0
enc_decode,chatcmpl-6a262910bf76406baedddce178fd3e08,3174642.160463,0.014209,1,1,1400,1399,0,0
enc_decode,chatcmpl-6a262910bf76406baedddce178fd3e08,3174642.174903,0.014219,1,1,1401,1400,0,0
enc_decode,chatcmpl-6a262910bf76406baedddce178fd3e08,3174642.189347,0.014199,1,1,1402,1401,0,0
enc_decode,chatcmpl-6a262910bf76406baedddce178fd3e08,3174642.203768,0.014231,1,1,1403,1402,0,0
enc_decode,chatcmpl-6a262910bf76406baedddce178fd3e08,3174642.218223,0.014208,1,1,1404,1403,0,0
enc_decode,chatcmpl-6a262910bf76406baedddce178fd3e08,3174642.232657,0.014177,1,1,1405,1404,0,0
enc_decode,chatcmpl-6a262910bf76406baedddce178fd3e08,3174642.247055,0.014200,1,1,1406,1405,0,0
enc_decode,chatcmpl-6a262910bf76406baedddce178fd3e08,3174642.261480,0.014209,1,1,1407,1406,0,0
enc_decode,chatcmpl-6a262910bf76406baedddce178fd3e08,3174642.275915,0.014214,1,1,1408,1407,0,0
enc_decode,chatcmpl-6a262910bf76406baedddce178fd3e08,3174642.290367,0.014207,1,1,1409,1408,0,0
enc_decode,chatcmpl-6a262910bf76406baedddce178fd3e08,3174642.304801,0.014196,1,1,1410,1409,0,0
enc_decode,chatcmpl-6a262910bf76406baedddce178fd3e08,3174642.319221,0.014217,1,1,1411,1410,0,0
enc_decode,chatcmpl-6a262910bf76406baedddce178fd3e08,3174642.333662,0.014208,1,1,1412,1411,0,0
enc_decode,chatcmpl-6a262910bf76406baedddce178fd3e08,3174642.348099,0.014206,1,1,1413,1412,0,0
enc_decode,chatcmpl-6a262910bf76406baedddce178fd3e08,3174642.362531,0.014195,1,1,1414,1413,0,0
enc_decode,chatcmpl-6a262910bf76406baedddce178fd3e08,3174642.376951,0.014194,1,1,1415,1414,0,0
enc_decode,chatcmpl-6a262910bf76406baedddce178fd3e08,3174642.391366,0.014227,1,1,1416,1415,0,0
enc_decode,chatcmpl-6a262910bf76406baedddce178fd3e08,3174642.405818,0.014197,1,1,1417,1416,0,0
enc_decode,chatcmpl-6a262910bf76406baedddce178fd3e08,3174642.420247,0.014218,1,1,1418,1417,0,0
enc_decode,chatcmpl-6a262910bf76406baedddce178fd3e08,3174642.434688,0.014196,1,1,1419,1418,0,0
enc_decode,chatcmpl-6a262910bf76406baedddce178fd3e08,3174642.449109,0.014324,1,1,1420,1419,0,0
enc_decode,chatcmpl-6a262910bf76406baedddce178fd3e08,3174642.463657,0.014216,1,1,1421,1420,0,0
enc_decode,chatcmpl-6a262910bf76406baedddce178fd3e08,3174642.478098,0.014186,1,1,1422,1421,0,0
enc_decode,chatcmpl-6a262910bf76406baedddce178fd3e08,3174642.492507,0.014185,1,1,1423,1422,0,0
enc_decode,chatcmpl-6a262910bf76406baedddce178fd3e08,3174642.506920,0.014208,1,1,1424,1423,0,0
enc_decode,chatcmpl-6a262910bf76406baedddce178fd3e08,3174642.521356,0.014214,1,1,1425,1424,0,0
enc_decode,chatcmpl-6a262910bf76406baedddce178fd3e08,3174642.535790,0.014202,1,1,1426,1425,0,0
enc_decode,chatcmpl-6a262910bf76406baedddce178fd3e08,3174642.550214,0.014180,1,1,1427,1426,0,0
enc_decode,chatcmpl-6a262910bf76406baedddce178fd3e08,3174642.564619,0.014197,1,1,1428,1427,0,0
enc_decode,chatcmpl-6a262910bf76406baedddce178fd3e08,3174642.579038,0.014217,1,1,1429,1428,0,0
enc_decode,chatcmpl-6a262910bf76406baedddce178fd3e08,3174642.593478,0.014202,1,1,1430,1429,0,0
enc_decode,chatcmpl-6a262910bf76406baedddce178fd3e08,3174642.607905,0.014189,1,1,1431,1430,0,0
enc_decode,chatcmpl-6a262910bf76406baedddce178fd3e08,3174642.622317,0.014175,1,1,1432,1431,0,0
enc_decode,chatcmpl-6a262910bf76406baedddce178fd3e08,3174642.636719,0.014207,1,1,1433,1432,0,0
enc_decode,chatcmpl-6a262910bf76406baedddce178fd3e08,3174642.651161,0.014204,1,1,1434,1433,0,0
enc_decode,chatcmpl-6a262910bf76406baedddce178fd3e08,3174642.665592,0.014196,1,1,1435,1434,0,0
enc_decode,chatcmpl-6a262910bf76406baedddce178fd3e08,3174642.680018,0.014217,1,1,1436,1435,0,0
enc_decode,chatcmpl-6a262910bf76406baedddce178fd3e08,3174642.694457,0.014181,1,1,1437,1436,0,0
enc_decode,chatcmpl-6a262910bf76406baedddce178fd3e08,3174642.708865,0.014201,1,1,1438,1437,0,0
enc_decode,chatcmpl-6a262910bf76406baedddce178fd3e08,3174642.723288,0.014217,1,1,1439,1438,0,0
enc_prefill,chatcmpl-ff8d3e29f71847f987309549c8f48919,3174642.759210,0.335669,1,1351,1351,0,1,0
enc_decode,chatcmpl-ff8d3e29f71847f987309549c8f48919,3174643.095154,0.014298,1,1,1352,1351,0,0
enc_decode,chatcmpl-ff8d3e29f71847f987309549c8f48919,3174643.109676,0.014221,1,1,1353,1352,0,0
enc_decode,chatcmpl-ff8d3e29f71847f987309549c8f48919,3174643.124216,0.014246,1,1,1354,1353,0,0
enc_decode,chatcmpl-ff8d3e29f71847f987309549c8f48919,3174643.138685,0.014230,1,1,1355,1354,0,0
enc_decode,chatcmpl-ff8d3e29f71847f987309549c8f48919,3174643.153146,0.014232,1,1,1356,1355,0,0
enc_decode,chatcmpl-ff8d3e29f71847f987309549c8f48919,3174643.167600,0.014235,1,1,1357,1356,0,0
enc_decode,chatcmpl-ff8d3e29f71847f987309549c8f48919,3174643.182057,0.014228,1,1,1358,1357,0,0
enc_decode,chatcmpl-ff8d3e29f71847f987309549c8f48919,3174643.196509,0.014206,1,1,1359,1358,0,0
enc_decode,chatcmpl-ff8d3e29f71847f987309549c8f48919,3174643.210942,0.014248,1,1,1360,1359,0,0
enc_decode,chatcmpl-ff8d3e29f71847f987309549c8f48919,3174643.225413,0.014331,1,1,1361,1360,0,0
enc_decode,chatcmpl-ff8d3e29f71847f987309549c8f48919,3174643.239971,0.014203,1,1,1362,1361,0,0
enc_decode,chatcmpl-ff8d3e29f71847f987309549c8f48919,3174643.254397,0.014216,1,1,1363,1362,0,0
enc_decode,chatcmpl-ff8d3e29f71847f987309549c8f48919,3174643.268837,0.014201,1,1,1364,1363,0,0
enc_decode,chatcmpl-ff8d3e29f71847f987309549c8f48919,3174643.283259,0.014213,1,1,1365,1364,0,0
enc_decode,chatcmpl-ff8d3e29f71847f987309549c8f48919,3174643.297695,0.014197,1,1,1366,1365,0,0
enc_decode,chatcmpl-ff8d3e29f71847f987309549c8f48919,3174643.312125,0.014273,1,1,1367,1366,0,0
enc_decode,chatcmpl-ff8d3e29f71847f987309549c8f48919,3174643.326623,0.014199,1,1,1368,1367,0,0
enc_decode,chatcmpl-ff8d3e29f71847f987309549c8f48919,3174643.341045,0.014207,1,1,1369,1368,0,0
enc_decode,chatcmpl-ff8d3e29f71847f987309549c8f48919,3174643.355474,0.014226,1,1,1370,1369,0,0
enc_decode,chatcmpl-ff8d3e29f71847f987309549c8f48919,3174643.369924,0.014204,1,1,1371,1370,0,0
enc_decode,chatcmpl-ff8d3e29f71847f987309549c8f48919,3174643.384351,0.014186,1,1,1372,1371,0,0
enc_decode,chatcmpl-ff8d3e29f71847f987309549c8f48919,3174643.398774,0.014221,1,1,1373,1372,0,0
enc_decode,chatcmpl-ff8d3e29f71847f987309549c8f48919,3174643.413222,0.014207,1,1,1374,1373,0,0
enc_decode,chatcmpl-ff8d3e29f71847f987309549c8f48919,3174643.427654,0.014219,1,1,1375,1374,0,0
enc_decode,chatcmpl-ff8d3e29f71847f987309549c8f48919,3174643.442096,0.014198,1,1,1376,1375,0,0
enc_decode,chatcmpl-ff8d3e29f71847f987309549c8f48919,3174643.456520,0.014205,1,1,1377,1376,0,0
enc_decode,chatcmpl-ff8d3e29f71847f987309549c8f48919,3174643.470949,0.014219,1,1,1378,1377,0,0
enc_decode,chatcmpl-ff8d3e29f71847f987309549c8f48919,3174643.485389,0.014200,1,1,1379,1378,0,0
enc_decode,chatcmpl-ff8d3e29f71847f987309549c8f48919,3174643.499814,0.014219,1,1,1380,1379,0,0
enc_decode,chatcmpl-ff8d3e29f71847f987309549c8f48919,3174643.514257,0.014197,1,1,1381,1380,0,0
enc_decode,chatcmpl-ff8d3e29f71847f987309549c8f48919,3174643.528682,0.014196,1,1,1382,1381,0,0
enc_decode,chatcmpl-ff8d3e29f71847f987309549c8f48919,3174643.543104,0.014203,1,1,1383,1382,0,0
enc_decode,chatcmpl-ff8d3e29f71847f987309549c8f48919,3174643.557532,0.014292,1,1,1384,1383,0,0
enc_decode,chatcmpl-ff8d3e29f71847f987309549c8f48919,3174643.572060,0.014219,1,1,1385,1384,0,0
enc_decode,chatcmpl-ff8d3e29f71847f987309549c8f48919,3174643.586504,0.014224,1,1,1386,1385,0,0
enc_decode,chatcmpl-ff8d3e29f71847f987309549c8f48919,3174643.600954,0.014199,1,1,1387,1386,0,0
enc_decode,chatcmpl-ff8d3e29f71847f987309549c8f48919,3174643.615391,0.014207,1,1,1388,1387,0,0
enc_decode,chatcmpl-ff8d3e29f71847f987309549c8f48919,3174643.629821,0.014205,1,1,1389,1388,0,0
enc_decode,chatcmpl-ff8d3e29f71847f987309549c8f48919,3174643.644258,0.014218,1,1,1390,1389,0,0
enc_decode,chatcmpl-ff8d3e29f71847f987309549c8f48919,3174643.658701,0.014208,1,1,1391,1390,0,0
enc_decode,chatcmpl-ff8d3e29f71847f987309549c8f48919,3174643.673138,0.014198,1,1,1392,1391,0,0
enc_decode,chatcmpl-ff8d3e29f71847f987309549c8f48919,3174643.687564,0.014193,1,1,1393,1392,0,0
enc_decode,chatcmpl-ff8d3e29f71847f987309549c8f48919,3174643.701980,0.014197,1,1,1394,1393,0,0
enc_decode,chatcmpl-ff8d3e29f71847f987309549c8f48919,3174643.716399,0.014197,1,1,1395,1394,0,0
enc_decode,chatcmpl-ff8d3e29f71847f987309549c8f48919,3174643.730823,0.014230,1,1,1396,1395,0,0
enc_decode,chatcmpl-ff8d3e29f71847f987309549c8f48919,3174643.745276,0.014210,1,1,1397,1396,0,0
enc_decode,chatcmpl-ff8d3e29f71847f987309549c8f48919,3174643.759711,0.014201,1,1,1398,1397,0,0
enc_decode,chatcmpl-ff8d3e29f71847f987309549c8f48919,3174643.774141,0.014205,1,1,1399,1398,0,0
enc_decode,chatcmpl-ff8d3e29f71847f987309549c8f48919,3174643.788572,0.014215,1,1,1400,1399,0,0
enc_decode,chatcmpl-ff8d3e29f71847f987309549c8f48919,3174643.803012,0.014219,1,1,1401,1400,0,0
enc_decode,chatcmpl-ff8d3e29f71847f987309549c8f48919,3174643.817455,0.014194,1,1,1402,1401,0,0
enc_decode,chatcmpl-ff8d3e29f71847f987309549c8f48919,3174643.831874,0.014212,1,1,1403,1402,0,0
enc_decode,chatcmpl-ff8d3e29f71847f987309549c8f48919,3174643.846308,0.014199,1,1,1404,1403,0,0
enc_decode,chatcmpl-ff8d3e29f71847f987309549c8f48919,3174643.860733,0.014202,1,1,1405,1404,0,0
enc_decode,chatcmpl-ff8d3e29f71847f987309549c8f48919,3174643.875161,0.014203,1,1,1406,1405,0,0
enc_decode,chatcmpl-ff8d3e29f71847f987309549c8f48919,3174643.889596,0.014292,1,1,1407,1406,0,0
enc_decode,chatcmpl-ff8d3e29f71847f987309549c8f48919,3174643.904121,0.014183,1,1,1408,1407,0,0
enc_decode,chatcmpl-ff8d3e29f71847f987309549c8f48919,3174643.918545,0.014227,1,1,1409,1408,0,0
enc_decode,chatcmpl-ff8d3e29f71847f987309549c8f48919,3174643.932997,0.014195,1,1,1410,1409,0,0
enc_decode,chatcmpl-ff8d3e29f71847f987309549c8f48919,3174643.947418,0.014190,1,1,1411,1410,0,0
enc_decode,chatcmpl-ff8d3e29f71847f987309549c8f48919,3174643.961831,0.014190,1,1,1412,1411,0,0
enc_decode,chatcmpl-ff8d3e29f71847f987309549c8f48919,3174643.976245,0.014211,1,1,1413,1412,0,0
enc_decode,chatcmpl-ff8d3e29f71847f987309549c8f48919,3174643.990680,0.014197,1,1,1414,1413,0,0
enc_decode,chatcmpl-ff8d3e29f71847f987309549c8f48919,3174644.005098,0.014192,1,1,1415,1414,0,0
enc_decode,chatcmpl-ff8d3e29f71847f987309549c8f48919,3174644.019511,0.014236,1,1,1416,1415,0,0
enc_decode,chatcmpl-ff8d3e29f71847f987309549c8f48919,3174644.033971,0.014186,1,1,1417,1416,0,0
enc_decode,chatcmpl-ff8d3e29f71847f987309549c8f48919,3174644.048378,0.014208,1,1,1418,1417,0,0
enc_decode,chatcmpl-ff8d3e29f71847f987309549c8f48919,3174644.062809,0.014222,1,1,1419,1418,0,0
enc_decode,chatcmpl-ff8d3e29f71847f987309549c8f48919,3174644.077256,0.014207,1,1,1420,1419,0,0
enc_decode,chatcmpl-ff8d3e29f71847f987309549c8f48919,3174644.091688,0.014212,1,1,1421,1420,0,0
enc_decode,chatcmpl-ff8d3e29f71847f987309549c8f48919,3174644.106122,0.014200,1,1,1422,1421,0,0
enc_decode,chatcmpl-ff8d3e29f71847f987309549c8f48919,3174644.120549,0.014211,1,1,1423,1422,0,0
enc_decode,chatcmpl-ff8d3e29f71847f987309549c8f48919,3174644.134991,0.014217,1,1,1424,1423,0,0
enc_decode,chatcmpl-ff8d3e29f71847f987309549c8f48919,3174644.149428,0.014182,1,1,1425,1424,0,0
enc_decode,chatcmpl-ff8d3e29f71847f987309549c8f48919,3174644.163835,0.014306,1,1,1426,1425,0,0
enc_decode,chatcmpl-ff8d3e29f71847f987309549c8f48919,3174644.178366,0.014210,1,1,1427,1426,0,0
enc_decode,chatcmpl-ff8d3e29f71847f987309549c8f48919,3174644.192799,0.014195,1,1,1428,1427,0,0
enc_decode,chatcmpl-ff8d3e29f71847f987309549c8f48919,3174644.207219,0.014205,1,1,1429,1428,0,0
enc_decode,chatcmpl-ff8d3e29f71847f987309549c8f48919,3174644.221651,0.014282,1,1,1430,1429,0,0
enc_decode,chatcmpl-ff8d3e29f71847f987309549c8f48919,3174644.236168,0.014205,1,1,1431,1430,0,0
enc_decode,chatcmpl-ff8d3e29f71847f987309549c8f48919,3174644.250597,0.014220,1,1,1432,1431,0,0
enc_decode,chatcmpl-ff8d3e29f71847f987309549c8f48919,3174644.265042,0.014217,1,1,1433,1432,0,0
enc_decode,chatcmpl-ff8d3e29f71847f987309549c8f48919,3174644.279489,0.014207,1,1,1434,1433,0,0
enc_decode,chatcmpl-ff8d3e29f71847f987309549c8f48919,3174644.293924,0.014201,1,1,1435,1434,0,0
enc_decode,chatcmpl-ff8d3e29f71847f987309549c8f48919,3174644.308349,0.014182,1,1,1436,1435,0,0
enc_decode,chatcmpl-ff8d3e29f71847f987309549c8f48919,3174644.322757,0.014186,1,1,1437,1436,0,0
enc_decode,chatcmpl-ff8d3e29f71847f987309549c8f48919,3174644.337165,0.014220,1,1,1438,1437,0,0
enc_decode,chatcmpl-ff8d3e29f71847f987309549c8f48919,3174644.351608,0.014217,1,1,1439,1438,0,0
enc_decode,chatcmpl-ff8d3e29f71847f987309549c8f48919,3174644.366051,0.014200,1,1,1440,1439,0,0
enc_decode,chatcmpl-ff8d3e29f71847f987309549c8f48919,3174644.380482,0.014211,1,1,1441,1440,0,0
enc_decode,chatcmpl-ff8d3e29f71847f987309549c8f48919,3174644.394914,0.014191,1,1,1442,1441,0,0
enc_decode,chatcmpl-ff8d3e29f71847f987309549c8f48919,3174644.409329,0.014193,1,1,1443,1442,0,0
enc_decode,chatcmpl-ff8d3e29f71847f987309549c8f48919,3174644.423746,0.014184,1,1,1444,1443,0,0
enc_decode,chatcmpl-ff8d3e29f71847f987309549c8f48919,3174644.438154,0.014200,1,1,1445,1444,0,0
enc_decode,chatcmpl-ff8d3e29f71847f987309549c8f48919,3174644.452576,0.014192,1,1,1446,1445,0,0
enc_decode,chatcmpl-ff8d3e29f71847f987309549c8f48919,3174644.466992,0.014211,1,1,1447,1446,0,0
enc_decode,chatcmpl-ff8d3e29f71847f987309549c8f48919,3174644.481427,0.014187,1,1,1448,1447,0,0
enc_decode,chatcmpl-ff8d3e29f71847f987309549c8f48919,3174644.495836,0.014293,1,1,1449,1448,0,0
enc_decode,chatcmpl-ff8d3e29f71847f987309549c8f48919,3174644.510353,0.014203,1,1,1450,1449,0,0
enc_decode,chatcmpl-ff8d3e29f71847f987309549c8f48919,3174644.524779,0.014194,1,1,1451,1450,0,0
enc_decode,chatcmpl-ff8d3e29f71847f987309549c8f48919,3174644.539199,0.014209,1,1,1452,1451,0,0
enc_decode,chatcmpl-ff8d3e29f71847f987309549c8f48919,3174644.553636,0.014272,1,1,1453,1452,0,0
enc_decode,chatcmpl-ff8d3e29f71847f987309549c8f48919,3174644.568142,0.014192,1,1,1454,1453,0,0
enc_decode,chatcmpl-ff8d3e29f71847f987309549c8f48919,3174644.582557,0.014200,1,1,1455,1454,0,0
enc_decode,chatcmpl-ff8d3e29f71847f987309549c8f48919,3174644.596981,0.014179,1,1,1456,1455,0,0
enc_decode,chatcmpl-ff8d3e29f71847f987309549c8f48919,3174644.611385,0.014211,1,1,1457,1456,0,0
enc_decode,chatcmpl-ff8d3e29f71847f987309549c8f48919,3174644.625826,0.014202,1,1,1458,1457,0,0
enc_decode,chatcmpl-ff8d3e29f71847f987309549c8f48919,3174644.640253,0.014201,1,1,1459,1458,0,0
enc_decode,chatcmpl-ff8d3e29f71847f987309549c8f48919,3174644.654684,0.014201,1,1,1460,1459,0,0
enc_decode,chatcmpl-ff8d3e29f71847f987309549c8f48919,3174644.669112,0.014202,1,1,1461,1460,0,0
enc_decode,chatcmpl-ff8d3e29f71847f987309549c8f48919,3174644.683539,0.014193,1,1,1462,1461,0,0
enc_decode,chatcmpl-ff8d3e29f71847f987309549c8f48919,3174644.697959,0.014182,1,1,1463,1462,0,0
enc_decode,chatcmpl-ff8d3e29f71847f987309549c8f48919,3174644.712362,0.014211,1,1,1464,1463,0,0
enc_decode,chatcmpl-ff8d3e29f71847f987309549c8f48919,3174644.726799,0.014214,1,1,1465,1464,0,0
enc_decode,chatcmpl-ff8d3e29f71847f987309549c8f48919,3174644.741238,0.014196,1,1,1466,1465,0,0
enc_decode,chatcmpl-ff8d3e29f71847f987309549c8f48919,3174644.755655,0.014219,1,1,1467,1466,0,0
enc_decode,chatcmpl-ff8d3e29f71847f987309549c8f48919,3174644.770104,0.014183,1,1,1468,1467,0,0
enc_decode,chatcmpl-ff8d3e29f71847f987309549c8f48919,3174644.784512,0.014193,1,1,1469,1468,0,0
enc_decode,chatcmpl-ff8d3e29f71847f987309549c8f48919,3174644.798928,0.014204,1,1,1470,1469,0,0
enc_decode,chatcmpl-ff8d3e29f71847f987309549c8f48919,3174644.813353,0.014191,1,1,1471,1470,0,0
enc_prefill,chatcmpl-04c02a2b8a4e4806a07a998dc11bdb79,3174644.849110,0.335281,1,1346,1346,0,1,0
enc_decode,chatcmpl-04c02a2b8a4e4806a07a998dc11bdb79,3174645.184805,0.014228,1,1,1347,1346,0,0
enc_decode,chatcmpl-04c02a2b8a4e4806a07a998dc11bdb79,3174645.199252,0.014196,1,1,1348,1347,0,0
enc_decode,chatcmpl-04c02a2b8a4e4806a07a998dc11bdb79,3174645.213680,0.014190,1,1,1349,1348,0,0
enc_decode,chatcmpl-04c02a2b8a4e4806a07a998dc11bdb79,3174645.228099,0.014178,1,1,1350,1349,0,0
enc_decode,chatcmpl-04c02a2b8a4e4806a07a998dc11bdb79,3174645.242499,0.014163,1,1,1351,1350,0,0
enc_decode,chatcmpl-04c02a2b8a4e4806a07a998dc11bdb79,3174645.256880,0.014168,1,1,1352,1351,0,0
enc_decode,chatcmpl-04c02a2b8a4e4806a07a998dc11bdb79,3174645.271267,0.014267,1,1,1353,1352,0,0
enc_decode,chatcmpl-04c02a2b8a4e4806a07a998dc11bdb79,3174645.285761,0.014170,1,1,1354,1353,0,0
enc_decode,chatcmpl-04c02a2b8a4e4806a07a998dc11bdb79,3174645.300166,0.014170,1,1,1355,1354,0,0
enc_decode,chatcmpl-04c02a2b8a4e4806a07a998dc11bdb79,3174645.314556,0.014172,1,1,1356,1355,0,0
enc_decode,chatcmpl-04c02a2b8a4e4806a07a998dc11bdb79,3174645.328946,0.014231,1,1,1357,1356,0,0
enc_decode,chatcmpl-04c02a2b8a4e4806a07a998dc11bdb79,3174645.343395,0.014179,1,1,1358,1357,0,0
enc_decode,chatcmpl-04c02a2b8a4e4806a07a998dc11bdb79,3174645.357800,0.014194,1,1,1359,1358,0,0
enc_decode,chatcmpl-04c02a2b8a4e4806a07a998dc11bdb79,3174645.372227,0.014178,1,1,1360,1359,0,0
enc_decode,chatcmpl-04c02a2b8a4e4806a07a998dc11bdb79,3174645.386628,0.014189,1,1,1361,1360,0,0
enc_decode,chatcmpl-04c02a2b8a4e4806a07a998dc11bdb79,3174645.401037,0.014167,1,1,1362,1361,0,0
enc_decode,chatcmpl-04c02a2b8a4e4806a07a998dc11bdb79,3174645.415428,0.014163,1,1,1363,1362,0,0
enc_decode,chatcmpl-04c02a2b8a4e4806a07a998dc11bdb79,3174645.429809,0.014201,1,1,1364,1363,0,0
enc_decode,chatcmpl-04c02a2b8a4e4806a07a998dc11bdb79,3174645.444232,0.014187,1,1,1365,1364,0,0
enc_decode,chatcmpl-04c02a2b8a4e4806a07a998dc11bdb79,3174645.458639,0.014176,1,1,1366,1365,0,0
enc_decode,chatcmpl-04c02a2b8a4e4806a07a998dc11bdb79,3174645.473037,0.014148,1,1,1367,1366,0,0
enc_decode,chatcmpl-04c02a2b8a4e4806a07a998dc11bdb79,3174645.487403,0.014204,1,1,1368,1367,0,0
enc_decode,chatcmpl-04c02a2b8a4e4806a07a998dc11bdb79,3174645.501828,0.014208,1,1,1369,1368,0,0
enc_decode,chatcmpl-04c02a2b8a4e4806a07a998dc11bdb79,3174645.516260,0.014171,1,1,1370,1369,0,0
enc_decode,chatcmpl-04c02a2b8a4e4806a07a998dc11bdb79,3174645.530651,0.014170,1,1,1371,1370,0,0
enc_decode,chatcmpl-04c02a2b8a4e4806a07a998dc11bdb79,3174645.545045,0.014188,1,1,1372,1371,0,0
enc_decode,chatcmpl-04c02a2b8a4e4806a07a998dc11bdb79,3174645.559451,0.014162,1,1,1373,1372,0,0
enc_decode,chatcmpl-04c02a2b8a4e4806a07a998dc11bdb79,3174645.573834,0.014165,1,1,1374,1373,0,0
enc_decode,chatcmpl-04c02a2b8a4e4806a07a998dc11bdb79,3174645.588231,0.014176,1,1,1375,1374,0,0
enc_decode,chatcmpl-04c02a2b8a4e4806a07a998dc11bdb79,3174645.602632,0.014275,1,1,1376,1375,0,0
enc_decode,chatcmpl-04c02a2b8a4e4806a07a998dc11bdb79,3174645.617129,0.014173,1,1,1377,1376,0,0
enc_decode,chatcmpl-04c02a2b8a4e4806a07a998dc11bdb79,3174645.631527,0.014183,1,1,1378,1377,0,0
enc_decode,chatcmpl-04c02a2b8a4e4806a07a998dc11bdb79,3174645.645929,0.014183,1,1,1379,1378,0,0
enc_decode,chatcmpl-04c02a2b8a4e4806a07a998dc11bdb79,3174645.660336,0.014251,1,1,1380,1379,0,0
enc_decode,chatcmpl-04c02a2b8a4e4806a07a998dc11bdb79,3174645.674802,0.014182,1,1,1381,1380,0,0
enc_decode,chatcmpl-04c02a2b8a4e4806a07a998dc11bdb79,3174645.689205,0.014168,1,1,1382,1381,0,0
enc_decode,chatcmpl-04c02a2b8a4e4806a07a998dc11bdb79,3174645.703591,0.014158,1,1,1383,1382,0,0
enc_decode,chatcmpl-04c02a2b8a4e4806a07a998dc11bdb79,3174645.717968,0.014178,1,1,1384,1383,0,0
enc_decode,chatcmpl-04c02a2b8a4e4806a07a998dc11bdb79,3174645.732367,0.014181,1,1,1385,1384,0,0
enc_decode,chatcmpl-04c02a2b8a4e4806a07a998dc11bdb79,3174645.746769,0.014172,1,1,1386,1385,0,0
enc_decode,chatcmpl-04c02a2b8a4e4806a07a998dc11bdb79,3174645.761157,0.014153,1,1,1387,1386,0,0
enc_decode,chatcmpl-04c02a2b8a4e4806a07a998dc11bdb79,3174645.775533,0.014162,1,1,1388,1387,0,0
enc_decode,chatcmpl-04c02a2b8a4e4806a07a998dc11bdb79,3174645.789917,0.014158,1,1,1389,1388,0,0
enc_decode,chatcmpl-04c02a2b8a4e4806a07a998dc11bdb79,3174645.804296,0.014183,1,1,1390,1389,0,0
enc_decode,chatcmpl-04c02a2b8a4e4806a07a998dc11bdb79,3174645.818700,0.014169,1,1,1391,1390,0,0
enc_decode,chatcmpl-04c02a2b8a4e4806a07a998dc11bdb79,3174645.833098,0.014182,1,1,1392,1391,0,0
enc_decode,chatcmpl-04c02a2b8a4e4806a07a998dc11bdb79,3174645.847510,0.014225,1,1,1393,1392,0,0
enc_decode,chatcmpl-04c02a2b8a4e4806a07a998dc11bdb79,3174645.861961,0.014190,1,1,1394,1393,0,0
enc_decode,chatcmpl-04c02a2b8a4e4806a07a998dc11bdb79,3174645.876378,0.014202,1,1,1395,1394,0,0
enc_decode,chatcmpl-04c02a2b8a4e4806a07a998dc11bdb79,3174645.890804,0.014218,1,1,1396,1395,0,0
enc_decode,chatcmpl-04c02a2b8a4e4806a07a998dc11bdb79,3174645.905245,0.014193,1,1,1397,1396,0,0
enc_decode,chatcmpl-04c02a2b8a4e4806a07a998dc11bdb79,3174645.919663,0.014215,1,1,1398,1397,0,0
enc_decode,chatcmpl-04c02a2b8a4e4806a07a998dc11bdb79,3174645.934105,0.014280,1,1,1399,1398,0,0
enc_decode,chatcmpl-04c02a2b8a4e4806a07a998dc11bdb79,3174645.948617,0.014199,1,1,1400,1399,0,0
enc_decode,chatcmpl-04c02a2b8a4e4806a07a998dc11bdb79,3174645.963049,0.014218,1,1,1401,1400,0,0
enc_decode,chatcmpl-04c02a2b8a4e4806a07a998dc11bdb79,3174645.977489,0.014170,1,1,1402,1401,0,0
enc_decode,chatcmpl-04c02a2b8a4e4806a07a998dc11bdb79,3174645.991886,0.014304,1,1,1403,1402,0,0
enc_decode,chatcmpl-04c02a2b8a4e4806a07a998dc11bdb79,3174646.006415,0.014212,1,1,1404,1403,0,0
enc_decode,chatcmpl-04c02a2b8a4e4806a07a998dc11bdb79,3174646.020849,0.014195,1,1,1405,1404,0,0
enc_decode,chatcmpl-04c02a2b8a4e4806a07a998dc11bdb79,3174646.035270,0.014217,1,1,1406,1405,0,0
enc_decode,chatcmpl-04c02a2b8a4e4806a07a998dc11bdb79,3174646.049711,0.014208,1,1,1407,1406,0,0
enc_decode,chatcmpl-04c02a2b8a4e4806a07a998dc11bdb79,3174646.064149,0.014204,1,1,1408,1407,0,0
enc_decode,chatcmpl-04c02a2b8a4e4806a07a998dc11bdb79,3174646.078593,0.014203,1,1,1409,1408,0,0
enc_decode,chatcmpl-04c02a2b8a4e4806a07a998dc11bdb79,3174646.093029,0.014231,1,1,1410,1409,0,0
enc_decode,chatcmpl-04c02a2b8a4e4806a07a998dc11bdb79,3174646.107484,0.014211,1,1,1411,1410,0,0
enc_decode,chatcmpl-04c02a2b8a4e4806a07a998dc11bdb79,3174646.121923,0.014201,1,1,1412,1411,0,0
enc_decode,chatcmpl-04c02a2b8a4e4806a07a998dc11bdb79,3174646.136350,0.014186,1,1,1413,1412,0,0
enc_decode,chatcmpl-04c02a2b8a4e4806a07a998dc11bdb79,3174646.150762,0.014235,1,1,1414,1413,0,0
enc_decode,chatcmpl-04c02a2b8a4e4806a07a998dc11bdb79,3174646.165221,0.014212,1,1,1415,1414,0,0
enc_decode,chatcmpl-04c02a2b8a4e4806a07a998dc11bdb79,3174646.179656,0.014225,1,1,1416,1415,0,0
enc_decode,chatcmpl-04c02a2b8a4e4806a07a998dc11bdb79,3174646.194106,0.014192,1,1,1417,1416,0,0
enc_decode,chatcmpl-04c02a2b8a4e4806a07a998dc11bdb79,3174646.208524,0.014212,1,1,1418,1417,0,0
enc_decode,chatcmpl-04c02a2b8a4e4806a07a998dc11bdb79,3174646.222962,0.014218,1,1,1419,1418,0,0
enc_decode,chatcmpl-04c02a2b8a4e4806a07a998dc11bdb79,3174646.237407,0.014221,1,1,1420,1419,0,0
enc_decode,chatcmpl-04c02a2b8a4e4806a07a998dc11bdb79,3174646.251856,0.014203,1,1,1421,1420,0,0
enc_decode,chatcmpl-04c02a2b8a4e4806a07a998dc11bdb79,3174646.266282,0.014284,1,1,1422,1421,0,0
enc_decode,chatcmpl-04c02a2b8a4e4806a07a998dc11bdb79,3174646.280797,0.014197,1,1,1423,1422,0,0
enc_decode,chatcmpl-04c02a2b8a4e4806a07a998dc11bdb79,3174646.295219,0.014206,1,1,1424,1423,0,0
enc_decode,chatcmpl-04c02a2b8a4e4806a07a998dc11bdb79,3174646.309650,0.014182,1,1,1425,1424,0,0
enc_decode,chatcmpl-04c02a2b8a4e4806a07a998dc11bdb79,3174646.324059,0.014210,1,1,1426,1425,0,0
enc_decode,chatcmpl-04c02a2b8a4e4806a07a998dc11bdb79,3174646.338497,0.014251,1,1,1427,1426,0,0
enc_decode,chatcmpl-04c02a2b8a4e4806a07a998dc11bdb79,3174646.352971,0.014199,1,1,1428,1427,0,0
enc_decode,chatcmpl-04c02a2b8a4e4806a07a998dc11bdb79,3174646.367392,0.014175,1,1,1429,1428,0,0
enc_decode,chatcmpl-04c02a2b8a4e4806a07a998dc11bdb79,3174646.381791,0.014224,1,1,1430,1429,0,0
enc_decode,chatcmpl-04c02a2b8a4e4806a07a998dc11bdb79,3174646.396240,0.014212,1,1,1431,1430,0,0
enc_decode,chatcmpl-04c02a2b8a4e4806a07a998dc11bdb79,3174646.410677,0.014227,1,1,1432,1431,0,0
enc_decode,chatcmpl-04c02a2b8a4e4806a07a998dc11bdb79,3174646.425128,0.014197,1,1,1433,1432,0,0
enc_decode,chatcmpl-04c02a2b8a4e4806a07a998dc11bdb79,3174646.439558,0.014224,1,1,1434,1433,0,0
enc_decode,chatcmpl-04c02a2b8a4e4806a07a998dc11bdb79,3174646.454017,0.014204,1,1,1435,1434,0,0
enc_decode,chatcmpl-04c02a2b8a4e4806a07a998dc11bdb79,3174646.468447,0.014215,1,1,1436,1435,0,0
enc_decode,chatcmpl-04c02a2b8a4e4806a07a998dc11bdb79,3174646.482890,0.014229,1,1,1437,1436,0,0
enc_decode,chatcmpl-04c02a2b8a4e4806a07a998dc11bdb79,3174646.497352,0.014182,1,1,1438,1437,0,0
enc_decode,chatcmpl-04c02a2b8a4e4806a07a998dc11bdb79,3174646.511764,0.014224,1,1,1439,1438,0,0
enc_decode,chatcmpl-04c02a2b8a4e4806a07a998dc11bdb79,3174646.526209,0.014214,1,1,1440,1439,0,0
enc_decode,chatcmpl-04c02a2b8a4e4806a07a998dc11bdb79,3174646.540646,0.014201,1,1,1441,1440,0,0
enc_decode,chatcmpl-04c02a2b8a4e4806a07a998dc11bdb79,3174646.555071,0.014214,1,1,1442,1441,0,0
enc_decode,chatcmpl-04c02a2b8a4e4806a07a998dc11bdb79,3174646.569510,0.014204,1,1,1443,1442,0,0
enc_decode,chatcmpl-04c02a2b8a4e4806a07a998dc11bdb79,3174646.583939,0.014236,1,1,1444,1443,0,0
enc_decode,chatcmpl-04c02a2b8a4e4806a07a998dc11bdb79,3174646.598401,0.014290,1,1,1445,1444,0,0
enc_decode,chatcmpl-04c02a2b8a4e4806a07a998dc11bdb79,3174646.612917,0.014188,1,1,1446,1445,0,0
enc_decode,chatcmpl-04c02a2b8a4e4806a07a998dc11bdb79,3174646.627330,0.014203,1,1,1447,1446,0,0
enc_decode,chatcmpl-04c02a2b8a4e4806a07a998dc11bdb79,3174646.641759,0.014193,1,1,1448,1447,0,0
enc_decode,chatcmpl-04c02a2b8a4e4806a07a998dc11bdb79,3174646.656189,0.014234,1,1,1449,1448,0,0
enc_decode,chatcmpl-04c02a2b8a4e4806a07a998dc11bdb79,3174646.670643,0.014209,1,1,1450,1449,0,0
enc_decode,chatcmpl-04c02a2b8a4e4806a07a998dc11bdb79,3174646.685075,0.014207,1,1,1451,1450,0,0
enc_decode,chatcmpl-04c02a2b8a4e4806a07a998dc11bdb79,3174646.699504,0.014213,1,1,1452,1451,0,0
enc_decode,chatcmpl-04c02a2b8a4e4806a07a998dc11bdb79,3174646.713943,0.014218,1,1,1453,1452,0,0
enc_decode,chatcmpl-04c02a2b8a4e4806a07a998dc11bdb79,3174646.728448,0.014211,1,1,1454,1453,0,0
enc_decode,chatcmpl-04c02a2b8a4e4806a07a998dc11bdb79,3174646.742885,0.014210,1,1,1455,1454,0,0
enc_decode,chatcmpl-04c02a2b8a4e4806a07a998dc11bdb79,3174646.757319,0.014195,1,1,1456,1455,0,0
enc_decode,chatcmpl-04c02a2b8a4e4806a07a998dc11bdb79,3174646.771738,0.014213,1,1,1457,1456,0,0
enc_decode,chatcmpl-04c02a2b8a4e4806a07a998dc11bdb79,3174646.786173,0.014209,1,1,1458,1457,0,0
enc_decode,chatcmpl-04c02a2b8a4e4806a07a998dc11bdb79,3174646.800608,0.014208,1,1,1459,1458,0,0
enc_decode,chatcmpl-04c02a2b8a4e4806a07a998dc11bdb79,3174646.815039,0.014204,1,1,1460,1459,0,0
enc_decode,chatcmpl-04c02a2b8a4e4806a07a998dc11bdb79,3174646.829469,0.014212,1,1,1461,1460,0,0
enc_decode,chatcmpl-04c02a2b8a4e4806a07a998dc11bdb79,3174646.843905,0.014237,1,1,1462,1461,0,0
enc_decode,chatcmpl-04c02a2b8a4e4806a07a998dc11bdb79,3174646.858367,0.014195,1,1,1463,1462,0,0
enc_decode,chatcmpl-04c02a2b8a4e4806a07a998dc11bdb79,3174646.872786,0.014231,1,1,1464,1463,0,0
enc_prefill,chatcmpl-ca44c385d899441eafeca2d5e9dc75bd,3174646.909351,0.339730,1,1403,1403,0,1,0
enc_decode,chatcmpl-ca44c385d899441eafeca2d5e9dc75bd,3174647.249481,0.014307,1,1,1404,1403,0,0
enc_decode,chatcmpl-ca44c385d899441eafeca2d5e9dc75bd,3174647.264022,0.014256,1,1,1405,1404,0,0
enc_decode,chatcmpl-ca44c385d899441eafeca2d5e9dc75bd,3174647.278500,0.014243,1,1,1406,1405,0,0
enc_decode,chatcmpl-ca44c385d899441eafeca2d5e9dc75bd,3174647.292968,0.014216,1,1,1407,1406,0,0
enc_decode,chatcmpl-ca44c385d899441eafeca2d5e9dc75bd,3174647.307409,0.014230,1,1,1408,1407,0,0
enc_decode,chatcmpl-ca44c385d899441eafeca2d5e9dc75bd,3174647.321883,0.014261,1,1,1409,1408,0,0
enc_decode,chatcmpl-ca44c385d899441eafeca2d5e9dc75bd,3174647.336367,0.014207,1,1,1410,1409,0,0
enc_decode,chatcmpl-ca44c385d899441eafeca2d5e9dc75bd,3174647.350798,0.014224,1,1,1411,1410,0,0
enc_decode,chatcmpl-ca44c385d899441eafeca2d5e9dc75bd,3174647.365246,0.014198,1,1,1412,1411,0,0
enc_decode,chatcmpl-ca44c385d899441eafeca2d5e9dc75bd,3174647.379665,0.014266,1,1,1413,1412,0,0
enc_decode,chatcmpl-ca44c385d899441eafeca2d5e9dc75bd,3174647.394154,0.014197,1,1,1414,1413,0,0
enc_decode,chatcmpl-ca44c385d899441eafeca2d5e9dc75bd,3174647.408574,0.014204,1,1,1415,1414,0,0
enc_decode,chatcmpl-ca44c385d899441eafeca2d5e9dc75bd,3174647.423016,0.014222,1,1,1416,1415,0,0
enc_decode,chatcmpl-ca44c385d899441eafeca2d5e9dc75bd,3174647.437460,0.014215,1,1,1417,1416,0,0
enc_decode,chatcmpl-ca44c385d899441eafeca2d5e9dc75bd,3174647.451902,0.014223,1,1,1418,1417,0,0
enc_decode,chatcmpl-ca44c385d899441eafeca2d5e9dc75bd,3174647.466347,0.014230,1,1,1419,1418,0,0
enc_decode,chatcmpl-ca44c385d899441eafeca2d5e9dc75bd,3174647.480800,0.014229,1,1,1420,1419,0,0
enc_decode,chatcmpl-ca44c385d899441eafeca2d5e9dc75bd,3174647.495253,0.014280,1,1,1421,1420,0,0
enc_decode,chatcmpl-ca44c385d899441eafeca2d5e9dc75bd,3174647.509755,0.014206,1,1,1422,1421,0,0
enc_decode,chatcmpl-ca44c385d899441eafeca2d5e9dc75bd,3174647.524192,0.014218,1,1,1423,1422,0,0
enc_decode,chatcmpl-ca44c385d899441eafeca2d5e9dc75bd,3174647.538632,0.014206,1,1,1424,1423,0,0
enc_decode,chatcmpl-ca44c385d899441eafeca2d5e9dc75bd,3174647.553063,0.014213,1,1,1425,1424,0,0
enc_decode,chatcmpl-ca44c385d899441eafeca2d5e9dc75bd,3174647.567506,0.014214,1,1,1426,1425,0,0
enc_decode,chatcmpl-ca44c385d899441eafeca2d5e9dc75bd,3174647.581942,0.014201,1,1,1427,1426,0,0
enc_decode,chatcmpl-ca44c385d899441eafeca2d5e9dc75bd,3174647.596368,0.014222,1,1,1428,1427,0,0
enc_decode,chatcmpl-ca44c385d899441eafeca2d5e9dc75bd,3174647.610811,0.014215,1,1,1429,1428,0,0
enc_decode,chatcmpl-ca44c385d899441eafeca2d5e9dc75bd,3174647.625247,0.014214,1,1,1430,1429,0,0
enc_decode,chatcmpl-ca44c385d899441eafeca2d5e9dc75bd,3174647.639683,0.014227,1,1,1431,1430,0,0
enc_decode,chatcmpl-ca44c385d899441eafeca2d5e9dc75bd,3174647.654131,0.014222,1,1,1432,1431,0,0
enc_decode,chatcmpl-ca44c385d899441eafeca2d5e9dc75bd,3174647.668577,0.014216,1,1,1433,1432,0,0
enc_decode,chatcmpl-ca44c385d899441eafeca2d5e9dc75bd,3174647.683014,0.014210,1,1,1434,1433,0,0
enc_decode,chatcmpl-ca44c385d899441eafeca2d5e9dc75bd,3174647.697450,0.014221,1,1,1435,1434,0,0
enc_decode,chatcmpl-ca44c385d899441eafeca2d5e9dc75bd,3174647.711895,0.014345,1,1,1436,1435,0,0
enc_decode,chatcmpl-ca44c385d899441eafeca2d5e9dc75bd,3174647.726461,0.014216,1,1,1437,1436,0,0
enc_decode,chatcmpl-ca44c385d899441eafeca2d5e9dc75bd,3174647.740899,0.014207,1,1,1438,1437,0,0
enc_decode,chatcmpl-ca44c385d899441eafeca2d5e9dc75bd,3174647.755327,0.014201,1,1,1439,1438,0,0
enc_decode,chatcmpl-ca44c385d899441eafeca2d5e9dc75bd,3174647.769754,0.014218,1,1,1440,1439,0,0
enc_decode,chatcmpl-ca44c385d899441eafeca2d5e9dc75bd,3174647.784203,0.014212,1,1,1441,1440,0,0
enc_decode,chatcmpl-ca44c385d899441eafeca2d5e9dc75bd,3174647.798635,0.014197,1,1,1442,1441,0,0
enc_decode,chatcmpl-ca44c385d899441eafeca2d5e9dc75bd,3174647.813064,0.014217,1,1,1443,1442,0,0
enc_decode,chatcmpl-ca44c385d899441eafeca2d5e9dc75bd,3174647.827507,0.014221,1,1,1444,1443,0,0
enc_decode,chatcmpl-ca44c385d899441eafeca2d5e9dc75bd,3174647.841952,0.014215,1,1,1445,1444,0,0
enc_decode,chatcmpl-ca44c385d899441eafeca2d5e9dc75bd,3174647.856392,0.014192,1,1,1446,1445,0,0
enc_decode,chatcmpl-ca44c385d899441eafeca2d5e9dc75bd,3174647.870807,0.014233,1,1,1447,1446,0,0
enc_decode,chatcmpl-ca44c385d899441eafeca2d5e9dc75bd,3174647.885260,0.014206,1,1,1448,1447,0,0
enc_decode,chatcmpl-ca44c385d899441eafeca2d5e9dc75bd,3174647.899691,0.014264,1,1,1449,1448,0,0
enc_decode,chatcmpl-ca44c385d899441eafeca2d5e9dc75bd,3174647.914177,0.014208,1,1,1450,1449,0,0
enc_decode,chatcmpl-ca44c385d899441eafeca2d5e9dc75bd,3174647.928606,0.014200,1,1,1451,1450,0,0
enc_decode,chatcmpl-ca44c385d899441eafeca2d5e9dc75bd,3174647.943029,0.014212,1,1,1452,1451,0,0
enc_decode,chatcmpl-ca44c385d899441eafeca2d5e9dc75bd,3174647.957466,0.014212,1,1,1453,1452,0,0
enc_decode,chatcmpl-ca44c385d899441eafeca2d5e9dc75bd,3174647.971898,0.014246,1,1,1454,1453,0,0
enc_decode,chatcmpl-ca44c385d899441eafeca2d5e9dc75bd,3174647.986366,0.014218,1,1,1455,1454,0,0
enc_decode,chatcmpl-ca44c385d899441eafeca2d5e9dc75bd,3174648.000808,0.014201,1,1,1456,1455,0,0
enc_decode,chatcmpl-ca44c385d899441eafeca2d5e9dc75bd,3174648.015230,0.014207,1,1,1457,1456,0,0
enc_decode,chatcmpl-ca44c385d899441eafeca2d5e9dc75bd,3174648.029660,0.014219,1,1,1458,1457,0,0
enc_decode,chatcmpl-ca44c385d899441eafeca2d5e9dc75bd,3174648.044122,0.014325,1,1,1459,1458,0,0
enc_decode,chatcmpl-ca44c385d899441eafeca2d5e9dc75bd,3174648.058683,0.014220,1,1,1460,1459,0,0
enc_decode,chatcmpl-ca44c385d899441eafeca2d5e9dc75bd,3174648.073126,0.014206,1,1,1461,1460,0,0
enc_decode,chatcmpl-ca44c385d899441eafeca2d5e9dc75bd,3174648.087556,0.014221,1,1,1462,1461,0,0
enc_decode,chatcmpl-ca44c385d899441eafeca2d5e9dc75bd,3174648.102000,0.014210,1,1,1463,1462,0,0
enc_decode,chatcmpl-ca44c385d899441eafeca2d5e9dc75bd,3174648.116433,0.014196,1,1,1464,1463,0,0
enc_decode,chatcmpl-ca44c385d899441eafeca2d5e9dc75bd,3174648.130855,0.014213,1,1,1465,1464,0,0
enc_decode,chatcmpl-ca44c385d899441eafeca2d5e9dc75bd,3174648.145288,0.014199,1,1,1466,1465,0,0
enc_decode,chatcmpl-ca44c385d899441eafeca2d5e9dc75bd,3174648.159713,0.014216,1,1,1467,1466,0,0
enc_decode,chatcmpl-ca44c385d899441eafeca2d5e9dc75bd,3174648.174151,0.014217,1,1,1468,1467,0,0
enc_decode,chatcmpl-ca44c385d899441eafeca2d5e9dc75bd,3174648.188595,0.014196,1,1,1469,1468,0,0
enc_decode,chatcmpl-ca44c385d899441eafeca2d5e9dc75bd,3174648.203012,0.014218,1,1,1470,1469,0,0
enc_decode,chatcmpl-ca44c385d899441eafeca2d5e9dc75bd,3174648.217452,0.014196,1,1,1471,1470,0,0
enc_decode,chatcmpl-ca44c385d899441eafeca2d5e9dc75bd,3174648.231871,0.014206,1,1,1472,1471,0,0
enc_decode,chatcmpl-ca44c385d899441eafeca2d5e9dc75bd,3174648.246300,0.014193,1,1,1473,1472,0,0
enc_decode,chatcmpl-ca44c385d899441eafeca2d5e9dc75bd,3174648.260713,0.014226,1,1,1474,1473,0,0
enc_decode,chatcmpl-ca44c385d899441eafeca2d5e9dc75bd,3174648.275162,0.014198,1,1,1475,1474,0,0
enc_decode,chatcmpl-ca44c385d899441eafeca2d5e9dc75bd,3174648.289583,0.014204,1,1,1476,1475,0,0
enc_decode,chatcmpl-ca44c385d899441eafeca2d5e9dc75bd,3174648.304027,0.014203,1,1,1477,1476,0,0
enc_decode,chatcmpl-ca44c385d899441eafeca2d5e9dc75bd,3174648.318450,0.014197,1,1,1478,1477,0,0
enc_decode,chatcmpl-ca44c385d899441eafeca2d5e9dc75bd,3174648.332871,0.014189,1,1,1479,1478,0,0
enc_decode,chatcmpl-ca44c385d899441eafeca2d5e9dc75bd,3174648.347282,0.014227,1,1,1480,1479,0,0
enc_decode,chatcmpl-ca44c385d899441eafeca2d5e9dc75bd,3174648.361728,0.014191,1,1,1481,1480,0,0
enc_decode,chatcmpl-ca44c385d899441eafeca2d5e9dc75bd,3174648.376148,0.014317,1,1,1482,1481,0,0
enc_decode,chatcmpl-ca44c385d899441eafeca2d5e9dc75bd,3174648.390688,0.014225,1,1,1483,1482,0,0
enc_decode,chatcmpl-ca44c385d899441eafeca2d5e9dc75bd,3174648.405134,0.014223,1,1,1484,1483,0,0
enc_decode,chatcmpl-ca44c385d899441eafeca2d5e9dc75bd,3174648.419579,0.014211,1,1,1485,1484,0,0
enc_decode,chatcmpl-ca44c385d899441eafeca2d5e9dc75bd,3174648.434010,0.014201,1,1,1486,1485,0,0
enc_decode,chatcmpl-ca44c385d899441eafeca2d5e9dc75bd,3174648.448434,0.014174,1,1,1487,1486,0,0
enc_decode,chatcmpl-ca44c385d899441eafeca2d5e9dc75bd,3174648.462827,0.014208,1,1,1488,1487,0,0
enc_decode,chatcmpl-ca44c385d899441eafeca2d5e9dc75bd,3174648.477260,0.014191,1,1,1489,1488,0,0
enc_decode,chatcmpl-ca44c385d899441eafeca2d5e9dc75bd,3174648.491672,0.014207,1,1,1490,1489,0,0
enc_decode,chatcmpl-ca44c385d899441eafeca2d5e9dc75bd,3174648.506101,0.014200,1,1,1491,1490,0,0
enc_decode,chatcmpl-ca44c385d899441eafeca2d5e9dc75bd,3174648.520522,0.014213,1,1,1492,1491,0,0
enc_decode,chatcmpl-ca44c385d899441eafeca2d5e9dc75bd,3174648.534957,0.014205,1,1,1493,1492,0,0
enc_decode,chatcmpl-ca44c385d899441eafeca2d5e9dc75bd,3174648.549392,0.014220,1,1,1494,1493,0,0
enc_decode,chatcmpl-ca44c385d899441eafeca2d5e9dc75bd,3174648.563832,0.014218,1,1,1495,1494,0,0
enc_decode,chatcmpl-ca44c385d899441eafeca2d5e9dc75bd,3174648.578273,0.014214,1,1,1496,1495,0,0
enc_decode,chatcmpl-ca44c385d899441eafeca2d5e9dc75bd,3174648.592709,0.014224,1,1,1497,1496,0,0
enc_decode,chatcmpl-ca44c385d899441eafeca2d5e9dc75bd,3174648.607155,0.014211,1,1,1498,1497,0,0
enc_decode,chatcmpl-ca44c385d899441eafeca2d5e9dc75bd,3174648.621589,0.014202,1,1,1499,1498,0,0
enc_decode,chatcmpl-ca44c385d899441eafeca2d5e9dc75bd,3174648.636016,0.014184,1,1,1500,1499,0,0
enc_decode,chatcmpl-ca44c385d899441eafeca2d5e9dc75bd,3174648.650422,0.014227,1,1,1501,1500,0,0
enc_decode,chatcmpl-ca44c385d899441eafeca2d5e9dc75bd,3174648.664881,0.014212,1,1,1502,1501,0,0
enc_decode,chatcmpl-ca44c385d899441eafeca2d5e9dc75bd,3174648.679317,0.014193,1,1,1503,1502,0,0
enc_decode,chatcmpl-ca44c385d899441eafeca2d5e9dc75bd,3174648.693734,0.014213,1,1,1504,1503,0,0
enc_decode,chatcmpl-ca44c385d899441eafeca2d5e9dc75bd,3174648.708176,0.014298,1,1,1505,1504,0,0
enc_decode,chatcmpl-ca44c385d899441eafeca2d5e9dc75bd,3174648.722695,0.014193,1,1,1506,1505,0,0
enc_decode,chatcmpl-ca44c385d899441eafeca2d5e9dc75bd,3174648.737111,0.014197,1,1,1507,1506,0,0
enc_decode,chatcmpl-ca44c385d899441eafeca2d5e9dc75bd,3174648.751528,0.014202,1,1,1508,1507,0,0
enc_decode,chatcmpl-ca44c385d899441eafeca2d5e9dc75bd,3174648.765952,0.014207,1,1,1509,1508,0,0
enc_decode,chatcmpl-ca44c385d899441eafeca2d5e9dc75bd,3174648.780384,0.014204,1,1,1510,1509,0,0
enc_decode,chatcmpl-ca44c385d899441eafeca2d5e9dc75bd,3174648.794817,0.014234,1,1,1511,1510,0,0
enc_decode,chatcmpl-ca44c385d899441eafeca2d5e9dc75bd,3174648.809272,0.014192,1,1,1512,1511,0,0
enc_decode,chatcmpl-ca44c385d899441eafeca2d5e9dc75bd,3174648.823689,0.014211,1,1,1513,1512,0,0
enc_decode,chatcmpl-ca44c385d899441eafeca2d5e9dc75bd,3174648.838120,0.014214,1,1,1514,1513,0,0
enc_decode,chatcmpl-ca44c385d899441eafeca2d5e9dc75bd,3174648.852556,0.014194,1,1,1515,1514,0,0
enc_decode,chatcmpl-ca44c385d899441eafeca2d5e9dc75bd,3174648.866969,0.014226,1,1,1516,1515,0,0
enc_decode,chatcmpl-ca44c385d899441eafeca2d5e9dc75bd,3174648.881419,0.014225,1,1,1517,1516,0,0
enc_decode,chatcmpl-ca44c385d899441eafeca2d5e9dc75bd,3174648.895867,0.014212,1,1,1518,1517,0,0
enc_decode,chatcmpl-ca44c385d899441eafeca2d5e9dc75bd,3174648.910299,0.014195,1,1,1519,1518,0,0
enc_decode,chatcmpl-ca44c385d899441eafeca2d5e9dc75bd,3174648.924716,0.014236,1,1,1520,1519,0,0
enc_decode,chatcmpl-ca44c385d899441eafeca2d5e9dc75bd,3174648.939174,0.014217,1,1,1521,1520,0,0
enc_decode,chatcmpl-ca44c385d899441eafeca2d5e9dc75bd,3174648.953611,0.014196,1,1,1522,1521,0,0
enc_decode,chatcmpl-ca44c385d899441eafeca2d5e9dc75bd,3174648.968035,0.014212,1,1,1523,1522,0,0
enc_decode,chatcmpl-ca44c385d899441eafeca2d5e9dc75bd,3174648.982467,0.014297,1,1,1524,1523,0,0
enc_decode,chatcmpl-ca44c385d899441eafeca2d5e9dc75bd,3174648.996989,0.014195,1,1,1525,1524,0,0
enc_decode,chatcmpl-ca44c385d899441eafeca2d5e9dc75bd,3174649.011406,0.014213,1,1,1526,1525,0,0
enc_prefill,chatcmpl-ca1b13cb36354a7fb81dcc2ecd65ecfd,3174659.142873,0.347046,1,1369,1369,0,1,0
enc_decode,chatcmpl-ca1b13cb36354a7fb81dcc2ecd65ecfd,3174659.490658,0.015519,1,1,1370,1369,0,0
enc_decode,chatcmpl-ca1b13cb36354a7fb81dcc2ecd65ecfd,3174659.506695,0.015182,1,1,1371,1370,0,0
enc_decode,chatcmpl-ca1b13cb36354a7fb81dcc2ecd65ecfd,3174659.522353,0.015104,1,1,1372,1371,0,0
enc_decode,chatcmpl-ca1b13cb36354a7fb81dcc2ecd65ecfd,3174659.537938,0.015247,1,1,1373,1372,0,0
enc_decode,chatcmpl-ca1b13cb36354a7fb81dcc2ecd65ecfd,3174659.553655,0.015077,1,1,1374,1373,0,0
enc_decode,chatcmpl-ca1b13cb36354a7fb81dcc2ecd65ecfd,3174659.569201,0.015057,1,1,1375,1374,0,0
enc_decode,chatcmpl-ca1b13cb36354a7fb81dcc2ecd65ecfd,3174659.584741,0.015048,1,1,1376,1375,0,0
enc_decode,chatcmpl-ca1b13cb36354a7fb81dcc2ecd65ecfd,3174659.600269,0.015126,1,1,1377,1376,0,0
enc_decode,chatcmpl-ca1b13cb36354a7fb81dcc2ecd65ecfd,3174659.615872,0.015053,1,1,1378,1377,0,0
enc_decode,chatcmpl-ca1b13cb36354a7fb81dcc2ecd65ecfd,3174659.631402,0.015084,1,1,1379,1378,0,0
enc_decode,chatcmpl-ca1b13cb36354a7fb81dcc2ecd65ecfd,3174659.646959,0.015052,1,1,1380,1379,0,0
enc_decode,chatcmpl-ca1b13cb36354a7fb81dcc2ecd65ecfd,3174659.662487,0.015052,1,1,1381,1380,0,0
enc_decode,chatcmpl-ca1b13cb36354a7fb81dcc2ecd65ecfd,3174659.678014,0.015044,1,1,1382,1381,0,0
enc_decode,chatcmpl-ca1b13cb36354a7fb81dcc2ecd65ecfd,3174659.693533,0.015053,1,1,1383,1382,0,0
enc_decode,chatcmpl-ca1b13cb36354a7fb81dcc2ecd65ecfd,3174659.709056,0.015059,1,1,1384,1383,0,0
enc_decode,chatcmpl-ca1b13cb36354a7fb81dcc2ecd65ecfd,3174659.724594,0.015037,1,1,1385,1384,0,0
enc_decode,chatcmpl-ca1b13cb36354a7fb81dcc2ecd65ecfd,3174659.740111,0.015039,1,1,1386,1385,0,0
enc_decode,chatcmpl-ca1b13cb36354a7fb81dcc2ecd65ecfd,3174659.755635,0.015046,1,1,1387,1386,0,0
enc_decode,chatcmpl-ca1b13cb36354a7fb81dcc2ecd65ecfd,3174659.771148,0.015067,1,1,1388,1387,0,0
enc_decode,chatcmpl-ca1b13cb36354a7fb81dcc2ecd65ecfd,3174659.786694,0.015040,1,1,1389,1388,0,0
enc_decode,chatcmpl-ca1b13cb36354a7fb81dcc2ecd65ecfd,3174659.802198,0.015060,1,1,1390,1389,0,0
enc_decode,chatcmpl-ca1b13cb36354a7fb81dcc2ecd65ecfd,3174659.817738,0.015027,1,1,1391,1390,0,0
enc_decode,chatcmpl-ca1b13cb36354a7fb81dcc2ecd65ecfd,3174659.833239,0.015013,1,1,1392,1391,0,0
enc_decode,chatcmpl-ca1b13cb36354a7fb81dcc2ecd65ecfd,3174659.848725,0.015077,1,1,1393,1392,0,0
enc_decode,chatcmpl-ca1b13cb36354a7fb81dcc2ecd65ecfd,3174659.864282,0.014999,1,1,1394,1393,0,0
enc_decode,chatcmpl-ca1b13cb36354a7fb81dcc2ecd65ecfd,3174659.879755,0.015022,1,1,1395,1394,0,0
enc_decode,chatcmpl-ca1b13cb36354a7fb81dcc2ecd65ecfd,3174659.895247,0.015134,1,1,1396,1395,0,0
enc_decode,chatcmpl-ca1b13cb36354a7fb81dcc2ecd65ecfd,3174659.910852,0.015044,1,1,1397,1396,0,0
enc_decode,chatcmpl-ca1b13cb36354a7fb81dcc2ecd65ecfd,3174659.926371,0.015035,1,1,1398,1397,0,0
enc_decode,chatcmpl-ca1b13cb36354a7fb81dcc2ecd65ecfd,3174659.941879,0.015023,1,1,1399,1398,0,0
enc_decode,chatcmpl-ca1b13cb36354a7fb81dcc2ecd65ecfd,3174659.957374,0.015118,1,1,1400,1399,0,0
enc_decode,chatcmpl-ca1b13cb36354a7fb81dcc2ecd65ecfd,3174659.972965,0.015028,1,1,1401,1400,0,0
enc_decode,chatcmpl-ca1b13cb36354a7fb81dcc2ecd65ecfd,3174659.988469,0.015048,1,1,1402,1401,0,0
enc_decode,chatcmpl-ca1b13cb36354a7fb81dcc2ecd65ecfd,3174660.003990,0.015089,1,1,1403,1402,0,0
enc_decode,chatcmpl-ca1b13cb36354a7fb81dcc2ecd65ecfd,3174660.019551,0.015015,1,1,1404,1403,0,0
enc_decode,chatcmpl-ca1b13cb36354a7fb81dcc2ecd65ecfd,3174660.035034,0.015076,1,1,1405,1404,0,0
enc_decode,chatcmpl-ca1b13cb36354a7fb81dcc2ecd65ecfd,3174660.050585,0.015069,1,1,1406,1405,0,0
enc_decode,chatcmpl-ca1b13cb36354a7fb81dcc2ecd65ecfd,3174660.066127,0.015058,1,1,1407,1406,0,0
enc_decode,chatcmpl-ca1b13cb36354a7fb81dcc2ecd65ecfd,3174660.081661,0.015017,1,1,1408,1407,0,0
enc_decode,chatcmpl-ca1b13cb36354a7fb81dcc2ecd65ecfd,3174660.097187,0.015027,1,1,1409,1408,0,0
enc_decode,chatcmpl-ca1b13cb36354a7fb81dcc2ecd65ecfd,3174660.112682,0.015023,1,1,1410,1409,0,0
enc_decode,chatcmpl-ca1b13cb36354a7fb81dcc2ecd65ecfd,3174660.128179,0.015042,1,1,1411,1410,0,0
enc_decode,chatcmpl-ca1b13cb36354a7fb81dcc2ecd65ecfd,3174660.143697,0.015011,1,1,1412,1411,0,0
enc_decode,chatcmpl-ca1b13cb36354a7fb81dcc2ecd65ecfd,3174660.159174,0.015051,1,1,1413,1412,0,0
enc_decode,chatcmpl-ca1b13cb36354a7fb81dcc2ecd65ecfd,3174660.174707,0.015054,1,1,1414,1413,0,0
enc_decode,chatcmpl-ca1b13cb36354a7fb81dcc2ecd65ecfd,3174660.190236,0.015069,1,1,1415,1414,0,0
enc_decode,chatcmpl-ca1b13cb36354a7fb81dcc2ecd65ecfd,3174660.205776,0.015050,1,1,1416,1415,0,0
enc_decode,chatcmpl-ca1b13cb36354a7fb81dcc2ecd65ecfd,3174660.221305,0.014998,1,1,1417,1416,0,0
enc_decode,chatcmpl-ca1b13cb36354a7fb81dcc2ecd65ecfd,3174660.236782,0.015030,1,1,1418,1417,0,0
enc_decode,chatcmpl-ca1b13cb36354a7fb81dcc2ecd65ecfd,3174660.252292,0.015117,1,1,1419,1418,0,0
enc_decode,chatcmpl-ca1b13cb36354a7fb81dcc2ecd65ecfd,3174660.267884,0.015062,1,1,1420,1419,0,0
enc_decode,chatcmpl-ca1b13cb36354a7fb81dcc2ecd65ecfd,3174660.283420,0.015060,1,1,1421,1420,0,0
enc_decode,chatcmpl-ca1b13cb36354a7fb81dcc2ecd65ecfd,3174660.298950,0.015020,1,1,1422,1421,0,0
enc_decode,chatcmpl-ca1b13cb36354a7fb81dcc2ecd65ecfd,3174660.314441,0.015119,1,1,1423,1422,0,0
enc_decode,chatcmpl-ca1b13cb36354a7fb81dcc2ecd65ecfd,3174660.330033,0.015025,1,1,1424,1423,0,0
enc_decode,chatcmpl-ca1b13cb36354a7fb81dcc2ecd65ecfd,3174660.345529,0.015060,1,1,1425,1424,0,0
enc_decode,chatcmpl-ca1b13cb36354a7fb81dcc2ecd65ecfd,3174660.361068,0.015035,1,1,1426,1425,0,0
enc_decode,chatcmpl-ca1b13cb36354a7fb81dcc2ecd65ecfd,3174660.376574,0.015030,1,1,1427,1426,0,0
enc_decode,chatcmpl-ca1b13cb36354a7fb81dcc2ecd65ecfd,3174660.392088,0.015040,1,1,1428,1427,0,0
enc_decode,chatcmpl-ca1b13cb36354a7fb81dcc2ecd65ecfd,3174660.407597,0.015063,1,1,1429,1428,0,0
enc_decode,chatcmpl-ca1b13cb36354a7fb81dcc2ecd65ecfd,3174660.423149,0.015066,1,1,1430,1429,0,0
enc_decode,chatcmpl-ca1b13cb36354a7fb81dcc2ecd65ecfd,3174660.438691,0.015041,1,1,1431,1430,0,0
enc_decode,chatcmpl-ca1b13cb36354a7fb81dcc2ecd65ecfd,3174660.454202,0.015038,1,1,1432,1431,0,0
enc_decode,chatcmpl-ca1b13cb36354a7fb81dcc2ecd65ecfd,3174660.469717,0.015021,1,1,1433,1432,0,0
enc_decode,chatcmpl-ca1b13cb36354a7fb81dcc2ecd65ecfd,3174660.485215,0.015050,1,1,1434,1433,0,0
enc_decode,chatcmpl-ca1b13cb36354a7fb81dcc2ecd65ecfd,3174660.500744,0.015019,1,1,1435,1434,0,0
enc_decode,chatcmpl-ca1b13cb36354a7fb81dcc2ecd65ecfd,3174660.516241,0.015032,1,1,1436,1435,0,0
enc_decode,chatcmpl-ca1b13cb36354a7fb81dcc2ecd65ecfd,3174660.531737,0.015048,1,1,1437,1436,0,0
enc_decode,chatcmpl-ca1b13cb36354a7fb81dcc2ecd65ecfd,3174660.547262,0.015047,1,1,1438,1437,0,0
enc_decode,chatcmpl-ca1b13cb36354a7fb81dcc2ecd65ecfd,3174660.562783,0.015072,1,1,1439,1438,0,0
enc_decode,chatcmpl-ca1b13cb36354a7fb81dcc2ecd65ecfd,3174660.578332,0.015044,1,1,1440,1439,0,0
enc_decode,chatcmpl-ca1b13cb36354a7fb81dcc2ecd65ecfd,3174660.593851,0.015029,1,1,1441,1440,0,0
enc_decode,chatcmpl-ca1b13cb36354a7fb81dcc2ecd65ecfd,3174660.609356,0.015137,1,1,1442,1441,0,0
enc_decode,chatcmpl-ca1b13cb36354a7fb81dcc2ecd65ecfd,3174660.624967,0.015049,1,1,1443,1442,0,0
enc_decode,chatcmpl-ca1b13cb36354a7fb81dcc2ecd65ecfd,3174660.640491,0.015043,1,1,1444,1443,0,0
enc_decode,chatcmpl-ca1b13cb36354a7fb81dcc2ecd65ecfd,3174660.656012,0.015021,1,1,1445,1444,0,0
enc_decode,chatcmpl-ca1b13cb36354a7fb81dcc2ecd65ecfd,3174660.671504,0.015150,1,1,1446,1445,0,0
enc_decode,chatcmpl-ca1b13cb36354a7fb81dcc2ecd65ecfd,3174660.687128,0.015045,1,1,1447,1446,0,0
enc_decode,chatcmpl-ca1b13cb36354a7fb81dcc2ecd65ecfd,3174660.702645,0.015069,1,1,1448,1447,0,0
enc_decode,chatcmpl-ca1b13cb36354a7fb81dcc2ecd65ecfd,3174660.718194,0.015055,1,1,1449,1448,0,0
enc_decode,chatcmpl-ca1b13cb36354a7fb81dcc2ecd65ecfd,3174660.733719,0.015014,1,1,1450,1449,0,0
enc_decode,chatcmpl-ca1b13cb36354a7fb81dcc2ecd65ecfd,3174660.749214,0.015021,1,1,1451,1450,0,0
enc_decode,chatcmpl-ca1b13cb36354a7fb81dcc2ecd65ecfd,3174660.764708,0.015025,1,1,1452,1451,0,0
enc_decode,chatcmpl-ca1b13cb36354a7fb81dcc2ecd65ecfd,3174660.780213,0.015053,1,1,1453,1452,0,0
enc_decode,chatcmpl-ca1b13cb36354a7fb81dcc2ecd65ecfd,3174660.795738,0.015039,1,1,1454,1453,0,0
enc_decode,chatcmpl-ca1b13cb36354a7fb81dcc2ecd65ecfd,3174660.811255,0.015038,1,1,1455,1454,0,0
enc_decode,chatcmpl-ca1b13cb36354a7fb81dcc2ecd65ecfd,3174660.826764,0.015047,1,1,1456,1455,0,0
enc_decode,chatcmpl-ca1b13cb36354a7fb81dcc2ecd65ecfd,3174660.842282,0.015048,1,1,1457,1456,0,0
enc_decode,chatcmpl-ca1b13cb36354a7fb81dcc2ecd65ecfd,3174660.857794,0.015034,1,1,1458,1457,0,0
enc_decode,chatcmpl-ca1b13cb36354a7fb81dcc2ecd65ecfd,3174660.873312,0.015044,1,1,1459,1458,0,0
enc_decode,chatcmpl-ca1b13cb36354a7fb81dcc2ecd65ecfd,3174660.888833,0.015038,1,1,1460,1459,0,0
enc_decode,chatcmpl-ca1b13cb36354a7fb81dcc2ecd65ecfd,3174660.904353,0.015044,1,1,1461,1460,0,0
enc_decode,chatcmpl-ca1b13cb36354a7fb81dcc2ecd65ecfd,3174660.919860,0.015075,1,1,1462,1461,0,0
enc_decode,chatcmpl-ca1b13cb36354a7fb81dcc2ecd65ecfd,3174660.935418,0.015043,1,1,1463,1462,0,0
enc_decode,chatcmpl-ca1b13cb36354a7fb81dcc2ecd65ecfd,3174660.950931,0.015026,1,1,1464,1463,0,0
enc_decode,chatcmpl-ca1b13cb36354a7fb81dcc2ecd65ecfd,3174660.966433,0.015162,1,1,1465,1464,0,0
enc_decode,chatcmpl-ca1b13cb36354a7fb81dcc2ecd65ecfd,3174660.982072,0.015087,1,1,1466,1465,0,0
enc_decode,chatcmpl-ca1b13cb36354a7fb81dcc2ecd65ecfd,3174660.997628,0.015041,1,1,1467,1466,0,0
enc_decode,chatcmpl-ca1b13cb36354a7fb81dcc2ecd65ecfd,3174661.013148,0.015012,1,1,1468,1467,0,0
enc_decode,chatcmpl-ca1b13cb36354a7fb81dcc2ecd65ecfd,3174661.028626,0.015112,1,1,1469,1468,0,0
enc_decode,chatcmpl-ca1b13cb36354a7fb81dcc2ecd65ecfd,3174661.044228,0.015047,1,1,1470,1469,0,0
enc_decode,chatcmpl-ca1b13cb36354a7fb81dcc2ecd65ecfd,3174661.059757,0.015072,1,1,1471,1470,0,0
enc_decode,chatcmpl-ca1b13cb36354a7fb81dcc2ecd65ecfd,3174661.075306,0.015021,1,1,1472,1471,0,0
enc_decode,chatcmpl-ca1b13cb36354a7fb81dcc2ecd65ecfd,3174661.090814,0.015056,1,1,1473,1472,0,0
enc_decode,chatcmpl-ca1b13cb36354a7fb81dcc2ecd65ecfd,3174661.106346,0.015041,1,1,1474,1473,0,0
enc_decode,chatcmpl-ca1b13cb36354a7fb81dcc2ecd65ecfd,3174661.121857,0.015017,1,1,1475,1474,0,0
enc_decode,chatcmpl-ca1b13cb36354a7fb81dcc2ecd65ecfd,3174661.137349,0.015047,1,1,1476,1475,0,0
enc_decode,chatcmpl-ca1b13cb36354a7fb81dcc2ecd65ecfd,3174661.152866,0.015043,1,1,1477,1476,0,0
enc_decode,chatcmpl-ca1b13cb36354a7fb81dcc2ecd65ecfd,3174661.168388,0.015042,1,1,1478,1477,0,0
enc_decode,chatcmpl-ca1b13cb36354a7fb81dcc2ecd65ecfd,3174661.183906,0.015032,1,1,1479,1478,0,0
enc_decode,chatcmpl-ca1b13cb36354a7fb81dcc2ecd65ecfd,3174661.199413,0.015050,1,1,1480,1479,0,0
enc_decode,chatcmpl-ca1b13cb36354a7fb81dcc2ecd65ecfd,3174661.214937,0.015017,1,1,1481,1480,0,0
enc_decode,chatcmpl-ca1b13cb36354a7fb81dcc2ecd65ecfd,3174661.230435,0.015040,1,1,1482,1481,0,0
enc_decode,chatcmpl-ca1b13cb36354a7fb81dcc2ecd65ecfd,3174661.245944,0.015039,1,1,1483,1482,0,0
enc_decode,chatcmpl-ca1b13cb36354a7fb81dcc2ecd65ecfd,3174661.261462,0.015048,1,1,1484,1483,0,0
enc_decode,chatcmpl-ca1b13cb36354a7fb81dcc2ecd65ecfd,3174661.276979,0.015056,1,1,1485,1484,0,0
enc_decode,chatcmpl-ca1b13cb36354a7fb81dcc2ecd65ecfd,3174661.292517,0.015091,1,1,1486,1485,0,0
enc_decode,chatcmpl-ca1b13cb36354a7fb81dcc2ecd65ecfd,3174661.308094,0.015017,1,1,1487,1486,0,0
enc_decode,chatcmpl-ca1b13cb36354a7fb81dcc2ecd65ecfd,3174661.323582,0.015131,1,1,1488,1487,0,0
enc_decode,chatcmpl-ca1b13cb36354a7fb81dcc2ecd65ecfd,3174661.339185,0.015072,1,1,1489,1488,0,0
enc_decode,chatcmpl-ca1b13cb36354a7fb81dcc2ecd65ecfd,3174661.354728,0.015067,1,1,1490,1489,0,0
enc_decode,chatcmpl-ca1b13cb36354a7fb81dcc2ecd65ecfd,3174661.370259,0.015033,1,1,1491,1490,0,0
enc_decode,chatcmpl-ca1b13cb36354a7fb81dcc2ecd65ecfd,3174661.385768,0.015021,1,1,1492,1491,0,0
enc_decode,chatcmpl-ca1b13cb36354a7fb81dcc2ecd65ecfd,3174661.401264,0.015021,1,1,1493,1492,0,0
enc_decode,chatcmpl-ca1b13cb36354a7fb81dcc2ecd65ecfd,3174661.416754,0.015051,1,1,1494,1493,0,0
enc_decode,chatcmpl-ca1b13cb36354a7fb81dcc2ecd65ecfd,3174661.432282,0.015035,1,1,1495,1494,0,0
enc_decode,chatcmpl-ca1b13cb36354a7fb81dcc2ecd65ecfd,3174661.447795,0.015059,1,1,1496,1495,0,0
enc_decode,chatcmpl-ca1b13cb36354a7fb81dcc2ecd65ecfd,3174661.463322,0.015054,1,1,1497,1496,0,0
enc_decode,chatcmpl-ca1b13cb36354a7fb81dcc2ecd65ecfd,3174661.478852,0.015035,1,1,1498,1497,0,0
enc_decode,chatcmpl-ca1b13cb36354a7fb81dcc2ecd65ecfd,3174661.494360,0.015082,1,1,1499,1498,0,0
enc_decode,chatcmpl-ca1b13cb36354a7fb81dcc2ecd65ecfd,3174661.509920,0.015059,1,1,1500,1499,0,0
enc_prefill,chatcmpl-62b341d045f14804af2942bdd04b8427,3174661.553755,0.344157,1,1369,1369,0,1,0
enc_decode,chatcmpl-62b341d045f14804af2942bdd04b8427,3174661.898586,0.015193,1,1,1370,1369,0,0
enc_decode,chatcmpl-62b341d045f14804af2942bdd04b8427,3174661.914256,0.015101,1,1,1371,1370,0,0
enc_decode,chatcmpl-62b341d045f14804af2942bdd04b8427,3174661.929938,0.015071,1,1,1372,1371,0,0
enc_decode,chatcmpl-62b341d045f14804af2942bdd04b8427,3174661.945488,0.015024,1,1,1373,1372,0,0
enc_decode,chatcmpl-62b341d045f14804af2942bdd04b8427,3174661.960985,0.015044,1,1,1374,1373,0,0
enc_decode,chatcmpl-62b341d045f14804af2942bdd04b8427,3174661.976501,0.015054,1,1,1375,1374,0,0
enc_decode,chatcmpl-62b341d045f14804af2942bdd04b8427,3174661.992034,0.015075,1,1,1376,1375,0,0
enc_decode,chatcmpl-62b341d045f14804af2942bdd04b8427,3174662.007575,0.015029,1,1,1377,1376,0,0
enc_decode,chatcmpl-62b341d045f14804af2942bdd04b8427,3174662.023076,0.015037,1,1,1378,1377,0,0
enc_decode,chatcmpl-62b341d045f14804af2942bdd04b8427,3174662.038598,0.015063,1,1,1379,1378,0,0
enc_decode,chatcmpl-62b341d045f14804af2942bdd04b8427,3174662.054133,0.015050,1,1,1380,1379,0,0
enc_decode,chatcmpl-62b341d045f14804af2942bdd04b8427,3174662.069659,0.015057,1,1,1381,1380,0,0
enc_decode,chatcmpl-62b341d045f14804af2942bdd04b8427,3174662.085189,0.015025,1,1,1382,1381,0,0
enc_decode,chatcmpl-62b341d045f14804af2942bdd04b8427,3174662.100690,0.015031,1,1,1383,1382,0,0
enc_decode,chatcmpl-62b341d045f14804af2942bdd04b8427,3174662.116202,0.015012,1,1,1384,1383,0,0
enc_decode,chatcmpl-62b341d045f14804af2942bdd04b8427,3174662.131701,0.015063,1,1,1385,1384,0,0
enc_decode,chatcmpl-62b341d045f14804af2942bdd04b8427,3174662.147233,0.015124,1,1,1386,1385,0,0
enc_decode,chatcmpl-62b341d045f14804af2942bdd04b8427,3174662.162829,0.015052,1,1,1387,1386,0,0
enc_decode,chatcmpl-62b341d045f14804af2942bdd04b8427,3174662.178356,0.015045,1,1,1388,1387,0,0
enc_decode,chatcmpl-62b341d045f14804af2942bdd04b8427,3174662.193881,0.015017,1,1,1389,1388,0,0
enc_decode,chatcmpl-62b341d045f14804af2942bdd04b8427,3174662.209360,0.015048,1,1,1390,1389,0,0
enc_decode,chatcmpl-62b341d045f14804af2942bdd04b8427,3174662.224878,0.015033,1,1,1391,1390,0,0
enc_decode,chatcmpl-62b341d045f14804af2942bdd04b8427,3174662.240392,0.014999,1,1,1392,1391,0,0
enc_decode,chatcmpl-62b341d045f14804af2942bdd04b8427,3174662.255864,0.015015,1,1,1393,1392,0,0
enc_decode,chatcmpl-62b341d045f14804af2942bdd04b8427,3174662.271355,0.015054,1,1,1394,1393,0,0
enc_decode,chatcmpl-62b341d045f14804af2942bdd04b8427,3174662.286885,0.015063,1,1,1395,1394,0,0
enc_decode,chatcmpl-62b341d045f14804af2942bdd04b8427,3174662.302423,0.015042,1,1,1396,1395,0,0
enc_decode,chatcmpl-62b341d045f14804af2942bdd04b8427,3174662.317942,0.014998,1,1,1397,1396,0,0
enc_decode,chatcmpl-62b341d045f14804af2942bdd04b8427,3174662.333414,0.015012,1,1,1398,1397,0,0
enc_decode,chatcmpl-62b341d045f14804af2942bdd04b8427,3174662.348895,0.015043,1,1,1399,1398,0,0
enc_decode,chatcmpl-62b341d045f14804af2942bdd04b8427,3174662.364418,0.014986,1,1,1400,1399,0,0
enc_decode,chatcmpl-62b341d045f14804af2942bdd04b8427,3174662.379865,0.015056,1,1,1401,1400,0,0
enc_decode,chatcmpl-62b341d045f14804af2942bdd04b8427,3174662.395395,0.015046,1,1,1402,1401,0,0
enc_decode,chatcmpl-62b341d045f14804af2942bdd04b8427,3174662.410906,0.015053,1,1,1403,1402,0,0
enc_decode,chatcmpl-62b341d045f14804af2942bdd04b8427,3174662.426432,0.015072,1,1,1404,1403,0,0
enc_decode,chatcmpl-62b341d045f14804af2942bdd04b8427,3174662.441968,0.015034,1,1,1405,1404,0,0
enc_decode,chatcmpl-62b341d045f14804af2942bdd04b8427,3174662.457473,0.015020,1,1,1406,1405,0,0
enc_decode,chatcmpl-62b341d045f14804af2942bdd04b8427,3174662.472962,0.015034,1,1,1407,1406,0,0
enc_decode,chatcmpl-62b341d045f14804af2942bdd04b8427,3174662.488471,0.015039,1,1,1408,1407,0,0
enc_decode,chatcmpl-62b341d045f14804af2942bdd04b8427,3174662.504023,0.015101,1,1,1409,1408,0,0
enc_decode,chatcmpl-62b341d045f14804af2942bdd04b8427,3174662.519596,0.015021,1,1,1410,1409,0,0
enc_decode,chatcmpl-62b341d045f14804af2942bdd04b8427,3174662.535099,0.015033,1,1,1411,1410,0,0
enc_decode,chatcmpl-62b341d045f14804af2942bdd04b8427,3174662.550605,0.015046,1,1,1412,1411,0,0
enc_decode,chatcmpl-62b341d045f14804af2942bdd04b8427,3174662.566117,0.015074,1,1,1413,1412,0,0
enc_decode,chatcmpl-62b341d045f14804af2942bdd04b8427,3174662.581668,0.015031,1,1,1414,1413,0,0
enc_decode,chatcmpl-62b341d045f14804af2942bdd04b8427,3174662.597175,0.015014,1,1,1415,1414,0,0
enc_decode,chatcmpl-62b341d045f14804af2942bdd04b8427,3174662.612662,0.015035,1,1,1416,1415,0,0
enc_decode,chatcmpl-62b341d045f14804af2942bdd04b8427,3174662.628173,0.015074,1,1,1417,1416,0,0
enc_decode,chatcmpl-62b341d045f14804af2942bdd04b8427,3174662.643717,0.015053,1,1,1418,1417,0,0
enc_decode,chatcmpl-62b341d045f14804af2942bdd04b8427,3174662.659249,0.015034,1,1,1419,1418,0,0
enc_decode,chatcmpl-62b341d045f14804af2942bdd04b8427,3174662.674754,0.015048,1,1,1420,1419,0,0
enc_decode,chatcmpl-62b341d045f14804af2942bdd04b8427,3174662.690275,0.015054,1,1,1421,1420,0,0
enc_decode,chatcmpl-62b341d045f14804af2942bdd04b8427,3174662.705801,0.015024,1,1,1422,1421,0,0
enc_decode,chatcmpl-62b341d045f14804af2942bdd04b8427,3174662.721298,0.015032,1,1,1423,1422,0,0
enc_decode,chatcmpl-62b341d045f14804af2942bdd04b8427,3174662.736804,0.015025,1,1,1424,1423,0,0
enc_decode,chatcmpl-62b341d045f14804af2942bdd04b8427,3174662.752303,0.015029,1,1,1425,1424,0,0
enc_decode,chatcmpl-62b341d045f14804af2942bdd04b8427,3174662.767799,0.015034,1,1,1426,1425,0,0
enc_decode,chatcmpl-62b341d045f14804af2942bdd04b8427,3174662.783306,0.015067,1,1,1427,1426,0,0
enc_decode,chatcmpl-62b341d045f14804af2942bdd04b8427,3174662.798860,0.015023,1,1,1428,1427,0,0
enc_decode,chatcmpl-62b341d045f14804af2942bdd04b8427,3174662.814357,0.015021,1,1,1429,1428,0,0
enc_decode,chatcmpl-62b341d045f14804af2942bdd04b8427,3174662.829853,0.015027,1,1,1430,1429,0,0
enc_decode,chatcmpl-62b341d045f14804af2942bdd04b8427,3174662.845352,0.015030,1,1,1431,1430,0,0
enc_decode,chatcmpl-62b341d045f14804af2942bdd04b8427,3174662.860855,0.015115,1,1,1432,1431,0,0
enc_decode,chatcmpl-62b341d045f14804af2942bdd04b8427,3174662.876445,0.015000,1,1,1433,1432,0,0
enc_decode,chatcmpl-62b341d045f14804af2942bdd04b8427,3174662.891923,0.015031,1,1,1434,1433,0,0
enc_decode,chatcmpl-62b341d045f14804af2942bdd04b8427,3174662.907428,0.015041,1,1,1435,1434,0,0
enc_decode,chatcmpl-62b341d045f14804af2942bdd04b8427,3174662.922948,0.015073,1,1,1436,1435,0,0
enc_decode,chatcmpl-62b341d045f14804af2942bdd04b8427,3174662.938484,0.015040,1,1,1437,1436,0,0
enc_decode,chatcmpl-62b341d045f14804af2942bdd04b8427,3174662.953993,0.015030,1,1,1438,1437,0,0
enc_decode,chatcmpl-62b341d045f14804af2942bdd04b8427,3174662.969498,0.015022,1,1,1439,1438,0,0
enc_decode,chatcmpl-62b341d045f14804af2942bdd04b8427,3174662.984991,0.015051,1,1,1440,1439,0,0
enc_decode,chatcmpl-62b341d045f14804af2942bdd04b8427,3174663.000514,0.015049,1,1,1441,1440,0,0
enc_decode,chatcmpl-62b341d045f14804af2942bdd04b8427,3174663.016035,0.015024,1,1,1442,1441,0,0
enc_decode,chatcmpl-62b341d045f14804af2942bdd04b8427,3174663.031530,0.015038,1,1,1443,1442,0,0
enc_decode,chatcmpl-62b341d045f14804af2942bdd04b8427,3174663.047038,0.015038,1,1,1444,1443,0,0
enc_decode,chatcmpl-62b341d045f14804af2942bdd04b8427,3174663.062550,0.015065,1,1,1445,1444,0,0
enc_decode,chatcmpl-62b341d045f14804af2942bdd04b8427,3174663.078080,0.015052,1,1,1446,1445,0,0
enc_decode,chatcmpl-62b341d045f14804af2942bdd04b8427,3174663.093609,0.015021,1,1,1447,1446,0,0
enc_decode,chatcmpl-62b341d045f14804af2942bdd04b8427,3174663.109101,0.015027,1,1,1448,1447,0,0
enc_decode,chatcmpl-62b341d045f14804af2942bdd04b8427,3174663.124599,0.015023,1,1,1449,1448,0,0
enc_decode,chatcmpl-62b341d045f14804af2942bdd04b8427,3174663.140106,0.015031,1,1,1450,1449,0,0
enc_decode,chatcmpl-62b341d045f14804af2942bdd04b8427,3174663.155610,0.015044,1,1,1451,1450,0,0
enc_decode,chatcmpl-62b341d045f14804af2942bdd04b8427,3174663.171121,0.015041,1,1,1452,1451,0,0
enc_decode,chatcmpl-62b341d045f14804af2942bdd04b8427,3174663.186637,0.015049,1,1,1453,1452,0,0
enc_decode,chatcmpl-62b341d045f14804af2942bdd04b8427,3174663.202154,0.015057,1,1,1454,1453,0,0
enc_decode,chatcmpl-62b341d045f14804af2942bdd04b8427,3174663.217692,0.015128,1,1,1455,1454,0,0
enc_decode,chatcmpl-62b341d045f14804af2942bdd04b8427,3174663.233280,0.015021,1,1,1456,1455,0,0
enc_decode,chatcmpl-62b341d045f14804af2942bdd04b8427,3174663.248778,0.015037,1,1,1457,1456,0,0
enc_decode,chatcmpl-62b341d045f14804af2942bdd04b8427,3174663.264292,0.015037,1,1,1458,1457,0,0
enc_decode,chatcmpl-62b341d045f14804af2942bdd04b8427,3174663.279801,0.015061,1,1,1459,1458,0,0
enc_decode,chatcmpl-62b341d045f14804af2942bdd04b8427,3174663.295332,0.015034,1,1,1460,1459,0,0
enc_decode,chatcmpl-62b341d045f14804af2942bdd04b8427,3174663.310839,0.015041,1,1,1461,1460,0,0
enc_decode,chatcmpl-62b341d045f14804af2942bdd04b8427,3174663.326353,0.015060,1,1,1462,1461,0,0
enc_decode,chatcmpl-62b341d045f14804af2942bdd04b8427,3174663.341890,0.015053,1,1,1463,1462,0,0
enc_decode,chatcmpl-62b341d045f14804af2942bdd04b8427,3174663.357412,0.015037,1,1,1464,1463,0,0
enc_decode,chatcmpl-62b341d045f14804af2942bdd04b8427,3174663.372928,0.015011,1,1,1465,1464,0,0
enc_decode,chatcmpl-62b341d045f14804af2942bdd04b8427,3174663.388415,0.015029,1,1,1466,1465,0,0
enc_decode,chatcmpl-62b341d045f14804af2942bdd04b8427,3174663.403912,0.015050,1,1,1467,1466,0,0
enc_decode,chatcmpl-62b341d045f14804af2942bdd04b8427,3174663.419437,0.015047,1,1,1468,1467,0,0
enc_decode,chatcmpl-62b341d045f14804af2942bdd04b8427,3174663.434964,0.015029,1,1,1469,1468,0,0
enc_decode,chatcmpl-62b341d045f14804af2942bdd04b8427,3174663.450463,0.015042,1,1,1470,1469,0,0
enc_decode,chatcmpl-62b341d045f14804af2942bdd04b8427,3174663.465984,0.015070,1,1,1471,1470,0,0
enc_decode,chatcmpl-62b341d045f14804af2942bdd04b8427,3174663.481531,0.015043,1,1,1472,1471,0,0
enc_decode,chatcmpl-62b341d045f14804af2942bdd04b8427,3174663.497047,0.015055,1,1,1473,1472,0,0
enc_decode,chatcmpl-62b341d045f14804af2942bdd04b8427,3174663.512564,0.015054,1,1,1474,1473,0,0
enc_decode,chatcmpl-62b341d045f14804af2942bdd04b8427,3174663.528092,0.015051,1,1,1475,1474,0,0
enc_decode,chatcmpl-62b341d045f14804af2942bdd04b8427,3174663.543624,0.015037,1,1,1476,1475,0,0
enc_decode,chatcmpl-62b341d045f14804af2942bdd04b8427,3174663.559127,0.015061,1,1,1477,1476,0,0
enc_decode,chatcmpl-62b341d045f14804af2942bdd04b8427,3174663.574667,0.015169,1,1,1478,1477,0,0
enc_decode,chatcmpl-62b341d045f14804af2942bdd04b8427,3174663.590300,0.015056,1,1,1479,1478,0,0
enc_decode,chatcmpl-62b341d045f14804af2942bdd04b8427,3174663.605826,0.015029,1,1,1480,1479,0,0
enc_decode,chatcmpl-62b341d045f14804af2942bdd04b8427,3174663.621323,0.015030,1,1,1481,1480,0,0
enc_decode,chatcmpl-62b341d045f14804af2942bdd04b8427,3174663.636831,0.015037,1,1,1482,1481,0,0
enc_decode,chatcmpl-62b341d045f14804af2942bdd04b8427,3174663.652350,0.015044,1,1,1483,1482,0,0
enc_decode,chatcmpl-62b341d045f14804af2942bdd04b8427,3174663.667862,0.015041,1,1,1484,1483,0,0
enc_decode,chatcmpl-62b341d045f14804af2942bdd04b8427,3174663.683371,0.015042,1,1,1485,1484,0,0
enc_decode,chatcmpl-62b341d045f14804af2942bdd04b8427,3174663.698891,0.015052,1,1,1486,1485,0,0
enc_decode,chatcmpl-62b341d045f14804af2942bdd04b8427,3174663.714415,0.015080,1,1,1487,1486,0,0
enc_decode,chatcmpl-62b341d045f14804af2942bdd04b8427,3174663.729973,0.015028,1,1,1488,1487,0,0
enc_decode,chatcmpl-62b341d045f14804af2942bdd04b8427,3174663.745470,0.015036,1,1,1489,1488,0,0
enc_decode,chatcmpl-62b341d045f14804af2942bdd04b8427,3174663.760986,0.015049,1,1,1490,1489,0,0
enc_decode,chatcmpl-62b341d045f14804af2942bdd04b8427,3174663.776499,0.015066,1,1,1491,1490,0,0
enc_decode,chatcmpl-62b341d045f14804af2942bdd04b8427,3174663.792046,0.015001,1,1,1492,1491,0,0
enc_decode,chatcmpl-62b341d045f14804af2942bdd04b8427,3174663.807521,0.015020,1,1,1493,1492,0,0
enc_decode,chatcmpl-62b341d045f14804af2942bdd04b8427,3174663.823014,0.015045,1,1,1494,1493,0,0
enc_decode,chatcmpl-62b341d045f14804af2942bdd04b8427,3174663.838528,0.015031,1,1,1495,1494,0,0
enc_decode,chatcmpl-62b341d045f14804af2942bdd04b8427,3174663.854035,0.015064,1,1,1496,1495,0,0
enc_decode,chatcmpl-62b341d045f14804af2942bdd04b8427,3174663.869574,0.015015,1,1,1497,1496,0,0
enc_decode,chatcmpl-62b341d045f14804af2942bdd04b8427,3174663.885061,0.015029,1,1,1498,1497,0,0
enc_decode,chatcmpl-62b341d045f14804af2942bdd04b8427,3174663.900557,0.015033,1,1,1499,1498,0,0
enc_decode,chatcmpl-62b341d045f14804af2942bdd04b8427,3174663.916072,0.015051,1,1,1500,1499,0,0
enc_prefill,chatcmpl-1df2aaea5f4e41cdb62d68bb70aa805d,3174663.959266,0.342903,1,1334,1334,0,1,0
enc_decode,chatcmpl-1df2aaea5f4e41cdb62d68bb70aa805d,3174664.302708,0.015169,1,1,1335,1334,0,0
enc_decode,chatcmpl-1df2aaea5f4e41cdb62d68bb70aa805d,3174664.318361,0.015091,1,1,1336,1335,0,0
enc_decode,chatcmpl-1df2aaea5f4e41cdb62d68bb70aa805d,3174664.334023,0.015088,1,1,1337,1336,0,0
enc_decode,chatcmpl-1df2aaea5f4e41cdb62d68bb70aa805d,3174664.349585,0.015093,1,1,1338,1337,0,0
enc_decode,chatcmpl-1df2aaea5f4e41cdb62d68bb70aa805d,3174664.365150,0.015057,1,1,1339,1338,0,0
enc_decode,chatcmpl-1df2aaea5f4e41cdb62d68bb70aa805d,3174664.380683,0.015055,1,1,1340,1339,0,0
enc_decode,chatcmpl-1df2aaea5f4e41cdb62d68bb70aa805d,3174664.396208,0.015142,1,1,1341,1340,0,0
enc_decode,chatcmpl-1df2aaea5f4e41cdb62d68bb70aa805d,3174664.411816,0.015079,1,1,1342,1341,0,0
enc_decode,chatcmpl-1df2aaea5f4e41cdb62d68bb70aa805d,3174664.427366,0.015074,1,1,1343,1342,0,0
enc_decode,chatcmpl-1df2aaea5f4e41cdb62d68bb70aa805d,3174664.442915,0.015051,1,1,1344,1343,0,0
enc_decode,chatcmpl-1df2aaea5f4e41cdb62d68bb70aa805d,3174664.458443,0.015045,1,1,1345,1344,0,0
enc_decode,chatcmpl-1df2aaea5f4e41cdb62d68bb70aa805d,3174664.473955,0.015036,1,1,1346,1345,0,0
enc_decode,chatcmpl-1df2aaea5f4e41cdb62d68bb70aa805d,3174664.489474,0.015053,1,1,1347,1346,0,0
enc_decode,chatcmpl-1df2aaea5f4e41cdb62d68bb70aa805d,3174664.504997,0.015056,1,1,1348,1347,0,0
enc_decode,chatcmpl-1df2aaea5f4e41cdb62d68bb70aa805d,3174664.520528,0.015050,1,1,1349,1348,0,0
enc_decode,chatcmpl-1df2aaea5f4e41cdb62d68bb70aa805d,3174664.536049,0.015041,1,1,1350,1349,0,0
enc_decode,chatcmpl-1df2aaea5f4e41cdb62d68bb70aa805d,3174664.551560,0.015021,1,1,1351,1350,0,0
enc_decode,chatcmpl-1df2aaea5f4e41cdb62d68bb70aa805d,3174664.567049,0.015075,1,1,1352,1351,0,0
enc_decode,chatcmpl-1df2aaea5f4e41cdb62d68bb70aa805d,3174664.582602,0.015036,1,1,1353,1352,0,0
enc_decode,chatcmpl-1df2aaea5f4e41cdb62d68bb70aa805d,3174664.598108,0.015035,1,1,1354,1353,0,0
enc_decode,chatcmpl-1df2aaea5f4e41cdb62d68bb70aa805d,3174664.613623,0.015039,1,1,1355,1354,0,0
enc_decode,chatcmpl-1df2aaea5f4e41cdb62d68bb70aa805d,3174664.629132,0.015069,1,1,1356,1355,0,0
enc_decode,chatcmpl-1df2aaea5f4e41cdb62d68bb70aa805d,3174664.644675,0.015027,1,1,1357,1356,0,0
enc_decode,chatcmpl-1df2aaea5f4e41cdb62d68bb70aa805d,3174664.660181,0.015041,1,1,1358,1357,0,0
enc_decode,chatcmpl-1df2aaea5f4e41cdb62d68bb70aa805d,3174664.675689,0.015018,1,1,1359,1358,0,0
enc_decode,chatcmpl-1df2aaea5f4e41cdb62d68bb70aa805d,3174664.691174,0.015124,1,1,1360,1359,0,0
enc_decode,chatcmpl-1df2aaea5f4e41cdb62d68bb70aa805d,3174664.706770,0.015060,1,1,1361,1360,0,0
enc_decode,chatcmpl-1df2aaea5f4e41cdb62d68bb70aa805d,3174664.722305,0.015052,1,1,1362,1361,0,0
enc_decode,chatcmpl-1df2aaea5f4e41cdb62d68bb70aa805d,3174664.737828,0.015070,1,1,1363,1362,0,0
enc_decode,chatcmpl-1df2aaea5f4e41cdb62d68bb70aa805d,3174664.753368,0.015117,1,1,1364,1363,0,0
enc_decode,chatcmpl-1df2aaea5f4e41cdb62d68bb70aa805d,3174664.768959,0.015016,1,1,1365,1364,0,0
enc_decode,chatcmpl-1df2aaea5f4e41cdb62d68bb70aa805d,3174664.784453,0.015042,1,1,1366,1365,0,0
enc_decode,chatcmpl-1df2aaea5f4e41cdb62d68bb70aa805d,3174664.799967,0.015026,1,1,1367,1366,0,0
enc_decode,chatcmpl-1df2aaea5f4e41cdb62d68bb70aa805d,3174664.815470,0.015040,1,1,1368,1367,0,0
enc_decode,chatcmpl-1df2aaea5f4e41cdb62d68bb70aa805d,3174664.830983,0.015036,1,1,1369,1368,0,0
enc_decode,chatcmpl-1df2aaea5f4e41cdb62d68bb70aa805d,3174664.846499,0.015055,1,1,1370,1369,0,0
enc_decode,chatcmpl-1df2aaea5f4e41cdb62d68bb70aa805d,3174664.862032,0.015066,1,1,1371,1370,0,0
enc_decode,chatcmpl-1df2aaea5f4e41cdb62d68bb70aa805d,3174664.877573,0.015036,1,1,1372,1371,0,0
enc_decode,chatcmpl-1df2aaea5f4e41cdb62d68bb70aa805d,3174664.893082,0.015011,1,1,1373,1372,0,0
enc_decode,chatcmpl-1df2aaea5f4e41cdb62d68bb70aa805d,3174664.908567,0.015010,1,1,1374,1373,0,0
enc_decode,chatcmpl-1df2aaea5f4e41cdb62d68bb70aa805d,3174664.924056,0.015049,1,1,1375,1374,0,0
enc_decode,chatcmpl-1df2aaea5f4e41cdb62d68bb70aa805d,3174664.939576,0.015041,1,1,1376,1375,0,0
enc_decode,chatcmpl-1df2aaea5f4e41cdb62d68bb70aa805d,3174664.955094,0.015028,1,1,1377,1376,0,0
enc_decode,chatcmpl-1df2aaea5f4e41cdb62d68bb70aa805d,3174664.970589,0.015040,1,1,1378,1377,0,0
enc_decode,chatcmpl-1df2aaea5f4e41cdb62d68bb70aa805d,3174664.986103,0.015073,1,1,1379,1378,0,0
enc_decode,chatcmpl-1df2aaea5f4e41cdb62d68bb70aa805d,3174665.001649,0.015044,1,1,1380,1379,0,0
enc_decode,chatcmpl-1df2aaea5f4e41cdb62d68bb70aa805d,3174665.017164,0.015015,1,1,1381,1380,0,0
enc_decode,chatcmpl-1df2aaea5f4e41cdb62d68bb70aa805d,3174665.032653,0.015023,1,1,1382,1381,0,0
enc_decode,chatcmpl-1df2aaea5f4e41cdb62d68bb70aa805d,3174665.048155,0.015115,1,1,1383,1382,0,0
enc_decode,chatcmpl-1df2aaea5f4e41cdb62d68bb70aa805d,3174665.063740,0.015051,1,1,1384,1383,0,0
enc_decode,chatcmpl-1df2aaea5f4e41cdb62d68bb70aa805d,3174665.079269,0.015037,1,1,1385,1384,0,0
enc_decode,chatcmpl-1df2aaea5f4e41cdb62d68bb70aa805d,3174665.094779,0.015017,1,1,1386,1385,0,0
enc_decode,chatcmpl-1df2aaea5f4e41cdb62d68bb70aa805d,3174665.110269,0.015130,1,1,1387,1386,0,0
enc_decode,chatcmpl-1df2aaea5f4e41cdb62d68bb70aa805d,3174665.125879,0.015032,1,1,1388,1387,0,0
enc_decode,chatcmpl-1df2aaea5f4e41cdb62d68bb70aa805d,3174665.141393,0.015037,1,1,1389,1388,0,0
enc_decode,chatcmpl-1df2aaea5f4e41cdb62d68bb70aa805d,3174665.156919,0.015028,1,1,1390,1389,0,0
enc_decode,chatcmpl-1df2aaea5f4e41cdb62d68bb70aa805d,3174665.172427,0.015021,1,1,1391,1390,0,0
enc_decode,chatcmpl-1df2aaea5f4e41cdb62d68bb70aa805d,3174665.187919,0.015033,1,1,1392,1391,0,0
enc_decode,chatcmpl-1df2aaea5f4e41cdb62d68bb70aa805d,3174665.203432,0.015046,1,1,1393,1392,0,0
enc_decode,chatcmpl-1df2aaea5f4e41cdb62d68bb70aa805d,3174665.218952,0.015070,1,1,1394,1393,0,0
enc_decode,chatcmpl-1df2aaea5f4e41cdb62d68bb70aa805d,3174665.234493,0.015043,1,1,1395,1394,0,0
enc_decode,chatcmpl-1df2aaea5f4e41cdb62d68bb70aa805d,3174665.250006,0.015061,1,1,1396,1395,0,0
enc_decode,chatcmpl-1df2aaea5f4e41cdb62d68bb70aa805d,3174665.265545,0.015022,1,1,1397,1396,0,0
enc_decode,chatcmpl-1df2aaea5f4e41cdb62d68bb70aa805d,3174665.281036,0.015060,1,1,1398,1397,0,0
enc_decode,chatcmpl-1df2aaea5f4e41cdb62d68bb70aa805d,3174665.296571,0.015036,1,1,1399,1398,0,0
enc_decode,chatcmpl-1df2aaea5f4e41cdb62d68bb70aa805d,3174665.312088,0.015039,1,1,1400,1399,0,0
enc_decode,chatcmpl-1df2aaea5f4e41cdb62d68bb70aa805d,3174665.327593,0.015034,1,1,1401,1400,0,0
enc_decode,chatcmpl-1df2aaea5f4e41cdb62d68bb70aa805d,3174665.343092,0.015030,1,1,1402,1401,0,0
enc_decode,chatcmpl-1df2aaea5f4e41cdb62d68bb70aa805d,3174665.358596,0.015043,1,1,1403,1402,0,0
enc_decode,chatcmpl-1df2aaea5f4e41cdb62d68bb70aa805d,3174665.374114,0.015018,1,1,1404,1403,0,0
enc_decode,chatcmpl-1df2aaea5f4e41cdb62d68bb70aa805d,3174665.389610,0.015023,1,1,1405,1404,0,0
enc_decode,chatcmpl-1df2aaea5f4e41cdb62d68bb70aa805d,3174665.405106,0.015130,1,1,1406,1405,0,0
enc_decode,chatcmpl-1df2aaea5f4e41cdb62d68bb70aa805d,3174665.420708,0.015036,1,1,1407,1406,0,0
enc_decode,chatcmpl-1df2aaea5f4e41cdb62d68bb70aa805d,3174665.436221,0.015028,1,1,1408,1407,0,0
enc_decode,chatcmpl-1df2aaea5f4e41cdb62d68bb70aa805d,3174665.451754,0.015029,1,1,1409,1408,0,0
enc_decode,chatcmpl-1df2aaea5f4e41cdb62d68bb70aa805d,3174665.467262,0.015128,1,1,1410,1409,0,0
enc_decode,chatcmpl-1df2aaea5f4e41cdb62d68bb70aa805d,3174665.482869,0.015041,1,1,1411,1410,0,0
enc_decode,chatcmpl-1df2aaea5f4e41cdb62d68bb70aa805d,3174665.498386,0.015078,1,1,1412,1411,0,0
enc_decode,chatcmpl-1df2aaea5f4e41cdb62d68bb70aa805d,3174665.513940,0.015024,1,1,1413,1412,0,0
enc_decode,chatcmpl-1df2aaea5f4e41cdb62d68bb70aa805d,3174665.529435,0.015021,1,1,1414,1413,0,0
enc_decode,chatcmpl-1df2aaea5f4e41cdb62d68bb70aa805d,3174665.544922,0.015026,1,1,1415,1414,0,0
enc_decode,chatcmpl-1df2aaea5f4e41cdb62d68bb70aa805d,3174665.560429,0.015043,1,1,1416,1415,0,0
enc_decode,chatcmpl-1df2aaea5f4e41cdb62d68bb70aa805d,3174665.575947,0.015046,1,1,1417,1416,0,0
enc_decode,chatcmpl-1df2aaea5f4e41cdb62d68bb70aa805d,3174665.591460,0.015053,1,1,1418,1417,0,0
enc_decode,chatcmpl-1df2aaea5f4e41cdb62d68bb70aa805d,3174665.606982,0.015042,1,1,1419,1418,0,0
enc_decode,chatcmpl-1df2aaea5f4e41cdb62d68bb70aa805d,3174665.622495,0.015070,1,1,1420,1419,0,0
enc_decode,chatcmpl-1df2aaea5f4e41cdb62d68bb70aa805d,3174665.638039,0.015064,1,1,1421,1420,0,0
enc_decode,chatcmpl-1df2aaea5f4e41cdb62d68bb70aa805d,3174665.653574,0.015011,1,1,1422,1421,0,0
enc_decode,chatcmpl-1df2aaea5f4e41cdb62d68bb70aa805d,3174665.669061,0.015027,1,1,1423,1422,0,0
enc_decode,chatcmpl-1df2aaea5f4e41cdb62d68bb70aa805d,3174665.684559,0.015026,1,1,1424,1423,0,0
enc_decode,chatcmpl-1df2aaea5f4e41cdb62d68bb70aa805d,3174665.700065,0.015022,1,1,1425,1424,0,0
enc_decode,chatcmpl-1df2aaea5f4e41cdb62d68bb70aa805d,3174665.715554,0.015052,1,1,1426,1425,0,0
enc_decode,chatcmpl-1df2aaea5f4e41cdb62d68bb70aa805d,3174665.731080,0.015043,1,1,1427,1426,0,0
enc_decode,chatcmpl-1df2aaea5f4e41cdb62d68bb70aa805d,3174665.746597,0.015051,1,1,1428,1427,0,0
enc_decode,chatcmpl-1df2aaea5f4e41cdb62d68bb70aa805d,3174665.762118,0.015149,1,1,1429,1428,0,0
enc_decode,chatcmpl-1df2aaea5f4e41cdb62d68bb70aa805d,3174665.777734,0.015066,1,1,1430,1429,0,0
enc_decode,chatcmpl-1df2aaea5f4e41cdb62d68bb70aa805d,3174665.793274,0.015074,1,1,1431,1430,0,0
enc_decode,chatcmpl-1df2aaea5f4e41cdb62d68bb70aa805d,3174665.808815,0.015039,1,1,1432,1431,0,0
enc_decode,chatcmpl-1df2aaea5f4e41cdb62d68bb70aa805d,3174665.824348,0.015120,1,1,1433,1432,0,0
enc_decode,chatcmpl-1df2aaea5f4e41cdb62d68bb70aa805d,3174665.839934,0.015053,1,1,1434,1433,0,0
enc_decode,chatcmpl-1df2aaea5f4e41cdb62d68bb70aa805d,3174665.855466,0.015071,1,1,1435,1434,0,0
enc_decode,chatcmpl-1df2aaea5f4e41cdb62d68bb70aa805d,3174665.871012,0.015021,1,1,1436,1435,0,0
enc_prefill,chatcmpl-20697b5fb4b74764b3b4b77a2cc9bc02,3174665.913258,0.344501,1,1367,1367,0,1,0
enc_decode,chatcmpl-20697b5fb4b74764b3b4b77a2cc9bc02,3174666.258444,0.015216,1,1,1368,1367,0,0
enc_decode,chatcmpl-20697b5fb4b74764b3b4b77a2cc9bc02,3174666.274146,0.015118,1,1,1369,1368,0,0
enc_decode,chatcmpl-20697b5fb4b74764b3b4b77a2cc9bc02,3174666.289753,0.015171,1,1,1370,1369,0,0
enc_decode,chatcmpl-20697b5fb4b74764b3b4b77a2cc9bc02,3174666.305396,0.015070,1,1,1371,1370,0,0
enc_decode,chatcmpl-20697b5fb4b74764b3b4b77a2cc9bc02,3174666.320944,0.015030,1,1,1372,1371,0,0
enc_decode,chatcmpl-20697b5fb4b74764b3b4b77a2cc9bc02,3174666.336453,0.015039,1,1,1373,1372,0,0
enc_decode,chatcmpl-20697b5fb4b74764b3b4b77a2cc9bc02,3174666.351952,0.015080,1,1,1374,1373,0,0
enc_decode,chatcmpl-20697b5fb4b74764b3b4b77a2cc9bc02,3174666.367503,0.015042,1,1,1375,1374,0,0
enc_decode,chatcmpl-20697b5fb4b74764b3b4b77a2cc9bc02,3174666.383027,0.015043,1,1,1376,1375,0,0
enc_decode,chatcmpl-20697b5fb4b74764b3b4b77a2cc9bc02,3174666.398539,0.015036,1,1,1377,1376,0,0
enc_decode,chatcmpl-20697b5fb4b74764b3b4b77a2cc9bc02,3174666.414050,0.015021,1,1,1378,1377,0,0
enc_decode,chatcmpl-20697b5fb4b74764b3b4b77a2cc9bc02,3174666.429536,0.015101,1,1,1379,1378,0,0
enc_decode,chatcmpl-20697b5fb4b74764b3b4b77a2cc9bc02,3174666.445106,0.015012,1,1,1380,1379,0,0
enc_decode,chatcmpl-20697b5fb4b74764b3b4b77a2cc9bc02,3174666.460591,0.015047,1,1,1381,1380,0,0
enc_decode,chatcmpl-20697b5fb4b74764b3b4b77a2cc9bc02,3174666.476116,0.015009,1,1,1382,1381,0,0
enc_decode,chatcmpl-20697b5fb4b74764b3b4b77a2cc9bc02,3174666.491608,0.015050,1,1,1383,1382,0,0
enc_decode,chatcmpl-20697b5fb4b74764b3b4b77a2cc9bc02,3174666.507126,0.015042,1,1,1384,1383,0,0
enc_decode,chatcmpl-20697b5fb4b74764b3b4b77a2cc9bc02,3174666.522639,0.015039,1,1,1385,1384,0,0
enc_decode,chatcmpl-20697b5fb4b74764b3b4b77a2cc9bc02,3174666.538151,0.015030,1,1,1386,1385,0,0
enc_decode,chatcmpl-20697b5fb4b74764b3b4b77a2cc9bc02,3174666.553659,0.015020,1,1,1387,1386,0,0
enc_decode,chatcmpl-20697b5fb4b74764b3b4b77a2cc9bc02,3174666.569150,0.015035,1,1,1388,1387,0,0
enc_decode,chatcmpl-20697b5fb4b74764b3b4b77a2cc9bc02,3174666.584656,0.015128,1,1,1389,1388,0,0
enc_decode,chatcmpl-20697b5fb4b74764b3b4b77a2cc9bc02,3174666.600266,0.015024,1,1,1390,1389,0,0
enc_decode,chatcmpl-20697b5fb4b74764b3b4b77a2cc9bc02,3174666.615757,0.015064,1,1,1391,1390,0,0
enc_decode,chatcmpl-20697b5fb4b74764b3b4b77a2cc9bc02,3174666.631299,0.015063,1,1,1392,1391,0,0
enc_decode,chatcmpl-20697b5fb4b74764b3b4b77a2cc9bc02,3174666.646834,0.015137,1,1,1393,1392,0,0
enc_decode,chatcmpl-20697b5fb4b74764b3b4b77a2cc9bc02,3174666.662446,0.015039,1,1,1394,1393,0,0
enc_decode,chatcmpl-20697b5fb4b74764b3b4b77a2cc9bc02,3174666.677961,0.015048,1,1,1395,1394,0,0
enc_decode,chatcmpl-20697b5fb4b74764b3b4b77a2cc9bc02,3174666.693486,0.015025,1,1,1396,1395,0,0
enc_decode,chatcmpl-20697b5fb4b74764b3b4b77a2cc9bc02,3174666.708981,0.015050,1,1,1397,1396,0,0
enc_decode,chatcmpl-20697b5fb4b74764b3b4b77a2cc9bc02,3174666.724503,0.015025,1,1,1398,1397,0,0
enc_decode,chatcmpl-20697b5fb4b74764b3b4b77a2cc9bc02,3174666.739996,0.015029,1,1,1399,1398,0,0
enc_decode,chatcmpl-20697b5fb4b74764b3b4b77a2cc9bc02,3174666.755494,0.015044,1,1,1400,1399,0,0
enc_decode,chatcmpl-20697b5fb4b74764b3b4b77a2cc9bc02,3174666.771015,0.015042,1,1,1401,1400,0,0
enc_decode,chatcmpl-20697b5fb4b74764b3b4b77a2cc9bc02,3174666.786524,0.015050,1,1,1402,1401,0,0
enc_decode,chatcmpl-20697b5fb4b74764b3b4b77a2cc9bc02,3174666.802046,0.015038,1,1,1403,1402,0,0
enc_decode,chatcmpl-20697b5fb4b74764b3b4b77a2cc9bc02,3174666.817561,0.015011,1,1,1404,1403,0,0
enc_decode,chatcmpl-20697b5fb4b74764b3b4b77a2cc9bc02,3174666.833051,0.015031,1,1,1405,1404,0,0
enc_decode,chatcmpl-20697b5fb4b74764b3b4b77a2cc9bc02,3174666.848560,0.015071,1,1,1406,1405,0,0
enc_decode,chatcmpl-20697b5fb4b74764b3b4b77a2cc9bc02,3174666.864105,0.015037,1,1,1407,1406,0,0
enc_decode,chatcmpl-20697b5fb4b74764b3b4b77a2cc9bc02,3174666.879615,0.015032,1,1,1408,1407,0,0
enc_decode,chatcmpl-20697b5fb4b74764b3b4b77a2cc9bc02,3174666.895145,0.015025,1,1,1409,1408,0,0
enc_decode,chatcmpl-20697b5fb4b74764b3b4b77a2cc9bc02,3174666.910640,0.015019,1,1,1410,1409,0,0
enc_decode,chatcmpl-20697b5fb4b74764b3b4b77a2cc9bc02,3174666.926135,0.015050,1,1,1411,1410,0,0
enc_decode,chatcmpl-20697b5fb4b74764b3b4b77a2cc9bc02,3174666.941659,0.015098,1,1,1412,1411,0,0
enc_decode,chatcmpl-20697b5fb4b74764b3b4b77a2cc9bc02,3174666.957232,0.015012,1,1,1413,1412,0,0
enc_decode,chatcmpl-20697b5fb4b74764b3b4b77a2cc9bc02,3174666.972713,0.015019,1,1,1414,1413,0,0
enc_decode,chatcmpl-20697b5fb4b74764b3b4b77a2cc9bc02,3174666.988213,0.015008,1,1,1415,1414,0,0
enc_decode,chatcmpl-20697b5fb4b74764b3b4b77a2cc9bc02,3174667.003689,0.015050,1,1,1416,1415,0,0
enc_decode,chatcmpl-20697b5fb4b74764b3b4b77a2cc9bc02,3174667.019211,0.015034,1,1,1417,1416,0,0
enc_decode,chatcmpl-20697b5fb4b74764b3b4b77a2cc9bc02,3174667.034725,0.015040,1,1,1418,1417,0,0
enc_decode,chatcmpl-20697b5fb4b74764b3b4b77a2cc9bc02,3174667.050247,0.015028,1,1,1419,1418,0,0
enc_decode,chatcmpl-20697b5fb4b74764b3b4b77a2cc9bc02,3174667.065746,0.015053,1,1,1420,1419,0,0
enc_decode,chatcmpl-20697b5fb4b74764b3b4b77a2cc9bc02,3174667.081278,0.015031,1,1,1421,1420,0,0
enc_decode,chatcmpl-20697b5fb4b74764b3b4b77a2cc9bc02,3174667.096783,0.015012,1,1,1422,1421,0,0
enc_decode,chatcmpl-20697b5fb4b74764b3b4b77a2cc9bc02,3174667.112282,0.015014,1,1,1423,1422,0,0
enc_decode,chatcmpl-20697b5fb4b74764b3b4b77a2cc9bc02,3174667.127772,0.015023,1,1,1424,1423,0,0
enc_decode,chatcmpl-20697b5fb4b74764b3b4b77a2cc9bc02,3174667.143269,0.015072,1,1,1425,1424,0,0
enc_decode,chatcmpl-20697b5fb4b74764b3b4b77a2cc9bc02,3174667.158815,0.015042,1,1,1426,1425,0,0
enc_decode,chatcmpl-20697b5fb4b74764b3b4b77a2cc9bc02,3174667.174334,0.015034,1,1,1427,1426,0,0
enc_decode,chatcmpl-20697b5fb4b74764b3b4b77a2cc9bc02,3174667.189841,0.015029,1,1,1428,1427,0,0
enc_decode,chatcmpl-20697b5fb4b74764b3b4b77a2cc9bc02,3174667.205348,0.015051,1,1,1429,1428,0,0
enc_decode,chatcmpl-20697b5fb4b74764b3b4b77a2cc9bc02,3174667.220879,0.015062,1,1,1430,1429,0,0
enc_decode,chatcmpl-20697b5fb4b74764b3b4b77a2cc9bc02,3174667.236421,0.015047,1,1,1431,1430,0,0
enc_decode,chatcmpl-20697b5fb4b74764b3b4b77a2cc9bc02,3174667.251937,0.015019,1,1,1432,1431,0,0
enc_decode,chatcmpl-20697b5fb4b74764b3b4b77a2cc9bc02,3174667.267427,0.015016,1,1,1433,1432,0,0
enc_decode,chatcmpl-20697b5fb4b74764b3b4b77a2cc9bc02,3174667.282918,0.015055,1,1,1434,1433,0,0
enc_decode,chatcmpl-20697b5fb4b74764b3b4b77a2cc9bc02,3174667.298446,0.015121,1,1,1435,1434,0,0
enc_decode,chatcmpl-20697b5fb4b74764b3b4b77a2cc9bc02,3174667.314041,0.015069,1,1,1436,1435,0,0
enc_decode,chatcmpl-20697b5fb4b74764b3b4b77a2cc9bc02,3174667.329586,0.015014,1,1,1437,1436,0,0
enc_decode,chatcmpl-20697b5fb4b74764b3b4b77a2cc9bc02,3174667.345072,0.015033,1,1,1438,1437,0,0
enc_decode,chatcmpl-20697b5fb4b74764b3b4b77a2cc9bc02,3174667.360577,0.015041,1,1,1439,1438,0,0
enc_decode,chatcmpl-20697b5fb4b74764b3b4b77a2cc9bc02,3174667.376108,0.015020,1,1,1440,1439,0,0
enc_decode,chatcmpl-20697b5fb4b74764b3b4b77a2cc9bc02,3174667.391601,0.015043,1,1,1441,1440,0,0
enc_decode,chatcmpl-20697b5fb4b74764b3b4b77a2cc9bc02,3174667.407123,0.015056,1,1,1442,1441,0,0
enc_decode,chatcmpl-20697b5fb4b74764b3b4b77a2cc9bc02,3174667.422647,0.015062,1,1,1443,1442,0,0
enc_decode,chatcmpl-20697b5fb4b74764b3b4b77a2cc9bc02,3174667.438188,0.015075,1,1,1444,1443,0,0
enc_decode,chatcmpl-20697b5fb4b74764b3b4b77a2cc9bc02,3174667.453738,0.015024,1,1,1445,1444,0,0
enc_decode,chatcmpl-20697b5fb4b74764b3b4b77a2cc9bc02,3174667.469226,0.015034,1,1,1446,1445,0,0
enc_decode,chatcmpl-20697b5fb4b74764b3b4b77a2cc9bc02,3174667.484735,0.015040,1,1,1447,1446,0,0
enc_decode,chatcmpl-20697b5fb4b74764b3b4b77a2cc9bc02,3174667.500247,0.015046,1,1,1448,1447,0,0
enc_decode,chatcmpl-20697b5fb4b74764b3b4b77a2cc9bc02,3174667.515773,0.015025,1,1,1449,1448,0,0
enc_decode,chatcmpl-20697b5fb4b74764b3b4b77a2cc9bc02,3174667.531269,0.015041,1,1,1450,1449,0,0
enc_decode,chatcmpl-20697b5fb4b74764b3b4b77a2cc9bc02,3174667.546779,0.015039,1,1,1451,1450,0,0
enc_decode,chatcmpl-20697b5fb4b74764b3b4b77a2cc9bc02,3174667.562294,0.015069,1,1,1452,1451,0,0
enc_decode,chatcmpl-20697b5fb4b74764b3b4b77a2cc9bc02,3174667.577842,0.015069,1,1,1453,1452,0,0
enc_decode,chatcmpl-20697b5fb4b74764b3b4b77a2cc9bc02,3174667.593389,0.015021,1,1,1454,1453,0,0
enc_decode,chatcmpl-20697b5fb4b74764b3b4b77a2cc9bc02,3174667.608884,0.015031,1,1,1455,1454,0,0
enc_decode,chatcmpl-20697b5fb4b74764b3b4b77a2cc9bc02,3174667.624398,0.015011,1,1,1456,1455,0,0
enc_decode,chatcmpl-20697b5fb4b74764b3b4b77a2cc9bc02,3174667.639880,0.015053,1,1,1457,1456,0,0
enc_decode,chatcmpl-20697b5fb4b74764b3b4b77a2cc9bc02,3174667.655406,0.015123,1,1,1458,1457,0,0
enc_decode,chatcmpl-20697b5fb4b74764b3b4b77a2cc9bc02,3174667.670994,0.015038,1,1,1459,1458,0,0
enc_decode,chatcmpl-20697b5fb4b74764b3b4b77a2cc9bc02,3174667.686507,0.015043,1,1,1460,1459,0,0
enc_decode,chatcmpl-20697b5fb4b74764b3b4b77a2cc9bc02,3174667.702027,0.015049,1,1,1461,1460,0,0
enc_decode,chatcmpl-20697b5fb4b74764b3b4b77a2cc9bc02,3174667.717549,0.015036,1,1,1462,1461,0,0
enc_decode,chatcmpl-20697b5fb4b74764b3b4b77a2cc9bc02,3174667.733059,0.015044,1,1,1463,1462,0,0
enc_decode,chatcmpl-20697b5fb4b74764b3b4b77a2cc9bc02,3174667.748576,0.015003,1,1,1464,1463,0,0
enc_decode,chatcmpl-20697b5fb4b74764b3b4b77a2cc9bc02,3174667.764050,0.015042,1,1,1465,1464,0,0
enc_decode,chatcmpl-20697b5fb4b74764b3b4b77a2cc9bc02,3174667.779568,0.015048,1,1,1466,1465,0,0
enc_decode,chatcmpl-20697b5fb4b74764b3b4b77a2cc9bc02,3174667.795088,0.015045,1,1,1467,1466,0,0
enc_decode,chatcmpl-20697b5fb4b74764b3b4b77a2cc9bc02,3174667.810600,0.015039,1,1,1468,1467,0,0
enc_decode,chatcmpl-20697b5fb4b74764b3b4b77a2cc9bc02,3174667.826118,0.015034,1,1,1469,1468,0,0
enc_decode,chatcmpl-20697b5fb4b74764b3b4b77a2cc9bc02,3174667.841625,0.015010,1,1,1470,1469,0,0
enc_decode,chatcmpl-20697b5fb4b74764b3b4b77a2cc9bc02,3174667.857102,0.015054,1,1,1471,1470,0,0
enc_decode,chatcmpl-20697b5fb4b74764b3b4b77a2cc9bc02,3174667.872625,0.015027,1,1,1472,1471,0,0
enc_decode,chatcmpl-20697b5fb4b74764b3b4b77a2cc9bc02,3174667.888128,0.015032,1,1,1473,1472,0,0
enc_decode,chatcmpl-20697b5fb4b74764b3b4b77a2cc9bc02,3174667.903630,0.015045,1,1,1474,1473,0,0
enc_decode,chatcmpl-20697b5fb4b74764b3b4b77a2cc9bc02,3174667.919153,0.015040,1,1,1475,1474,0,0
enc_decode,chatcmpl-20697b5fb4b74764b3b4b77a2cc9bc02,3174667.934675,0.015064,1,1,1476,1475,0,0
enc_decode,chatcmpl-20697b5fb4b74764b3b4b77a2cc9bc02,3174667.950218,0.015043,1,1,1477,1476,0,0
enc_decode,chatcmpl-20697b5fb4b74764b3b4b77a2cc9bc02,3174667.965737,0.015030,1,1,1478,1477,0,0
enc_decode,chatcmpl-20697b5fb4b74764b3b4b77a2cc9bc02,3174667.981237,0.015016,1,1,1479,1478,0,0
enc_decode,chatcmpl-20697b5fb4b74764b3b4b77a2cc9bc02,3174667.996728,0.015040,1,1,1480,1479,0,0
enc_decode,chatcmpl-20697b5fb4b74764b3b4b77a2cc9bc02,3174668.012252,0.015158,1,1,1481,1480,0,0
enc_decode,chatcmpl-20697b5fb4b74764b3b4b77a2cc9bc02,3174668.027882,0.015034,1,1,1482,1481,0,0
enc_decode,chatcmpl-20697b5fb4b74764b3b4b77a2cc9bc02,3174668.043391,0.015027,1,1,1483,1482,0,0
enc_decode,chatcmpl-20697b5fb4b74764b3b4b77a2cc9bc02,3174668.058891,0.015042,1,1,1484,1483,0,0
enc_decode,chatcmpl-20697b5fb4b74764b3b4b77a2cc9bc02,3174668.074398,0.015036,1,1,1485,1484,0,0
enc_decode,chatcmpl-20697b5fb4b74764b3b4b77a2cc9bc02,3174668.089906,0.015039,1,1,1486,1485,0,0
enc_decode,chatcmpl-20697b5fb4b74764b3b4b77a2cc9bc02,3174668.105423,0.015031,1,1,1487,1486,0,0
enc_decode,chatcmpl-20697b5fb4b74764b3b4b77a2cc9bc02,3174668.120926,0.015014,1,1,1488,1487,0,0
enc_decode,chatcmpl-20697b5fb4b74764b3b4b77a2cc9bc02,3174668.136420,0.015024,1,1,1489,1488,0,0
enc_decode,chatcmpl-20697b5fb4b74764b3b4b77a2cc9bc02,3174668.151912,0.015050,1,1,1490,1489,0,0
enc_decode,chatcmpl-20697b5fb4b74764b3b4b77a2cc9bc02,3174668.167434,0.015040,1,1,1491,1490,0,0
enc_decode,chatcmpl-20697b5fb4b74764b3b4b77a2cc9bc02,3174668.182956,0.015019,1,1,1492,1491,0,0
enc_decode,chatcmpl-20697b5fb4b74764b3b4b77a2cc9bc02,3174668.198445,0.015029,1,1,1493,1492,0,0
enc_prefill,chatcmpl-c005350b10644d129c01261bb4f6c82a,3174668.240721,0.379322,1,1359,1359,0,1,0
enc_decode,chatcmpl-c005350b10644d129c01261bb4f6c82a,3174668.620711,0.015170,1,1,1360,1359,0,0
enc_decode,chatcmpl-c005350b10644d129c01261bb4f6c82a,3174668.636365,0.015040,1,1,1361,1360,0,0
enc_decode,chatcmpl-c005350b10644d129c01261bb4f6c82a,3174668.651878,0.015053,1,1,1362,1361,0,0
enc_decode,chatcmpl-c005350b10644d129c01261bb4f6c82a,3174668.667411,0.015080,1,1,1363,1362,0,0
enc_decode,chatcmpl-c005350b10644d129c01261bb4f6c82a,3174668.682960,0.015096,1,1,1364,1363,0,0
enc_decode,chatcmpl-c005350b10644d129c01261bb4f6c82a,3174668.698544,0.015040,1,1,1365,1364,0,0
enc_decode,chatcmpl-c005350b10644d129c01261bb4f6c82a,3174668.714062,0.015059,1,1,1366,1365,0,0
enc_decode,chatcmpl-c005350b10644d129c01261bb4f6c82a,3174668.729591,0.015028,1,1,1367,1366,0,0
enc_decode,chatcmpl-c005350b10644d129c01261bb4f6c82a,3174668.745101,0.015032,1,1,1368,1367,0,0
enc_decode,chatcmpl-c005350b10644d129c01261bb4f6c82a,3174668.760610,0.015040,1,1,1369,1368,0,0
enc_decode,chatcmpl-c005350b10644d129c01261bb4f6c82a,3174668.776132,0.015028,1,1,1370,1369,0,0
enc_decode,chatcmpl-c005350b10644d129c01261bb4f6c82a,3174668.791631,0.015049,1,1,1371,1370,0,0
enc_decode,chatcmpl-c005350b10644d129c01261bb4f6c82a,3174668.807146,0.015055,1,1,1372,1371,0,0
enc_decode,chatcmpl-c005350b10644d129c01261bb4f6c82a,3174668.822677,0.015076,1,1,1373,1372,0,0
enc_decode,chatcmpl-c005350b10644d129c01261bb4f6c82a,3174668.838232,0.015056,1,1,1374,1373,0,0
enc_decode,chatcmpl-c005350b10644d129c01261bb4f6c82a,3174668.853767,0.015021,1,1,1375,1374,0,0
enc_decode,chatcmpl-c005350b10644d129c01261bb4f6c82a,3174668.869268,0.015140,1,1,1376,1375,0,0
enc_decode,chatcmpl-c005350b10644d129c01261bb4f6c82a,3174668.884887,0.015041,1,1,1377,1376,0,0
enc_decode,chatcmpl-c005350b10644d129c01261bb4f6c82a,3174668.900409,0.015044,1,1,1378,1377,0,0
enc_decode,chatcmpl-c005350b10644d129c01261bb4f6c82a,3174668.915927,0.015050,1,1,1379,1378,0,0
enc_decode,chatcmpl-c005350b10644d129c01261bb4f6c82a,3174668.931448,0.015037,1,1,1380,1379,0,0
enc_decode,chatcmpl-c005350b10644d129c01261bb4f6c82a,3174668.946955,0.015042,1,1,1381,1380,0,0
enc_decode,chatcmpl-c005350b10644d129c01261bb4f6c82a,3174668.962477,0.015073,1,1,1382,1381,0,0
enc_decode,chatcmpl-c005350b10644d129c01261bb4f6c82a,3174668.978030,0.015045,1,1,1383,1382,0,0
enc_decode,chatcmpl-c005350b10644d129c01261bb4f6c82a,3174668.993549,0.015043,1,1,1384,1383,0,0
enc_decode,chatcmpl-c005350b10644d129c01261bb4f6c82a,3174669.009063,0.015056,1,1,1385,1384,0,0
enc_decode,chatcmpl-c005350b10644d129c01261bb4f6c82a,3174669.024590,0.015043,1,1,1386,1385,0,0
enc_decode,chatcmpl-c005350b10644d129c01261bb4f6c82a,3174669.040116,0.015064,1,1,1387,1386,0,0
enc_decode,chatcmpl-c005350b10644d129c01261bb4f6c82a,3174669.055661,0.015020,1,1,1388,1387,0,0
enc_decode,chatcmpl-c005350b10644d129c01261bb4f6c82a,3174669.071160,0.015061,1,1,1389,1388,0,0
enc_decode,chatcmpl-c005350b10644d129c01261bb4f6c82a,3174669.086699,0.015042,1,1,1390,1389,0,0
enc_decode,chatcmpl-c005350b10644d129c01261bb4f6c82a,3174669.102219,0.015067,1,1,1391,1390,0,0
enc_decode,chatcmpl-c005350b10644d129c01261bb4f6c82a,3174669.117760,0.015059,1,1,1392,1391,0,0
enc_decode,chatcmpl-c005350b10644d129c01261bb4f6c82a,3174669.133292,0.015032,1,1,1393,1392,0,0
enc_decode,chatcmpl-c005350b10644d129c01261bb4f6c82a,3174669.148794,0.015027,1,1,1394,1393,0,0
enc_decode,chatcmpl-c005350b10644d129c01261bb4f6c82a,3174669.164303,0.015046,1,1,1395,1394,0,0
enc_decode,chatcmpl-c005350b10644d129c01261bb4f6c82a,3174669.179817,0.015051,1,1,1396,1395,0,0
enc_decode,chatcmpl-c005350b10644d129c01261bb4f6c82a,3174669.195344,0.015030,1,1,1397,1396,0,0
enc_decode,chatcmpl-c005350b10644d129c01261bb4f6c82a,3174669.210848,0.015041,1,1,1398,1397,0,0
enc_decode,chatcmpl-c005350b10644d129c01261bb4f6c82a,3174669.226359,0.015159,1,1,1399,1398,0,0
enc_decode,chatcmpl-c005350b10644d129c01261bb4f6c82a,3174669.241993,0.015045,1,1,1400,1399,0,0
enc_decode,chatcmpl-c005350b10644d129c01261bb4f6c82a,3174669.257520,0.015067,1,1,1401,1400,0,0
enc_decode,chatcmpl-c005350b10644d129c01261bb4f6c82a,3174669.273059,0.015012,1,1,1402,1401,0,0
enc_decode,chatcmpl-c005350b10644d129c01261bb4f6c82a,3174669.288543,0.015029,1,1,1403,1402,0,0
enc_decode,chatcmpl-c005350b10644d129c01261bb4f6c82a,3174669.304059,0.015029,1,1,1404,1403,0,0
enc_decode,chatcmpl-c005350b10644d129c01261bb4f6c82a,3174669.319569,0.015044,1,1,1405,1404,0,0
enc_decode,chatcmpl-c005350b10644d129c01261bb4f6c82a,3174669.335084,0.015037,1,1,1406,1405,0,0
enc_decode,chatcmpl-c005350b10644d129c01261bb4f6c82a,3174669.350585,0.015040,1,1,1407,1406,0,0
enc_decode,chatcmpl-c005350b10644d129c01261bb4f6c82a,3174669.366105,0.015026,1,1,1408,1407,0,0
enc_decode,chatcmpl-c005350b10644d129c01261bb4f6c82a,3174669.381634,0.015028,1,1,1409,1408,0,0
enc_decode,chatcmpl-c005350b10644d129c01261bb4f6c82a,3174669.397129,0.015055,1,1,1410,1409,0,0
enc_decode,chatcmpl-c005350b10644d129c01261bb4f6c82a,3174669.412661,0.015037,1,1,1411,1410,0,0
enc_decode,chatcmpl-c005350b10644d129c01261bb4f6c82a,3174669.428182,0.015028,1,1,1412,1411,0,0
enc_decode,chatcmpl-c005350b10644d129c01261bb4f6c82a,3174669.443682,0.015041,1,1,1413,1412,0,0
enc_decode,chatcmpl-c005350b10644d129c01261bb4f6c82a,3174669.459193,0.015063,1,1,1414,1413,0,0
enc_decode,chatcmpl-c005350b10644d129c01261bb4f6c82a,3174669.474729,0.015051,1,1,1415,1414,0,0
enc_decode,chatcmpl-c005350b10644d129c01261bb4f6c82a,3174669.490257,0.015026,1,1,1416,1415,0,0
enc_decode,chatcmpl-c005350b10644d129c01261bb4f6c82a,3174669.505760,0.015030,1,1,1417,1416,0,0
enc_decode,chatcmpl-c005350b10644d129c01261bb4f6c82a,3174669.521272,0.015039,1,1,1418,1417,0,0
enc_decode,chatcmpl-c005350b10644d129c01261bb4f6c82a,3174669.536781,0.015031,1,1,1419,1418,0,0
enc_decode,chatcmpl-c005350b10644d129c01261bb4f6c82a,3174669.552290,0.015016,1,1,1420,1419,0,0
enc_decode,chatcmpl-c005350b10644d129c01261bb4f6c82a,3174669.567778,0.015021,1,1,1421,1420,0,0
enc_decode,chatcmpl-c005350b10644d129c01261bb4f6c82a,3174669.583275,0.015131,1,1,1422,1421,0,0
enc_decode,chatcmpl-c005350b10644d129c01261bb4f6c82a,3174669.598875,0.015064,1,1,1423,1422,0,0
enc_decode,chatcmpl-c005350b10644d129c01261bb4f6c82a,3174669.614407,0.015081,1,1,1424,1423,0,0
enc_decode,chatcmpl-c005350b10644d129c01261bb4f6c82a,3174669.629973,0.015042,1,1,1425,1424,0,0
enc_decode,chatcmpl-c005350b10644d129c01261bb4f6c82a,3174669.645488,0.015034,1,1,1426,1425,0,0
enc_decode,chatcmpl-c005350b10644d129c01261bb4f6c82a,3174669.660996,0.015046,1,1,1427,1426,0,0
enc_decode,chatcmpl-c005350b10644d129c01261bb4f6c82a,3174669.676521,0.015060,1,1,1428,1427,0,0
enc_decode,chatcmpl-c005350b10644d129c01261bb4f6c82a,3174669.692059,0.015032,1,1,1429,1428,0,0
enc_decode,chatcmpl-c005350b10644d129c01261bb4f6c82a,3174669.707574,0.015050,1,1,1430,1429,0,0
enc_decode,chatcmpl-c005350b10644d129c01261bb4f6c82a,3174669.723096,0.015035,1,1,1431,1430,0,0
enc_decode,chatcmpl-c005350b10644d129c01261bb4f6c82a,3174669.738605,0.015022,1,1,1432,1431,0,0
enc_decode,chatcmpl-c005350b10644d129c01261bb4f6c82a,3174669.754100,0.015065,1,1,1433,1432,0,0
enc_decode,chatcmpl-c005350b10644d129c01261bb4f6c82a,3174669.769643,0.015026,1,1,1434,1433,0,0
enc_decode,chatcmpl-c005350b10644d129c01261bb4f6c82a,3174669.785150,0.015022,1,1,1435,1434,0,0
enc_decode,chatcmpl-c005350b10644d129c01261bb4f6c82a,3174669.800650,0.015022,1,1,1436,1435,0,0
enc_decode,chatcmpl-c005350b10644d129c01261bb4f6c82a,3174669.816157,0.015064,1,1,1437,1436,0,0
enc_decode,chatcmpl-c005350b10644d129c01261bb4f6c82a,3174669.831690,0.015072,1,1,1438,1437,0,0
enc_decode,chatcmpl-c005350b10644d129c01261bb4f6c82a,3174669.847243,0.015028,1,1,1439,1438,0,0
enc_decode,chatcmpl-c005350b10644d129c01261bb4f6c82a,3174669.862743,0.015040,1,1,1440,1439,0,0
enc_decode,chatcmpl-c005350b10644d129c01261bb4f6c82a,3174669.878256,0.015042,1,1,1441,1440,0,0
enc_decode,chatcmpl-c005350b10644d129c01261bb4f6c82a,3174669.893771,0.015063,1,1,1442,1441,0,0
enc_decode,chatcmpl-c005350b10644d129c01261bb4f6c82a,3174669.909309,0.015020,1,1,1443,1442,0,0
enc_decode,chatcmpl-c005350b10644d129c01261bb4f6c82a,3174669.924817,0.015042,1,1,1444,1443,0,0
enc_decode,chatcmpl-c005350b10644d129c01261bb4f6c82a,3174669.940344,0.015132,1,1,1445,1444,0,0
enc_decode,chatcmpl-c005350b10644d129c01261bb4f6c82a,3174669.955948,0.015063,1,1,1446,1445,0,0
enc_decode,chatcmpl-c005350b10644d129c01261bb4f6c82a,3174669.971487,0.015070,1,1,1447,1446,0,0
enc_decode,chatcmpl-c005350b10644d129c01261bb4f6c82a,3174669.987022,0.015052,1,1,1448,1447,0,0
enc_decode,chatcmpl-c005350b10644d129c01261bb4f6c82a,3174670.002542,0.015036,1,1,1449,1448,0,0
enc_decode,chatcmpl-c005350b10644d129c01261bb4f6c82a,3174670.018055,0.015075,1,1,1450,1449,0,0
enc_decode,chatcmpl-c005350b10644d129c01261bb4f6c82a,3174670.033605,0.015066,1,1,1451,1450,0,0
enc_decode,chatcmpl-c005350b10644d129c01261bb4f6c82a,3174670.049143,0.015041,1,1,1452,1451,0,0
enc_decode,chatcmpl-c005350b10644d129c01261bb4f6c82a,3174670.064661,0.015021,1,1,1453,1452,0,0
enc_decode,chatcmpl-c005350b10644d129c01261bb4f6c82a,3174670.080164,0.015203,1,1,1454,1453,0,0
enc_decode,chatcmpl-c005350b10644d129c01261bb4f6c82a,3174670.095834,0.015033,1,1,1455,1454,0,0
enc_decode,chatcmpl-c005350b10644d129c01261bb4f6c82a,3174670.111339,0.015084,1,1,1456,1455,0,0
enc_decode,chatcmpl-c005350b10644d129c01261bb4f6c82a,3174670.126895,0.015025,1,1,1457,1456,0,0
enc_decode,chatcmpl-c005350b10644d129c01261bb4f6c82a,3174670.142399,0.015056,1,1,1458,1457,0,0
enc_decode,chatcmpl-c005350b10644d129c01261bb4f6c82a,3174670.157933,0.015148,1,1,1459,1458,0,0
enc_decode,chatcmpl-c005350b10644d129c01261bb4f6c82a,3174670.173555,0.015031,1,1,1460,1459,0,0
enc_decode,chatcmpl-c005350b10644d129c01261bb4f6c82a,3174670.189053,0.015078,1,1,1461,1460,0,0
enc_decode,chatcmpl-c005350b10644d129c01261bb4f6c82a,3174670.204605,0.015023,1,1,1462,1461,0,0
enc_decode,chatcmpl-c005350b10644d129c01261bb4f6c82a,3174670.220113,0.015128,1,1,1463,1462,0,0
enc_decode,chatcmpl-c005350b10644d129c01261bb4f6c82a,3174670.235714,0.015152,1,1,1464,1463,0,0
enc_decode,chatcmpl-c005350b10644d129c01261bb4f6c82a,3174670.251336,0.015064,1,1,1465,1464,0,0
enc_decode,chatcmpl-c005350b10644d129c01261bb4f6c82a,3174670.266880,0.015053,1,1,1466,1465,0,0
enc_decode,chatcmpl-c005350b10644d129c01261bb4f6c82a,3174670.282408,0.015123,1,1,1467,1466,0,0
enc_decode,chatcmpl-c005350b10644d129c01261bb4f6c82a,3174670.298007,0.015141,1,1,1468,1467,0,0
enc_decode,chatcmpl-c005350b10644d129c01261bb4f6c82a,3174670.313619,0.015045,1,1,1469,1468,0,0
enc_decode,chatcmpl-c005350b10644d129c01261bb4f6c82a,3174670.329139,0.015056,1,1,1470,1469,0,0
enc_decode,chatcmpl-c005350b10644d129c01261bb4f6c82a,3174670.344665,0.015159,1,1,1471,1470,0,0
enc_decode,chatcmpl-c005350b10644d129c01261bb4f6c82a,3174670.360302,0.015031,1,1,1472,1471,0,0
enc_decode,chatcmpl-c005350b10644d129c01261bb4f6c82a,3174670.375800,0.015040,1,1,1473,1472,0,0
enc_decode,chatcmpl-c005350b10644d129c01261bb4f6c82a,3174670.391316,0.015087,1,1,1474,1473,0,0
enc_decode,chatcmpl-c005350b10644d129c01261bb4f6c82a,3174670.406884,0.015159,1,1,1475,1474,0,0
enc_decode,chatcmpl-c005350b10644d129c01261bb4f6c82a,3174670.422518,0.015048,1,1,1476,1475,0,0
enc_decode,chatcmpl-c005350b10644d129c01261bb4f6c82a,3174670.438034,0.015048,1,1,1477,1476,0,0
enc_decode,chatcmpl-c005350b10644d129c01261bb4f6c82a,3174670.453558,0.015044,1,1,1478,1477,0,0
enc_decode,chatcmpl-c005350b10644d129c01261bb4f6c82a,3174670.469076,0.015032,1,1,1479,1478,0,0
enc_decode,chatcmpl-c005350b10644d129c01261bb4f6c82a,3174670.484584,0.015025,1,1,1480,1479,0,0
enc_decode,chatcmpl-c005350b10644d129c01261bb4f6c82a,3174670.500103,0.015129,1,1,1481,1480,0,0
enc_decode,chatcmpl-c005350b10644d129c01261bb4f6c82a,3174670.515704,0.015073,1,1,1482,1481,0,0
enc_decode,chatcmpl-c005350b10644d129c01261bb4f6c82a,3174670.531253,0.015050,1,1,1483,1482,0,0
enc_decode,chatcmpl-c005350b10644d129c01261bb4f6c82a,3174670.546775,0.015061,1,1,1484,1483,0,0
enc_decode,chatcmpl-c005350b10644d129c01261bb4f6c82a,3174670.562311,0.015056,1,1,1485,1484,0,0
enc_decode,chatcmpl-c005350b10644d129c01261bb4f6c82a,3174670.577838,0.015146,1,1,1486,1485,0,0
enc_decode,chatcmpl-c005350b10644d129c01261bb4f6c82a,3174670.593473,0.015140,1,1,1487,1486,0,0
enc_decode,chatcmpl-c005350b10644d129c01261bb4f6c82a,3174670.609084,0.015073,1,1,1488,1487,0,0
enc_decode,chatcmpl-c005350b10644d129c01261bb4f6c82a,3174670.624635,0.015032,1,1,1489,1488,0,0
enc_decode,chatcmpl-c005350b10644d129c01261bb4f6c82a,3174670.640141,0.015181,1,1,1490,1489,0,0
enc_decode,chatcmpl-c005350b10644d129c01261bb4f6c82a,3174670.655799,0.015103,1,1,1491,1490,0,0
enc_decode,chatcmpl-c005350b10644d129c01261bb4f6c82a,3174670.671377,0.015039,1,1,1492,1491,0,0
enc_decode,chatcmpl-c005350b10644d129c01261bb4f6c82a,3174670.686886,0.015057,1,1,1493,1492,0,0
enc_decode,chatcmpl-c005350b10644d129c01261bb4f6c82a,3174670.702415,0.015168,1,1,1494,1493,0,0
enc_decode,chatcmpl-c005350b10644d129c01261bb4f6c82a,3174670.718066,0.015048,1,1,1495,1494,0,0
enc_decode,chatcmpl-c005350b10644d129c01261bb4f6c82a,3174670.733587,0.015032,1,1,1496,1495,0,0
enc_decode,chatcmpl-c005350b10644d129c01261bb4f6c82a,3174670.749103,0.015043,1,1,1497,1496,0,0
enc_decode,chatcmpl-c005350b10644d129c01261bb4f6c82a,3174670.764620,0.015159,1,1,1498,1497,0,0
enc_decode,chatcmpl-c005350b10644d129c01261bb4f6c82a,3174670.780253,0.015035,1,1,1499,1498,0,0
enc_decode,chatcmpl-c005350b10644d129c01261bb4f6c82a,3174670.795760,0.015014,1,1,1500,1499,0,0
enc_decode,chatcmpl-c005350b10644d129c01261bb4f6c82a,3174670.811244,0.015056,1,1,1501,1500,0,0
enc_prefill,chatcmpl-fd2bdf66b29444398bd7ea37ae7eb278,3174670.853818,0.343122,1,1337,1337,0,1,0
enc_decode,chatcmpl-fd2bdf66b29444398bd7ea37ae7eb278,3174671.197593,0.015187,1,1,1338,1337,0,0
enc_decode,chatcmpl-fd2bdf66b29444398bd7ea37ae7eb278,3174671.213251,0.015074,1,1,1339,1338,0,0
enc_decode,chatcmpl-fd2bdf66b29444398bd7ea37ae7eb278,3174671.228801,0.015044,1,1,1340,1339,0,0
enc_decode,chatcmpl-fd2bdf66b29444398bd7ea37ae7eb278,3174671.244328,0.015168,1,1,1341,1340,0,0
enc_decode,chatcmpl-fd2bdf66b29444398bd7ea37ae7eb278,3174671.259970,0.015091,1,1,1342,1341,0,0
enc_decode,chatcmpl-fd2bdf66b29444398bd7ea37ae7eb278,3174671.275539,0.015051,1,1,1343,1342,0,0
enc_decode,chatcmpl-fd2bdf66b29444398bd7ea37ae7eb278,3174671.291064,0.015049,1,1,1344,1343,0,0
enc_decode,chatcmpl-fd2bdf66b29444398bd7ea37ae7eb278,3174671.306591,0.015160,1,1,1345,1344,0,0
enc_decode,chatcmpl-fd2bdf66b29444398bd7ea37ae7eb278,3174671.322219,0.015071,1,1,1346,1345,0,0
enc_decode,chatcmpl-fd2bdf66b29444398bd7ea37ae7eb278,3174671.337764,0.015034,1,1,1347,1346,0,0
enc_decode,chatcmpl-fd2bdf66b29444398bd7ea37ae7eb278,3174671.353275,0.015020,1,1,1348,1347,0,0
enc_decode,chatcmpl-fd2bdf66b29444398bd7ea37ae7eb278,3174671.368777,0.015147,1,1,1349,1348,0,0
enc_decode,chatcmpl-fd2bdf66b29444398bd7ea37ae7eb278,3174671.384412,0.015016,1,1,1350,1349,0,0
enc_decode,chatcmpl-fd2bdf66b29444398bd7ea37ae7eb278,3174671.399892,0.015046,1,1,1351,1350,0,0
enc_decode,chatcmpl-fd2bdf66b29444398bd7ea37ae7eb278,3174671.415416,0.015144,1,1,1352,1351,0,0
enc_decode,chatcmpl-fd2bdf66b29444398bd7ea37ae7eb278,3174671.431038,0.015020,1,1,1353,1352,0,0
enc_decode,chatcmpl-fd2bdf66b29444398bd7ea37ae7eb278,3174671.446529,0.015062,1,1,1354,1353,0,0
enc_decode,chatcmpl-fd2bdf66b29444398bd7ea37ae7eb278,3174671.462061,0.015169,1,1,1355,1354,0,0
enc_decode,chatcmpl-fd2bdf66b29444398bd7ea37ae7eb278,3174671.477712,0.015140,1,1,1356,1355,0,0
enc_decode,chatcmpl-fd2bdf66b29444398bd7ea37ae7eb278,3174671.493327,0.015036,1,1,1357,1356,0,0
enc_decode,chatcmpl-fd2bdf66b29444398bd7ea37ae7eb278,3174671.508840,0.015020,1,1,1358,1357,0,0
enc_decode,chatcmpl-fd2bdf66b29444398bd7ea37ae7eb278,3174671.524345,0.015159,1,1,1359,1358,0,0
enc_decode,chatcmpl-fd2bdf66b29444398bd7ea37ae7eb278,3174671.539970,0.015090,1,1,1360,1359,0,0
enc_decode,chatcmpl-fd2bdf66b29444398bd7ea37ae7eb278,3174671.555530,0.015041,1,1,1361,1360,0,0
enc_decode,chatcmpl-fd2bdf66b29444398bd7ea37ae7eb278,3174671.571048,0.015151,1,1,1362,1361,0,0
enc_decode,chatcmpl-fd2bdf66b29444398bd7ea37ae7eb278,3174671.586679,0.015040,1,1,1363,1362,0,0
enc_decode,chatcmpl-fd2bdf66b29444398bd7ea37ae7eb278,3174671.602200,0.015055,1,1,1364,1363,0,0
enc_decode,chatcmpl-fd2bdf66b29444398bd7ea37ae7eb278,3174671.617743,0.015042,1,1,1365,1364,0,0
enc_decode,chatcmpl-fd2bdf66b29444398bd7ea37ae7eb278,3174671.633270,0.015033,1,1,1366,1365,0,0
enc_decode,chatcmpl-fd2bdf66b29444398bd7ea37ae7eb278,3174671.648777,0.015008,1,1,1367,1366,0,0
enc_decode,chatcmpl-fd2bdf66b29444398bd7ea37ae7eb278,3174671.664269,0.015027,1,1,1368,1367,0,0
enc_decode,chatcmpl-fd2bdf66b29444398bd7ea37ae7eb278,3174671.679771,0.015071,1,1,1369,1368,0,0
enc_decode,chatcmpl-fd2bdf66b29444398bd7ea37ae7eb278,3174671.695317,0.015165,1,1,1370,1369,0,0
enc_decode,chatcmpl-fd2bdf66b29444398bd7ea37ae7eb278,3174671.710953,0.015047,1,1,1371,1370,0,0
enc_decode,chatcmpl-fd2bdf66b29444398bd7ea37ae7eb278,3174671.726477,0.015054,1,1,1372,1371,0,0
enc_decode,chatcmpl-fd2bdf66b29444398bd7ea37ae7eb278,3174671.742008,0.015024,1,1,1373,1372,0,0
enc_decode,chatcmpl-fd2bdf66b29444398bd7ea37ae7eb278,3174671.757505,0.015149,1,1,1374,1373,0,0
enc_decode,chatcmpl-fd2bdf66b29444398bd7ea37ae7eb278,3174671.773126,0.015114,1,1,1375,1374,0,0
enc_decode,chatcmpl-fd2bdf66b29444398bd7ea37ae7eb278,3174671.788718,0.015012,1,1,1376,1375,0,0
enc_decode,chatcmpl-fd2bdf66b29444398bd7ea37ae7eb278,3174671.804218,0.015025,1,1,1377,1376,0,0
enc_decode,chatcmpl-fd2bdf66b29444398bd7ea37ae7eb278,3174671.819711,0.015048,1,1,1378,1377,0,0
enc_decode,chatcmpl-fd2bdf66b29444398bd7ea37ae7eb278,3174671.835236,0.015236,1,1,1379,1378,0,0
enc_decode,chatcmpl-fd2bdf66b29444398bd7ea37ae7eb278,3174671.850946,0.015022,1,1,1380,1379,0,0
enc_decode,chatcmpl-fd2bdf66b29444398bd7ea37ae7eb278,3174671.866442,0.015045,1,1,1381,1380,0,0
enc_decode,chatcmpl-fd2bdf66b29444398bd7ea37ae7eb278,3174671.881964,0.015043,1,1,1382,1381,0,0
enc_decode,chatcmpl-fd2bdf66b29444398bd7ea37ae7eb278,3174671.897481,0.015157,1,1,1383,1382,0,0
enc_decode,chatcmpl-fd2bdf66b29444398bd7ea37ae7eb278,3174671.913117,0.015029,1,1,1384,1383,0,0
enc_decode,chatcmpl-fd2bdf66b29444398bd7ea37ae7eb278,3174671.928621,0.015008,1,1,1385,1384,0,0
enc_decode,chatcmpl-fd2bdf66b29444398bd7ea37ae7eb278,3174671.944112,0.015040,1,1,1386,1385,0,0
enc_decode,chatcmpl-fd2bdf66b29444398bd7ea37ae7eb278,3174671.959627,0.015151,1,1,1387,1386,0,0
enc_decode,chatcmpl-fd2bdf66b29444398bd7ea37ae7eb278,3174671.975252,0.015062,1,1,1388,1387,0,0
enc_decode,chatcmpl-fd2bdf66b29444398bd7ea37ae7eb278,3174671.990788,0.015043,1,1,1389,1388,0,0
enc_decode,chatcmpl-fd2bdf66b29444398bd7ea37ae7eb278,3174672.006309,0.015150,1,1,1390,1389,0,0
enc_decode,chatcmpl-fd2bdf66b29444398bd7ea37ae7eb278,3174672.021938,0.015023,1,1,1391,1390,0,0
enc_decode,chatcmpl-fd2bdf66b29444398bd7ea37ae7eb278,3174672.037447,0.015069,1,1,1392,1391,0,0
enc_decode,chatcmpl-fd2bdf66b29444398bd7ea37ae7eb278,3174672.052998,0.015047,1,1,1393,1392,0,0
enc_decode,chatcmpl-fd2bdf66b29444398bd7ea37ae7eb278,3174672.068523,0.015163,1,1,1394,1393,0,0
enc_decode,chatcmpl-fd2bdf66b29444398bd7ea37ae7eb278,3174672.084174,0.015012,1,1,1395,1394,0,0
enc_decode,chatcmpl-fd2bdf66b29444398bd7ea37ae7eb278,3174672.099674,0.015051,1,1,1396,1395,0,0
enc_decode,chatcmpl-fd2bdf66b29444398bd7ea37ae7eb278,3174672.115196,0.015073,1,1,1397,1396,0,0
enc_decode,chatcmpl-fd2bdf66b29444398bd7ea37ae7eb278,3174672.130750,0.015133,1,1,1398,1397,0,0
enc_decode,chatcmpl-fd2bdf66b29444398bd7ea37ae7eb278,3174672.146368,0.015166,1,1,1399,1398,0,0
enc_decode,chatcmpl-fd2bdf66b29444398bd7ea37ae7eb278,3174672.162010,0.015050,1,1,1400,1399,0,0
enc_decode,chatcmpl-fd2bdf66b29444398bd7ea37ae7eb278,3174672.177539,0.015039,1,1,1401,1400,0,0
enc_decode,chatcmpl-fd2bdf66b29444398bd7ea37ae7eb278,3174672.193044,0.015151,1,1,1402,1401,0,0
enc_decode,chatcmpl-fd2bdf66b29444398bd7ea37ae7eb278,3174672.208675,0.015143,1,1,1403,1402,0,0
enc_decode,chatcmpl-fd2bdf66b29444398bd7ea37ae7eb278,3174672.224297,0.015033,1,1,1404,1403,0,0
enc_decode,chatcmpl-fd2bdf66b29444398bd7ea37ae7eb278,3174672.239801,0.015029,1,1,1405,1404,0,0
enc_decode,chatcmpl-fd2bdf66b29444398bd7ea37ae7eb278,3174672.255305,0.015059,1,1,1406,1405,0,0
enc_decode,chatcmpl-fd2bdf66b29444398bd7ea37ae7eb278,3174672.270843,0.015063,1,1,1407,1406,0,0
enc_decode,chatcmpl-fd2bdf66b29444398bd7ea37ae7eb278,3174672.286398,0.015146,1,1,1408,1407,0,0
enc_decode,chatcmpl-fd2bdf66b29444398bd7ea37ae7eb278,3174672.302050,0.015035,1,1,1409,1408,0,0
enc_decode,chatcmpl-fd2bdf66b29444398bd7ea37ae7eb278,3174672.317560,0.015022,1,1,1410,1409,0,0
enc_decode,chatcmpl-fd2bdf66b29444398bd7ea37ae7eb278,3174672.333063,0.015072,1,1,1411,1410,0,0
enc_decode,chatcmpl-fd2bdf66b29444398bd7ea37ae7eb278,3174672.348613,0.015050,1,1,1412,1411,0,0
enc_decode,chatcmpl-fd2bdf66b29444398bd7ea37ae7eb278,3174672.364152,0.015141,1,1,1413,1412,0,0
enc_decode,chatcmpl-fd2bdf66b29444398bd7ea37ae7eb278,3174672.379768,0.015043,1,1,1414,1413,0,0
enc_decode,chatcmpl-fd2bdf66b29444398bd7ea37ae7eb278,3174672.395283,0.015060,1,1,1415,1414,0,0
enc_decode,chatcmpl-fd2bdf66b29444398bd7ea37ae7eb278,3174672.410817,0.015066,1,1,1416,1415,0,0
enc_decode,chatcmpl-fd2bdf66b29444398bd7ea37ae7eb278,3174672.426361,0.015040,1,1,1417,1416,0,0
enc_decode,chatcmpl-fd2bdf66b29444398bd7ea37ae7eb278,3174672.441873,0.015043,1,1,1418,1417,0,0
enc_decode,chatcmpl-fd2bdf66b29444398bd7ea37ae7eb278,3174672.457390,0.015171,1,1,1419,1418,0,0
enc_decode,chatcmpl-fd2bdf66b29444398bd7ea37ae7eb278,3174672.473039,0.015039,1,1,1420,1419,0,0
enc_decode,chatcmpl-fd2bdf66b29444398bd7ea37ae7eb278,3174672.488556,0.015121,1,1,1421,1420,0,0
enc_decode,chatcmpl-fd2bdf66b29444398bd7ea37ae7eb278,3174672.504161,0.015028,1,1,1422,1421,0,0
enc_decode,chatcmpl-fd2bdf66b29444398bd7ea37ae7eb278,3174672.519665,0.015148,1,1,1423,1422,0,0
enc_decode,chatcmpl-fd2bdf66b29444398bd7ea37ae7eb278,3174672.535287,0.015045,1,1,1424,1423,0,0
enc_decode,chatcmpl-fd2bdf66b29444398bd7ea37ae7eb278,3174672.550802,0.015073,1,1,1425,1424,0,0
enc_decode,chatcmpl-fd2bdf66b29444398bd7ea37ae7eb278,3174672.566362,0.015054,1,1,1426,1425,0,0
enc_decode,chatcmpl-fd2bdf66b29444398bd7ea37ae7eb278,3174672.581894,0.015030,1,1,1427,1426,0,0
enc_decode,chatcmpl-fd2bdf66b29444398bd7ea37ae7eb278,3174672.597403,0.015036,1,1,1428,1427,0,0
enc_decode,chatcmpl-fd2bdf66b29444398bd7ea37ae7eb278,3174672.612908,0.015174,1,1,1429,1428,0,0
enc_decode,chatcmpl-fd2bdf66b29444398bd7ea37ae7eb278,3174672.628563,0.015033,1,1,1430,1429,0,0
enc_decode,chatcmpl-fd2bdf66b29444398bd7ea37ae7eb278,3174672.644078,0.015043,1,1,1431,1430,0,0
enc_decode,chatcmpl-fd2bdf66b29444398bd7ea37ae7eb278,3174672.659604,0.015025,1,1,1432,1431,0,0
enc_decode,chatcmpl-fd2bdf66b29444398bd7ea37ae7eb278,3174672.675107,0.015042,1,1,1433,1432,0,0
enc_decode,chatcmpl-fd2bdf66b29444398bd7ea37ae7eb278,3174672.690621,0.015058,1,1,1434,1433,0,0
enc_decode,chatcmpl-fd2bdf66b29444398bd7ea37ae7eb278,3174672.706151,0.015157,1,1,1435,1434,0,0
enc_decode,chatcmpl-fd2bdf66b29444398bd7ea37ae7eb278,3174672.721789,0.015032,1,1,1436,1435,0,0
enc_decode,chatcmpl-fd2bdf66b29444398bd7ea37ae7eb278,3174672.737291,0.015054,1,1,1437,1436,0,0
enc_decode,chatcmpl-fd2bdf66b29444398bd7ea37ae7eb278,3174672.752812,0.015061,1,1,1438,1437,0,0
enc_decode,chatcmpl-fd2bdf66b29444398bd7ea37ae7eb278,3174672.768360,0.015154,1,1,1439,1438,0,0
enc_decode,chatcmpl-fd2bdf66b29444398bd7ea37ae7eb278,3174672.783987,0.015055,1,1,1440,1439,0,0
enc_decode,chatcmpl-fd2bdf66b29444398bd7ea37ae7eb278,3174672.799515,0.015021,1,1,1441,1440,0,0
enc_decode,chatcmpl-fd2bdf66b29444398bd7ea37ae7eb278,3174672.815014,0.015026,1,1,1442,1441,0,0
enc_decode,chatcmpl-fd2bdf66b29444398bd7ea37ae7eb278,3174672.830519,0.015175,1,1,1443,1442,0,0
enc_decode,chatcmpl-fd2bdf66b29444398bd7ea37ae7eb278,3174672.846164,0.015136,1,1,1444,1443,0,0
enc_decode,chatcmpl-fd2bdf66b29444398bd7ea37ae7eb278,3174672.861771,0.015025,1,1,1445,1444,0,0
enc_decode,chatcmpl-fd2bdf66b29444398bd7ea37ae7eb278,3174672.877273,0.015025,1,1,1446,1445,0,0
enc_decode,chatcmpl-fd2bdf66b29444398bd7ea37ae7eb278,3174672.892776,0.015155,1,1,1447,1446,0,0
enc_decode,chatcmpl-fd2bdf66b29444398bd7ea37ae7eb278,3174672.908413,0.015055,1,1,1448,1447,0,0
enc_decode,chatcmpl-fd2bdf66b29444398bd7ea37ae7eb278,3174672.923944,0.015028,1,1,1449,1448,0,0
enc_decode,chatcmpl-fd2bdf66b29444398bd7ea37ae7eb278,3174672.939443,0.015028,1,1,1450,1449,0,0
enc_decode,chatcmpl-fd2bdf66b29444398bd7ea37ae7eb278,3174672.954956,0.015009,1,1,1451,1450,0,0
enc_decode,chatcmpl-fd2bdf66b29444398bd7ea37ae7eb278,3174672.970445,0.015166,1,1,1452,1451,0,0
enc_decode,chatcmpl-fd2bdf66b29444398bd7ea37ae7eb278,3174672.986092,0.015081,1,1,1453,1452,0,0
enc_decode,chatcmpl-fd2bdf66b29444398bd7ea37ae7eb278,3174673.001651,0.015029,1,1,1454,1453,0,0
enc_decode,chatcmpl-fd2bdf66b29444398bd7ea37ae7eb278,3174673.017149,0.015043,1,1,1455,1454,0,0
enc_decode,chatcmpl-fd2bdf66b29444398bd7ea37ae7eb278,3174673.032664,0.015150,1,1,1456,1455,0,0
enc_decode,chatcmpl-fd2bdf66b29444398bd7ea37ae7eb278,3174673.048298,0.015060,1,1,1457,1456,0,0
enc_decode,chatcmpl-fd2bdf66b29444398bd7ea37ae7eb278,3174673.063828,0.015023,1,1,1458,1457,0,0
enc_decode,chatcmpl-fd2bdf66b29444398bd7ea37ae7eb278,3174673.079323,0.015050,1,1,1459,1458,0,0
enc_decode,chatcmpl-fd2bdf66b29444398bd7ea37ae7eb278,3174673.094848,0.015147,1,1,1460,1459,0,0
enc_prefill,chatcmpl-0d07734f350a43e6aa5ea9883abe8eb8,3174673.136509,0.341536,1,1325,1325,0,1,0
enc_decode,chatcmpl-0d07734f350a43e6aa5ea9883abe8eb8,3174673.478581,0.015173,1,1,1326,1325,0,0
enc_decode,chatcmpl-0d07734f350a43e6aa5ea9883abe8eb8,3174673.494230,0.015074,1,1,1327,1326,0,0
enc_decode,chatcmpl-0d07734f350a43e6aa5ea9883abe8eb8,3174673.509883,0.015203,1,1,1328,1327,0,0
enc_decode,chatcmpl-0d07734f350a43e6aa5ea9883abe8eb8,3174673.525564,0.015026,1,1,1329,1328,0,0
enc_decode,chatcmpl-0d07734f350a43e6aa5ea9883abe8eb8,3174673.541060,0.015098,1,1,1330,1329,0,0
enc_decode,chatcmpl-0d07734f350a43e6aa5ea9883abe8eb8,3174673.556630,0.015041,1,1,1331,1330,0,0
enc_decode,chatcmpl-0d07734f350a43e6aa5ea9883abe8eb8,3174673.572160,0.015013,1,1,1332,1331,0,0
enc_decode,chatcmpl-0d07734f350a43e6aa5ea9883abe8eb8,3174673.587637,0.015039,1,1,1333,1332,0,0
enc_decode,chatcmpl-0d07734f350a43e6aa5ea9883abe8eb8,3174673.603147,0.015053,1,1,1334,1333,0,0
enc_decode,chatcmpl-0d07734f350a43e6aa5ea9883abe8eb8,3174673.618679,0.015182,1,1,1335,1334,0,0
enc_decode,chatcmpl-0d07734f350a43e6aa5ea9883abe8eb8,3174673.634335,0.019794,1,1,1336,1335,0,0
enc_decode,chatcmpl-0d07734f350a43e6aa5ea9883abe8eb8,3174673.654606,0.015047,1,1,1337,1336,0,0
enc_decode,chatcmpl-0d07734f350a43e6aa5ea9883abe8eb8,3174673.670126,0.015140,1,1,1338,1337,0,0
enc_decode,chatcmpl-0d07734f350a43e6aa5ea9883abe8eb8,3174673.685741,0.015178,1,1,1339,1338,0,0
enc_decode,chatcmpl-0d07734f350a43e6aa5ea9883abe8eb8,3174673.701391,0.015061,1,1,1340,1339,0,0
enc_decode,chatcmpl-0d07734f350a43e6aa5ea9883abe8eb8,3174673.716928,0.015034,1,1,1341,1340,0,0
enc_decode,chatcmpl-0d07734f350a43e6aa5ea9883abe8eb8,3174673.732437,0.015025,1,1,1342,1341,0,0
enc_decode,chatcmpl-0d07734f350a43e6aa5ea9883abe8eb8,3174673.747933,0.015152,1,1,1343,1342,0,0
enc_decode,chatcmpl-0d07734f350a43e6aa5ea9883abe8eb8,3174673.763553,0.015072,1,1,1344,1343,0,0
enc_decode,chatcmpl-0d07734f350a43e6aa5ea9883abe8eb8,3174673.779099,0.015035,1,1,1345,1344,0,0
enc_decode,chatcmpl-0d07734f350a43e6aa5ea9883abe8eb8,3174673.794606,0.015029,1,1,1346,1345,0,0
enc_decode,chatcmpl-0d07734f350a43e6aa5ea9883abe8eb8,3174673.810106,0.015154,1,1,1347,1346,0,0
enc_decode,chatcmpl-0d07734f350a43e6aa5ea9883abe8eb8,3174673.825730,0.015044,1,1,1348,1347,0,0
enc_decode,chatcmpl-0d07734f350a43e6aa5ea9883abe8eb8,3174673.841245,0.015057,1,1,1349,1348,0,0
enc_decode,chatcmpl-0d07734f350a43e6aa5ea9883abe8eb8,3174673.856778,0.015021,1,1,1350,1349,0,0
enc_decode,chatcmpl-0d07734f350a43e6aa5ea9883abe8eb8,3174673.872291,0.015113,1,1,1351,1350,0,0
enc_decode,chatcmpl-0d07734f350a43e6aa5ea9883abe8eb8,3174673.887883,0.015070,1,1,1352,1351,0,0
enc_decode,chatcmpl-0d07734f350a43e6aa5ea9883abe8eb8,3174673.903422,0.015082,1,1,1353,1352,0,0
enc_decode,chatcmpl-0d07734f350a43e6aa5ea9883abe8eb8,3174673.918975,0.015039,1,1,1354,1353,0,0
enc_decode,chatcmpl-0d07734f350a43e6aa5ea9883abe8eb8,3174673.934493,0.015158,1,1,1355,1354,0,0
enc_decode,chatcmpl-0d07734f350a43e6aa5ea9883abe8eb8,3174673.950128,0.015041,1,1,1356,1355,0,0
enc_decode,chatcmpl-0d07734f350a43e6aa5ea9883abe8eb8,3174673.965642,0.015028,1,1,1357,1356,0,0
enc_decode,chatcmpl-0d07734f350a43e6aa5ea9883abe8eb8,3174673.981153,0.015029,1,1,1358,1357,0,0
enc_decode,chatcmpl-0d07734f350a43e6aa5ea9883abe8eb8,3174673.996654,0.015140,1,1,1359,1358,0,0
enc_decode,chatcmpl-0d07734f350a43e6aa5ea9883abe8eb8,3174674.012279,0.015009,1,1,1360,1359,0,0
enc_decode,chatcmpl-0d07734f350a43e6aa5ea9883abe8eb8,3174674.027756,0.015129,1,1,1361,1360,0,0
enc_decode,chatcmpl-0d07734f350a43e6aa5ea9883abe8eb8,3174674.043361,0.015056,1,1,1362,1361,0,0
enc_decode,chatcmpl-0d07734f350a43e6aa5ea9883abe8eb8,3174674.058892,0.015135,1,1,1363,1362,0,0
enc_decode,chatcmpl-0d07734f350a43e6aa5ea9883abe8eb8,3174674.074505,0.015022,1,1,1364,1363,0,0
enc_decode,chatcmpl-0d07734f350a43e6aa5ea9883abe8eb8,3174674.089991,0.015023,1,1,1365,1364,0,0
enc_decode,chatcmpl-0d07734f350a43e6aa5ea9883abe8eb8,3174674.105481,0.015035,1,1,1366,1365,0,0
enc_decode,chatcmpl-0d07734f350a43e6aa5ea9883abe8eb8,3174674.120990,0.015040,1,1,1367,1366,0,0
enc_decode,chatcmpl-0d07734f350a43e6aa5ea9883abe8eb8,3174674.136509,0.015131,1,1,1368,1367,0,0
enc_decode,chatcmpl-0d07734f350a43e6aa5ea9883abe8eb8,3174674.152116,0.015014,1,1,1369,1368,0,0
enc_decode,chatcmpl-0d07734f350a43e6aa5ea9883abe8eb8,3174674.167604,0.015046,1,1,1370,1369,0,0
enc_decode,chatcmpl-0d07734f350a43e6aa5ea9883abe8eb8,3174674.183125,0.015035,1,1,1371,1370,0,0
enc_decode,chatcmpl-0d07734f350a43e6aa5ea9883abe8eb8,3174674.198628,0.015159,1,1,1372,1371,0,0
enc_decode,chatcmpl-0d07734f350a43e6aa5ea9883abe8eb8,3174674.214256,0.015033,1,1,1373,1372,0,0
enc_decode,chatcmpl-0d07734f350a43e6aa5ea9883abe8eb8,3174674.229762,0.015032,1,1,1374,1373,0,0
enc_decode,chatcmpl-0d07734f350a43e6aa5ea9883abe8eb8,3174674.245269,0.015018,1,1,1375,1374,0,0
enc_decode,chatcmpl-0d07734f350a43e6aa5ea9883abe8eb8,3174674.260760,0.015152,1,1,1376,1375,0,0
enc_decode,chatcmpl-0d07734f350a43e6aa5ea9883abe8eb8,3174674.276392,0.015030,1,1,1377,1376,0,0
enc_decode,chatcmpl-0d07734f350a43e6aa5ea9883abe8eb8,3174674.291891,0.015034,1,1,1378,1377,0,0
enc_decode,chatcmpl-0d07734f350a43e6aa5ea9883abe8eb8,3174674.307394,0.015165,1,1,1379,1378,0,0
enc_decode,chatcmpl-0d07734f350a43e6aa5ea9883abe8eb8,3174674.323027,0.015027,1,1,1380,1379,0,0
enc_decode,chatcmpl-0d07734f350a43e6aa5ea9883abe8eb8,3174674.338528,0.015054,1,1,1381,1380,0,0
enc_decode,chatcmpl-0d07734f350a43e6aa5ea9883abe8eb8,3174674.354058,0.015023,1,1,1382,1381,0,0
enc_decode,chatcmpl-0d07734f350a43e6aa5ea9883abe8eb8,3174674.369549,0.015123,1,1,1383,1382,0,0
enc_decode,chatcmpl-0d07734f350a43e6aa5ea9883abe8eb8,3174674.385146,0.015153,1,1,1384,1383,0,0
enc_decode,chatcmpl-0d07734f350a43e6aa5ea9883abe8eb8,3174674.400769,0.015064,1,1,1385,1384,0,0
enc_decode,chatcmpl-0d07734f350a43e6aa5ea9883abe8eb8,3174674.416310,0.015047,1,1,1386,1385,0,0
enc_decode,chatcmpl-0d07734f350a43e6aa5ea9883abe8eb8,3174674.431831,0.015011,1,1,1387,1386,0,0
enc_decode,chatcmpl-0d07734f350a43e6aa5ea9883abe8eb8,3174674.447320,0.015076,1,1,1388,1387,0,0
enc_decode,chatcmpl-0d07734f350a43e6aa5ea9883abe8eb8,3174674.462871,0.015032,1,1,1389,1388,0,0
enc_decode,chatcmpl-0d07734f350a43e6aa5ea9883abe8eb8,3174674.478376,0.015066,1,1,1390,1389,0,0
enc_decode,chatcmpl-0d07734f350a43e6aa5ea9883abe8eb8,3174674.493916,0.015152,1,1,1391,1390,0,0
enc_decode,chatcmpl-0d07734f350a43e6aa5ea9883abe8eb8,3174674.509540,0.015014,1,1,1392,1391,0,0
enc_decode,chatcmpl-0d07734f350a43e6aa5ea9883abe8eb8,3174674.525036,0.015035,1,1,1393,1392,0,0
enc_decode,chatcmpl-0d07734f350a43e6aa5ea9883abe8eb8,3174674.540548,0.015112,1,1,1394,1393,0,0
enc_decode,chatcmpl-0d07734f350a43e6aa5ea9883abe8eb8,3174674.556143,0.015067,1,1,1395,1394,0,0
enc_decode,chatcmpl-0d07734f350a43e6aa5ea9883abe8eb8,3174674.571684,0.015015,1,1,1396,1395,0,0
enc_decode,chatcmpl-0d07734f350a43e6aa5ea9883abe8eb8,3174674.587179,0.015025,1,1,1397,1396,0,0
enc_decode,chatcmpl-0d07734f350a43e6aa5ea9883abe8eb8,3174674.602683,0.015022,1,1,1398,1397,0,0
enc_decode,chatcmpl-0d07734f350a43e6aa5ea9883abe8eb8,3174674.618187,0.015075,1,1,1399,1398,0,0
enc_decode,chatcmpl-0d07734f350a43e6aa5ea9883abe8eb8,3174674.633736,0.015061,1,1,1400,1399,0,0
enc_decode,chatcmpl-0d07734f350a43e6aa5ea9883abe8eb8,3174674.649280,0.015146,1,1,1401,1400,0,0
enc_decode,chatcmpl-0d07734f350a43e6aa5ea9883abe8eb8,3174674.664908,0.015042,1,1,1402,1401,0,0
enc_decode,chatcmpl-0d07734f350a43e6aa5ea9883abe8eb8,3174674.680429,0.015026,1,1,1403,1402,0,0
enc_decode,chatcmpl-0d07734f350a43e6aa5ea9883abe8eb8,3174674.695922,0.015068,1,1,1404,1403,0,0
enc_decode,chatcmpl-0d07734f350a43e6aa5ea9883abe8eb8,3174674.711463,0.015156,1,1,1405,1404,0,0
enc_decode,chatcmpl-0d07734f350a43e6aa5ea9883abe8eb8,3174674.727093,0.015020,1,1,1406,1405,0,0
enc_decode,chatcmpl-0d07734f350a43e6aa5ea9883abe8eb8,3174674.742590,0.015144,1,1,1407,1406,0,0
enc_decode,chatcmpl-0d07734f350a43e6aa5ea9883abe8eb8,3174674.758204,0.015068,1,1,1408,1407,0,0
enc_decode,chatcmpl-0d07734f350a43e6aa5ea9883abe8eb8,3174674.773782,0.015032,1,1,1409,1408,0,0
enc_decode,chatcmpl-0d07734f350a43e6aa5ea9883abe8eb8,3174674.789283,0.015015,1,1,1410,1409,0,0
enc_decode,chatcmpl-0d07734f350a43e6aa5ea9883abe8eb8,3174674.804776,0.015160,1,1,1411,1410,0,0
enc_decode,chatcmpl-0d07734f350a43e6aa5ea9883abe8eb8,3174674.820414,0.015039,1,1,1412,1411,0,0
enc_decode,chatcmpl-0d07734f350a43e6aa5ea9883abe8eb8,3174674.835923,0.015044,1,1,1413,1412,0,0
enc_decode,chatcmpl-0d07734f350a43e6aa5ea9883abe8eb8,3174674.851440,0.015028,1,1,1414,1413,0,0
enc_decode,chatcmpl-0d07734f350a43e6aa5ea9883abe8eb8,3174674.866946,0.015142,1,1,1415,1414,0,0
enc_decode,chatcmpl-0d07734f350a43e6aa5ea9883abe8eb8,3174674.882562,0.015046,1,1,1416,1415,0,0
enc_decode,chatcmpl-0d07734f350a43e6aa5ea9883abe8eb8,3174674.898080,0.015045,1,1,1417,1416,0,0
enc_decode,chatcmpl-0d07734f350a43e6aa5ea9883abe8eb8,3174674.913592,0.015055,1,1,1418,1417,0,0
enc_decode,chatcmpl-0d07734f350a43e6aa5ea9883abe8eb8,3174674.929112,0.015115,1,1,1419,1418,0,0
enc_decode,chatcmpl-0d07734f350a43e6aa5ea9883abe8eb8,3174674.944707,0.015012,1,1,1420,1419,0,0
enc_decode,chatcmpl-0d07734f350a43e6aa5ea9883abe8eb8,3174674.960197,0.015037,1,1,1421,1420,0,0
enc_decode,chatcmpl-0d07734f350a43e6aa5ea9883abe8eb8,3174674.975707,0.015056,1,1,1422,1421,0,0
enc_decode,chatcmpl-0d07734f350a43e6aa5ea9883abe8eb8,3174674.991241,0.015151,1,1,1423,1422,0,0
enc_decode,chatcmpl-0d07734f350a43e6aa5ea9883abe8eb8,3174675.006856,0.015032,1,1,1424,1423,0,0
enc_decode,chatcmpl-0d07734f350a43e6aa5ea9883abe8eb8,3174675.022364,0.015075,1,1,1425,1424,0,0
enc_decode,chatcmpl-0d07734f350a43e6aa5ea9883abe8eb8,3174675.037904,0.015022,1,1,1426,1425,0,0
enc_decode,chatcmpl-0d07734f350a43e6aa5ea9883abe8eb8,3174675.053397,0.015146,1,1,1427,1426,0,0
enc_decode,chatcmpl-0d07734f350a43e6aa5ea9883abe8eb8,3174675.069015,0.015048,1,1,1428,1427,0,0
enc_decode,chatcmpl-0d07734f350a43e6aa5ea9883abe8eb8,3174675.084535,0.015022,1,1,1429,1428,0,0
enc_decode,chatcmpl-0d07734f350a43e6aa5ea9883abe8eb8,3174675.100031,0.015141,1,1,1430,1429,0,0
enc_decode,chatcmpl-0d07734f350a43e6aa5ea9883abe8eb8,3174675.115649,0.015162,1,1,1431,1430,0,0
enc_decode,chatcmpl-0d07734f350a43e6aa5ea9883abe8eb8,3174675.131283,0.015056,1,1,1432,1431,0,0
enc_decode,chatcmpl-0d07734f350a43e6aa5ea9883abe8eb8,3174675.146811,0.015029,1,1,1433,1432,0,0
enc_decode,chatcmpl-0d07734f350a43e6aa5ea9883abe8eb8,3174675.162314,0.015036,1,1,1434,1433,0,0
enc_decode,chatcmpl-0d07734f350a43e6aa5ea9883abe8eb8,3174675.177821,0.015021,1,1,1435,1434,0,0
enc_decode,chatcmpl-0d07734f350a43e6aa5ea9883abe8eb8,3174675.193313,0.015075,1,1,1436,1435,0,0
enc_decode,chatcmpl-0d07734f350a43e6aa5ea9883abe8eb8,3174675.208861,0.015129,1,1,1437,1436,0,0
enc_decode,chatcmpl-0d07734f350a43e6aa5ea9883abe8eb8,3174675.224471,0.015016,1,1,1438,1437,0,0
enc_decode,chatcmpl-0d07734f350a43e6aa5ea9883abe8eb8,3174675.239954,0.015046,1,1,1439,1438,0,0
enc_decode,chatcmpl-0d07734f350a43e6aa5ea9883abe8eb8,3174675.255472,0.015057,1,1,1440,1439,0,0
enc_decode,chatcmpl-0d07734f350a43e6aa5ea9883abe8eb8,3174675.270999,0.015047,1,1,1441,1440,0,0
enc_decode,chatcmpl-0d07734f350a43e6aa5ea9883abe8eb8,3174675.286524,0.015125,1,1,1442,1441,0,0
enc_decode,chatcmpl-0d07734f350a43e6aa5ea9883abe8eb8,3174675.302121,0.015054,1,1,1443,1442,0,0
enc_decode,chatcmpl-0d07734f350a43e6aa5ea9883abe8eb8,3174675.317666,0.015014,1,1,1444,1443,0,0
enc_decode,chatcmpl-0d07734f350a43e6aa5ea9883abe8eb8,3174675.333152,0.015050,1,1,1445,1444,0,0
enc_decode,chatcmpl-0d07734f350a43e6aa5ea9883abe8eb8,3174675.348678,0.015136,1,1,1446,1445,0,0
enc_decode,chatcmpl-0d07734f350a43e6aa5ea9883abe8eb8,3174675.364293,0.015026,1,1,1447,1446,0,0
enc_decode,chatcmpl-0d07734f350a43e6aa5ea9883abe8eb8,3174675.379788,0.015036,1,1,1448,1447,0,0
enc_decode,chatcmpl-0d07734f350a43e6aa5ea9883abe8eb8,3174675.395296,0.015128,1,1,1449,1448,0,0
enc_decode,chatcmpl-0d07734f350a43e6aa5ea9883abe8eb8,3174675.410892,0.015152,1,1,1450,1449,0,0
enc_decode,chatcmpl-0d07734f350a43e6aa5ea9883abe8eb8,3174675.426516,0.015024,1,1,1451,1450,0,0
enc_decode,chatcmpl-0d07734f350a43e6aa5ea9883abe8eb8,3174675.442012,0.015034,1,1,1452,1451,0,0
enc_decode,chatcmpl-0d07734f350a43e6aa5ea9883abe8eb8,3174675.457517,0.015124,1,1,1453,1452,0,0
enc_decode,chatcmpl-0d07734f350a43e6aa5ea9883abe8eb8,3174675.473117,0.015129,1,1,1454,1453,0,0
enc_decode,chatcmpl-0d07734f350a43e6aa5ea9883abe8eb8,3174675.488711,0.015048,1,1,1455,1454,0,0
enc_decode,chatcmpl-0d07734f350a43e6aa5ea9883abe8eb8,3174675.504240,0.015019,1,1,1456,1455,0,0
enc_decode,chatcmpl-0d07734f350a43e6aa5ea9883abe8eb8,3174675.519735,0.015049,1,1,1457,1456,0,0
enc_decode,chatcmpl-0d07734f350a43e6aa5ea9883abe8eb8,3174675.535252,0.015178,1,1,1458,1457,0,0
enc_decode,chatcmpl-0d07734f350a43e6aa5ea9883abe8eb8,3174675.550896,0.015036,1,1,1459,1458,0,0
enc_decode,chatcmpl-0d07734f350a43e6aa5ea9883abe8eb8,3174675.566407,0.015071,1,1,1460,1459,0,0
enc_decode,chatcmpl-0d07734f350a43e6aa5ea9883abe8eb8,3174675.581952,0.015026,1,1,1461,1460,0,0
enc_decode,chatcmpl-0d07734f350a43e6aa5ea9883abe8eb8,3174675.597442,0.015129,1,1,1462,1461,0,0
enc_decode,chatcmpl-0d07734f350a43e6aa5ea9883abe8eb8,3174675.613041,0.015020,1,1,1463,1462,0,0
enc_decode,chatcmpl-0d07734f350a43e6aa5ea9883abe8eb8,3174675.628532,0.015061,1,1,1464,1463,0,0
enc_decode,chatcmpl-0d07734f350a43e6aa5ea9883abe8eb8,3174675.644078,0.015030,1,1,1465,1464,0,0
enc_decode,chatcmpl-0d07734f350a43e6aa5ea9883abe8eb8,3174675.659580,0.015030,1,1,1466,1465,0,0
enc_decode,chatcmpl-0d07734f350a43e6aa5ea9883abe8eb8,3174675.675076,0.015038,1,1,1467,1466,0,0
enc_decode,chatcmpl-0d07734f350a43e6aa5ea9883abe8eb8,3174675.690575,0.015072,1,1,1468,1467,0,0
enc_decode,chatcmpl-0d07734f350a43e6aa5ea9883abe8eb8,3174675.706118,0.015074,1,1,1469,1468,0,0
enc_decode,chatcmpl-0d07734f350a43e6aa5ea9883abe8eb8,3174675.721663,0.015044,1,1,1470,1469,0,0
enc_decode,chatcmpl-0d07734f350a43e6aa5ea9883abe8eb8,3174675.737177,0.015040,1,1,1471,1470,0,0
enc_decode,chatcmpl-0d07734f350a43e6aa5ea9883abe8eb8,3174675.752688,0.015127,1,1,1472,1471,0,0
enc_decode,chatcmpl-0d07734f350a43e6aa5ea9883abe8eb8,3174675.768302,0.015154,1,1,1473,1472,0,0
enc_decode,chatcmpl-0d07734f350a43e6aa5ea9883abe8eb8,3174675.783936,0.015038,1,1,1474,1473,0,0
enc_decode,chatcmpl-0d07734f350a43e6aa5ea9883abe8eb8,3174675.799448,0.015008,1,1,1475,1474,0,0
enc_decode,chatcmpl-0d07734f350a43e6aa5ea9883abe8eb8,3174675.814924,0.015117,1,1,1476,1475,0,0
enc_decode,chatcmpl-0d07734f350a43e6aa5ea9883abe8eb8,3174675.830506,0.015167,1,1,1477,1476,0,0
enc_decode,chatcmpl-0d07734f350a43e6aa5ea9883abe8eb8,3174675.846153,0.015065,1,1,1478,1477,0,0
enc_prefill,chatcmpl-9e588ec866dd479b9d5a7ef005ebdd77,3174675.888499,0.359470,1,1365,1365,0,1,0
enc_decode,chatcmpl-9e588ec866dd479b9d5a7ef005ebdd77,3174676.248505,0.015175,1,1,1366,1365,0,0
enc_decode,chatcmpl-9e588ec866dd479b9d5a7ef005ebdd77,3174676.264159,0.015048,1,1,1367,1366,0,0
enc_decode,chatcmpl-9e588ec866dd479b9d5a7ef005ebdd77,3174676.279807,0.015065,1,1,1368,1367,0,0
enc_decode,chatcmpl-9e588ec866dd479b9d5a7ef005ebdd77,3174676.295340,0.015186,1,1,1369,1368,0,0
enc_decode,chatcmpl-9e588ec866dd479b9d5a7ef005ebdd77,3174676.310993,0.015046,1,1,1370,1369,0,0
enc_decode,chatcmpl-9e588ec866dd479b9d5a7ef005ebdd77,3174676.326516,0.015068,1,1,1371,1370,0,0
enc_decode,chatcmpl-9e588ec866dd479b9d5a7ef005ebdd77,3174676.342059,0.015040,1,1,1372,1371,0,0
enc_decode,chatcmpl-9e588ec866dd479b9d5a7ef005ebdd77,3174676.357570,0.015056,1,1,1373,1372,0,0
enc_decode,chatcmpl-9e588ec866dd479b9d5a7ef005ebdd77,3174676.373112,0.015045,1,1,1374,1373,0,0
enc_decode,chatcmpl-9e588ec866dd479b9d5a7ef005ebdd77,3174676.388630,0.015145,1,1,1375,1374,0,0
enc_decode,chatcmpl-9e588ec866dd479b9d5a7ef005ebdd77,3174676.404259,0.015053,1,1,1376,1375,0,0
enc_decode,chatcmpl-9e588ec866dd479b9d5a7ef005ebdd77,3174676.419777,0.015078,1,1,1377,1376,0,0
enc_decode,chatcmpl-9e588ec866dd479b9d5a7ef005ebdd77,3174676.435333,0.015050,1,1,1378,1377,0,0
enc_decode,chatcmpl-9e588ec866dd479b9d5a7ef005ebdd77,3174676.450862,0.015039,1,1,1379,1378,0,0
enc_decode,chatcmpl-9e588ec866dd479b9d5a7ef005ebdd77,3174676.466383,0.015152,1,1,1380,1379,0,0
enc_decode,chatcmpl-9e588ec866dd479b9d5a7ef005ebdd77,3174676.482008,0.015061,1,1,1381,1380,0,0
enc_decode,chatcmpl-9e588ec866dd479b9d5a7ef005ebdd77,3174676.497544,0.015060,1,1,1382,1381,0,0
enc_decode,chatcmpl-9e588ec866dd479b9d5a7ef005ebdd77,3174676.513106,0.015450,1,1,1383,1382,0,0
enc_decode,chatcmpl-9e588ec866dd479b9d5a7ef005ebdd77,3174676.529049,0.015280,1,1,1384,1383,0,0
enc_decode,chatcmpl-9e588ec866dd479b9d5a7ef005ebdd77,3174676.544814,0.015133,1,1,1385,1384,0,0
enc_decode,chatcmpl-9e588ec866dd479b9d5a7ef005ebdd77,3174676.560446,0.015272,1,1,1386,1385,0,0
enc_decode,chatcmpl-9e588ec866dd479b9d5a7ef005ebdd77,3174676.576214,0.015151,1,1,1387,1386,0,0
enc_decode,chatcmpl-9e588ec866dd479b9d5a7ef005ebdd77,3174676.591857,0.015267,1,1,1388,1387,0,0
enc_decode,chatcmpl-9e588ec866dd479b9d5a7ef005ebdd77,3174676.607610,0.015310,1,1,1389,1388,0,0
enc_decode,chatcmpl-9e588ec866dd479b9d5a7ef005ebdd77,3174676.623411,0.015161,1,1,1390,1389,0,0
enc_decode,chatcmpl-9e588ec866dd479b9d5a7ef005ebdd77,3174676.639053,0.015146,1,1,1391,1390,0,0
enc_decode,chatcmpl-9e588ec866dd479b9d5a7ef005ebdd77,3174676.654690,0.015274,1,1,1392,1391,0,0
enc_decode,chatcmpl-9e588ec866dd479b9d5a7ef005ebdd77,3174676.670450,0.015289,1,1,1393,1392,0,0
enc_decode,chatcmpl-9e588ec866dd479b9d5a7ef005ebdd77,3174676.686228,0.015145,1,1,1394,1393,0,0
enc_decode,chatcmpl-9e588ec866dd479b9d5a7ef005ebdd77,3174676.701867,0.015144,1,1,1395,1394,0,0
enc_decode,chatcmpl-9e588ec866dd479b9d5a7ef005ebdd77,3174676.717511,0.015156,1,1,1396,1395,0,0
enc_decode,chatcmpl-9e588ec866dd479b9d5a7ef005ebdd77,3174676.733242,0.015114,1,1,1397,1396,0,0
enc_decode,chatcmpl-9e588ec866dd479b9d5a7ef005ebdd77,3174676.748871,0.015161,1,1,1398,1397,0,0
enc_decode,chatcmpl-9e588ec866dd479b9d5a7ef005ebdd77,3174676.764521,0.015108,1,1,1399,1398,0,0
enc_decode,chatcmpl-9e588ec866dd479b9d5a7ef005ebdd77,3174676.780124,0.015289,1,1,1400,1399,0,0
enc_decode,chatcmpl-9e588ec866dd479b9d5a7ef005ebdd77,3174676.795900,0.015172,1,1,1401,1400,0,0
enc_decode,chatcmpl-9e588ec866dd479b9d5a7ef005ebdd77,3174676.811553,0.015135,1,1,1402,1401,0,0
enc_decode,chatcmpl-9e588ec866dd479b9d5a7ef005ebdd77,3174676.827196,0.015146,1,1,1403,1402,0,0
enc_decode,chatcmpl-9e588ec866dd479b9d5a7ef005ebdd77,3174676.842821,0.015412,1,1,1404,1403,0,0
enc_decode,chatcmpl-9e588ec866dd479b9d5a7ef005ebdd77,3174676.858725,0.015172,1,1,1405,1404,0,0
enc_decode,chatcmpl-9e588ec866dd479b9d5a7ef005ebdd77,3174676.874382,0.015124,1,1,1406,1405,0,0
enc_decode,chatcmpl-9e588ec866dd479b9d5a7ef005ebdd77,3174676.890017,0.015167,1,1,1407,1406,0,0
enc_decode,chatcmpl-9e588ec866dd479b9d5a7ef005ebdd77,3174676.905670,0.015110,1,1,1408,1407,0,0
enc_decode,chatcmpl-9e588ec866dd479b9d5a7ef005ebdd77,3174676.921298,0.015129,1,1,1409,1408,0,0
enc_decode,chatcmpl-9e588ec866dd479b9d5a7ef005ebdd77,3174676.936920,0.015161,1,1,1410,1409,0,0
enc_decode,chatcmpl-9e588ec866dd479b9d5a7ef005ebdd77,3174676.952571,0.015382,1,1,1411,1410,0,0
enc_decode,chatcmpl-9e588ec866dd479b9d5a7ef005ebdd77,3174676.968445,0.015126,1,1,1412,1411,0,0
enc_decode,chatcmpl-9e588ec866dd479b9d5a7ef005ebdd77,3174676.984076,0.015282,1,1,1413,1412,0,0
enc_decode,chatcmpl-9e588ec866dd479b9d5a7ef005ebdd77,3174676.999845,0.015180,1,1,1414,1413,0,0
enc_decode,chatcmpl-9e588ec866dd479b9d5a7ef005ebdd77,3174677.015517,0.015434,1,1,1415,1414,0,0
enc_decode,chatcmpl-9e588ec866dd479b9d5a7ef005ebdd77,3174677.031440,0.015144,1,1,1416,1415,0,0
enc_decode,chatcmpl-9e588ec866dd479b9d5a7ef005ebdd77,3174677.047088,0.015250,1,1,1417,1416,0,0
enc_decode,chatcmpl-9e588ec866dd479b9d5a7ef005ebdd77,3174677.062820,0.015099,1,1,1418,1417,0,0
enc_decode,chatcmpl-9e588ec866dd479b9d5a7ef005ebdd77,3174677.078409,0.015194,1,1,1419,1418,0,0
enc_decode,chatcmpl-9e588ec866dd479b9d5a7ef005ebdd77,3174677.094090,0.015139,1,1,1420,1419,0,0
enc_decode,chatcmpl-9e588ec866dd479b9d5a7ef005ebdd77,3174677.109722,0.015129,1,1,1421,1420,0,0
enc_decode,chatcmpl-9e588ec866dd479b9d5a7ef005ebdd77,3174677.125336,0.015291,1,1,1422,1421,0,0
enc_decode,chatcmpl-9e588ec866dd479b9d5a7ef005ebdd77,3174677.141110,0.015118,1,1,1423,1422,0,0
enc_decode,chatcmpl-9e588ec866dd479b9d5a7ef005ebdd77,3174677.156717,0.015323,1,1,1424,1423,0,0
enc_decode,chatcmpl-9e588ec866dd479b9d5a7ef005ebdd77,3174677.172535,0.015110,1,1,1425,1424,0,0
enc_decode,chatcmpl-9e588ec866dd479b9d5a7ef005ebdd77,3174677.188141,0.015130,1,1,1426,1425,0,0
enc_decode,chatcmpl-9e588ec866dd479b9d5a7ef005ebdd77,3174677.203755,0.015104,1,1,1427,1426,0,0
enc_decode,chatcmpl-9e588ec866dd479b9d5a7ef005ebdd77,3174677.219342,0.015178,1,1,1428,1427,0,0
enc_decode,chatcmpl-9e588ec866dd479b9d5a7ef005ebdd77,3174677.235011,0.015309,1,1,1429,1428,0,0
enc_decode,chatcmpl-9e588ec866dd479b9d5a7ef005ebdd77,3174677.250802,0.015157,1,1,1430,1429,0,0
enc_decode,chatcmpl-9e588ec866dd479b9d5a7ef005ebdd77,3174677.266452,0.015123,1,1,1431,1430,0,0
enc_decode,chatcmpl-9e588ec866dd479b9d5a7ef005ebdd77,3174677.282060,0.015110,1,1,1432,1431,0,0
enc_decode,chatcmpl-9e588ec866dd479b9d5a7ef005ebdd77,3174677.297654,0.015154,1,1,1433,1432,0,0
enc_decode,chatcmpl-9e588ec866dd479b9d5a7ef005ebdd77,3174677.313300,0.015226,1,1,1434,1433,0,0
enc_decode,chatcmpl-9e588ec866dd479b9d5a7ef005ebdd77,3174677.329018,0.015286,1,1,1435,1434,0,0
enc_decode,chatcmpl-9e588ec866dd479b9d5a7ef005ebdd77,3174677.344794,0.015135,1,1,1436,1435,0,0
enc_decode,chatcmpl-9e588ec866dd479b9d5a7ef005ebdd77,3174677.360423,0.015149,1,1,1437,1436,0,0
enc_decode,chatcmpl-9e588ec866dd479b9d5a7ef005ebdd77,3174677.376071,0.015240,1,1,1438,1437,0,0
enc_decode,chatcmpl-9e588ec866dd479b9d5a7ef005ebdd77,3174677.391800,0.015154,1,1,1439,1438,0,0
enc_decode,chatcmpl-9e588ec866dd479b9d5a7ef005ebdd77,3174677.407450,0.015140,1,1,1440,1439,0,0
enc_decode,chatcmpl-9e588ec866dd479b9d5a7ef005ebdd77,3174677.423075,0.015314,1,1,1441,1440,0,0
enc_decode,chatcmpl-9e588ec866dd479b9d5a7ef005ebdd77,3174677.438877,0.015166,1,1,1442,1441,0,0
enc_decode,chatcmpl-9e588ec866dd479b9d5a7ef005ebdd77,3174677.454531,0.015136,1,1,1443,1442,0,0
enc_decode,chatcmpl-9e588ec866dd479b9d5a7ef005ebdd77,3174677.470181,0.015165,1,1,1444,1443,0,0
enc_decode,chatcmpl-9e588ec866dd479b9d5a7ef005ebdd77,3174677.485831,0.015130,1,1,1445,1444,0,0
enc_decode,chatcmpl-9e588ec866dd479b9d5a7ef005ebdd77,3174677.501456,0.015138,1,1,1446,1445,0,0
enc_decode,chatcmpl-9e588ec866dd479b9d5a7ef005ebdd77,3174677.517083,0.015171,1,1,1447,1446,0,0
enc_decode,chatcmpl-9e588ec866dd479b9d5a7ef005ebdd77,3174677.532751,0.015142,1,1,1448,1447,0,0
enc_decode,chatcmpl-9e588ec866dd479b9d5a7ef005ebdd77,3174677.548391,0.015131,1,1,1449,1448,0,0
enc_decode,chatcmpl-9e588ec866dd479b9d5a7ef005ebdd77,3174677.564023,0.015108,1,1,1450,1449,0,0
enc_decode,chatcmpl-9e588ec866dd479b9d5a7ef005ebdd77,3174677.579617,0.015144,1,1,1451,1450,0,0
enc_decode,chatcmpl-9e588ec866dd479b9d5a7ef005ebdd77,3174677.595256,0.015171,1,1,1452,1451,0,0
enc_decode,chatcmpl-9e588ec866dd479b9d5a7ef005ebdd77,3174677.610910,0.015134,1,1,1453,1452,0,0
enc_decode,chatcmpl-9e588ec866dd479b9d5a7ef005ebdd77,3174677.626531,0.015129,1,1,1454,1453,0,0
enc_decode,chatcmpl-9e588ec866dd479b9d5a7ef005ebdd77,3174677.642162,0.015148,1,1,1455,1454,0,0
enc_decode,chatcmpl-9e588ec866dd479b9d5a7ef005ebdd77,3174677.657796,0.015123,1,1,1456,1455,0,0
enc_decode,chatcmpl-9e588ec866dd479b9d5a7ef005ebdd77,3174677.673404,0.015197,1,1,1457,1456,0,0
enc_decode,chatcmpl-9e588ec866dd479b9d5a7ef005ebdd77,3174677.689091,0.015289,1,1,1458,1457,0,0
enc_decode,chatcmpl-9e588ec866dd479b9d5a7ef005ebdd77,3174677.704861,0.015127,1,1,1459,1458,0,0
enc_decode,chatcmpl-9e588ec866dd479b9d5a7ef005ebdd77,3174677.720493,0.015128,1,1,1460,1459,0,0
enc_decode,chatcmpl-9e588ec866dd479b9d5a7ef005ebdd77,3174677.736153,0.015167,1,1,1461,1460,0,0
enc_decode,chatcmpl-9e588ec866dd479b9d5a7ef005ebdd77,3174677.751806,0.015138,1,1,1462,1461,0,0
enc_decode,chatcmpl-9e588ec866dd479b9d5a7ef005ebdd77,3174677.767433,0.015268,1,1,1463,1462,0,0
enc_decode,chatcmpl-9e588ec866dd479b9d5a7ef005ebdd77,3174677.783185,0.015145,1,1,1464,1463,0,0
enc_decode,chatcmpl-9e588ec866dd479b9d5a7ef005ebdd77,3174677.798811,0.015146,1,1,1465,1464,0,0
enc_decode,chatcmpl-9e588ec866dd479b9d5a7ef005ebdd77,3174677.814471,0.015155,1,1,1466,1465,0,0
enc_decode,chatcmpl-9e588ec866dd479b9d5a7ef005ebdd77,3174677.830112,0.015115,1,1,1467,1466,0,0
enc_decode,chatcmpl-9e588ec866dd479b9d5a7ef005ebdd77,3174677.845709,0.015150,1,1,1468,1467,0,0
enc_decode,chatcmpl-9e588ec866dd479b9d5a7ef005ebdd77,3174677.861344,0.015085,1,1,1469,1468,0,0
enc_decode,chatcmpl-9e588ec866dd479b9d5a7ef005ebdd77,3174677.876939,0.015190,1,1,1470,1469,0,0
enc_decode,chatcmpl-9e588ec866dd479b9d5a7ef005ebdd77,3174677.892619,0.015103,1,1,1471,1470,0,0
enc_decode,chatcmpl-9e588ec866dd479b9d5a7ef005ebdd77,3174677.908249,0.015138,1,1,1472,1471,0,0
enc_decode,chatcmpl-9e588ec866dd479b9d5a7ef005ebdd77,3174677.923874,0.015161,1,1,1473,1472,0,0
enc_prefill,chatcmpl-a99c18eefef54a1cb73c3974e664544d,3174677.966364,0.355393,1,1336,1336,0,1,0
enc_decode,chatcmpl-a99c18eefef54a1cb73c3974e664544d,3174678.322478,0.015230,1,1,1337,1336,0,0
enc_decode,chatcmpl-a99c18eefef54a1cb73c3974e664544d,3174678.338223,0.015168,1,1,1338,1337,0,0
enc_decode,chatcmpl-a99c18eefef54a1cb73c3974e664544d,3174678.353881,0.015151,1,1,1339,1338,0,0
enc_decode,chatcmpl-a99c18eefef54a1cb73c3974e664544d,3174678.369521,0.015122,1,1,1340,1339,0,0
enc_decode,chatcmpl-a99c18eefef54a1cb73c3974e664544d,3174678.385146,0.015148,1,1,1341,1340,0,0
enc_decode,chatcmpl-a99c18eefef54a1cb73c3974e664544d,3174678.400782,0.015113,1,1,1342,1341,0,0
enc_decode,chatcmpl-a99c18eefef54a1cb73c3974e664544d,3174678.416387,0.015162,1,1,1343,1342,0,0
enc_decode,chatcmpl-a99c18eefef54a1cb73c3974e664544d,3174678.432042,0.015083,1,1,1344,1343,0,0
enc_decode,chatcmpl-a99c18eefef54a1cb73c3974e664544d,3174678.447607,0.015152,1,1,1345,1344,0,0
enc_decode,chatcmpl-a99c18eefef54a1cb73c3974e664544d,3174678.463251,0.015139,1,1,1346,1345,0,0
enc_decode,chatcmpl-a99c18eefef54a1cb73c3974e664544d,3174678.478911,0.015152,1,1,1347,1346,0,0
enc_decode,chatcmpl-a99c18eefef54a1cb73c3974e664544d,3174678.494552,0.015138,1,1,1348,1347,0,0
enc_decode,chatcmpl-a99c18eefef54a1cb73c3974e664544d,3174678.510181,0.015431,1,1,1349,1348,0,0
enc_decode,chatcmpl-a99c18eefef54a1cb73c3974e664544d,3174678.526104,0.015175,1,1,1350,1349,0,0
enc_decode,chatcmpl-a99c18eefef54a1cb73c3974e664544d,3174678.541767,0.015292,1,1,1351,1350,0,0
enc_decode,chatcmpl-a99c18eefef54a1cb73c3974e664544d,3174678.557555,0.015134,1,1,1352,1351,0,0
enc_decode,chatcmpl-a99c18eefef54a1cb73c3974e664544d,3174678.573180,0.015133,1,1,1353,1352,0,0
enc_decode,chatcmpl-a99c18eefef54a1cb73c3974e664544d,3174678.588807,0.015128,1,1,1354,1353,0,0
enc_decode,chatcmpl-a99c18eefef54a1cb73c3974e664544d,3174678.604426,0.015415,1,1,1355,1354,0,0
enc_decode,chatcmpl-a99c18eefef54a1cb73c3974e664544d,3174678.620337,0.015128,1,1,1356,1355,0,0
enc_decode,chatcmpl-a99c18eefef54a1cb73c3974e664544d,3174678.635949,0.015100,1,1,1357,1356,0,0
enc_decode,chatcmpl-a99c18eefef54a1cb73c3974e664544d,3174678.651538,0.015148,1,1,1358,1357,0,0
enc_decode,chatcmpl-a99c18eefef54a1cb73c3974e664544d,3174678.667175,0.015147,1,1,1359,1358,0,0
enc_decode,chatcmpl-a99c18eefef54a1cb73c3974e664544d,3174678.682805,0.015283,1,1,1360,1359,0,0
enc_decode,chatcmpl-a99c18eefef54a1cb73c3974e664544d,3174678.698572,0.015162,1,1,1361,1360,0,0
enc_decode,chatcmpl-a99c18eefef54a1cb73c3974e664544d,3174678.714226,0.015119,1,1,1362,1361,0,0
enc_decode,chatcmpl-a99c18eefef54a1cb73c3974e664544d,3174678.729825,0.015389,1,1,1363,1362,0,0
enc_decode,chatcmpl-a99c18eefef54a1cb73c3974e664544d,3174678.745695,0.015107,1,1,1364,1363,0,0
enc_decode,chatcmpl-a99c18eefef54a1cb73c3974e664544d,3174678.761317,0.015120,1,1,1365,1364,0,0
enc_decode,chatcmpl-a99c18eefef54a1cb73c3974e664544d,3174678.776916,0.015127,1,1,1366,1365,0,0
enc_decode,chatcmpl-a99c18eefef54a1cb73c3974e664544d,3174678.792527,0.015261,1,1,1367,1366,0,0
enc_decode,chatcmpl-a99c18eefef54a1cb73c3974e664544d,3174678.808286,0.015119,1,1,1368,1367,0,0
enc_decode,chatcmpl-a99c18eefef54a1cb73c3974e664544d,3174678.823886,0.015148,1,1,1369,1368,0,0
enc_decode,chatcmpl-a99c18eefef54a1cb73c3974e664544d,3174678.839519,0.015139,1,1,1370,1369,0,0
enc_decode,chatcmpl-a99c18eefef54a1cb73c3974e664544d,3174678.855145,0.015142,1,1,1371,1370,0,0
enc_decode,chatcmpl-a99c18eefef54a1cb73c3974e664544d,3174678.870772,0.015224,1,1,1372,1371,0,0
enc_decode,chatcmpl-a99c18eefef54a1cb73c3974e664544d,3174678.886482,0.015404,1,1,1373,1372,0,0
enc_decode,chatcmpl-a99c18eefef54a1cb73c3974e664544d,3174678.902387,0.015163,1,1,1374,1373,0,0
enc_decode,chatcmpl-a99c18eefef54a1cb73c3974e664544d,3174678.918039,0.015131,1,1,1375,1374,0,0
enc_decode,chatcmpl-a99c18eefef54a1cb73c3974e664544d,3174678.933659,0.015113,1,1,1376,1375,0,0
enc_decode,chatcmpl-a99c18eefef54a1cb73c3974e664544d,3174678.949260,0.015135,1,1,1377,1376,0,0
enc_decode,chatcmpl-a99c18eefef54a1cb73c3974e664544d,3174678.964888,0.015391,1,1,1378,1377,0,0
enc_decode,chatcmpl-a99c18eefef54a1cb73c3974e664544d,3174678.980776,0.015094,1,1,1379,1378,0,0
enc_decode,chatcmpl-a99c18eefef54a1cb73c3974e664544d,3174678.996364,0.015257,1,1,1380,1379,0,0
enc_decode,chatcmpl-a99c18eefef54a1cb73c3974e664544d,3174679.012121,0.015111,1,1,1381,1380,0,0
enc_decode,chatcmpl-a99c18eefef54a1cb73c3974e664544d,3174679.027714,0.015403,1,1,1382,1381,0,0
enc_decode,chatcmpl-a99c18eefef54a1cb73c3974e664544d,3174679.043616,0.015155,1,1,1383,1382,0,0
enc_decode,chatcmpl-a99c18eefef54a1cb73c3974e664544d,3174679.059259,0.015142,1,1,1384,1383,0,0
enc_decode,chatcmpl-a99c18eefef54a1cb73c3974e664544d,3174679.074889,0.015137,1,1,1385,1384,0,0
enc_decode,chatcmpl-a99c18eefef54a1cb73c3974e664544d,3174679.090510,0.015143,1,1,1386,1385,0,0
enc_decode,chatcmpl-a99c18eefef54a1cb73c3974e664544d,3174679.106145,0.015156,1,1,1387,1386,0,0
enc_decode,chatcmpl-a99c18eefef54a1cb73c3974e664544d,3174679.121801,0.015112,1,1,1388,1387,0,0
enc_decode,chatcmpl-a99c18eefef54a1cb73c3974e664544d,3174679.137399,0.015132,1,1,1389,1388,0,0
enc_decode,chatcmpl-a99c18eefef54a1cb73c3974e664544d,3174679.153018,0.015269,1,1,1390,1389,0,0
enc_decode,chatcmpl-a99c18eefef54a1cb73c3974e664544d,3174679.168769,0.015130,1,1,1391,1390,0,0
enc_decode,chatcmpl-a99c18eefef54a1cb73c3974e664544d,3174679.184395,0.015135,1,1,1392,1391,0,0
enc_decode,chatcmpl-a99c18eefef54a1cb73c3974e664544d,3174679.200036,0.015123,1,1,1393,1392,0,0
enc_decode,chatcmpl-a99c18eefef54a1cb73c3974e664544d,3174679.215653,0.015103,1,1,1394,1393,0,0
enc_decode,chatcmpl-a99c18eefef54a1cb73c3974e664544d,3174679.231253,0.015221,1,1,1395,1394,0,0
enc_decode,chatcmpl-a99c18eefef54a1cb73c3974e664544d,3174679.246956,0.015169,1,1,1396,1395,0,0
enc_decode,chatcmpl-a99c18eefef54a1cb73c3974e664544d,3174679.262613,0.015156,1,1,1397,1396,0,0
enc_decode,chatcmpl-a99c18eefef54a1cb73c3974e664544d,3174679.278253,0.015130,1,1,1398,1397,0,0
enc_decode,chatcmpl-a99c18eefef54a1cb73c3974e664544d,3174679.293868,0.015146,1,1,1399,1398,0,0
enc_decode,chatcmpl-a99c18eefef54a1cb73c3974e664544d,3174679.309492,0.015378,1,1,1400,1399,0,0
enc_decode,chatcmpl-a99c18eefef54a1cb73c3974e664544d,3174679.325360,0.015117,1,1,1401,1400,0,0
enc_decode,chatcmpl-a99c18eefef54a1cb73c3974e664544d,3174679.340977,0.015134,1,1,1402,1401,0,0
enc_decode,chatcmpl-a99c18eefef54a1cb73c3974e664544d,3174679.356597,0.015134,1,1,1403,1402,0,0
enc_decode,chatcmpl-a99c18eefef54a1cb73c3974e664544d,3174679.372229,0.015112,1,1,1404,1403,0,0
enc_decode,chatcmpl-a99c18eefef54a1cb73c3974e664544d,3174679.387822,0.015113,1,1,1405,1404,0,0
enc_decode,chatcmpl-a99c18eefef54a1cb73c3974e664544d,3174679.403421,0.015154,1,1,1406,1405,0,0
enc_decode,chatcmpl-a99c18eefef54a1cb73c3974e664544d,3174679.419059,0.015161,1,1,1407,1406,0,0
enc_decode,chatcmpl-a99c18eefef54a1cb73c3974e664544d,3174679.434717,0.015292,1,1,1408,1407,0,0
enc_decode,chatcmpl-a99c18eefef54a1cb73c3974e664544d,3174679.450527,0.015141,1,1,1409,1408,0,0
enc_decode,chatcmpl-a99c18eefef54a1cb73c3974e664544d,3174679.466151,0.015143,1,1,1410,1409,0,0
enc_decode,chatcmpl-a99c18eefef54a1cb73c3974e664544d,3174679.481807,0.015132,1,1,1411,1410,0,0
enc_decode,chatcmpl-a99c18eefef54a1cb73c3974e664544d,3174679.497430,0.015120,1,1,1412,1411,0,0
enc_decode,chatcmpl-a99c18eefef54a1cb73c3974e664544d,3174679.513064,0.015137,1,1,1413,1412,0,0
enc_decode,chatcmpl-a99c18eefef54a1cb73c3974e664544d,3174679.528685,0.015401,1,1,1414,1413,0,0
enc_decode,chatcmpl-a99c18eefef54a1cb73c3974e664544d,3174679.544580,0.015156,1,1,1415,1414,0,0
enc_decode,chatcmpl-a99c18eefef54a1cb73c3974e664544d,3174679.560240,0.015123,1,1,1416,1415,0,0
enc_decode,chatcmpl-a99c18eefef54a1cb73c3974e664544d,3174679.575853,0.015292,1,1,1417,1416,0,0
enc_decode,chatcmpl-a99c18eefef54a1cb73c3974e664544d,3174679.591625,0.015229,1,1,1418,1417,0,0
enc_decode,chatcmpl-a99c18eefef54a1cb73c3974e664544d,3174679.607337,0.015143,1,1,1419,1418,0,0
enc_decode,chatcmpl-a99c18eefef54a1cb73c3974e664544d,3174679.622974,0.015162,1,1,1420,1419,0,0
enc_decode,chatcmpl-a99c18eefef54a1cb73c3974e664544d,3174679.638630,0.015152,1,1,1421,1420,0,0
enc_decode,chatcmpl-a99c18eefef54a1cb73c3974e664544d,3174679.654268,0.015426,1,1,1422,1421,0,0
enc_decode,chatcmpl-a99c18eefef54a1cb73c3974e664544d,3174679.670188,0.015174,1,1,1423,1422,0,0
enc_decode,chatcmpl-a99c18eefef54a1cb73c3974e664544d,3174679.685848,0.015162,1,1,1424,1423,0,0
enc_decode,chatcmpl-a99c18eefef54a1cb73c3974e664544d,3174679.701495,0.015098,1,1,1425,1424,0,0
enc_decode,chatcmpl-a99c18eefef54a1cb73c3974e664544d,3174679.717100,0.015123,1,1,1426,1425,0,0
enc_decode,chatcmpl-a99c18eefef54a1cb73c3974e664544d,3174679.732708,0.015122,1,1,1427,1426,0,0
enc_decode,chatcmpl-a99c18eefef54a1cb73c3974e664544d,3174679.748326,0.015131,1,1,1428,1427,0,0
enc_decode,chatcmpl-a99c18eefef54a1cb73c3974e664544d,3174679.763951,0.015151,1,1,1429,1428,0,0
enc_decode,chatcmpl-a99c18eefef54a1cb73c3974e664544d,3174679.779592,0.015102,1,1,1430,1429,0,0
enc_decode,chatcmpl-a99c18eefef54a1cb73c3974e664544d,3174679.795180,0.015133,1,1,1431,1430,0,0
enc_decode,chatcmpl-a99c18eefef54a1cb73c3974e664544d,3174679.810796,0.015154,1,1,1432,1431,0,0
enc_decode,chatcmpl-a99c18eefef54a1cb73c3974e664544d,3174679.826440,0.015313,1,1,1433,1432,0,0
enc_decode,chatcmpl-a99c18eefef54a1cb73c3974e664544d,3174679.842239,0.015188,1,1,1434,1433,0,0
enc_decode,chatcmpl-a99c18eefef54a1cb73c3974e664544d,3174679.857915,0.015135,1,1,1435,1434,0,0
enc_decode,chatcmpl-a99c18eefef54a1cb73c3974e664544d,3174679.873563,0.015141,1,1,1436,1435,0,0
enc_decode,chatcmpl-a99c18eefef54a1cb73c3974e664544d,3174679.889195,0.015389,1,1,1437,1436,0,0
enc_decode,chatcmpl-a99c18eefef54a1cb73c3974e664544d,3174679.905080,0.015151,1,1,1438,1437,0,0
enc_decode,chatcmpl-a99c18eefef54a1cb73c3974e664544d,3174679.920719,0.015110,1,1,1439,1438,0,0
enc_decode,chatcmpl-a99c18eefef54a1cb73c3974e664544d,3174679.936326,0.015115,1,1,1440,1439,0,0
enc_decode,chatcmpl-a99c18eefef54a1cb73c3974e664544d,3174679.951929,0.015232,1,1,1441,1440,0,0
enc_decode,chatcmpl-a99c18eefef54a1cb73c3974e664544d,3174679.967648,0.015174,1,1,1442,1441,0,0
enc_decode,chatcmpl-a99c18eefef54a1cb73c3974e664544d,3174679.983306,0.015314,1,1,1443,1442,0,0
enc_decode,chatcmpl-a99c18eefef54a1cb73c3974e664544d,3174679.999112,0.015134,1,1,1444,1443,0,0
enc_decode,chatcmpl-a99c18eefef54a1cb73c3974e664544d,3174680.014739,0.015129,1,1,1445,1444,0,0
enc_decode,chatcmpl-a99c18eefef54a1cb73c3974e664544d,3174680.030388,0.015162,1,1,1446,1445,0,0
enc_decode,chatcmpl-a99c18eefef54a1cb73c3974e664544d,3174680.046032,0.015175,1,1,1447,1446,0,0
enc_decode,chatcmpl-a99c18eefef54a1cb73c3974e664544d,3174680.061706,0.015136,1,1,1448,1447,0,0
enc_decode,chatcmpl-a99c18eefef54a1cb73c3974e664544d,3174680.077336,0.015157,1,1,1449,1448,0,0
enc_decode,chatcmpl-a99c18eefef54a1cb73c3974e664544d,3174680.092994,0.015137,1,1,1450,1449,0,0
enc_decode,chatcmpl-a99c18eefef54a1cb73c3974e664544d,3174680.108638,0.015407,1,1,1451,1450,0,0
enc_decode,chatcmpl-a99c18eefef54a1cb73c3974e664544d,3174680.124535,0.015183,1,1,1452,1451,0,0
enc_decode,chatcmpl-a99c18eefef54a1cb73c3974e664544d,3174680.140218,0.015295,1,1,1453,1452,0,0
enc_decode,chatcmpl-a99c18eefef54a1cb73c3974e664544d,3174680.156016,0.015137,1,1,1454,1453,0,0
enc_decode,chatcmpl-a99c18eefef54a1cb73c3974e664544d,3174680.171642,0.015128,1,1,1455,1454,0,0
enc_decode,chatcmpl-a99c18eefef54a1cb73c3974e664544d,3174680.187256,0.015324,1,1,1456,1455,0,0
enc_decode,chatcmpl-a99c18eefef54a1cb73c3974e664544d,3174680.203061,0.015178,1,1,1457,1456,0,0
enc_decode,chatcmpl-a99c18eefef54a1cb73c3974e664544d,3174680.218729,0.015114,1,1,1458,1457,0,0
enc_decode,chatcmpl-a99c18eefef54a1cb73c3974e664544d,3174680.234327,0.015143,1,1,1459,1458,0,0
enc_decode,chatcmpl-a99c18eefef54a1cb73c3974e664544d,3174680.249955,0.015416,1,1,1460,1459,0,0
enc_decode,chatcmpl-a99c18eefef54a1cb73c3974e664544d,3174680.265855,0.015152,1,1,1461,1460,0,0
enc_decode,chatcmpl-a99c18eefef54a1cb73c3974e664544d,3174680.281506,0.015126,1,1,1462,1461,0,0
enc_decode,chatcmpl-a99c18eefef54a1cb73c3974e664544d,3174680.297124,0.015379,1,1,1463,1462,0,0
enc_decode,chatcmpl-a99c18eefef54a1cb73c3974e664544d,3174680.312989,0.015209,1,1,1464,1463,0,0
enc_decode,chatcmpl-a99c18eefef54a1cb73c3974e664544d,3174680.328689,0.015167,1,1,1465,1464,0,0
enc_decode,chatcmpl-a99c18eefef54a1cb73c3974e664544d,3174680.344356,0.015135,1,1,1466,1465,0,0
enc_decode,chatcmpl-a99c18eefef54a1cb73c3974e664544d,3174680.359981,0.015279,1,1,1467,1466,0,0
enc_decode,chatcmpl-a99c18eefef54a1cb73c3974e664544d,3174680.375747,0.015141,1,1,1468,1467,0,0
enc_decode,chatcmpl-a99c18eefef54a1cb73c3974e664544d,3174680.391374,0.015305,1,1,1469,1468,0,0
enc_decode,chatcmpl-a99c18eefef54a1cb73c3974e664544d,3174680.407166,0.015164,1,1,1470,1469,0,0
enc_decode,chatcmpl-a99c18eefef54a1cb73c3974e664544d,3174680.422820,0.015280,1,1,1471,1470,0,0
enc_decode,chatcmpl-a99c18eefef54a1cb73c3974e664544d,3174680.438588,0.015170,1,1,1472,1471,0,0
enc_decode,chatcmpl-a99c18eefef54a1cb73c3974e664544d,3174680.454249,0.015121,1,1,1473,1472,0,0
enc_decode,chatcmpl-a99c18eefef54a1cb73c3974e664544d,3174680.469856,0.015142,1,1,1474,1473,0,0
enc_decode,chatcmpl-a99c18eefef54a1cb73c3974e664544d,3174680.485484,0.015155,1,1,1475,1474,0,0
enc_decode,chatcmpl-a99c18eefef54a1cb73c3974e664544d,3174680.501128,0.015305,1,1,1476,1475,0,0
enc_prefill,chatcmpl-733c369b11954d85afd63ee06a8b5cb4,3174680.544477,0.359462,1,1336,1336,0,1,0
enc_decode,chatcmpl-733c369b11954d85afd63ee06a8b5cb4,3174680.904685,0.015272,1,1,1337,1336,0,0
enc_decode,chatcmpl-733c369b11954d85afd63ee06a8b5cb4,3174680.920453,0.015188,1,1,1338,1337,0,0
enc_decode,chatcmpl-733c369b11954d85afd63ee06a8b5cb4,3174680.936160,0.015178,1,1,1339,1338,0,0
enc_decode,chatcmpl-733c369b11954d85afd63ee06a8b5cb4,3174680.951829,0.015316,1,1,1340,1339,0,0
enc_decode,chatcmpl-733c369b11954d85afd63ee06a8b5cb4,3174680.967630,0.015168,1,1,1341,1340,0,0
enc_decode,chatcmpl-733c369b11954d85afd63ee06a8b5cb4,3174680.983286,0.015158,1,1,1342,1341,0,0
enc_decode,chatcmpl-733c369b11954d85afd63ee06a8b5cb4,3174680.998931,0.015130,1,1,1343,1342,0,0
enc_decode,chatcmpl-733c369b11954d85afd63ee06a8b5cb4,3174681.014571,0.015153,1,1,1344,1343,0,0
enc_decode,chatcmpl-733c369b11954d85afd63ee06a8b5cb4,3174681.030210,0.015132,1,1,1345,1344,0,0
enc_decode,chatcmpl-733c369b11954d85afd63ee06a8b5cb4,3174681.045823,0.015180,1,1,1346,1345,0,0
enc_decode,chatcmpl-733c369b11954d85afd63ee06a8b5cb4,3174681.061488,0.015109,1,1,1347,1346,0,0
enc_decode,chatcmpl-733c369b11954d85afd63ee06a8b5cb4,3174681.077084,0.015140,1,1,1348,1347,0,0
enc_decode,chatcmpl-733c369b11954d85afd63ee06a8b5cb4,3174681.092711,0.015251,1,1,1349,1348,0,0
enc_decode,chatcmpl-733c369b11954d85afd63ee06a8b5cb4,3174681.108454,0.015142,1,1,1350,1349,0,0
enc_decode,chatcmpl-733c369b11954d85afd63ee06a8b5cb4,3174681.124106,0.015114,1,1,1351,1350,0,0
enc_decode,chatcmpl-733c369b11954d85afd63ee06a8b5cb4,3174681.139707,0.015174,1,1,1352,1351,0,0
enc_decode,chatcmpl-733c369b11954d85afd63ee06a8b5cb4,3174681.155382,0.015260,1,1,1353,1352,0,0
enc_decode,chatcmpl-733c369b11954d85afd63ee06a8b5cb4,3174681.171123,0.015317,1,1,1354,1353,0,0
enc_decode,chatcmpl-733c369b11954d85afd63ee06a8b5cb4,3174681.186929,0.015159,1,1,1355,1354,0,0
enc_decode,chatcmpl-733c369b11954d85afd63ee06a8b5cb4,3174681.202576,0.015275,1,1,1356,1355,0,0
enc_decode,chatcmpl-733c369b11954d85afd63ee06a8b5cb4,3174681.218334,0.015177,1,1,1357,1356,0,0
enc_decode,chatcmpl-733c369b11954d85afd63ee06a8b5cb4,3174681.234006,0.015366,1,1,1358,1357,0,0
enc_decode,chatcmpl-733c369b11954d85afd63ee06a8b5cb4,3174681.249861,0.015152,1,1,1359,1358,0,0
enc_decode,chatcmpl-733c369b11954d85afd63ee06a8b5cb4,3174681.265504,0.015126,1,1,1360,1359,0,0
enc_decode,chatcmpl-733c369b11954d85afd63ee06a8b5cb4,3174681.281123,0.015167,1,1,1361,1360,0,0
enc_decode,chatcmpl-733c369b11954d85afd63ee06a8b5cb4,3174681.296771,0.015141,1,1,1362,1361,0,0
enc_decode,chatcmpl-733c369b11954d85afd63ee06a8b5cb4,3174681.312408,0.015118,1,1,1363,1362,0,0
enc_decode,chatcmpl-733c369b11954d85afd63ee06a8b5cb4,3174681.328021,0.015114,1,1,1364,1363,0,0
enc_decode,chatcmpl-733c369b11954d85afd63ee06a8b5cb4,3174681.343651,0.015146,1,1,1365,1364,0,0
enc_decode,chatcmpl-733c369b11954d85afd63ee06a8b5cb4,3174681.359280,0.015163,1,1,1366,1365,0,0
enc_decode,chatcmpl-733c369b11954d85afd63ee06a8b5cb4,3174681.374933,0.015284,1,1,1367,1366,0,0
enc_decode,chatcmpl-733c369b11954d85afd63ee06a8b5cb4,3174681.390700,0.015158,1,1,1368,1367,0,0
enc_decode,chatcmpl-733c369b11954d85afd63ee06a8b5cb4,3174681.406343,0.015143,1,1,1369,1368,0,0
enc_decode,chatcmpl-733c369b11954d85afd63ee06a8b5cb4,3174681.421974,0.015106,1,1,1370,1369,0,0
enc_decode,chatcmpl-733c369b11954d85afd63ee06a8b5cb4,3174681.437575,0.015153,1,1,1371,1370,0,0
enc_decode,chatcmpl-733c369b11954d85afd63ee06a8b5cb4,3174681.453214,0.015480,1,1,1372,1371,0,0
enc_decode,chatcmpl-733c369b11954d85afd63ee06a8b5cb4,3174681.469193,0.015141,1,1,1373,1372,0,0
enc_decode,chatcmpl-733c369b11954d85afd63ee06a8b5cb4,3174681.484820,0.015394,1,1,1374,1373,0,0
enc_decode,chatcmpl-733c369b11954d85afd63ee06a8b5cb4,3174681.500712,0.015157,1,1,1375,1374,0,0
enc_decode,chatcmpl-733c369b11954d85afd63ee06a8b5cb4,3174681.516369,0.015213,1,1,1376,1375,0,0
enc_decode,chatcmpl-733c369b11954d85afd63ee06a8b5cb4,3174681.532083,0.015102,1,1,1377,1376,0,0
enc_decode,chatcmpl-733c369b11954d85afd63ee06a8b5cb4,3174681.547669,0.015139,1,1,1378,1377,0,0
enc_decode,chatcmpl-733c369b11954d85afd63ee06a8b5cb4,3174681.563302,0.015308,1,1,1379,1378,0,0
enc_decode,chatcmpl-733c369b11954d85afd63ee06a8b5cb4,3174681.579094,0.015164,1,1,1380,1379,0,0
enc_decode,chatcmpl-733c369b11954d85afd63ee06a8b5cb4,3174681.594744,0.015130,1,1,1381,1380,0,0
enc_decode,chatcmpl-733c369b11954d85afd63ee06a8b5cb4,3174681.610359,0.015298,1,1,1382,1381,0,0
enc_decode,chatcmpl-733c369b11954d85afd63ee06a8b5cb4,3174681.626143,0.015157,1,1,1383,1382,0,0
enc_decode,chatcmpl-733c369b11954d85afd63ee06a8b5cb4,3174681.641788,0.015433,1,1,1384,1383,0,0
enc_decode,chatcmpl-733c369b11954d85afd63ee06a8b5cb4,3174681.657725,0.015145,1,1,1385,1384,0,0
enc_decode,chatcmpl-733c369b11954d85afd63ee06a8b5cb4,3174681.673365,0.015115,1,1,1386,1385,0,0
enc_decode,chatcmpl-733c369b11954d85afd63ee06a8b5cb4,3174681.688974,0.015132,1,1,1387,1386,0,0
enc_decode,chatcmpl-733c369b11954d85afd63ee06a8b5cb4,3174681.704592,0.015407,1,1,1388,1387,0,0
enc_decode,chatcmpl-733c369b11954d85afd63ee06a8b5cb4,3174681.720514,0.015163,1,1,1389,1388,0,0
enc_decode,chatcmpl-733c369b11954d85afd63ee06a8b5cb4,3174681.736179,0.015370,1,1,1390,1389,0,0
enc_decode,chatcmpl-733c369b11954d85afd63ee06a8b5cb4,3174681.752044,0.015115,1,1,1391,1390,0,0
enc_decode,chatcmpl-733c369b11954d85afd63ee06a8b5cb4,3174681.767643,0.015130,1,1,1392,1391,0,0
enc_decode,chatcmpl-733c369b11954d85afd63ee06a8b5cb4,3174681.783263,0.015170,1,1,1393,1392,0,0
enc_decode,chatcmpl-733c369b11954d85afd63ee06a8b5cb4,3174681.798922,0.015181,1,1,1394,1393,0,0
enc_decode,chatcmpl-733c369b11954d85afd63ee06a8b5cb4,3174681.814591,0.015380,1,1,1395,1394,0,0
enc_decode,chatcmpl-733c369b11954d85afd63ee06a8b5cb4,3174681.830472,0.015159,1,1,1396,1395,0,0
enc_decode,chatcmpl-733c369b11954d85afd63ee06a8b5cb4,3174681.846119,0.015171,1,1,1397,1396,0,0
enc_decode,chatcmpl-733c369b11954d85afd63ee06a8b5cb4,3174681.861786,0.015147,1,1,1398,1397,0,0
enc_decode,chatcmpl-733c369b11954d85afd63ee06a8b5cb4,3174681.877415,0.015267,1,1,1399,1398,0,0
enc_decode,chatcmpl-733c369b11954d85afd63ee06a8b5cb4,3174681.893184,0.015139,1,1,1400,1399,0,0
enc_decode,chatcmpl-733c369b11954d85afd63ee06a8b5cb4,3174681.908812,0.015119,1,1,1401,1400,0,0
enc_decode,chatcmpl-733c369b11954d85afd63ee06a8b5cb4,3174681.924440,0.015137,1,1,1402,1401,0,0
enc_decode,chatcmpl-733c369b11954d85afd63ee06a8b5cb4,3174681.940075,0.015159,1,1,1403,1402,0,0
enc_decode,chatcmpl-733c369b11954d85afd63ee06a8b5cb4,3174681.955727,0.015291,1,1,1404,1403,0,0
enc_decode,chatcmpl-733c369b11954d85afd63ee06a8b5cb4,3174681.971504,0.015153,1,1,1405,1404,0,0
enc_decode,chatcmpl-733c369b11954d85afd63ee06a8b5cb4,3174681.987144,0.015387,1,1,1406,1405,0,0
enc_decode,chatcmpl-733c369b11954d85afd63ee06a8b5cb4,3174682.003028,0.015189,1,1,1407,1406,0,0
enc_decode,chatcmpl-733c369b11954d85afd63ee06a8b5cb4,3174682.018702,0.015173,1,1,1408,1407,0,0
enc_decode,chatcmpl-733c369b11954d85afd63ee06a8b5cb4,3174682.034394,0.015144,1,1,1409,1408,0,0
enc_decode,chatcmpl-733c369b11954d85afd63ee06a8b5cb4,3174682.050028,0.015116,1,1,1410,1409,0,0
enc_decode,chatcmpl-733c369b11954d85afd63ee06a8b5cb4,3174682.065635,0.015136,1,1,1411,1410,0,0
enc_decode,chatcmpl-733c369b11954d85afd63ee06a8b5cb4,3174682.081255,0.015172,1,1,1412,1411,0,0
enc_decode,chatcmpl-733c369b11954d85afd63ee06a8b5cb4,3174682.096924,0.015132,1,1,1413,1412,0,0
enc_decode,chatcmpl-733c369b11954d85afd63ee06a8b5cb4,3174682.112541,0.015119,1,1,1414,1413,0,0
enc_decode,chatcmpl-733c369b11954d85afd63ee06a8b5cb4,3174682.128158,0.015290,1,1,1415,1414,0,0
enc_decode,chatcmpl-733c369b11954d85afd63ee06a8b5cb4,3174682.143929,0.015143,1,1,1416,1415,0,0
enc_decode,chatcmpl-733c369b11954d85afd63ee06a8b5cb4,3174682.159568,0.015172,1,1,1417,1416,0,0
enc_decode,chatcmpl-733c369b11954d85afd63ee06a8b5cb4,3174682.175239,0.015255,1,1,1418,1417,0,0
enc_decode,chatcmpl-733c369b11954d85afd63ee06a8b5cb4,3174682.190985,0.015134,1,1,1419,1418,0,0
enc_decode,chatcmpl-733c369b11954d85afd63ee06a8b5cb4,3174682.206612,0.015166,1,1,1420,1419,0,0
enc_decode,chatcmpl-733c369b11954d85afd63ee06a8b5cb4,3174682.222265,0.015147,1,1,1421,1420,0,0
enc_decode,chatcmpl-733c369b11954d85afd63ee06a8b5cb4,3174682.237908,0.015276,1,1,1422,1421,0,0
enc_decode,chatcmpl-733c369b11954d85afd63ee06a8b5cb4,3174682.253670,0.015139,1,1,1423,1422,0,0
enc_decode,chatcmpl-733c369b11954d85afd63ee06a8b5cb4,3174682.269309,0.015129,1,1,1424,1423,0,0
enc_decode,chatcmpl-733c369b11954d85afd63ee06a8b5cb4,3174682.284926,0.015092,1,1,1425,1424,0,0
enc_decode,chatcmpl-733c369b11954d85afd63ee06a8b5cb4,3174682.300509,0.015148,1,1,1426,1425,0,0
enc_decode,chatcmpl-733c369b11954d85afd63ee06a8b5cb4,3174682.316150,0.015113,1,1,1427,1426,0,0
enc_decode,chatcmpl-733c369b11954d85afd63ee06a8b5cb4,3174682.331754,0.015121,1,1,1428,1427,0,0
enc_decode,chatcmpl-733c369b11954d85afd63ee06a8b5cb4,3174682.347369,0.015301,1,1,1429,1428,0,0
enc_decode,chatcmpl-733c369b11954d85afd63ee06a8b5cb4,3174682.363149,0.015168,1,1,1430,1429,0,0
enc_decode,chatcmpl-733c369b11954d85afd63ee06a8b5cb4,3174682.378811,0.015325,1,1,1431,1430,0,0
enc_decode,chatcmpl-733c369b11954d85afd63ee06a8b5cb4,3174682.394620,0.015175,1,1,1432,1431,0,0
enc_decode,chatcmpl-733c369b11954d85afd63ee06a8b5cb4,3174682.410282,0.015322,1,1,1433,1432,0,0
enc_decode,chatcmpl-733c369b11954d85afd63ee06a8b5cb4,3174682.426088,0.015160,1,1,1434,1433,0,0
enc_decode,chatcmpl-733c369b11954d85afd63ee06a8b5cb4,3174682.441737,0.015339,1,1,1435,1434,0,0
enc_decode,chatcmpl-733c369b11954d85afd63ee06a8b5cb4,3174682.457573,0.015137,1,1,1436,1435,0,0
enc_decode,chatcmpl-733c369b11954d85afd63ee06a8b5cb4,3174682.473194,0.015110,1,1,1437,1436,0,0
enc_decode,chatcmpl-733c369b11954d85afd63ee06a8b5cb4,3174682.488813,0.015145,1,1,1438,1437,0,0
enc_decode,chatcmpl-733c369b11954d85afd63ee06a8b5cb4,3174682.504470,0.015125,1,1,1439,1438,0,0
enc_decode,chatcmpl-733c369b11954d85afd63ee06a8b5cb4,3174682.520118,0.015167,1,1,1440,1439,0,0
enc_decode,chatcmpl-733c369b11954d85afd63ee06a8b5cb4,3174682.535769,0.015249,1,1,1441,1440,0,0
enc_decode,chatcmpl-733c369b11954d85afd63ee06a8b5cb4,3174682.551513,0.015127,1,1,1442,1441,0,0
enc_decode,chatcmpl-733c369b11954d85afd63ee06a8b5cb4,3174682.567128,0.015305,1,1,1443,1442,0,0
enc_decode,chatcmpl-733c369b11954d85afd63ee06a8b5cb4,3174682.582919,0.015173,1,1,1444,1443,0,0
enc_decode,chatcmpl-733c369b11954d85afd63ee06a8b5cb4,3174682.598577,0.015256,1,1,1445,1444,0,0
enc_decode,chatcmpl-733c369b11954d85afd63ee06a8b5cb4,3174682.614327,0.015144,1,1,1446,1445,0,0
enc_decode,chatcmpl-733c369b11954d85afd63ee06a8b5cb4,3174682.629961,0.015154,1,1,1447,1446,0,0
enc_decode,chatcmpl-733c369b11954d85afd63ee06a8b5cb4,3174682.645615,0.015116,1,1,1448,1447,0,0
enc_decode,chatcmpl-733c369b11954d85afd63ee06a8b5cb4,3174682.661223,0.015328,1,1,1449,1448,0,0
enc_decode,chatcmpl-733c369b11954d85afd63ee06a8b5cb4,3174682.677047,0.015120,1,1,1450,1449,0,0
enc_decode,chatcmpl-733c369b11954d85afd63ee06a8b5cb4,3174682.692655,0.015389,1,1,1451,1450,0,0
enc_decode,chatcmpl-733c369b11954d85afd63ee06a8b5cb4,3174682.708542,0.015130,1,1,1452,1451,0,0
enc_decode,chatcmpl-733c369b11954d85afd63ee06a8b5cb4,3174682.724164,0.015146,1,1,1453,1452,0,0
enc_decode,chatcmpl-733c369b11954d85afd63ee06a8b5cb4,3174682.739822,0.015182,1,1,1454,1453,0,0
enc_decode,chatcmpl-733c369b11954d85afd63ee06a8b5cb4,3174682.755490,0.015134,1,1,1455,1454,0,0
enc_decode,chatcmpl-733c369b11954d85afd63ee06a8b5cb4,3174682.771127,0.015134,1,1,1456,1455,0,0
enc_decode,chatcmpl-733c369b11954d85afd63ee06a8b5cb4,3174682.786738,0.015158,1,1,1457,1456,0,0
enc_decode,chatcmpl-733c369b11954d85afd63ee06a8b5cb4,3174682.802384,0.015159,1,1,1458,1457,0,0
enc_decode,chatcmpl-733c369b11954d85afd63ee06a8b5cb4,3174682.818036,0.015155,1,1,1459,1458,0,0
enc_decode,chatcmpl-733c369b11954d85afd63ee06a8b5cb4,3174682.833686,0.015117,1,1,1460,1459,0,0
enc_decode,chatcmpl-733c369b11954d85afd63ee06a8b5cb4,3174682.849313,0.015141,1,1,1461,1460,0,0
enc_decode,chatcmpl-733c369b11954d85afd63ee06a8b5cb4,3174682.864935,0.015138,1,1,1462,1461,0,0
enc_decode,chatcmpl-733c369b11954d85afd63ee06a8b5cb4,3174682.880562,0.015286,1,1,1463,1462,0,0
enc_decode,chatcmpl-733c369b11954d85afd63ee06a8b5cb4,3174682.896348,0.015248,1,1,1464,1463,0,0
enc_decode,chatcmpl-733c369b11954d85afd63ee06a8b5cb4,3174682.912091,0.015272,1,1,1465,1464,0,0
enc_decode,chatcmpl-733c369b11954d85afd63ee06a8b5cb4,3174682.927848,0.015126,1,1,1466,1465,0,0
enc_decode,chatcmpl-733c369b11954d85afd63ee06a8b5cb4,3174682.943459,0.015152,1,1,1467,1466,0,0
enc_decode,chatcmpl-733c369b11954d85afd63ee06a8b5cb4,3174682.959093,0.015257,1,1,1468,1467,0,0
enc_decode,chatcmpl-733c369b11954d85afd63ee06a8b5cb4,3174682.974828,0.015272,1,1,1469,1468,0,0
enc_decode,chatcmpl-733c369b11954d85afd63ee06a8b5cb4,3174682.990587,0.015127,1,1,1470,1469,0,0
enc_decode,chatcmpl-733c369b11954d85afd63ee06a8b5cb4,3174683.006197,0.015132,1,1,1471,1470,0,0
enc_decode,chatcmpl-733c369b11954d85afd63ee06a8b5cb4,3174683.021819,0.015136,1,1,1472,1471,0,0
enc_decode,chatcmpl-733c369b11954d85afd63ee06a8b5cb4,3174683.037440,0.015143,1,1,1473,1472,0,0
enc_decode,chatcmpl-733c369b11954d85afd63ee06a8b5cb4,3174683.053070,0.015289,1,1,1474,1473,0,0
enc_decode,chatcmpl-733c369b11954d85afd63ee06a8b5cb4,3174683.068841,0.015158,1,1,1475,1474,0,0
enc_decode,chatcmpl-733c369b11954d85afd63ee06a8b5cb4,3174683.084490,0.015131,1,1,1476,1475,0,0
enc_decode,chatcmpl-733c369b11954d85afd63ee06a8b5cb4,3174683.100120,0.015134,1,1,1477,1476,0,0
enc_decode,chatcmpl-733c369b11954d85afd63ee06a8b5cb4,3174683.115739,0.015139,1,1,1478,1477,0,0
enc_decode,chatcmpl-733c369b11954d85afd63ee06a8b5cb4,3174683.131359,0.015110,1,1,1479,1478,0,0
enc_decode,chatcmpl-733c369b11954d85afd63ee06a8b5cb4,3174683.146954,0.015296,1,1,1480,1479,0,0
enc_decode,chatcmpl-733c369b11954d85afd63ee06a8b5cb4,3174683.162740,0.015173,1,1,1481,1480,0,0
enc_decode,chatcmpl-733c369b11954d85afd63ee06a8b5cb4,3174683.178398,0.015324,1,1,1482,1481,0,0
enc_decode,chatcmpl-733c369b11954d85afd63ee06a8b5cb4,3174683.194227,0.015154,1,1,1483,1482,0,0
enc_decode,chatcmpl-733c369b11954d85afd63ee06a8b5cb4,3174683.209870,0.015149,1,1,1484,1483,0,0
enc_decode,chatcmpl-733c369b11954d85afd63ee06a8b5cb4,3174683.225505,0.015295,1,1,1485,1484,0,0
enc_decode,chatcmpl-733c369b11954d85afd63ee06a8b5cb4,3174683.241280,0.015174,1,1,1486,1485,0,0
enc_prefill,chatcmpl-e55de281f3b2449ba30b698dfeb8aa47,3174683.284848,0.358809,1,1352,1352,0,1,0
enc_decode,chatcmpl-e55de281f3b2449ba30b698dfeb8aa47,3174683.644379,0.015258,1,1,1353,1352,0,0
enc_decode,chatcmpl-e55de281f3b2449ba30b698dfeb8aa47,3174683.660138,0.015216,1,1,1354,1353,0,0
enc_decode,chatcmpl-e55de281f3b2449ba30b698dfeb8aa47,3174683.675850,0.015156,1,1,1355,1354,0,0
enc_decode,chatcmpl-e55de281f3b2449ba30b698dfeb8aa47,3174683.691496,0.015191,1,1,1356,1355,0,0
enc_decode,chatcmpl-e55de281f3b2449ba30b698dfeb8aa47,3174683.707180,0.015144,1,1,1357,1356,0,0
enc_decode,chatcmpl-e55de281f3b2449ba30b698dfeb8aa47,3174683.722809,0.015100,1,1,1358,1357,0,0
enc_decode,chatcmpl-e55de281f3b2449ba30b698dfeb8aa47,3174683.738420,0.015268,1,1,1359,1358,0,0
enc_decode,chatcmpl-e55de281f3b2449ba30b698dfeb8aa47,3174683.754173,0.015175,1,1,1360,1359,0,0
enc_decode,chatcmpl-e55de281f3b2449ba30b698dfeb8aa47,3174683.769840,0.015144,1,1,1361,1360,0,0
enc_decode,chatcmpl-e55de281f3b2449ba30b698dfeb8aa47,3174683.785471,0.015135,1,1,1362,1361,0,0
enc_decode,chatcmpl-e55de281f3b2449ba30b698dfeb8aa47,3174683.801096,0.015127,1,1,1363,1362,0,0
enc_decode,chatcmpl-e55de281f3b2449ba30b698dfeb8aa47,3174683.816726,0.015136,1,1,1364,1363,0,0
enc_decode,chatcmpl-e55de281f3b2449ba30b698dfeb8aa47,3174683.832354,0.015141,1,1,1365,1364,0,0
enc_decode,chatcmpl-e55de281f3b2449ba30b698dfeb8aa47,3174683.847978,0.015130,1,1,1366,1365,0,0
enc_decode,chatcmpl-e55de281f3b2449ba30b698dfeb8aa47,3174683.863598,0.015134,1,1,1367,1366,0,0
enc_decode,chatcmpl-e55de281f3b2449ba30b698dfeb8aa47,3174683.879219,0.015409,1,1,1368,1367,0,0
enc_decode,chatcmpl-e55de281f3b2449ba30b698dfeb8aa47,3174683.895128,0.015170,1,1,1369,1368,0,0
enc_decode,chatcmpl-e55de281f3b2449ba30b698dfeb8aa47,3174683.910780,0.015164,1,1,1370,1369,0,0
enc_decode,chatcmpl-e55de281f3b2449ba30b698dfeb8aa47,3174683.926435,0.015148,1,1,1371,1370,0,0
enc_decode,chatcmpl-e55de281f3b2449ba30b698dfeb8aa47,3174683.942081,0.015152,1,1,1372,1371,0,0
enc_decode,chatcmpl-e55de281f3b2449ba30b698dfeb8aa47,3174683.957722,0.015119,1,1,1373,1372,0,0
enc_decode,chatcmpl-e55de281f3b2449ba30b698dfeb8aa47,3174683.973332,0.015288,1,1,1374,1373,0,0
enc_decode,chatcmpl-e55de281f3b2449ba30b698dfeb8aa47,3174683.989104,0.015102,1,1,1375,1374,0,0
enc_decode,chatcmpl-e55de281f3b2449ba30b698dfeb8aa47,3174684.004691,0.015369,1,1,1376,1375,0,0
enc_decode,chatcmpl-e55de281f3b2449ba30b698dfeb8aa47,3174684.020543,0.015105,1,1,1377,1376,0,0
enc_decode,chatcmpl-e55de281f3b2449ba30b698dfeb8aa47,3174684.036149,0.015124,1,1,1378,1377,0,0
enc_decode,chatcmpl-e55de281f3b2449ba30b698dfeb8aa47,3174684.051755,0.015149,1,1,1379,1378,0,0
enc_decode,chatcmpl-e55de281f3b2449ba30b698dfeb8aa47,3174684.067396,0.015163,1,1,1380,1379,0,0
enc_decode,chatcmpl-e55de281f3b2449ba30b698dfeb8aa47,3174684.083049,0.015118,1,1,1381,1380,0,0
enc_decode,chatcmpl-e55de281f3b2449ba30b698dfeb8aa47,3174684.098658,0.015222,1,1,1382,1381,0,0
enc_decode,chatcmpl-e55de281f3b2449ba30b698dfeb8aa47,3174684.114374,0.015157,1,1,1383,1382,0,0
enc_decode,chatcmpl-e55de281f3b2449ba30b698dfeb8aa47,3174684.130029,0.015389,1,1,1384,1383,0,0
enc_decode,chatcmpl-e55de281f3b2449ba30b698dfeb8aa47,3174684.145925,0.015168,1,1,1385,1384,0,0
enc_decode,chatcmpl-e55de281f3b2449ba30b698dfeb8aa47,3174684.161586,0.015126,1,1,1386,1385,0,0
enc_decode,chatcmpl-e55de281f3b2449ba30b698dfeb8aa47,3174684.177199,0.015082,1,1,1387,1386,0,0
enc_decode,chatcmpl-e55de281f3b2449ba30b698dfeb8aa47,3174684.192777,0.015135,1,1,1388,1387,0,0
enc_decode,chatcmpl-e55de281f3b2449ba30b698dfeb8aa47,3174684.208415,0.015104,1,1,1389,1388,0,0
enc_decode,chatcmpl-e55de281f3b2449ba30b698dfeb8aa47,3174684.224038,0.015142,1,1,1390,1389,0,0
enc_decode,chatcmpl-e55de281f3b2449ba30b698dfeb8aa47,3174684.239681,0.015106,1,1,1391,1390,0,0
enc_decode,chatcmpl-e55de281f3b2449ba30b698dfeb8aa47,3174684.255302,0.015186,1,1,1392,1391,0,0
enc_decode,chatcmpl-e55de281f3b2449ba30b698dfeb8aa47,3174684.270969,0.015135,1,1,1393,1392,0,0
enc_decode,chatcmpl-e55de281f3b2449ba30b698dfeb8aa47,3174684.286589,0.015129,1,1,1394,1393,0,0
enc_decode,chatcmpl-e55de281f3b2449ba30b698dfeb8aa47,3174684.302214,0.015141,1,1,1395,1394,0,0
enc_decode,chatcmpl-e55de281f3b2449ba30b698dfeb8aa47,3174684.317843,0.015109,1,1,1396,1395,0,0
enc_decode,chatcmpl-e55de281f3b2449ba30b698dfeb8aa47,3174684.333461,0.015171,1,1,1397,1396,0,0
enc_decode,chatcmpl-e55de281f3b2449ba30b698dfeb8aa47,3174684.349119,0.015118,1,1,1398,1397,0,0
enc_decode,chatcmpl-e55de281f3b2449ba30b698dfeb8aa47,3174684.364720,0.015100,1,1,1399,1398,0,0
enc_decode,chatcmpl-e55de281f3b2449ba30b698dfeb8aa47,3174684.380320,0.015115,1,1,1400,1399,0,0
enc_decode,chatcmpl-e55de281f3b2449ba30b698dfeb8aa47,3174684.395919,0.015137,1,1,1401,1400,0,0
enc_decode,chatcmpl-e55de281f3b2449ba30b698dfeb8aa47,3174684.411541,0.015316,1,1,1402,1401,0,0
enc_decode,chatcmpl-e55de281f3b2449ba30b698dfeb8aa47,3174684.427343,0.015149,1,1,1403,1402,0,0
enc_decode,chatcmpl-e55de281f3b2449ba30b698dfeb8aa47,3174684.442988,0.015094,1,1,1404,1403,0,0
enc_decode,chatcmpl-e55de281f3b2449ba30b698dfeb8aa47,3174684.458587,0.015264,1,1,1405,1404,0,0
enc_decode,chatcmpl-e55de281f3b2449ba30b698dfeb8aa47,3174684.474342,0.015130,1,1,1406,1405,0,0
enc_decode,chatcmpl-e55de281f3b2449ba30b698dfeb8aa47,3174684.489960,0.015185,1,1,1407,1406,0,0
enc_decode,chatcmpl-e55de281f3b2449ba30b698dfeb8aa47,3174684.505634,0.015108,1,1,1408,1407,0,0
enc_decode,chatcmpl-e55de281f3b2449ba30b698dfeb8aa47,3174684.521255,0.015133,1,1,1409,1408,0,0
enc_decode,chatcmpl-e55de281f3b2449ba30b698dfeb8aa47,3174684.536874,0.015309,1,1,1410,1409,0,0
enc_decode,chatcmpl-e55de281f3b2449ba30b698dfeb8aa47,3174684.552665,0.015167,1,1,1411,1410,0,0
enc_decode,chatcmpl-e55de281f3b2449ba30b698dfeb8aa47,3174684.568330,0.015363,1,1,1412,1411,0,0
enc_decode,chatcmpl-e55de281f3b2449ba30b698dfeb8aa47,3174684.584193,0.015152,1,1,1413,1412,0,0
enc_decode,chatcmpl-e55de281f3b2449ba30b698dfeb8aa47,3174684.599831,0.015116,1,1,1414,1413,0,0
enc_decode,chatcmpl-e55de281f3b2449ba30b698dfeb8aa47,3174684.615461,0.015172,1,1,1415,1414,0,0
enc_decode,chatcmpl-e55de281f3b2449ba30b698dfeb8aa47,3174684.631117,0.015166,1,1,1416,1415,0,0
enc_decode,chatcmpl-e55de281f3b2449ba30b698dfeb8aa47,3174684.646773,0.015161,1,1,1417,1416,0,0
enc_decode,chatcmpl-e55de281f3b2449ba30b698dfeb8aa47,3174684.662419,0.015149,1,1,1418,1417,0,0
enc_decode,chatcmpl-e55de281f3b2449ba30b698dfeb8aa47,3174684.678055,0.015283,1,1,1419,1418,0,0
enc_decode,chatcmpl-e55de281f3b2449ba30b698dfeb8aa47,3174684.693822,0.015161,1,1,1420,1419,0,0
enc_decode,chatcmpl-e55de281f3b2449ba30b698dfeb8aa47,3174684.709470,0.015281,1,1,1421,1420,0,0
enc_decode,chatcmpl-e55de281f3b2449ba30b698dfeb8aa47,3174684.725239,0.015168,1,1,1422,1421,0,0
enc_decode,chatcmpl-e55de281f3b2449ba30b698dfeb8aa47,3174684.740892,0.015389,1,1,1423,1422,0,0
enc_decode,chatcmpl-e55de281f3b2449ba30b698dfeb8aa47,3174684.756770,0.015138,1,1,1424,1423,0,0
enc_decode,chatcmpl-e55de281f3b2449ba30b698dfeb8aa47,3174684.772401,0.015138,1,1,1425,1424,0,0
enc_decode,chatcmpl-e55de281f3b2449ba30b698dfeb8aa47,3174684.788033,0.015099,1,1,1426,1425,0,0
enc_decode,chatcmpl-e55de281f3b2449ba30b698dfeb8aa47,3174684.803620,0.015140,1,1,1427,1426,0,0
enc_decode,chatcmpl-e55de281f3b2449ba30b698dfeb8aa47,3174684.819249,0.015407,1,1,1428,1427,0,0
enc_decode,chatcmpl-e55de281f3b2449ba30b698dfeb8aa47,3174684.835146,0.015189,1,1,1429,1428,0,0
enc_decode,chatcmpl-e55de281f3b2449ba30b698dfeb8aa47,3174684.850820,0.015177,1,1,1430,1429,0,0
enc_decode,chatcmpl-e55de281f3b2449ba30b698dfeb8aa47,3174684.866490,0.015151,1,1,1431,1430,0,0
enc_decode,chatcmpl-e55de281f3b2449ba30b698dfeb8aa47,3174684.882130,0.015287,1,1,1432,1431,0,0
enc_decode,chatcmpl-e55de281f3b2449ba30b698dfeb8aa47,3174684.897897,0.015171,1,1,1433,1432,0,0
enc_decode,chatcmpl-e55de281f3b2449ba30b698dfeb8aa47,3174684.913585,0.015307,1,1,1434,1433,0,0
enc_decode,chatcmpl-e55de281f3b2449ba30b698dfeb8aa47,3174684.929378,0.015129,1,1,1435,1434,0,0
enc_decode,chatcmpl-e55de281f3b2449ba30b698dfeb8aa47,3174684.944995,0.015110,1,1,1436,1435,0,0
enc_decode,chatcmpl-e55de281f3b2449ba30b698dfeb8aa47,3174684.960595,0.015142,1,1,1437,1436,0,0
enc_decode,chatcmpl-e55de281f3b2449ba30b698dfeb8aa47,3174684.976233,0.015110,1,1,1438,1437,0,0
enc_decode,chatcmpl-e55de281f3b2449ba30b698dfeb8aa47,3174684.991827,0.015156,1,1,1439,1438,0,0
enc_decode,chatcmpl-e55de281f3b2449ba30b698dfeb8aa47,3174685.007476,0.015148,1,1,1440,1439,0,0
enc_decode,chatcmpl-e55de281f3b2449ba30b698dfeb8aa47,3174685.023112,0.015130,1,1,1441,1440,0,0
enc_decode,chatcmpl-e55de281f3b2449ba30b698dfeb8aa47,3174685.038731,0.015115,1,1,1442,1441,0,0
enc_decode,chatcmpl-e55de281f3b2449ba30b698dfeb8aa47,3174685.054326,0.015169,1,1,1443,1442,0,0
enc_decode,chatcmpl-e55de281f3b2449ba30b698dfeb8aa47,3174685.069983,0.015106,1,1,1444,1443,0,0
enc_decode,chatcmpl-e55de281f3b2449ba30b698dfeb8aa47,3174685.085602,0.015157,1,1,1445,1444,0,0
enc_decode,chatcmpl-e55de281f3b2449ba30b698dfeb8aa47,3174685.101247,0.015283,1,1,1446,1445,0,0
enc_decode,chatcmpl-e55de281f3b2449ba30b698dfeb8aa47,3174685.117011,0.015130,1,1,1447,1446,0,0
enc_decode,chatcmpl-e55de281f3b2449ba30b698dfeb8aa47,3174685.132626,0.015392,1,1,1448,1447,0,0
enc_decode,chatcmpl-e55de281f3b2449ba30b698dfeb8aa47,3174685.148518,0.015135,1,1,1449,1448,0,0
enc_decode,chatcmpl-e55de281f3b2449ba30b698dfeb8aa47,3174685.164157,0.015266,1,1,1450,1449,0,0
enc_decode,chatcmpl-e55de281f3b2449ba30b698dfeb8aa47,3174685.179912,0.015248,1,1,1451,1450,0,0
enc_decode,chatcmpl-e55de281f3b2449ba30b698dfeb8aa47,3174685.195639,0.015175,1,1,1452,1451,0,0
enc_decode,chatcmpl-e55de281f3b2449ba30b698dfeb8aa47,3174685.211305,0.015179,1,1,1453,1452,0,0
enc_decode,chatcmpl-e55de281f3b2449ba30b698dfeb8aa47,3174685.226974,0.015108,1,1,1454,1453,0,0
enc_decode,chatcmpl-e55de281f3b2449ba30b698dfeb8aa47,3174685.242569,0.015144,1,1,1455,1454,0,0
enc_decode,chatcmpl-e55de281f3b2449ba30b698dfeb8aa47,3174685.258195,0.015284,1,1,1456,1455,0,0
enc_decode,chatcmpl-e55de281f3b2449ba30b698dfeb8aa47,3174685.273969,0.015178,1,1,1457,1456,0,0
enc_decode,chatcmpl-e55de281f3b2449ba30b698dfeb8aa47,3174685.289633,0.015111,1,1,1458,1457,0,0
enc_decode,chatcmpl-e55de281f3b2449ba30b698dfeb8aa47,3174685.305238,0.015291,1,1,1459,1458,0,0
enc_decode,chatcmpl-e55de281f3b2449ba30b698dfeb8aa47,3174685.321023,0.015121,1,1,1460,1459,0,0
enc_decode,chatcmpl-e55de281f3b2449ba30b698dfeb8aa47,3174685.336631,0.015151,1,1,1461,1460,0,0
enc_decode,chatcmpl-e55de281f3b2449ba30b698dfeb8aa47,3174685.352281,0.015124,1,1,1462,1461,0,0
enc_decode,chatcmpl-e55de281f3b2449ba30b698dfeb8aa47,3174685.367883,0.015146,1,1,1463,1462,0,0
enc_decode,chatcmpl-e55de281f3b2449ba30b698dfeb8aa47,3174685.383520,0.015154,1,1,1464,1463,0,0
enc_decode,chatcmpl-e55de281f3b2449ba30b698dfeb8aa47,3174685.399160,0.015135,1,1,1465,1464,0,0
enc_decode,chatcmpl-e55de281f3b2449ba30b698dfeb8aa47,3174685.414781,0.015164,1,1,1466,1465,0,0
enc_decode,chatcmpl-e55de281f3b2449ba30b698dfeb8aa47,3174685.430431,0.015186,1,1,1467,1466,0,0
enc_decode,chatcmpl-e55de281f3b2449ba30b698dfeb8aa47,3174685.446107,0.015155,1,1,1468,1467,0,0
enc_decode,chatcmpl-e55de281f3b2449ba30b698dfeb8aa47,3174685.461747,0.015418,1,1,1469,1468,0,0
enc_decode,chatcmpl-e55de281f3b2449ba30b698dfeb8aa47,3174685.477651,0.015139,1,1,1470,1469,0,0
enc_decode,chatcmpl-e55de281f3b2449ba30b698dfeb8aa47,3174685.493271,0.015148,1,1,1471,1470,0,0
enc_decode,chatcmpl-e55de281f3b2449ba30b698dfeb8aa47,3174685.508902,0.015266,1,1,1472,1471,0,0
enc_decode,chatcmpl-e55de281f3b2449ba30b698dfeb8aa47,3174685.524654,0.015133,1,1,1473,1472,0,0
enc_decode,chatcmpl-e55de281f3b2449ba30b698dfeb8aa47,3174685.540283,0.015226,1,1,1474,1473,0,0
enc_decode,chatcmpl-e55de281f3b2449ba30b698dfeb8aa47,3174685.555998,0.015168,1,1,1475,1474,0,0
enc_decode,chatcmpl-e55de281f3b2449ba30b698dfeb8aa47,3174685.571652,0.015168,1,1,1476,1475,0,0
enc_decode,chatcmpl-e55de281f3b2449ba30b698dfeb8aa47,3174685.587313,0.015134,1,1,1477,1476,0,0
enc_decode,chatcmpl-e55de281f3b2449ba30b698dfeb8aa47,3174685.602929,0.015131,1,1,1478,1477,0,0
enc_decode,chatcmpl-e55de281f3b2449ba30b698dfeb8aa47,3174685.618543,0.015290,1,1,1479,1478,0,0
enc_decode,chatcmpl-e55de281f3b2449ba30b698dfeb8aa47,3174685.634322,0.015132,1,1,1480,1479,0,0
enc_decode,chatcmpl-e55de281f3b2449ba30b698dfeb8aa47,3174685.649945,0.015120,1,1,1481,1480,0,0
enc_decode,chatcmpl-e55de281f3b2449ba30b698dfeb8aa47,3174685.665577,0.015155,1,1,1482,1481,0,0
enc_decode,chatcmpl-e55de281f3b2449ba30b698dfeb8aa47,3174685.681222,0.015096,1,1,1483,1482,0,0
enc_decode,chatcmpl-e55de281f3b2449ba30b698dfeb8aa47,3174685.696803,0.015097,1,1,1484,1483,0,0
enc_decode,chatcmpl-e55de281f3b2449ba30b698dfeb8aa47,3174685.712406,0.015174,1,1,1485,1484,0,0
enc_decode,chatcmpl-e55de281f3b2449ba30b698dfeb8aa47,3174685.728079,0.015113,1,1,1486,1485,0,0
enc_decode,chatcmpl-e55de281f3b2449ba30b698dfeb8aa47,3174685.743679,0.015109,1,1,1487,1486,0,0
enc_decode,chatcmpl-e55de281f3b2449ba30b698dfeb8aa47,3174685.759276,0.015125,1,1,1488,1487,0,0
enc_decode,chatcmpl-e55de281f3b2449ba30b698dfeb8aa47,3174685.774886,0.015281,1,1,1489,1488,0,0
enc_decode,chatcmpl-e55de281f3b2449ba30b698dfeb8aa47,3174685.790654,0.015143,1,1,1490,1489,0,0
enc_decode,chatcmpl-e55de281f3b2449ba30b698dfeb8aa47,3174685.806278,0.015168,1,1,1491,1490,0,0
enc_decode,chatcmpl-e55de281f3b2449ba30b698dfeb8aa47,3174685.821932,0.015320,1,1,1492,1491,0,0
enc_decode,chatcmpl-e55de281f3b2449ba30b698dfeb8aa47,3174685.837739,0.015149,1,1,1493,1492,0,0
enc_decode,chatcmpl-e55de281f3b2449ba30b698dfeb8aa47,3174685.853373,0.015288,1,1,1494,1493,0,0
enc_decode,chatcmpl-e55de281f3b2449ba30b698dfeb8aa47,3174685.869146,0.015144,1,1,1495,1494,0,0
enc_decode,chatcmpl-e55de281f3b2449ba30b698dfeb8aa47,3174685.884776,0.015110,1,1,1496,1495,0,0
enc_prefill,chatcmpl-8f916d620ade4469b33070f3c575310a,3174685.927698,0.362523,1,1363,1363,0,1,0
enc_decode,chatcmpl-8f916d620ade4469b33070f3c575310a,3174686.290953,0.015269,1,1,1364,1363,0,0
enc_decode,chatcmpl-8f916d620ade4469b33070f3c575310a,3174686.306719,0.015185,1,1,1365,1364,0,0
enc_decode,chatcmpl-8f916d620ade4469b33070f3c575310a,3174686.322387,0.015209,1,1,1366,1365,0,0
enc_decode,chatcmpl-8f916d620ade4469b33070f3c575310a,3174686.338084,0.015182,1,1,1367,1366,0,0
enc_decode,chatcmpl-8f916d620ade4469b33070f3c575310a,3174686.353760,0.015123,1,1,1368,1367,0,0
enc_decode,chatcmpl-8f916d620ade4469b33070f3c575310a,3174686.369371,0.015150,1,1,1369,1368,0,0
enc_decode,chatcmpl-8f916d620ade4469b33070f3c575310a,3174686.385011,0.015367,1,1,1370,1369,0,0
enc_decode,chatcmpl-8f916d620ade4469b33070f3c575310a,3174686.400874,0.015152,1,1,1371,1370,0,0
enc_decode,chatcmpl-8f916d620ade4469b33070f3c575310a,3174686.416511,0.015273,1,1,1372,1371,0,0
enc_decode,chatcmpl-8f916d620ade4469b33070f3c575310a,3174686.432280,0.015144,1,1,1373,1372,0,0
enc_decode,chatcmpl-8f916d620ade4469b33070f3c575310a,3174686.447914,0.015158,1,1,1374,1373,0,0
enc_decode,chatcmpl-8f916d620ade4469b33070f3c575310a,3174686.463578,0.015167,1,1,1375,1374,0,0
enc_decode,chatcmpl-8f916d620ade4469b33070f3c575310a,3174686.479226,0.015104,1,1,1376,1375,0,0
enc_decode,chatcmpl-8f916d620ade4469b33070f3c575310a,3174686.494823,0.015109,1,1,1377,1376,0,0
enc_decode,chatcmpl-8f916d620ade4469b33070f3c575310a,3174686.510420,0.015128,1,1,1378,1377,0,0
enc_decode,chatcmpl-8f916d620ade4469b33070f3c575310a,3174686.526040,0.015142,1,1,1379,1378,0,0
enc_decode,chatcmpl-8f916d620ade4469b33070f3c575310a,3174686.541672,0.015093,1,1,1380,1379,0,0
enc_decode,chatcmpl-8f916d620ade4469b33070f3c575310a,3174686.557254,0.015094,1,1,1381,1380,0,0
enc_decode,chatcmpl-8f916d620ade4469b33070f3c575310a,3174686.572835,0.015107,1,1,1382,1381,0,0
enc_decode,chatcmpl-8f916d620ade4469b33070f3c575310a,3174686.588446,0.015095,1,1,1383,1382,0,0
enc_decode,chatcmpl-8f916d620ade4469b33070f3c575310a,3174686.604036,0.015089,1,1,1384,1383,0,0
enc_decode,chatcmpl-8f916d620ade4469b33070f3c575310a,3174686.619607,0.015094,1,1,1385,1384,0,0
enc_decode,chatcmpl-8f916d620ade4469b33070f3c575310a,3174686.635198,0.015112,1,1,1386,1385,0,0
enc_decode,chatcmpl-8f916d620ade4469b33070f3c575310a,3174686.650800,0.015106,1,1,1387,1386,0,0
enc_decode,chatcmpl-8f916d620ade4469b33070f3c575310a,3174686.666399,0.015126,1,1,1388,1387,0,0
enc_decode,chatcmpl-8f916d620ade4469b33070f3c575310a,3174686.682013,0.015204,1,1,1389,1388,0,0
enc_decode,chatcmpl-8f916d620ade4469b33070f3c575310a,3174686.697711,0.015093,1,1,1390,1389,0,0
enc_decode,chatcmpl-8f916d620ade4469b33070f3c575310a,3174686.713290,0.015094,1,1,1391,1390,0,0
enc_decode,chatcmpl-8f916d620ade4469b33070f3c575310a,3174686.728875,0.015093,1,1,1392,1391,0,0
enc_decode,chatcmpl-8f916d620ade4469b33070f3c575310a,3174686.744458,0.015159,1,1,1393,1392,0,0
enc_decode,chatcmpl-8f916d620ade4469b33070f3c575310a,3174686.760114,0.015092,1,1,1394,1393,0,0
enc_decode,chatcmpl-8f916d620ade4469b33070f3c575310a,3174686.775692,0.015072,1,1,1395,1394,0,0
enc_decode,chatcmpl-8f916d620ade4469b33070f3c575310a,3174686.791246,0.015100,1,1,1396,1395,0,0
enc_decode,chatcmpl-8f916d620ade4469b33070f3c575310a,3174686.806832,0.015117,1,1,1397,1396,0,0
enc_decode,chatcmpl-8f916d620ade4469b33070f3c575310a,3174686.822438,0.015108,1,1,1398,1397,0,0
enc_decode,chatcmpl-8f916d620ade4469b33070f3c575310a,3174686.838032,0.015159,1,1,1399,1398,0,0
enc_decode,chatcmpl-8f916d620ade4469b33070f3c575310a,3174686.853686,0.015073,1,1,1400,1399,0,0
enc_decode,chatcmpl-8f916d620ade4469b33070f3c575310a,3174686.869247,0.015154,1,1,1401,1400,0,0
enc_decode,chatcmpl-8f916d620ade4469b33070f3c575310a,3174686.884882,0.015116,1,1,1402,1401,0,0
enc_decode,chatcmpl-8f916d620ade4469b33070f3c575310a,3174686.900493,0.015074,1,1,1403,1402,0,0
enc_decode,chatcmpl-8f916d620ade4469b33070f3c575310a,3174686.916057,0.015058,1,1,1404,1403,0,0
enc_decode,chatcmpl-8f916d620ade4469b33070f3c575310a,3174686.931597,0.015129,1,1,1405,1404,0,0
enc_decode,chatcmpl-8f916d620ade4469b33070f3c575310a,3174686.947215,0.015138,1,1,1406,1405,0,0
enc_decode,chatcmpl-8f916d620ade4469b33070f3c575310a,3174686.962848,0.015096,1,1,1407,1406,0,0
enc_decode,chatcmpl-8f916d620ade4469b33070f3c575310a,3174686.978429,0.015106,1,1,1408,1407,0,0
enc_decode,chatcmpl-8f916d620ade4469b33070f3c575310a,3174686.994046,0.015094,1,1,1409,1408,0,0
enc_decode,chatcmpl-8f916d620ade4469b33070f3c575310a,3174687.009626,0.015074,1,1,1410,1409,0,0
enc_decode,chatcmpl-8f916d620ade4469b33070f3c575310a,3174687.025186,0.015107,1,1,1411,1410,0,0
enc_decode,chatcmpl-8f916d620ade4469b33070f3c575310a,3174687.040777,0.015192,1,1,1412,1411,0,0
enc_decode,chatcmpl-8f916d620ade4469b33070f3c575310a,3174687.056470,0.015094,1,1,1413,1412,0,0
enc_decode,chatcmpl-8f916d620ade4469b33070f3c575310a,3174687.072056,0.015083,1,1,1414,1413,0,0
enc_decode,chatcmpl-8f916d620ade4469b33070f3c575310a,3174687.087628,0.015108,1,1,1415,1414,0,0
enc_decode,chatcmpl-8f916d620ade4469b33070f3c575310a,3174687.103226,0.015225,1,1,1416,1415,0,0
enc_decode,chatcmpl-8f916d620ade4469b33070f3c575310a,3174687.118938,0.015104,1,1,1417,1416,0,0
enc_decode,chatcmpl-8f916d620ade4469b33070f3c575310a,3174687.134539,0.015094,1,1,1418,1417,0,0
enc_decode,chatcmpl-8f916d620ade4469b33070f3c575310a,3174687.150130,0.015103,1,1,1419,1418,0,0
enc_decode,chatcmpl-8f916d620ade4469b33070f3c575310a,3174687.165726,0.015119,1,1,1420,1419,0,0
enc_decode,chatcmpl-8f916d620ade4469b33070f3c575310a,3174687.181333,0.015097,1,1,1421,1420,0,0
enc_decode,chatcmpl-8f916d620ade4469b33070f3c575310a,3174687.196921,0.015096,1,1,1422,1421,0,0
enc_decode,chatcmpl-8f916d620ade4469b33070f3c575310a,3174687.212513,0.015076,1,1,1423,1422,0,0
enc_decode,chatcmpl-8f916d620ade4469b33070f3c575310a,3174687.228084,0.015100,1,1,1424,1423,0,0
enc_decode,chatcmpl-8f916d620ade4469b33070f3c575310a,3174687.243666,0.015120,1,1,1425,1424,0,0
enc_decode,chatcmpl-8f916d620ade4469b33070f3c575310a,3174687.259279,0.015120,1,1,1426,1425,0,0
enc_decode,chatcmpl-8f916d620ade4469b33070f3c575310a,3174687.274886,0.015085,1,1,1427,1426,0,0
enc_decode,chatcmpl-8f916d620ade4469b33070f3c575310a,3174687.290460,0.015097,1,1,1428,1427,0,0
enc_decode,chatcmpl-8f916d620ade4469b33070f3c575310a,3174687.306057,0.015125,1,1,1429,1428,0,0
enc_decode,chatcmpl-8f916d620ade4469b33070f3c575310a,3174687.321673,0.015113,1,1,1430,1429,0,0
enc_decode,chatcmpl-8f916d620ade4469b33070f3c575310a,3174687.337278,0.015089,1,1,1431,1430,0,0
enc_decode,chatcmpl-8f916d620ade4469b33070f3c575310a,3174687.352855,0.015118,1,1,1432,1431,0,0
enc_decode,chatcmpl-8f916d620ade4469b33070f3c575310a,3174687.368471,0.015079,1,1,1433,1432,0,0
enc_decode,chatcmpl-8f916d620ade4469b33070f3c575310a,3174687.384042,0.015095,1,1,1434,1433,0,0
enc_decode,chatcmpl-8f916d620ade4469b33070f3c575310a,3174687.399628,0.015200,1,1,1435,1434,0,0
enc_decode,chatcmpl-8f916d620ade4469b33070f3c575310a,3174687.415311,0.015105,1,1,1436,1435,0,0
enc_decode,chatcmpl-8f916d620ade4469b33070f3c575310a,3174687.430908,0.015085,1,1,1437,1436,0,0
enc_decode,chatcmpl-8f916d620ade4469b33070f3c575310a,3174687.446479,0.015132,1,1,1438,1437,0,0
enc_decode,chatcmpl-8f916d620ade4469b33070f3c575310a,3174687.462094,0.015226,1,1,1439,1438,0,0
enc_decode,chatcmpl-8f916d620ade4469b33070f3c575310a,3174687.477810,0.015103,1,1,1440,1439,0,0
enc_decode,chatcmpl-8f916d620ade4469b33070f3c575310a,3174687.493406,0.015115,1,1,1441,1440,0,0
enc_decode,chatcmpl-8f916d620ade4469b33070f3c575310a,3174687.509018,0.015088,1,1,1442,1441,0,0
enc_decode,chatcmpl-8f916d620ade4469b33070f3c575310a,3174687.524587,0.015191,1,1,1443,1442,0,0
enc_decode,chatcmpl-8f916d620ade4469b33070f3c575310a,3174687.540272,0.015092,1,1,1444,1443,0,0
enc_decode,chatcmpl-8f916d620ade4469b33070f3c575310a,3174687.555857,0.015114,1,1,1445,1444,0,0
enc_decode,chatcmpl-8f916d620ade4469b33070f3c575310a,3174687.571463,0.015108,1,1,1446,1445,0,0
enc_decode,chatcmpl-8f916d620ade4469b33070f3c575310a,3174687.587055,0.015098,1,1,1447,1446,0,0
enc_decode,chatcmpl-8f916d620ade4469b33070f3c575310a,3174687.602650,0.015133,1,1,1448,1447,0,0
enc_decode,chatcmpl-8f916d620ade4469b33070f3c575310a,3174687.618268,0.015111,1,1,1449,1448,0,0
enc_decode,chatcmpl-8f916d620ade4469b33070f3c575310a,3174687.633874,0.015119,1,1,1450,1449,0,0
enc_decode,chatcmpl-8f916d620ade4469b33070f3c575310a,3174687.649485,0.015102,1,1,1451,1450,0,0
enc_decode,chatcmpl-8f916d620ade4469b33070f3c575310a,3174687.665081,0.015109,1,1,1452,1451,0,0
enc_decode,chatcmpl-8f916d620ade4469b33070f3c575310a,3174687.680679,0.015079,1,1,1453,1452,0,0
enc_decode,chatcmpl-8f916d620ade4469b33070f3c575310a,3174687.696261,0.015092,1,1,1454,1453,0,0
enc_decode,chatcmpl-8f916d620ade4469b33070f3c575310a,3174687.711848,0.015103,1,1,1455,1454,0,0
enc_decode,chatcmpl-8f916d620ade4469b33070f3c575310a,3174687.727444,0.015097,1,1,1456,1455,0,0
enc_decode,chatcmpl-8f916d620ade4469b33070f3c575310a,3174687.743028,0.015166,1,1,1457,1456,0,0
enc_decode,chatcmpl-8f916d620ade4469b33070f3c575310a,3174687.758683,0.015193,1,1,1458,1457,0,0
enc_decode,chatcmpl-8f916d620ade4469b33070f3c575310a,3174687.774362,0.015103,1,1,1459,1458,0,0
enc_decode,chatcmpl-8f916d620ade4469b33070f3c575310a,3174687.789958,0.015105,1,1,1460,1459,0,0
enc_decode,chatcmpl-8f916d620ade4469b33070f3c575310a,3174687.805556,0.015124,1,1,1461,1460,0,0
enc_decode,chatcmpl-8f916d620ade4469b33070f3c575310a,3174687.821171,0.015208,1,1,1462,1461,0,0
enc_decode,chatcmpl-8f916d620ade4469b33070f3c575310a,3174687.836863,0.015102,1,1,1463,1462,0,0
enc_decode,chatcmpl-8f916d620ade4469b33070f3c575310a,3174687.852464,0.015104,1,1,1464,1463,0,0
enc_decode,chatcmpl-8f916d620ade4469b33070f3c575310a,3174687.868064,0.015095,1,1,1465,1464,0,0
enc_decode,chatcmpl-8f916d620ade4469b33070f3c575310a,3174687.883650,0.015129,1,1,1466,1465,0,0
enc_decode,chatcmpl-8f916d620ade4469b33070f3c575310a,3174687.899265,0.015112,1,1,1467,1466,0,0
enc_decode,chatcmpl-8f916d620ade4469b33070f3c575310a,3174687.914874,0.015117,1,1,1468,1467,0,0
enc_decode,chatcmpl-8f916d620ade4469b33070f3c575310a,3174687.930480,0.015114,1,1,1469,1468,0,0
enc_decode,chatcmpl-8f916d620ade4469b33070f3c575310a,3174687.946079,0.015106,1,1,1470,1469,0,0
enc_decode,chatcmpl-8f916d620ade4469b33070f3c575310a,3174687.961676,0.015121,1,1,1471,1470,0,0
enc_decode,chatcmpl-8f916d620ade4469b33070f3c575310a,3174687.977299,0.015097,1,1,1472,1471,0,0
enc_decode,chatcmpl-8f916d620ade4469b33070f3c575310a,3174687.992896,0.015098,1,1,1473,1472,0,0
enc_decode,chatcmpl-8f916d620ade4469b33070f3c575310a,3174688.008499,0.019065,1,1,1474,1473,0,0
enc_decode,chatcmpl-8f916d620ade4469b33070f3c575310a,3174688.028059,0.015120,1,1,1475,1474,0,0
enc_decode,chatcmpl-8f916d620ade4469b33070f3c575310a,3174688.043670,0.015111,1,1,1476,1475,0,0
enc_decode,chatcmpl-8f916d620ade4469b33070f3c575310a,3174688.059270,0.015118,1,1,1477,1476,0,0
enc_decode,chatcmpl-8f916d620ade4469b33070f3c575310a,3174688.074880,0.015101,1,1,1478,1477,0,0
enc_decode,chatcmpl-8f916d620ade4469b33070f3c575310a,3174688.090476,0.015110,1,1,1479,1478,0,0
enc_decode,chatcmpl-8f916d620ade4469b33070f3c575310a,3174688.106068,0.015123,1,1,1480,1479,0,0
enc_decode,chatcmpl-8f916d620ade4469b33070f3c575310a,3174688.121683,0.015208,1,1,1481,1480,0,0
enc_decode,chatcmpl-8f916d620ade4469b33070f3c575310a,3174688.137383,0.015107,1,1,1482,1481,0,0
enc_decode,chatcmpl-8f916d620ade4469b33070f3c575310a,3174688.152977,0.015099,1,1,1483,1482,0,0
enc_decode,chatcmpl-8f916d620ade4469b33070f3c575310a,3174688.168561,0.015108,1,1,1484,1483,0,0
enc_decode,chatcmpl-8f916d620ade4469b33070f3c575310a,3174688.184164,0.015199,1,1,1485,1484,0,0
enc_decode,chatcmpl-8f916d620ade4469b33070f3c575310a,3174688.199848,0.015105,1,1,1486,1485,0,0
enc_decode,chatcmpl-8f916d620ade4469b33070f3c575310a,3174688.215445,0.015075,1,1,1487,1486,0,0
enc_decode,chatcmpl-8f916d620ade4469b33070f3c575310a,3174688.231013,0.015098,1,1,1488,1487,0,0
enc_decode,chatcmpl-8f916d620ade4469b33070f3c575310a,3174688.246596,0.015108,1,1,1489,1488,0,0
enc_decode,chatcmpl-8f916d620ade4469b33070f3c575310a,3174688.262189,0.015111,1,1,1490,1489,0,0
enc_decode,chatcmpl-8f916d620ade4469b33070f3c575310a,3174688.277798,0.015111,1,1,1491,1490,0,0
enc_decode,chatcmpl-8f916d620ade4469b33070f3c575310a,3174688.293401,0.015082,1,1,1492,1491,0,0
enc_decode,chatcmpl-8f916d620ade4469b33070f3c575310a,3174688.308974,0.015088,1,1,1493,1492,0,0
enc_decode,chatcmpl-8f916d620ade4469b33070f3c575310a,3174688.324552,0.015125,1,1,1494,1493,0,0
enc_decode,chatcmpl-8f916d620ade4469b33070f3c575310a,3174688.340178,0.015078,1,1,1495,1494,0,0
enc_decode,chatcmpl-8f916d620ade4469b33070f3c575310a,3174688.355744,0.015101,1,1,1496,1495,0,0
enc_decode,chatcmpl-8f916d620ade4469b33070f3c575310a,3174688.371334,0.015110,1,1,1497,1496,0,0
enc_decode,chatcmpl-8f916d620ade4469b33070f3c575310a,3174688.386928,0.015130,1,1,1498,1497,0,0
enc_decode,chatcmpl-8f916d620ade4469b33070f3c575310a,3174688.402552,0.015120,1,1,1499,1498,0,0
enc_decode,chatcmpl-8f916d620ade4469b33070f3c575310a,3174688.418155,0.015114,1,1,1500,1499,0,0
enc_decode,chatcmpl-8f916d620ade4469b33070f3c575310a,3174688.433771,0.015090,1,1,1501,1500,0,0
enc_decode,chatcmpl-8f916d620ade4469b33070f3c575310a,3174688.449349,0.015088,1,1,1502,1501,0,0
enc_decode,chatcmpl-8f916d620ade4469b33070f3c575310a,3174688.464931,0.015112,1,1,1503,1502,0,0
enc_prefill,chatcmpl-52379e8ed3774cd394b9555ab67c21fe,3174688.508260,0.359796,1,1371,1371,0,1,0
enc_decode,chatcmpl-52379e8ed3774cd394b9555ab67c21fe,3174688.868774,0.015221,1,1,1372,1371,0,0
enc_decode,chatcmpl-52379e8ed3774cd394b9555ab67c21fe,3174688.884494,0.015104,1,1,1373,1372,0,0
enc_decode,chatcmpl-52379e8ed3774cd394b9555ab67c21fe,3174688.900093,0.015119,1,1,1374,1373,0,0
enc_decode,chatcmpl-52379e8ed3774cd394b9555ab67c21fe,3174688.915693,0.015121,1,1,1375,1374,0,0
enc_decode,chatcmpl-52379e8ed3774cd394b9555ab67c21fe,3174688.931305,0.015108,1,1,1376,1375,0,0
enc_decode,chatcmpl-52379e8ed3774cd394b9555ab67c21fe,3174688.946903,0.015089,1,1,1377,1376,0,0
enc_decode,chatcmpl-52379e8ed3774cd394b9555ab67c21fe,3174688.962476,0.015212,1,1,1378,1377,0,0
enc_decode,chatcmpl-52379e8ed3774cd394b9555ab67c21fe,3174688.978172,0.015109,1,1,1379,1378,0,0
enc_decode,chatcmpl-52379e8ed3774cd394b9555ab67c21fe,3174688.993772,0.015111,1,1,1380,1379,0,0
enc_decode,chatcmpl-52379e8ed3774cd394b9555ab67c21fe,3174689.009377,0.015096,1,1,1381,1380,0,0
enc_decode,chatcmpl-52379e8ed3774cd394b9555ab67c21fe,3174689.024980,0.015074,1,1,1382,1381,0,0
enc_decode,chatcmpl-52379e8ed3774cd394b9555ab67c21fe,3174689.040535,0.015095,1,1,1383,1382,0,0
enc_decode,chatcmpl-52379e8ed3774cd394b9555ab67c21fe,3174689.056123,0.015102,1,1,1384,1383,0,0
enc_decode,chatcmpl-52379e8ed3774cd394b9555ab67c21fe,3174689.071709,0.015101,1,1,1385,1384,0,0
enc_decode,chatcmpl-52379e8ed3774cd394b9555ab67c21fe,3174689.087297,0.015116,1,1,1386,1385,0,0
enc_decode,chatcmpl-52379e8ed3774cd394b9555ab67c21fe,3174689.102905,0.015094,1,1,1387,1386,0,0
enc_decode,chatcmpl-52379e8ed3774cd394b9555ab67c21fe,3174689.118490,0.015112,1,1,1388,1387,0,0
enc_decode,chatcmpl-52379e8ed3774cd394b9555ab67c21fe,3174689.134092,0.015129,1,1,1389,1388,0,0
enc_decode,chatcmpl-52379e8ed3774cd394b9555ab67c21fe,3174689.149708,0.015079,1,1,1390,1389,0,0
enc_decode,chatcmpl-52379e8ed3774cd394b9555ab67c21fe,3174689.165279,0.015099,1,1,1391,1390,0,0
enc_decode,chatcmpl-52379e8ed3774cd394b9555ab67c21fe,3174689.180872,0.015096,1,1,1392,1391,0,0
enc_decode,chatcmpl-52379e8ed3774cd394b9555ab67c21fe,3174689.196460,0.015101,1,1,1393,1392,0,0
enc_decode,chatcmpl-52379e8ed3774cd394b9555ab67c21fe,3174689.212046,0.015113,1,1,1394,1393,0,0
enc_decode,chatcmpl-52379e8ed3774cd394b9555ab67c21fe,3174689.227653,0.015108,1,1,1395,1394,0,0
enc_decode,chatcmpl-52379e8ed3774cd394b9555ab67c21fe,3174689.243251,0.015098,1,1,1396,1395,0,0
enc_decode,chatcmpl-52379e8ed3774cd394b9555ab67c21fe,3174689.258841,0.015105,1,1,1397,1396,0,0
enc_decode,chatcmpl-52379e8ed3774cd394b9555ab67c21fe,3174689.274430,0.015131,1,1,1398,1397,0,0
enc_decode,chatcmpl-52379e8ed3774cd394b9555ab67c21fe,3174689.290053,0.015096,1,1,1399,1398,0,0
enc_decode,chatcmpl-52379e8ed3774cd394b9555ab67c21fe,3174689.305637,0.015087,1,1,1400,1399,0,0
enc_decode,chatcmpl-52379e8ed3774cd394b9555ab67c21fe,3174689.321213,0.015183,1,1,1401,1400,0,0
enc_decode,chatcmpl-52379e8ed3774cd394b9555ab67c21fe,3174689.336887,0.015095,1,1,1402,1401,0,0
enc_decode,chatcmpl-52379e8ed3774cd394b9555ab67c21fe,3174689.352479,0.015079,1,1,1403,1402,0,0
enc_decode,chatcmpl-52379e8ed3774cd394b9555ab67c21fe,3174689.368052,0.015099,1,1,1404,1403,0,0
enc_decode,chatcmpl-52379e8ed3774cd394b9555ab67c21fe,3174689.383638,0.015099,1,1,1405,1404,0,0
enc_decode,chatcmpl-52379e8ed3774cd394b9555ab67c21fe,3174689.399224,0.015096,1,1,1406,1405,0,0
enc_decode,chatcmpl-52379e8ed3774cd394b9555ab67c21fe,3174689.414811,0.015109,1,1,1407,1406,0,0
enc_decode,chatcmpl-52379e8ed3774cd394b9555ab67c21fe,3174689.430397,0.015121,1,1,1408,1407,0,0
enc_decode,chatcmpl-52379e8ed3774cd394b9555ab67c21fe,3174689.446046,0.015115,1,1,1409,1408,0,0
enc_decode,chatcmpl-52379e8ed3774cd394b9555ab67c21fe,3174689.461652,0.015102,1,1,1410,1409,0,0
enc_decode,chatcmpl-52379e8ed3774cd394b9555ab67c21fe,3174689.477240,0.015115,1,1,1411,1410,0,0
enc_decode,chatcmpl-52379e8ed3774cd394b9555ab67c21fe,3174689.492836,0.015129,1,1,1412,1411,0,0
enc_decode,chatcmpl-52379e8ed3774cd394b9555ab67c21fe,3174689.508458,0.015116,1,1,1413,1412,0,0
enc_decode,chatcmpl-52379e8ed3774cd394b9555ab67c21fe,3174689.524072,0.015095,1,1,1414,1413,0,0
enc_decode,chatcmpl-52379e8ed3774cd394b9555ab67c21fe,3174689.539657,0.015115,1,1,1415,1414,0,0
enc_decode,chatcmpl-52379e8ed3774cd394b9555ab67c21fe,3174689.555252,0.015138,1,1,1416,1415,0,0
enc_decode,chatcmpl-52379e8ed3774cd394b9555ab67c21fe,3174689.570876,0.015095,1,1,1417,1416,0,0
enc_decode,chatcmpl-52379e8ed3774cd394b9555ab67c21fe,3174689.586459,0.015091,1,1,1418,1417,0,0
enc_decode,chatcmpl-52379e8ed3774cd394b9555ab67c21fe,3174689.602043,0.015097,1,1,1419,1418,0,0
enc_decode,chatcmpl-52379e8ed3774cd394b9555ab67c21fe,3174689.617627,0.015090,1,1,1420,1419,0,0
enc_decode,chatcmpl-52379e8ed3774cd394b9555ab67c21fe,3174689.633205,0.015088,1,1,1421,1420,0,0
enc_decode,chatcmpl-52379e8ed3774cd394b9555ab67c21fe,3174689.648773,0.015084,1,1,1422,1421,0,0
enc_decode,chatcmpl-52379e8ed3774cd394b9555ab67c21fe,3174689.664356,0.015073,1,1,1423,1422,0,0
enc_decode,chatcmpl-52379e8ed3774cd394b9555ab67c21fe,3174689.679916,0.015207,1,1,1424,1423,0,0
enc_decode,chatcmpl-52379e8ed3774cd394b9555ab67c21fe,3174689.695623,0.015109,1,1,1425,1424,0,0
enc_decode,chatcmpl-52379e8ed3774cd394b9555ab67c21fe,3174689.711225,0.015096,1,1,1426,1425,0,0
enc_decode,chatcmpl-52379e8ed3774cd394b9555ab67c21fe,3174689.726806,0.015092,1,1,1427,1426,0,0
enc_decode,chatcmpl-52379e8ed3774cd394b9555ab67c21fe,3174689.742387,0.015090,1,1,1428,1427,0,0
enc_decode,chatcmpl-52379e8ed3774cd394b9555ab67c21fe,3174689.757968,0.015102,1,1,1429,1428,0,0
enc_decode,chatcmpl-52379e8ed3774cd394b9555ab67c21fe,3174689.773565,0.015094,1,1,1430,1429,0,0
enc_decode,chatcmpl-52379e8ed3774cd394b9555ab67c21fe,3174689.789152,0.015072,1,1,1431,1430,0,0
enc_decode,chatcmpl-52379e8ed3774cd394b9555ab67c21fe,3174689.804715,0.015088,1,1,1432,1431,0,0
enc_decode,chatcmpl-52379e8ed3774cd394b9555ab67c21fe,3174689.820310,0.015096,1,1,1433,1432,0,0
enc_decode,chatcmpl-52379e8ed3774cd394b9555ab67c21fe,3174689.835891,0.015115,1,1,1434,1433,0,0
enc_decode,chatcmpl-52379e8ed3774cd394b9555ab67c21fe,3174689.851490,0.015116,1,1,1435,1434,0,0
enc_decode,chatcmpl-52379e8ed3774cd394b9555ab67c21fe,3174689.867089,0.015129,1,1,1436,1435,0,0
enc_decode,chatcmpl-52379e8ed3774cd394b9555ab67c21fe,3174689.882709,0.015118,1,1,1437,1436,0,0
enc_decode,chatcmpl-52379e8ed3774cd394b9555ab67c21fe,3174689.898322,0.015103,1,1,1438,1437,0,0
enc_decode,chatcmpl-52379e8ed3774cd394b9555ab67c21fe,3174689.913917,0.015131,1,1,1439,1438,0,0
enc_decode,chatcmpl-52379e8ed3774cd394b9555ab67c21fe,3174689.929531,0.015095,1,1,1440,1439,0,0
enc_decode,chatcmpl-52379e8ed3774cd394b9555ab67c21fe,3174689.945107,0.015088,1,1,1441,1440,0,0
enc_decode,chatcmpl-52379e8ed3774cd394b9555ab67c21fe,3174689.960692,0.015079,1,1,1442,1441,0,0
enc_decode,chatcmpl-52379e8ed3774cd394b9555ab67c21fe,3174689.976284,0.015103,1,1,1443,1442,0,0
enc_decode,chatcmpl-52379e8ed3774cd394b9555ab67c21fe,3174689.991878,0.015149,1,1,1444,1443,0,0
enc_decode,chatcmpl-52379e8ed3774cd394b9555ab67c21fe,3174690.007513,0.015200,1,1,1445,1444,0,0
enc_decode,chatcmpl-52379e8ed3774cd394b9555ab67c21fe,3174690.023198,0.015099,1,1,1446,1445,0,0
enc_decode,chatcmpl-52379e8ed3774cd394b9555ab67c21fe,3174690.038781,0.015187,1,1,1447,1446,0,0
enc_decode,chatcmpl-52379e8ed3774cd394b9555ab67c21fe,3174690.054459,0.015134,1,1,1448,1447,0,0
enc_decode,chatcmpl-52379e8ed3774cd394b9555ab67c21fe,3174690.070079,0.015134,1,1,1449,1448,0,0
enc_decode,chatcmpl-52379e8ed3774cd394b9555ab67c21fe,3174690.085694,0.015075,1,1,1450,1449,0,0
enc_decode,chatcmpl-52379e8ed3774cd394b9555ab67c21fe,3174690.101263,0.015095,1,1,1451,1450,0,0
enc_decode,chatcmpl-52379e8ed3774cd394b9555ab67c21fe,3174690.116847,0.015090,1,1,1452,1451,0,0
enc_decode,chatcmpl-52379e8ed3774cd394b9555ab67c21fe,3174690.132424,0.015122,1,1,1453,1452,0,0
enc_decode,chatcmpl-52379e8ed3774cd394b9555ab67c21fe,3174690.148039,0.015076,1,1,1454,1453,0,0
enc_decode,chatcmpl-52379e8ed3774cd394b9555ab67c21fe,3174690.163607,0.015086,1,1,1455,1454,0,0
enc_decode,chatcmpl-52379e8ed3774cd394b9555ab67c21fe,3174690.179184,0.015107,1,1,1456,1455,0,0
enc_decode,chatcmpl-52379e8ed3774cd394b9555ab67c21fe,3174690.194776,0.015108,1,1,1457,1456,0,0
enc_decode,chatcmpl-52379e8ed3774cd394b9555ab67c21fe,3174690.210376,0.015125,1,1,1458,1457,0,0
enc_decode,chatcmpl-52379e8ed3774cd394b9555ab67c21fe,3174690.225990,0.015102,1,1,1459,1458,0,0
enc_decode,chatcmpl-52379e8ed3774cd394b9555ab67c21fe,3174690.241581,0.015091,1,1,1460,1459,0,0
enc_decode,chatcmpl-52379e8ed3774cd394b9555ab67c21fe,3174690.257155,0.015094,1,1,1461,1460,0,0
enc_decode,chatcmpl-52379e8ed3774cd394b9555ab67c21fe,3174690.272733,0.015111,1,1,1462,1461,0,0
enc_decode,chatcmpl-52379e8ed3774cd394b9555ab67c21fe,3174690.288334,0.015081,1,1,1463,1462,0,0
enc_decode,chatcmpl-52379e8ed3774cd394b9555ab67c21fe,3174690.303903,0.015109,1,1,1464,1463,0,0
enc_decode,chatcmpl-52379e8ed3774cd394b9555ab67c21fe,3174690.319498,0.015146,1,1,1465,1464,0,0
enc_decode,chatcmpl-52379e8ed3774cd394b9555ab67c21fe,3174690.335135,0.015119,1,1,1466,1465,0,0
enc_decode,chatcmpl-52379e8ed3774cd394b9555ab67c21fe,3174690.350734,0.015111,1,1,1467,1466,0,0
enc_decode,chatcmpl-52379e8ed3774cd394b9555ab67c21fe,3174690.366337,0.015120,1,1,1468,1467,0,0
enc_decode,chatcmpl-52379e8ed3774cd394b9555ab67c21fe,3174690.381955,0.015085,1,1,1469,1468,0,0
enc_decode,chatcmpl-52379e8ed3774cd394b9555ab67c21fe,3174690.397518,0.015201,1,1,1470,1469,0,0
enc_decode,chatcmpl-52379e8ed3774cd394b9555ab67c21fe,3174690.413206,0.015088,1,1,1471,1470,0,0
enc_decode,chatcmpl-52379e8ed3774cd394b9555ab67c21fe,3174690.428782,0.015122,1,1,1472,1471,0,0
enc_decode,chatcmpl-52379e8ed3774cd394b9555ab67c21fe,3174690.444399,0.015076,1,1,1473,1472,0,0
enc_decode,chatcmpl-52379e8ed3774cd394b9555ab67c21fe,3174690.459957,0.015088,1,1,1474,1473,0,0
enc_prefill,chatcmpl-100b483c517e4baba5c0fe127a179fca,3174690.502440,0.354719,1,1330,1330,0,1,0
enc_decode,chatcmpl-100b483c517e4baba5c0fe127a179fca,3174690.857713,0.015232,1,1,1331,1330,0,0
enc_decode,chatcmpl-100b483c517e4baba5c0fe127a179fca,3174690.873427,0.015237,1,1,1332,1331,0,0
enc_decode,chatcmpl-100b483c517e4baba5c0fe127a179fca,3174690.889283,0.015129,1,1,1333,1332,0,0
enc_decode,chatcmpl-100b483c517e4baba5c0fe127a179fca,3174690.905011,0.015084,1,1,1334,1333,0,0
enc_decode,chatcmpl-100b483c517e4baba5c0fe127a179fca,3174690.920579,0.015085,1,1,1335,1334,0,0
enc_decode,chatcmpl-100b483c517e4baba5c0fe127a179fca,3174690.936157,0.015131,1,1,1336,1335,0,0
enc_decode,chatcmpl-100b483c517e4baba5c0fe127a179fca,3174690.951768,0.015105,1,1,1337,1336,0,0
enc_decode,chatcmpl-100b483c517e4baba5c0fe127a179fca,3174690.967356,0.015091,1,1,1338,1337,0,0
enc_decode,chatcmpl-100b483c517e4baba5c0fe127a179fca,3174690.982929,0.015078,1,1,1339,1338,0,0
enc_decode,chatcmpl-100b483c517e4baba5c0fe127a179fca,3174690.998494,0.015139,1,1,1340,1339,0,0
enc_decode,chatcmpl-100b483c517e4baba5c0fe127a179fca,3174691.014117,0.015079,1,1,1341,1340,0,0
enc_decode,chatcmpl-100b483c517e4baba5c0fe127a179fca,3174691.029680,0.015087,1,1,1342,1341,0,0
enc_decode,chatcmpl-100b483c517e4baba5c0fe127a179fca,3174691.045253,0.015071,1,1,1343,1342,0,0
enc_decode,chatcmpl-100b483c517e4baba5c0fe127a179fca,3174691.060804,0.015088,1,1,1344,1343,0,0
enc_decode,chatcmpl-100b483c517e4baba5c0fe127a179fca,3174691.076392,0.015100,1,1,1345,1344,0,0
enc_decode,chatcmpl-100b483c517e4baba5c0fe127a179fca,3174691.091978,0.015080,1,1,1346,1345,0,0
enc_decode,chatcmpl-100b483c517e4baba5c0fe127a179fca,3174691.107547,0.015098,1,1,1347,1346,0,0
enc_decode,chatcmpl-100b483c517e4baba5c0fe127a179fca,3174691.123126,0.015094,1,1,1348,1347,0,0
enc_decode,chatcmpl-100b483c517e4baba5c0fe127a179fca,3174691.138710,0.015109,1,1,1349,1348,0,0
enc_decode,chatcmpl-100b483c517e4baba5c0fe127a179fca,3174691.154308,0.015109,1,1,1350,1349,0,0
enc_decode,chatcmpl-100b483c517e4baba5c0fe127a179fca,3174691.169905,0.015092,1,1,1351,1350,0,0
enc_decode,chatcmpl-100b483c517e4baba5c0fe127a179fca,3174691.185481,0.015093,1,1,1352,1351,0,0
enc_decode,chatcmpl-100b483c517e4baba5c0fe127a179fca,3174691.201058,0.015068,1,1,1353,1352,0,0
enc_decode,chatcmpl-100b483c517e4baba5c0fe127a179fca,3174691.216617,0.015090,1,1,1354,1353,0,0
enc_decode,chatcmpl-100b483c517e4baba5c0fe127a179fca,3174691.232194,0.015175,1,1,1355,1354,0,0
enc_decode,chatcmpl-100b483c517e4baba5c0fe127a179fca,3174691.247857,0.015093,1,1,1356,1355,0,0
enc_decode,chatcmpl-100b483c517e4baba5c0fe127a179fca,3174691.263459,0.015130,1,1,1357,1356,0,0
enc_decode,chatcmpl-100b483c517e4baba5c0fe127a179fca,3174691.279076,0.015110,1,1,1358,1357,0,0
enc_decode,chatcmpl-100b483c517e4baba5c0fe127a179fca,3174691.294673,0.015111,1,1,1359,1358,0,0
enc_decode,chatcmpl-100b483c517e4baba5c0fe127a179fca,3174691.310273,0.015093,1,1,1360,1359,0,0
enc_decode,chatcmpl-100b483c517e4baba5c0fe127a179fca,3174691.325857,0.015062,1,1,1361,1360,0,0
enc_decode,chatcmpl-100b483c517e4baba5c0fe127a179fca,3174691.341404,0.015066,1,1,1362,1361,0,0
enc_decode,chatcmpl-100b483c517e4baba5c0fe127a179fca,3174691.356956,0.015133,1,1,1363,1362,0,0
enc_decode,chatcmpl-100b483c517e4baba5c0fe127a179fca,3174691.372573,0.015096,1,1,1364,1363,0,0
enc_decode,chatcmpl-100b483c517e4baba5c0fe127a179fca,3174691.388166,0.015070,1,1,1365,1364,0,0
enc_decode,chatcmpl-100b483c517e4baba5c0fe127a179fca,3174691.403722,0.015074,1,1,1366,1365,0,0
enc_decode,chatcmpl-100b483c517e4baba5c0fe127a179fca,3174691.419296,0.015089,1,1,1367,1366,0,0
enc_decode,chatcmpl-100b483c517e4baba5c0fe127a179fca,3174691.434871,0.015112,1,1,1368,1367,0,0
enc_decode,chatcmpl-100b483c517e4baba5c0fe127a179fca,3174691.450475,0.015084,1,1,1369,1368,0,0
enc_decode,chatcmpl-100b483c517e4baba5c0fe127a179fca,3174691.466041,0.015104,1,1,1370,1369,0,0
enc_decode,chatcmpl-100b483c517e4baba5c0fe127a179fca,3174691.481636,0.015062,1,1,1371,1370,0,0
enc_decode,chatcmpl-100b483c517e4baba5c0fe127a179fca,3174691.497184,0.015081,1,1,1372,1371,0,0
enc_decode,chatcmpl-100b483c517e4baba5c0fe127a179fca,3174691.512747,0.015103,1,1,1373,1372,0,0
enc_decode,chatcmpl-100b483c517e4baba5c0fe127a179fca,3174691.528334,0.015084,1,1,1374,1373,0,0
enc_decode,chatcmpl-100b483c517e4baba5c0fe127a179fca,3174691.543897,0.015073,1,1,1375,1374,0,0
enc_decode,chatcmpl-100b483c517e4baba5c0fe127a179fca,3174691.559455,0.015097,1,1,1376,1375,0,0
enc_decode,chatcmpl-100b483c517e4baba5c0fe127a179fca,3174691.575034,0.015077,1,1,1377,1376,0,0
enc_decode,chatcmpl-100b483c517e4baba5c0fe127a179fca,3174691.590597,0.015187,1,1,1378,1377,0,0
enc_decode,chatcmpl-100b483c517e4baba5c0fe127a179fca,3174691.606270,0.015073,1,1,1379,1378,0,0
enc_decode,chatcmpl-100b483c517e4baba5c0fe127a179fca,3174691.621826,0.015083,1,1,1380,1379,0,0
enc_decode,chatcmpl-100b483c517e4baba5c0fe127a179fca,3174691.637397,0.015058,1,1,1381,1380,0,0
enc_decode,chatcmpl-100b483c517e4baba5c0fe127a179fca,3174691.652938,0.015106,1,1,1382,1381,0,0
enc_decode,chatcmpl-100b483c517e4baba5c0fe127a179fca,3174691.668530,0.015061,1,1,1383,1382,0,0
enc_decode,chatcmpl-100b483c517e4baba5c0fe127a179fca,3174691.684078,0.015083,1,1,1384,1383,0,0
enc_decode,chatcmpl-100b483c517e4baba5c0fe127a179fca,3174691.699645,0.015070,1,1,1385,1384,0,0
enc_decode,chatcmpl-100b483c517e4baba5c0fe127a179fca,3174691.715197,0.015094,1,1,1386,1385,0,0
enc_decode,chatcmpl-100b483c517e4baba5c0fe127a179fca,3174691.730776,0.015093,1,1,1387,1386,0,0
enc_decode,chatcmpl-100b483c517e4baba5c0fe127a179fca,3174691.746354,0.015090,1,1,1388,1387,0,0
enc_decode,chatcmpl-100b483c517e4baba5c0fe127a179fca,3174691.761931,0.015090,1,1,1389,1388,0,0
enc_decode,chatcmpl-100b483c517e4baba5c0fe127a179fca,3174691.777502,0.015077,1,1,1390,1389,0,0
enc_decode,chatcmpl-100b483c517e4baba5c0fe127a179fca,3174691.793057,0.015092,1,1,1391,1390,0,0
enc_decode,chatcmpl-100b483c517e4baba5c0fe127a179fca,3174691.808634,0.015063,1,1,1392,1391,0,0
enc_decode,chatcmpl-100b483c517e4baba5c0fe127a179fca,3174691.824190,0.015058,1,1,1393,1392,0,0
enc_decode,chatcmpl-100b483c517e4baba5c0fe127a179fca,3174691.839734,0.015103,1,1,1394,1393,0,0
enc_decode,chatcmpl-100b483c517e4baba5c0fe127a179fca,3174691.855326,0.015088,1,1,1395,1394,0,0
enc_decode,chatcmpl-100b483c517e4baba5c0fe127a179fca,3174691.870905,0.015093,1,1,1396,1395,0,0
enc_decode,chatcmpl-100b483c517e4baba5c0fe127a179fca,3174691.886495,0.015188,1,1,1397,1396,0,0
enc_decode,chatcmpl-100b483c517e4baba5c0fe127a179fca,3174691.902160,0.015077,1,1,1398,1397,0,0
enc_decode,chatcmpl-100b483c517e4baba5c0fe127a179fca,3174691.917730,0.015057,1,1,1399,1398,0,0
enc_decode,chatcmpl-100b483c517e4baba5c0fe127a179fca,3174691.933274,0.015115,1,1,1400,1399,0,0
enc_decode,chatcmpl-100b483c517e4baba5c0fe127a179fca,3174691.948874,0.015167,1,1,1401,1400,0,0
enc_decode,chatcmpl-100b483c517e4baba5c0fe127a179fca,3174691.964527,0.015078,1,1,1402,1401,0,0
enc_decode,chatcmpl-100b483c517e4baba5c0fe127a179fca,3174691.980109,0.015055,1,1,1403,1402,0,0
enc_decode,chatcmpl-100b483c517e4baba5c0fe127a179fca,3174691.995651,0.015089,1,1,1404,1403,0,0
enc_decode,chatcmpl-100b483c517e4baba5c0fe127a179fca,3174692.011229,0.015138,1,1,1405,1404,0,0
enc_decode,chatcmpl-100b483c517e4baba5c0fe127a179fca,3174692.026851,0.015117,1,1,1406,1405,0,0
enc_decode,chatcmpl-100b483c517e4baba5c0fe127a179fca,3174692.042463,0.015085,1,1,1407,1406,0,0
enc_decode,chatcmpl-100b483c517e4baba5c0fe127a179fca,3174692.058039,0.015100,1,1,1408,1407,0,0
enc_decode,chatcmpl-100b483c517e4baba5c0fe127a179fca,3174692.073654,0.015107,1,1,1409,1408,0,0
enc_decode,chatcmpl-100b483c517e4baba5c0fe127a179fca,3174692.089257,0.015118,1,1,1410,1409,0,0
enc_decode,chatcmpl-100b483c517e4baba5c0fe127a179fca,3174692.104857,0.015078,1,1,1411,1410,0,0
enc_decode,chatcmpl-100b483c517e4baba5c0fe127a179fca,3174692.120433,0.015073,1,1,1412,1411,0,0
enc_decode,chatcmpl-100b483c517e4baba5c0fe127a179fca,3174692.135994,0.015089,1,1,1413,1412,0,0
enc_decode,chatcmpl-100b483c517e4baba5c0fe127a179fca,3174692.151567,0.015106,1,1,1414,1413,0,0
enc_decode,chatcmpl-100b483c517e4baba5c0fe127a179fca,3174692.167162,0.015096,1,1,1415,1414,0,0
enc_decode,chatcmpl-100b483c517e4baba5c0fe127a179fca,3174692.182747,0.015100,1,1,1416,1415,0,0
enc_decode,chatcmpl-100b483c517e4baba5c0fe127a179fca,3174692.198335,0.015081,1,1,1417,1416,0,0
enc_decode,chatcmpl-100b483c517e4baba5c0fe127a179fca,3174692.213904,0.015105,1,1,1418,1417,0,0
enc_decode,chatcmpl-100b483c517e4baba5c0fe127a179fca,3174692.229501,0.015125,1,1,1419,1418,0,0
enc_decode,chatcmpl-100b483c517e4baba5c0fe127a179fca,3174692.245114,0.015176,1,1,1420,1419,0,0
enc_decode,chatcmpl-100b483c517e4baba5c0fe127a179fca,3174692.260777,0.015102,1,1,1421,1420,0,0
enc_decode,chatcmpl-100b483c517e4baba5c0fe127a179fca,3174692.276379,0.015095,1,1,1422,1421,0,0
enc_decode,chatcmpl-100b483c517e4baba5c0fe127a179fca,3174692.291962,0.015083,1,1,1423,1422,0,0
enc_decode,chatcmpl-100b483c517e4baba5c0fe127a179fca,3174692.307527,0.015197,1,1,1424,1423,0,0
enc_decode,chatcmpl-100b483c517e4baba5c0fe127a179fca,3174692.323204,0.015086,1,1,1425,1424,0,0
enc_decode,chatcmpl-100b483c517e4baba5c0fe127a179fca,3174692.338778,0.015097,1,1,1426,1425,0,0
enc_decode,chatcmpl-100b483c517e4baba5c0fe127a179fca,3174692.354356,0.015092,1,1,1427,1426,0,0
enc_decode,chatcmpl-100b483c517e4baba5c0fe127a179fca,3174692.369939,0.015183,1,1,1428,1427,0,0
enc_decode,chatcmpl-100b483c517e4baba5c0fe127a179fca,3174692.385609,0.015075,1,1,1429,1428,0,0
enc_decode,chatcmpl-100b483c517e4baba5c0fe127a179fca,3174692.401168,0.015083,1,1,1430,1429,0,0
enc_decode,chatcmpl-100b483c517e4baba5c0fe127a179fca,3174692.416737,0.015082,1,1,1431,1430,0,0
enc_decode,chatcmpl-100b483c517e4baba5c0fe127a179fca,3174692.432316,0.015105,1,1,1432,1431,0,0
enc_decode,chatcmpl-100b483c517e4baba5c0fe127a179fca,3174692.447908,0.015119,1,1,1433,1432,0,0
enc_decode,chatcmpl-100b483c517e4baba5c0fe127a179fca,3174692.463514,0.015103,1,1,1434,1433,0,0
enc_decode,chatcmpl-100b483c517e4baba5c0fe127a179fca,3174692.479114,0.015102,1,1,1435,1434,0,0
enc_decode,chatcmpl-100b483c517e4baba5c0fe127a179fca,3174692.494709,0.015119,1,1,1436,1435,0,0
enc_decode,chatcmpl-100b483c517e4baba5c0fe127a179fca,3174692.510312,0.015098,1,1,1437,1436,0,0
enc_decode,chatcmpl-100b483c517e4baba5c0fe127a179fca,3174692.525901,0.015069,1,1,1438,1437,0,0
enc_decode,chatcmpl-100b483c517e4baba5c0fe127a179fca,3174692.541459,0.015110,1,1,1439,1438,0,0
enc_prefill,chatcmpl-a557d40dff574ca987ee4524d3b96049,3174692.584095,0.354705,1,1351,1351,0,1,0
enc_decode,chatcmpl-a557d40dff574ca987ee4524d3b96049,3174692.939359,0.015245,1,1,1352,1351,0,0
enc_decode,chatcmpl-a557d40dff574ca987ee4524d3b96049,3174692.955092,0.015126,1,1,1353,1352,0,0
enc_decode,chatcmpl-a557d40dff574ca987ee4524d3b96049,3174692.970829,0.015133,1,1,1354,1353,0,0
enc_decode,chatcmpl-a557d40dff574ca987ee4524d3b96049,3174692.986448,0.015118,1,1,1355,1354,0,0
enc_decode,chatcmpl-a557d40dff574ca987ee4524d3b96049,3174693.002053,0.015112,1,1,1356,1355,0,0
enc_decode,chatcmpl-a557d40dff574ca987ee4524d3b96049,3174693.017659,0.015106,1,1,1357,1356,0,0
enc_decode,chatcmpl-a557d40dff574ca987ee4524d3b96049,3174693.033248,0.015106,1,1,1358,1357,0,0
enc_decode,chatcmpl-a557d40dff574ca987ee4524d3b96049,3174693.048846,0.015104,1,1,1359,1358,0,0
enc_decode,chatcmpl-a557d40dff574ca987ee4524d3b96049,3174693.064451,0.015093,1,1,1360,1359,0,0
enc_decode,chatcmpl-a557d40dff574ca987ee4524d3b96049,3174693.080031,0.015192,1,1,1361,1360,0,0
enc_decode,chatcmpl-a557d40dff574ca987ee4524d3b96049,3174693.095706,0.015104,1,1,1362,1361,0,0
enc_decode,chatcmpl-a557d40dff574ca987ee4524d3b96049,3174693.111300,0.015107,1,1,1363,1362,0,0
enc_decode,chatcmpl-a557d40dff574ca987ee4524d3b96049,3174693.126903,0.015089,1,1,1364,1363,0,0
enc_decode,chatcmpl-a557d40dff574ca987ee4524d3b96049,3174693.142482,0.015185,1,1,1365,1364,0,0
enc_decode,chatcmpl-a557d40dff574ca987ee4524d3b96049,3174693.158153,0.015142,1,1,1366,1365,0,0
enc_decode,chatcmpl-a557d40dff574ca987ee4524d3b96049,3174693.173788,0.015117,1,1,1367,1366,0,0
enc_decode,chatcmpl-a557d40dff574ca987ee4524d3b96049,3174693.189389,0.015094,1,1,1368,1367,0,0
enc_decode,chatcmpl-a557d40dff574ca987ee4524d3b96049,3174693.204978,0.015089,1,1,1369,1368,0,0
enc_decode,chatcmpl-a557d40dff574ca987ee4524d3b96049,3174693.220559,0.015084,1,1,1370,1369,0,0
enc_decode,chatcmpl-a557d40dff574ca987ee4524d3b96049,3174693.236137,0.015095,1,1,1371,1370,0,0
enc_decode,chatcmpl-a557d40dff574ca987ee4524d3b96049,3174693.251712,0.015107,1,1,1372,1371,0,0
enc_decode,chatcmpl-a557d40dff574ca987ee4524d3b96049,3174693.267300,0.015100,1,1,1373,1372,0,0
enc_decode,chatcmpl-a557d40dff574ca987ee4524d3b96049,3174693.282882,0.015112,1,1,1374,1373,0,0
enc_decode,chatcmpl-a557d40dff574ca987ee4524d3b96049,3174693.298480,0.015096,1,1,1375,1374,0,0
enc_decode,chatcmpl-a557d40dff574ca987ee4524d3b96049,3174693.314057,0.015134,1,1,1376,1375,0,0
enc_decode,chatcmpl-a557d40dff574ca987ee4524d3b96049,3174693.329682,0.015080,1,1,1377,1376,0,0
enc_decode,chatcmpl-a557d40dff574ca987ee4524d3b96049,3174693.345252,0.015090,1,1,1378,1377,0,0
enc_decode,chatcmpl-a557d40dff574ca987ee4524d3b96049,3174693.360839,0.015095,1,1,1379,1378,0,0
enc_decode,chatcmpl-a557d40dff574ca987ee4524d3b96049,3174693.376427,0.015117,1,1,1380,1379,0,0
enc_decode,chatcmpl-a557d40dff574ca987ee4524d3b96049,3174693.392044,0.015094,1,1,1381,1380,0,0
enc_decode,chatcmpl-a557d40dff574ca987ee4524d3b96049,3174693.407631,0.015091,1,1,1382,1381,0,0
enc_decode,chatcmpl-a557d40dff574ca987ee4524d3b96049,3174693.423203,0.015085,1,1,1383,1382,0,0
enc_decode,chatcmpl-a557d40dff574ca987ee4524d3b96049,3174693.438773,0.015207,1,1,1384,1383,0,0
enc_decode,chatcmpl-a557d40dff574ca987ee4524d3b96049,3174693.454463,0.015148,1,1,1385,1384,0,0
enc_decode,chatcmpl-a557d40dff574ca987ee4524d3b96049,3174693.470098,0.015096,1,1,1386,1385,0,0
enc_decode,chatcmpl-a557d40dff574ca987ee4524d3b96049,3174693.485683,0.015073,1,1,1387,1386,0,0
enc_decode,chatcmpl-a557d40dff574ca987ee4524d3b96049,3174693.501239,0.015177,1,1,1388,1387,0,0
enc_decode,chatcmpl-a557d40dff574ca987ee4524d3b96049,3174693.516907,0.015088,1,1,1389,1388,0,0
enc_decode,chatcmpl-a557d40dff574ca987ee4524d3b96049,3174693.532495,0.015101,1,1,1390,1389,0,0
enc_decode,chatcmpl-a557d40dff574ca987ee4524d3b96049,3174693.548088,0.015069,1,1,1391,1390,0,0
enc_decode,chatcmpl-a557d40dff574ca987ee4524d3b96049,3174693.563643,0.015090,1,1,1392,1391,0,0
enc_decode,chatcmpl-a557d40dff574ca987ee4524d3b96049,3174693.579218,0.015091,1,1,1393,1392,0,0
enc_decode,chatcmpl-a557d40dff574ca987ee4524d3b96049,3174693.594794,0.015100,1,1,1394,1393,0,0
enc_decode,chatcmpl-a557d40dff574ca987ee4524d3b96049,3174693.610385,0.015095,1,1,1395,1394,0,0
enc_decode,chatcmpl-a557d40dff574ca987ee4524d3b96049,3174693.625962,0.015090,1,1,1396,1395,0,0
enc_decode,chatcmpl-a557d40dff574ca987ee4524d3b96049,3174693.641530,0.015086,1,1,1397,1396,0,0
enc_decode,chatcmpl-a557d40dff574ca987ee4524d3b96049,3174693.657106,0.015070,1,1,1398,1397,0,0
enc_decode,chatcmpl-a557d40dff574ca987ee4524d3b96049,3174693.672668,0.015107,1,1,1399,1398,0,0
enc_decode,chatcmpl-a557d40dff574ca987ee4524d3b96049,3174693.688285,0.015076,1,1,1400,1399,0,0
enc_decode,chatcmpl-a557d40dff574ca987ee4524d3b96049,3174693.703843,0.015085,1,1,1401,1400,0,0
enc_decode,chatcmpl-a557d40dff574ca987ee4524d3b96049,3174693.719413,0.015184,1,1,1402,1401,0,0
enc_decode,chatcmpl-a557d40dff574ca987ee4524d3b96049,3174693.735078,0.015121,1,1,1403,1402,0,0
enc_decode,chatcmpl-a557d40dff574ca987ee4524d3b96049,3174693.750690,0.015106,1,1,1404,1403,0,0
enc_decode,chatcmpl-a557d40dff574ca987ee4524d3b96049,3174693.766285,0.015112,1,1,1405,1404,0,0
enc_decode,chatcmpl-a557d40dff574ca987ee4524d3b96049,3174693.781889,0.015103,1,1,1406,1405,0,0
enc_decode,chatcmpl-a557d40dff574ca987ee4524d3b96049,3174693.797492,0.015209,1,1,1407,1406,0,0
enc_decode,chatcmpl-a557d40dff574ca987ee4524d3b96049,3174693.813184,0.015130,1,1,1408,1407,0,0
enc_decode,chatcmpl-a557d40dff574ca987ee4524d3b96049,3174693.828827,0.015084,1,1,1409,1408,0,0
enc_decode,chatcmpl-a557d40dff574ca987ee4524d3b96049,3174693.844411,0.015079,1,1,1410,1409,0,0
enc_decode,chatcmpl-a557d40dff574ca987ee4524d3b96049,3174693.859975,0.015197,1,1,1411,1410,0,0
enc_decode,chatcmpl-a557d40dff574ca987ee4524d3b96049,3174693.875661,0.015108,1,1,1412,1411,0,0
enc_decode,chatcmpl-a557d40dff574ca987ee4524d3b96049,3174693.891263,0.015132,1,1,1413,1412,0,0
enc_decode,chatcmpl-a557d40dff574ca987ee4524d3b96049,3174693.906902,0.015088,1,1,1414,1413,0,0
enc_decode,chatcmpl-a557d40dff574ca987ee4524d3b96049,3174693.922477,0.015081,1,1,1415,1414,0,0
enc_decode,chatcmpl-a557d40dff574ca987ee4524d3b96049,3174693.938048,0.015120,1,1,1416,1415,0,0
enc_decode,chatcmpl-a557d40dff574ca987ee4524d3b96049,3174693.953659,0.015106,1,1,1417,1416,0,0
enc_decode,chatcmpl-a557d40dff574ca987ee4524d3b96049,3174693.969251,0.015094,1,1,1418,1417,0,0
enc_decode,chatcmpl-a557d40dff574ca987ee4524d3b96049,3174693.984824,0.015081,1,1,1419,1418,0,0
enc_decode,chatcmpl-a557d40dff574ca987ee4524d3b96049,3174694.000406,0.015092,1,1,1420,1419,0,0
enc_decode,chatcmpl-a557d40dff574ca987ee4524d3b96049,3174694.015987,0.015100,1,1,1421,1420,0,0
enc_decode,chatcmpl-a557d40dff574ca987ee4524d3b96049,3174694.031571,0.015115,1,1,1422,1421,0,0
enc_decode,chatcmpl-a557d40dff574ca987ee4524d3b96049,3174694.047174,0.015082,1,1,1423,1422,0,0
enc_decode,chatcmpl-a557d40dff574ca987ee4524d3b96049,3174694.062745,0.015085,1,1,1424,1423,0,0
enc_decode,chatcmpl-a557d40dff574ca987ee4524d3b96049,3174694.078321,0.015101,1,1,1425,1424,0,0
enc_decode,chatcmpl-a557d40dff574ca987ee4524d3b96049,3174694.093909,0.015133,1,1,1426,1425,0,0
enc_decode,chatcmpl-a557d40dff574ca987ee4524d3b96049,3174694.109534,0.015104,1,1,1427,1426,0,0
enc_decode,chatcmpl-a557d40dff574ca987ee4524d3b96049,3174694.125124,0.015105,1,1,1428,1427,0,0
enc_decode,chatcmpl-a557d40dff574ca987ee4524d3b96049,3174694.140717,0.015093,1,1,1429,1428,0,0
enc_decode,chatcmpl-a557d40dff574ca987ee4524d3b96049,3174694.156304,0.015203,1,1,1430,1429,0,0
enc_decode,chatcmpl-a557d40dff574ca987ee4524d3b96049,3174694.171990,0.015126,1,1,1431,1430,0,0
enc_decode,chatcmpl-a557d40dff574ca987ee4524d3b96049,3174694.187603,0.015095,1,1,1432,1431,0,0
enc_decode,chatcmpl-a557d40dff574ca987ee4524d3b96049,3174694.203185,0.015091,1,1,1433,1432,0,0
enc_decode,chatcmpl-a557d40dff574ca987ee4524d3b96049,3174694.218761,0.015101,1,1,1434,1433,0,0
enc_decode,chatcmpl-a557d40dff574ca987ee4524d3b96049,3174694.234344,0.015142,1,1,1435,1434,0,0
enc_decode,chatcmpl-a557d40dff574ca987ee4524d3b96049,3174694.249969,0.015146,1,1,1436,1435,0,0
enc_decode,chatcmpl-a557d40dff574ca987ee4524d3b96049,3174694.265600,0.015096,1,1,1437,1436,0,0
enc_decode,chatcmpl-a557d40dff574ca987ee4524d3b96049,3174694.281191,0.015106,1,1,1438,1437,0,0
enc_decode,chatcmpl-a557d40dff574ca987ee4524d3b96049,3174694.296783,0.015098,1,1,1439,1438,0,0
enc_decode,chatcmpl-a557d40dff574ca987ee4524d3b96049,3174694.312381,0.015102,1,1,1440,1439,0,0
enc_decode,chatcmpl-a557d40dff574ca987ee4524d3b96049,3174694.327975,0.015120,1,1,1441,1440,0,0
enc_decode,chatcmpl-a557d40dff574ca987ee4524d3b96049,3174694.343582,0.015097,1,1,1442,1441,0,0
enc_decode,chatcmpl-a557d40dff574ca987ee4524d3b96049,3174694.359163,0.015119,1,1,1443,1442,0,0
enc_decode,chatcmpl-a557d40dff574ca987ee4524d3b96049,3174694.374777,0.015135,1,1,1444,1443,0,0
enc_decode,chatcmpl-a557d40dff574ca987ee4524d3b96049,3174694.390402,0.015123,1,1,1445,1444,0,0
enc_decode,chatcmpl-a557d40dff574ca987ee4524d3b96049,3174694.406008,0.015105,1,1,1446,1445,0,0
enc_decode,chatcmpl-a557d40dff574ca987ee4524d3b96049,3174694.421598,0.015066,1,1,1447,1446,0,0
enc_decode,chatcmpl-a557d40dff574ca987ee4524d3b96049,3174694.437145,0.015082,1,1,1448,1447,0,0
enc_decode,chatcmpl-a557d40dff574ca987ee4524d3b96049,3174694.452707,0.015105,1,1,1449,1448,0,0
enc_decode,chatcmpl-a557d40dff574ca987ee4524d3b96049,3174694.468316,0.015105,1,1,1450,1449,0,0
enc_decode,chatcmpl-a557d40dff574ca987ee4524d3b96049,3174694.483911,0.015083,1,1,1451,1450,0,0
enc_decode,chatcmpl-a557d40dff574ca987ee4524d3b96049,3174694.499489,0.015101,1,1,1452,1451,0,0
enc_decode,chatcmpl-a557d40dff574ca987ee4524d3b96049,3174694.515079,0.015194,1,1,1453,1452,0,0
enc_decode,chatcmpl-a557d40dff574ca987ee4524d3b96049,3174694.530756,0.015129,1,1,1454,1453,0,0
enc_decode,chatcmpl-a557d40dff574ca987ee4524d3b96049,3174694.546376,0.015100,1,1,1455,1454,0,0
enc_decode,chatcmpl-a557d40dff574ca987ee4524d3b96049,3174694.561971,0.015116,1,1,1456,1455,0,0
enc_decode,chatcmpl-a557d40dff574ca987ee4524d3b96049,3174694.577568,0.015083,1,1,1457,1456,0,0
enc_decode,chatcmpl-a557d40dff574ca987ee4524d3b96049,3174694.593134,0.015106,1,1,1458,1457,0,0
enc_decode,chatcmpl-a557d40dff574ca987ee4524d3b96049,3174694.608726,0.015126,1,1,1459,1458,0,0
enc_decode,chatcmpl-a557d40dff574ca987ee4524d3b96049,3174694.624346,0.015093,1,1,1460,1459,0,0
enc_decode,chatcmpl-a557d40dff574ca987ee4524d3b96049,3174694.639927,0.015098,1,1,1461,1460,0,0
enc_decode,chatcmpl-a557d40dff574ca987ee4524d3b96049,3174694.655506,0.015092,1,1,1462,1461,0,0
enc_decode,chatcmpl-a557d40dff574ca987ee4524d3b96049,3174694.671087,0.015118,1,1,1463,1462,0,0
enc_decode,chatcmpl-a557d40dff574ca987ee4524d3b96049,3174694.686688,0.015120,1,1,1464,1463,0,0
enc_decode,chatcmpl-a557d40dff574ca987ee4524d3b96049,3174694.702295,0.015073,1,1,1465,1464,0,0
enc_decode,chatcmpl-a557d40dff574ca987ee4524d3b96049,3174694.717864,0.015144,1,1,1466,1465,0,0
enc_decode,chatcmpl-a557d40dff574ca987ee4524d3b96049,3174694.733504,0.015103,1,1,1467,1466,0,0
enc_decode,chatcmpl-a557d40dff574ca987ee4524d3b96049,3174694.749105,0.015112,1,1,1468,1467,0,0
enc_decode,chatcmpl-a557d40dff574ca987ee4524d3b96049,3174694.764700,0.015082,1,1,1469,1468,0,0
enc_decode,chatcmpl-a557d40dff574ca987ee4524d3b96049,3174694.780283,0.015086,1,1,1470,1469,0,0
enc_decode,chatcmpl-a557d40dff574ca987ee4524d3b96049,3174694.795848,0.015110,1,1,1471,1470,0,0
enc_prefill,chatcmpl-d032d0c23b404fecbd4e3673ed13551f,3174694.838601,0.358651,1,1346,1346,0,1,0
enc_decode,chatcmpl-d032d0c23b404fecbd4e3673ed13551f,3174695.197953,0.015275,1,1,1347,1346,0,0
enc_decode,chatcmpl-d032d0c23b404fecbd4e3673ed13551f,3174695.213712,0.015134,1,1,1348,1347,0,0
enc_decode,chatcmpl-d032d0c23b404fecbd4e3673ed13551f,3174695.229338,0.015101,1,1,1349,1348,0,0
enc_decode,chatcmpl-d032d0c23b404fecbd4e3673ed13551f,3174695.244931,0.015109,1,1,1350,1349,0,0
enc_decode,chatcmpl-d032d0c23b404fecbd4e3673ed13551f,3174695.260526,0.015101,1,1,1351,1350,0,0
enc_decode,chatcmpl-d032d0c23b404fecbd4e3673ed13551f,3174695.276125,0.015087,1,1,1352,1351,0,0
enc_decode,chatcmpl-d032d0c23b404fecbd4e3673ed13551f,3174695.291698,0.015084,1,1,1353,1352,0,0
enc_decode,chatcmpl-d032d0c23b404fecbd4e3673ed13551f,3174695.307265,0.015125,1,1,1354,1353,0,0
enc_decode,chatcmpl-d032d0c23b404fecbd4e3673ed13551f,3174695.322874,0.015086,1,1,1355,1354,0,0
enc_decode,chatcmpl-d032d0c23b404fecbd4e3673ed13551f,3174695.338449,0.015125,1,1,1356,1355,0,0
enc_decode,chatcmpl-d032d0c23b404fecbd4e3673ed13551f,3174695.354069,0.015214,1,1,1357,1356,0,0
enc_decode,chatcmpl-d032d0c23b404fecbd4e3673ed13551f,3174695.369768,0.015121,1,1,1358,1357,0,0
enc_decode,chatcmpl-d032d0c23b404fecbd4e3673ed13551f,3174695.385376,0.015106,1,1,1359,1358,0,0
enc_decode,chatcmpl-d032d0c23b404fecbd4e3673ed13551f,3174695.400967,0.015128,1,1,1360,1359,0,0
enc_decode,chatcmpl-d032d0c23b404fecbd4e3673ed13551f,3174695.416578,0.015102,1,1,1361,1360,0,0
enc_decode,chatcmpl-d032d0c23b404fecbd4e3673ed13551f,3174695.432175,0.015087,1,1,1362,1361,0,0
enc_decode,chatcmpl-d032d0c23b404fecbd4e3673ed13551f,3174695.447752,0.015090,1,1,1363,1362,0,0
enc_decode,chatcmpl-d032d0c23b404fecbd4e3673ed13551f,3174695.463322,0.015100,1,1,1364,1363,0,0
enc_decode,chatcmpl-d032d0c23b404fecbd4e3673ed13551f,3174695.478913,0.015112,1,1,1365,1364,0,0
enc_decode,chatcmpl-d032d0c23b404fecbd4e3673ed13551f,3174695.494513,0.015098,1,1,1366,1365,0,0
enc_decode,chatcmpl-d032d0c23b404fecbd4e3673ed13551f,3174695.510112,0.015110,1,1,1367,1366,0,0
enc_decode,chatcmpl-d032d0c23b404fecbd4e3673ed13551f,3174695.525713,0.015091,1,1,1368,1367,0,0
enc_decode,chatcmpl-d032d0c23b404fecbd4e3673ed13551f,3174695.541291,0.015083,1,1,1369,1368,0,0
enc_decode,chatcmpl-d032d0c23b404fecbd4e3673ed13551f,3174695.556860,0.015114,1,1,1370,1369,0,0
enc_decode,chatcmpl-d032d0c23b404fecbd4e3673ed13551f,3174695.572469,0.015059,1,1,1371,1370,0,0
enc_decode,chatcmpl-d032d0c23b404fecbd4e3673ed13551f,3174695.588027,0.015085,1,1,1372,1371,0,0
enc_decode,chatcmpl-d032d0c23b404fecbd4e3673ed13551f,3174695.603593,0.015087,1,1,1373,1372,0,0
enc_decode,chatcmpl-d032d0c23b404fecbd4e3673ed13551f,3174695.619164,0.015117,1,1,1374,1373,0,0
enc_decode,chatcmpl-d032d0c23b404fecbd4e3673ed13551f,3174695.634777,0.015110,1,1,1375,1374,0,0
enc_decode,chatcmpl-d032d0c23b404fecbd4e3673ed13551f,3174695.650375,0.015118,1,1,1376,1375,0,0
enc_decode,chatcmpl-d032d0c23b404fecbd4e3673ed13551f,3174695.665976,0.015103,1,1,1377,1376,0,0
enc_decode,chatcmpl-d032d0c23b404fecbd4e3673ed13551f,3174695.681573,0.015101,1,1,1378,1377,0,0
enc_decode,chatcmpl-d032d0c23b404fecbd4e3673ed13551f,3174695.697162,0.015099,1,1,1379,1378,0,0
enc_decode,chatcmpl-d032d0c23b404fecbd4e3673ed13551f,3174695.712743,0.015175,1,1,1380,1379,0,0
enc_decode,chatcmpl-d032d0c23b404fecbd4e3673ed13551f,3174695.728408,0.015078,1,1,1381,1380,0,0
enc_decode,chatcmpl-d032d0c23b404fecbd4e3673ed13551f,3174695.743967,0.015087,1,1,1382,1381,0,0
enc_decode,chatcmpl-d032d0c23b404fecbd4e3673ed13551f,3174695.759543,0.015113,1,1,1383,1382,0,0
enc_decode,chatcmpl-d032d0c23b404fecbd4e3673ed13551f,3174695.775142,0.015106,1,1,1384,1383,0,0
enc_decode,chatcmpl-d032d0c23b404fecbd4e3673ed13551f,3174695.790730,0.015110,1,1,1385,1384,0,0
enc_decode,chatcmpl-d032d0c23b404fecbd4e3673ed13551f,3174695.806335,0.015080,1,1,1386,1385,0,0
enc_decode,chatcmpl-d032d0c23b404fecbd4e3673ed13551f,3174695.821893,0.015094,1,1,1387,1386,0,0
enc_decode,chatcmpl-d032d0c23b404fecbd4e3673ed13551f,3174695.837469,0.015109,1,1,1388,1387,0,0
enc_decode,chatcmpl-d032d0c23b404fecbd4e3673ed13551f,3174695.853056,0.015094,1,1,1389,1388,0,0
enc_decode,chatcmpl-d032d0c23b404fecbd4e3673ed13551f,3174695.868640,0.015086,1,1,1390,1389,0,0
enc_decode,chatcmpl-d032d0c23b404fecbd4e3673ed13551f,3174695.884218,0.015081,1,1,1391,1390,0,0
enc_decode,chatcmpl-d032d0c23b404fecbd4e3673ed13551f,3174695.899777,0.015105,1,1,1392,1391,0,0
enc_decode,chatcmpl-d032d0c23b404fecbd4e3673ed13551f,3174695.915363,0.015153,1,1,1393,1392,0,0
enc_decode,chatcmpl-d032d0c23b404fecbd4e3673ed13551f,3174695.930999,0.015090,1,1,1394,1393,0,0
enc_decode,chatcmpl-d032d0c23b404fecbd4e3673ed13551f,3174695.946571,0.015093,1,1,1395,1394,0,0
enc_decode,chatcmpl-d032d0c23b404fecbd4e3673ed13551f,3174695.962147,0.015112,1,1,1396,1395,0,0
enc_decode,chatcmpl-d032d0c23b404fecbd4e3673ed13551f,3174695.977746,0.015080,1,1,1397,1396,0,0
enc_decode,chatcmpl-d032d0c23b404fecbd4e3673ed13551f,3174695.993311,0.015118,1,1,1398,1397,0,0
enc_decode,chatcmpl-d032d0c23b404fecbd4e3673ed13551f,3174696.008903,0.015088,1,1,1399,1398,0,0
enc_decode,chatcmpl-d032d0c23b404fecbd4e3673ed13551f,3174696.024481,0.015118,1,1,1400,1399,0,0
enc_decode,chatcmpl-d032d0c23b404fecbd4e3673ed13551f,3174696.040098,0.015103,1,1,1401,1400,0,0
enc_decode,chatcmpl-d032d0c23b404fecbd4e3673ed13551f,3174696.055688,0.015101,1,1,1402,1401,0,0
enc_decode,chatcmpl-d032d0c23b404fecbd4e3673ed13551f,3174696.071277,0.015194,1,1,1403,1402,0,0
enc_decode,chatcmpl-d032d0c23b404fecbd4e3673ed13551f,3174696.086965,0.015100,1,1,1404,1403,0,0
enc_decode,chatcmpl-d032d0c23b404fecbd4e3673ed13551f,3174696.102544,0.015103,1,1,1405,1404,0,0
enc_decode,chatcmpl-d032d0c23b404fecbd4e3673ed13551f,3174696.118142,0.015116,1,1,1406,1405,0,0
enc_decode,chatcmpl-d032d0c23b404fecbd4e3673ed13551f,3174696.133749,0.015107,1,1,1407,1406,0,0
enc_decode,chatcmpl-d032d0c23b404fecbd4e3673ed13551f,3174696.149340,0.015118,1,1,1408,1407,0,0
enc_decode,chatcmpl-d032d0c23b404fecbd4e3673ed13551f,3174696.164971,0.015082,1,1,1409,1408,0,0
enc_decode,chatcmpl-d032d0c23b404fecbd4e3673ed13551f,3174696.180554,0.015088,1,1,1410,1409,0,0
enc_decode,chatcmpl-d032d0c23b404fecbd4e3673ed13551f,3174696.196134,0.015096,1,1,1411,1410,0,0
enc_decode,chatcmpl-d032d0c23b404fecbd4e3673ed13551f,3174696.211718,0.015120,1,1,1412,1411,0,0
enc_decode,chatcmpl-d032d0c23b404fecbd4e3673ed13551f,3174696.227325,0.015088,1,1,1413,1412,0,0
enc_decode,chatcmpl-d032d0c23b404fecbd4e3673ed13551f,3174696.242897,0.015087,1,1,1414,1413,0,0
enc_decode,chatcmpl-d032d0c23b404fecbd4e3673ed13551f,3174696.258469,0.015098,1,1,1415,1414,0,0
enc_decode,chatcmpl-d032d0c23b404fecbd4e3673ed13551f,3174696.274055,0.015116,1,1,1416,1415,0,0
enc_decode,chatcmpl-d032d0c23b404fecbd4e3673ed13551f,3174696.289662,0.015079,1,1,1417,1416,0,0
enc_decode,chatcmpl-d032d0c23b404fecbd4e3673ed13551f,3174696.305228,0.015066,1,1,1418,1417,0,0
enc_decode,chatcmpl-d032d0c23b404fecbd4e3673ed13551f,3174696.320790,0.015104,1,1,1419,1418,0,0
enc_decode,chatcmpl-d032d0c23b404fecbd4e3673ed13551f,3174696.336393,0.015096,1,1,1420,1419,0,0
enc_decode,chatcmpl-d032d0c23b404fecbd4e3673ed13551f,3174696.351976,0.015108,1,1,1421,1420,0,0
enc_decode,chatcmpl-d032d0c23b404fecbd4e3673ed13551f,3174696.367568,0.015103,1,1,1422,1421,0,0
enc_decode,chatcmpl-d032d0c23b404fecbd4e3673ed13551f,3174696.383172,0.015122,1,1,1423,1422,0,0
enc_decode,chatcmpl-d032d0c23b404fecbd4e3673ed13551f,3174696.398780,0.015088,1,1,1424,1423,0,0
enc_decode,chatcmpl-d032d0c23b404fecbd4e3673ed13551f,3174696.414352,0.015123,1,1,1425,1424,0,0
enc_decode,chatcmpl-d032d0c23b404fecbd4e3673ed13551f,3174696.429960,0.015212,1,1,1426,1425,0,0
enc_decode,chatcmpl-d032d0c23b404fecbd4e3673ed13551f,3174696.445665,0.015096,1,1,1427,1426,0,0
enc_decode,chatcmpl-d032d0c23b404fecbd4e3673ed13551f,3174696.461246,0.015071,1,1,1428,1427,0,0
enc_decode,chatcmpl-d032d0c23b404fecbd4e3673ed13551f,3174696.476800,0.015093,1,1,1429,1428,0,0
enc_decode,chatcmpl-d032d0c23b404fecbd4e3673ed13551f,3174696.492375,0.015122,1,1,1430,1429,0,0
enc_decode,chatcmpl-d032d0c23b404fecbd4e3673ed13551f,3174696.507980,0.015088,1,1,1431,1430,0,0
enc_decode,chatcmpl-d032d0c23b404fecbd4e3673ed13551f,3174696.523550,0.015102,1,1,1432,1431,0,0
enc_decode,chatcmpl-d032d0c23b404fecbd4e3673ed13551f,3174696.539131,0.015117,1,1,1433,1432,0,0
enc_decode,chatcmpl-d032d0c23b404fecbd4e3673ed13551f,3174696.554737,0.015130,1,1,1434,1433,0,0
enc_decode,chatcmpl-d032d0c23b404fecbd4e3673ed13551f,3174696.570360,0.015082,1,1,1435,1434,0,0
enc_decode,chatcmpl-d032d0c23b404fecbd4e3673ed13551f,3174696.585923,0.015100,1,1,1436,1435,0,0
enc_decode,chatcmpl-d032d0c23b404fecbd4e3673ed13551f,3174696.601508,0.015082,1,1,1437,1436,0,0
enc_decode,chatcmpl-d032d0c23b404fecbd4e3673ed13551f,3174696.617072,0.015088,1,1,1438,1437,0,0
enc_decode,chatcmpl-d032d0c23b404fecbd4e3673ed13551f,3174696.632650,0.015121,1,1,1439,1438,0,0
enc_decode,chatcmpl-d032d0c23b404fecbd4e3673ed13551f,3174696.648267,0.015092,1,1,1440,1439,0,0
enc_decode,chatcmpl-d032d0c23b404fecbd4e3673ed13551f,3174696.663842,0.015112,1,1,1441,1440,0,0
enc_decode,chatcmpl-d032d0c23b404fecbd4e3673ed13551f,3174696.679438,0.015106,1,1,1442,1441,0,0
enc_decode,chatcmpl-d032d0c23b404fecbd4e3673ed13551f,3174696.695023,0.015126,1,1,1443,1442,0,0
enc_decode,chatcmpl-d032d0c23b404fecbd4e3673ed13551f,3174696.710638,0.015139,1,1,1444,1443,0,0
enc_decode,chatcmpl-d032d0c23b404fecbd4e3673ed13551f,3174696.726261,0.015105,1,1,1445,1444,0,0
enc_decode,chatcmpl-d032d0c23b404fecbd4e3673ed13551f,3174696.741853,0.015073,1,1,1446,1445,0,0
enc_decode,chatcmpl-d032d0c23b404fecbd4e3673ed13551f,3174696.757412,0.015091,1,1,1447,1446,0,0
enc_decode,chatcmpl-d032d0c23b404fecbd4e3673ed13551f,3174696.772993,0.015092,1,1,1448,1447,0,0
enc_decode,chatcmpl-d032d0c23b404fecbd4e3673ed13551f,3174696.788564,0.015206,1,1,1449,1448,0,0
enc_decode,chatcmpl-d032d0c23b404fecbd4e3673ed13551f,3174696.804264,0.015073,1,1,1450,1449,0,0
enc_decode,chatcmpl-d032d0c23b404fecbd4e3673ed13551f,3174696.819828,0.015093,1,1,1451,1450,0,0
enc_decode,chatcmpl-d032d0c23b404fecbd4e3673ed13551f,3174696.835416,0.015105,1,1,1452,1451,0,0
enc_decode,chatcmpl-d032d0c23b404fecbd4e3673ed13551f,3174696.851015,0.015122,1,1,1453,1452,0,0
enc_decode,chatcmpl-d032d0c23b404fecbd4e3673ed13551f,3174696.866630,0.015094,1,1,1454,1453,0,0
enc_decode,chatcmpl-d032d0c23b404fecbd4e3673ed13551f,3174696.882221,0.015081,1,1,1455,1454,0,0
enc_decode,chatcmpl-d032d0c23b404fecbd4e3673ed13551f,3174696.897794,0.015087,1,1,1456,1455,0,0
enc_decode,chatcmpl-d032d0c23b404fecbd4e3673ed13551f,3174696.913367,0.015113,1,1,1457,1456,0,0
enc_decode,chatcmpl-d032d0c23b404fecbd4e3673ed13551f,3174696.928964,0.015106,1,1,1458,1457,0,0
enc_decode,chatcmpl-d032d0c23b404fecbd4e3673ed13551f,3174696.944553,0.015087,1,1,1459,1458,0,0
enc_decode,chatcmpl-d032d0c23b404fecbd4e3673ed13551f,3174696.960134,0.015126,1,1,1460,1459,0,0
enc_decode,chatcmpl-d032d0c23b404fecbd4e3673ed13551f,3174696.975737,0.015104,1,1,1461,1460,0,0
enc_decode,chatcmpl-d032d0c23b404fecbd4e3673ed13551f,3174696.991328,0.015131,1,1,1462,1461,0,0
enc_decode,chatcmpl-d032d0c23b404fecbd4e3673ed13551f,3174697.006943,0.015088,1,1,1463,1462,0,0
enc_decode,chatcmpl-d032d0c23b404fecbd4e3673ed13551f,3174697.022516,0.015102,1,1,1464,1463,0,0
enc_prefill,chatcmpl-03061958d47c4c9c932ead39ff2fb999,3174697.065610,0.361105,1,1403,1403,0,1,0
enc_decode,chatcmpl-03061958d47c4c9c932ead39ff2fb999,3174697.427425,0.015249,1,1,1404,1403,0,0
enc_decode,chatcmpl-03061958d47c4c9c932ead39ff2fb999,3174697.443167,0.015146,1,1,1405,1404,0,0
enc_decode,chatcmpl-03061958d47c4c9c932ead39ff2fb999,3174697.458801,0.015118,1,1,1406,1405,0,0
enc_decode,chatcmpl-03061958d47c4c9c932ead39ff2fb999,3174697.474400,0.015121,1,1,1407,1406,0,0
enc_decode,chatcmpl-03061958d47c4c9c932ead39ff2fb999,3174697.490012,0.015134,1,1,1408,1407,0,0
enc_decode,chatcmpl-03061958d47c4c9c932ead39ff2fb999,3174697.505663,0.015136,1,1,1409,1408,0,0
enc_decode,chatcmpl-03061958d47c4c9c932ead39ff2fb999,3174697.521285,0.015085,1,1,1410,1409,0,0
enc_decode,chatcmpl-03061958d47c4c9c932ead39ff2fb999,3174697.536851,0.015096,1,1,1411,1410,0,0
enc_decode,chatcmpl-03061958d47c4c9c932ead39ff2fb999,3174697.552443,0.015088,1,1,1412,1411,0,0
enc_decode,chatcmpl-03061958d47c4c9c932ead39ff2fb999,3174697.568028,0.015201,1,1,1413,1412,0,0
enc_decode,chatcmpl-03061958d47c4c9c932ead39ff2fb999,3174697.583714,0.015112,1,1,1414,1413,0,0
enc_decode,chatcmpl-03061958d47c4c9c932ead39ff2fb999,3174697.599312,0.015143,1,1,1415,1414,0,0
enc_decode,chatcmpl-03061958d47c4c9c932ead39ff2fb999,3174697.614942,0.015101,1,1,1416,1415,0,0
enc_decode,chatcmpl-03061958d47c4c9c932ead39ff2fb999,3174697.630532,0.015218,1,1,1417,1416,0,0
enc_decode,chatcmpl-03061958d47c4c9c932ead39ff2fb999,3174697.646236,0.015120,1,1,1418,1417,0,0
enc_decode,chatcmpl-03061958d47c4c9c932ead39ff2fb999,3174697.661841,0.015117,1,1,1419,1418,0,0
enc_decode,chatcmpl-03061958d47c4c9c932ead39ff2fb999,3174697.677443,0.015088,1,1,1420,1419,0,0
enc_decode,chatcmpl-03061958d47c4c9c932ead39ff2fb999,3174697.693027,0.015118,1,1,1421,1420,0,0
enc_decode,chatcmpl-03061958d47c4c9c932ead39ff2fb999,3174697.708630,0.015067,1,1,1422,1421,0,0
enc_decode,chatcmpl-03061958d47c4c9c932ead39ff2fb999,3174697.724193,0.015106,1,1,1423,1422,0,0
enc_decode,chatcmpl-03061958d47c4c9c932ead39ff2fb999,3174697.739792,0.015104,1,1,1424,1423,0,0
enc_decode,chatcmpl-03061958d47c4c9c932ead39ff2fb999,3174697.755384,0.015106,1,1,1425,1424,0,0
enc_decode,chatcmpl-03061958d47c4c9c932ead39ff2fb999,3174697.770975,0.015116,1,1,1426,1425,0,0
enc_decode,chatcmpl-03061958d47c4c9c932ead39ff2fb999,3174697.786587,0.015117,1,1,1427,1426,0,0
enc_decode,chatcmpl-03061958d47c4c9c932ead39ff2fb999,3174697.802197,0.015120,1,1,1428,1427,0,0
enc_decode,chatcmpl-03061958d47c4c9c932ead39ff2fb999,3174697.817799,0.015083,1,1,1429,1428,0,0
enc_decode,chatcmpl-03061958d47c4c9c932ead39ff2fb999,3174697.833369,0.015077,1,1,1430,1429,0,0
enc_decode,chatcmpl-03061958d47c4c9c932ead39ff2fb999,3174697.848930,0.015103,1,1,1431,1430,0,0
enc_decode,chatcmpl-03061958d47c4c9c932ead39ff2fb999,3174697.864524,0.015104,1,1,1432,1431,0,0
enc_decode,chatcmpl-03061958d47c4c9c932ead39ff2fb999,3174697.880120,0.015072,1,1,1433,1432,0,0
enc_decode,chatcmpl-03061958d47c4c9c932ead39ff2fb999,3174697.895672,0.015108,1,1,1434,1433,0,0
enc_decode,chatcmpl-03061958d47c4c9c932ead39ff2fb999,3174697.911285,0.015106,1,1,1435,1434,0,0
enc_decode,chatcmpl-03061958d47c4c9c932ead39ff2fb999,3174697.926883,0.015204,1,1,1436,1435,0,0
enc_decode,chatcmpl-03061958d47c4c9c932ead39ff2fb999,3174697.942575,0.015108,1,1,1437,1436,0,0
enc_decode,chatcmpl-03061958d47c4c9c932ead39ff2fb999,3174697.958169,0.015100,1,1,1438,1437,0,0
enc_decode,chatcmpl-03061958d47c4c9c932ead39ff2fb999,3174697.973757,0.015090,1,1,1439,1438,0,0
enc_decode,chatcmpl-03061958d47c4c9c932ead39ff2fb999,3174697.989331,0.015196,1,1,1440,1439,0,0
enc_decode,chatcmpl-03061958d47c4c9c932ead39ff2fb999,3174698.005007,0.015111,1,1,1441,1440,0,0
enc_decode,chatcmpl-03061958d47c4c9c932ead39ff2fb999,3174698.020606,0.015098,1,1,1442,1441,0,0
enc_decode,chatcmpl-03061958d47c4c9c932ead39ff2fb999,3174698.036203,0.015097,1,1,1443,1442,0,0
enc_decode,chatcmpl-03061958d47c4c9c932ead39ff2fb999,3174698.051783,0.015095,1,1,1444,1443,0,0
enc_decode,chatcmpl-03061958d47c4c9c932ead39ff2fb999,3174698.067350,0.015105,1,1,1445,1444,0,0
enc_decode,chatcmpl-03061958d47c4c9c932ead39ff2fb999,3174698.082942,0.015092,1,1,1446,1445,0,0
enc_decode,chatcmpl-03061958d47c4c9c932ead39ff2fb999,3174698.098519,0.015101,1,1,1447,1446,0,0
enc_decode,chatcmpl-03061958d47c4c9c932ead39ff2fb999,3174698.114103,0.015097,1,1,1448,1447,0,0
enc_decode,chatcmpl-03061958d47c4c9c932ead39ff2fb999,3174698.129684,0.015081,1,1,1449,1448,0,0
enc_decode,chatcmpl-03061958d47c4c9c932ead39ff2fb999,3174698.145255,0.015061,1,1,1450,1449,0,0
enc_decode,chatcmpl-03061958d47c4c9c932ead39ff2fb999,3174698.160793,0.015133,1,1,1451,1450,0,0
enc_decode,chatcmpl-03061958d47c4c9c932ead39ff2fb999,3174698.176419,0.015089,1,1,1452,1451,0,0
enc_decode,chatcmpl-03061958d47c4c9c932ead39ff2fb999,3174698.191988,0.015098,1,1,1453,1452,0,0
enc_decode,chatcmpl-03061958d47c4c9c932ead39ff2fb999,3174698.207569,0.015060,1,1,1454,1453,0,0
enc_decode,chatcmpl-03061958d47c4c9c932ead39ff2fb999,3174698.223114,0.015097,1,1,1455,1454,0,0
enc_decode,chatcmpl-03061958d47c4c9c932ead39ff2fb999,3174698.238694,0.015103,1,1,1456,1455,0,0
enc_decode,chatcmpl-03061958d47c4c9c932ead39ff2fb999,3174698.254277,0.015098,1,1,1457,1456,0,0
enc_decode,chatcmpl-03061958d47c4c9c932ead39ff2fb999,3174698.269860,0.015074,1,1,1458,1457,0,0
enc_decode,chatcmpl-03061958d47c4c9c932ead39ff2fb999,3174698.285420,0.015180,1,1,1459,1458,0,0
enc_decode,chatcmpl-03061958d47c4c9c932ead39ff2fb999,3174698.301088,0.015131,1,1,1460,1459,0,0
enc_decode,chatcmpl-03061958d47c4c9c932ead39ff2fb999,3174698.316705,0.015099,1,1,1461,1460,0,0
enc_decode,chatcmpl-03061958d47c4c9c932ead39ff2fb999,3174698.332304,0.015076,1,1,1462,1461,0,0
enc_decode,chatcmpl-03061958d47c4c9c932ead39ff2fb999,3174698.347861,0.015184,1,1,1463,1462,0,0
enc_decode,chatcmpl-03061958d47c4c9c932ead39ff2fb999,3174698.363531,0.015107,1,1,1464,1463,0,0
enc_decode,chatcmpl-03061958d47c4c9c932ead39ff2fb999,3174698.379127,0.015090,1,1,1465,1464,0,0
enc_decode,chatcmpl-03061958d47c4c9c932ead39ff2fb999,3174698.394708,0.015092,1,1,1466,1465,0,0
enc_decode,chatcmpl-03061958d47c4c9c932ead39ff2fb999,3174698.410287,0.015112,1,1,1467,1466,0,0
enc_decode,chatcmpl-03061958d47c4c9c932ead39ff2fb999,3174698.425895,0.015108,1,1,1468,1467,0,0
enc_decode,chatcmpl-03061958d47c4c9c932ead39ff2fb999,3174698.441486,0.015101,1,1,1469,1468,0,0
enc_decode,chatcmpl-03061958d47c4c9c932ead39ff2fb999,3174698.457072,0.015100,1,1,1470,1469,0,0
enc_decode,chatcmpl-03061958d47c4c9c932ead39ff2fb999,3174698.472652,0.015084,1,1,1471,1470,0,0
enc_decode,chatcmpl-03061958d47c4c9c932ead39ff2fb999,3174698.488235,0.015075,1,1,1472,1471,0,0
enc_decode,chatcmpl-03061958d47c4c9c932ead39ff2fb999,3174698.503784,0.015103,1,1,1473,1472,0,0
enc_decode,chatcmpl-03061958d47c4c9c932ead39ff2fb999,3174698.519376,0.015130,1,1,1474,1473,0,0
enc_decode,chatcmpl-03061958d47c4c9c932ead39ff2fb999,3174698.534998,0.015091,1,1,1475,1474,0,0
enc_decode,chatcmpl-03061958d47c4c9c932ead39ff2fb999,3174698.550573,0.015092,1,1,1476,1475,0,0
enc_decode,chatcmpl-03061958d47c4c9c932ead39ff2fb999,3174698.566148,0.015099,1,1,1477,1476,0,0
enc_decode,chatcmpl-03061958d47c4c9c932ead39ff2fb999,3174698.581751,0.015124,1,1,1478,1477,0,0
enc_decode,chatcmpl-03061958d47c4c9c932ead39ff2fb999,3174698.597366,0.015103,1,1,1479,1478,0,0
enc_decode,chatcmpl-03061958d47c4c9c932ead39ff2fb999,3174698.612956,0.015118,1,1,1480,1479,0,0
enc_decode,chatcmpl-03061958d47c4c9c932ead39ff2fb999,3174698.628566,0.015076,1,1,1481,1480,0,0
enc_decode,chatcmpl-03061958d47c4c9c932ead39ff2fb999,3174698.644121,0.015213,1,1,1482,1481,0,0
enc_decode,chatcmpl-03061958d47c4c9c932ead39ff2fb999,3174698.659821,0.015114,1,1,1483,1482,0,0
enc_decode,chatcmpl-03061958d47c4c9c932ead39ff2fb999,3174698.675426,0.015088,1,1,1484,1483,0,0
enc_decode,chatcmpl-03061958d47c4c9c932ead39ff2fb999,3174698.691002,0.015075,1,1,1485,1484,0,0
enc_decode,chatcmpl-03061958d47c4c9c932ead39ff2fb999,3174698.706566,0.015212,1,1,1486,1485,0,0
enc_decode,chatcmpl-03061958d47c4c9c932ead39ff2fb999,3174698.722261,0.015151,1,1,1487,1486,0,0
enc_decode,chatcmpl-03061958d47c4c9c932ead39ff2fb999,3174698.737897,0.015116,1,1,1488,1487,0,0
enc_decode,chatcmpl-03061958d47c4c9c932ead39ff2fb999,3174698.753503,0.015083,1,1,1489,1488,0,0
enc_decode,chatcmpl-03061958d47c4c9c932ead39ff2fb999,3174698.769072,0.015082,1,1,1490,1489,0,0
enc_decode,chatcmpl-03061958d47c4c9c932ead39ff2fb999,3174698.784639,0.015086,1,1,1491,1490,0,0
enc_decode,chatcmpl-03061958d47c4c9c932ead39ff2fb999,3174698.800221,0.015091,1,1,1492,1491,0,0
enc_decode,chatcmpl-03061958d47c4c9c932ead39ff2fb999,3174698.815797,0.015092,1,1,1493,1492,0,0
enc_decode,chatcmpl-03061958d47c4c9c932ead39ff2fb999,3174698.831378,0.015081,1,1,1494,1493,0,0
enc_decode,chatcmpl-03061958d47c4c9c932ead39ff2fb999,3174698.846949,0.015128,1,1,1495,1494,0,0
enc_decode,chatcmpl-03061958d47c4c9c932ead39ff2fb999,3174698.862577,0.015122,1,1,1496,1495,0,0
enc_decode,chatcmpl-03061958d47c4c9c932ead39ff2fb999,3174698.878186,0.015119,1,1,1497,1496,0,0
enc_decode,chatcmpl-03061958d47c4c9c932ead39ff2fb999,3174698.893789,0.015091,1,1,1498,1497,0,0
enc_decode,chatcmpl-03061958d47c4c9c932ead39ff2fb999,3174698.909362,0.015079,1,1,1499,1498,0,0
enc_decode,chatcmpl-03061958d47c4c9c932ead39ff2fb999,3174698.924928,0.015090,1,1,1500,1499,0,0
enc_decode,chatcmpl-03061958d47c4c9c932ead39ff2fb999,3174698.940508,0.015135,1,1,1501,1500,0,0
enc_decode,chatcmpl-03061958d47c4c9c932ead39ff2fb999,3174698.956134,0.015109,1,1,1502,1501,0,0
enc_decode,chatcmpl-03061958d47c4c9c932ead39ff2fb999,3174698.971724,0.015098,1,1,1503,1502,0,0
enc_decode,chatcmpl-03061958d47c4c9c932ead39ff2fb999,3174698.987308,0.015074,1,1,1504,1503,0,0
enc_decode,chatcmpl-03061958d47c4c9c932ead39ff2fb999,3174699.002871,0.015218,1,1,1505,1504,0,0
enc_decode,chatcmpl-03061958d47c4c9c932ead39ff2fb999,3174699.018572,0.015105,1,1,1506,1505,0,0
enc_decode,chatcmpl-03061958d47c4c9c932ead39ff2fb999,3174699.034164,0.015109,1,1,1507,1506,0,0
enc_decode,chatcmpl-03061958d47c4c9c932ead39ff2fb999,3174699.049761,0.015076,1,1,1508,1507,0,0
enc_decode,chatcmpl-03061958d47c4c9c932ead39ff2fb999,3174699.065322,0.015161,1,1,1509,1508,0,0
enc_decode,chatcmpl-03061958d47c4c9c932ead39ff2fb999,3174699.080972,0.015102,1,1,1510,1509,0,0
enc_decode,chatcmpl-03061958d47c4c9c932ead39ff2fb999,3174699.096562,0.015109,1,1,1511,1510,0,0
enc_decode,chatcmpl-03061958d47c4c9c932ead39ff2fb999,3174699.112171,0.015104,1,1,1512,1511,0,0
enc_decode,chatcmpl-03061958d47c4c9c932ead39ff2fb999,3174699.127762,0.015093,1,1,1513,1512,0,0
enc_decode,chatcmpl-03061958d47c4c9c932ead39ff2fb999,3174699.143343,0.015094,1,1,1514,1513,0,0
enc_decode,chatcmpl-03061958d47c4c9c932ead39ff2fb999,3174699.158916,0.015115,1,1,1515,1514,0,0
enc_decode,chatcmpl-03061958d47c4c9c932ead39ff2fb999,3174699.174520,0.015110,1,1,1516,1515,0,0
enc_decode,chatcmpl-03061958d47c4c9c932ead39ff2fb999,3174699.190117,0.015116,1,1,1517,1516,0,0
enc_decode,chatcmpl-03061958d47c4c9c932ead39ff2fb999,3174699.205721,0.015099,1,1,1518,1517,0,0
enc_decode,chatcmpl-03061958d47c4c9c932ead39ff2fb999,3174699.221308,0.015094,1,1,1519,1518,0,0
enc_decode,chatcmpl-03061958d47c4c9c932ead39ff2fb999,3174699.236890,0.015122,1,1,1520,1519,0,0
enc_decode,chatcmpl-03061958d47c4c9c932ead39ff2fb999,3174699.252512,0.015082,1,1,1521,1520,0,0
enc_decode,chatcmpl-03061958d47c4c9c932ead39ff2fb999,3174699.268085,0.015090,1,1,1522,1521,0,0
enc_decode,chatcmpl-03061958d47c4c9c932ead39ff2fb999,3174699.283665,0.015089,1,1,1523,1522,0,0
enc_decode,chatcmpl-03061958d47c4c9c932ead39ff2fb999,3174699.299237,0.015157,1,1,1524,1523,0,0
enc_decode,chatcmpl-03061958d47c4c9c932ead39ff2fb999,3174699.314877,0.015090,1,1,1525,1524,0,0
enc_decode,chatcmpl-03061958d47c4c9c932ead39ff2fb999,3174699.330451,0.015087,1,1,1526,1525,0,0
enc_prefill,chatcmpl-b29f9d2444b2487ebe0bfe9493083835,3175285.748412,0.341500,1,1369,1369,0,1,0
enc_decode,chatcmpl-b29f9d2444b2487ebe0bfe9493083835,3175286.090296,0.014402,1,1,1370,1369,0,0
enc_decode,chatcmpl-b29f9d2444b2487ebe0bfe9493083835,3175286.104948,0.014224,1,1,1371,1370,0,0
enc_decode,chatcmpl-b29f9d2444b2487ebe0bfe9493083835,3175286.119519,0.014190,1,1,1372,1371,0,0
enc_decode,chatcmpl-b29f9d2444b2487ebe0bfe9493083835,3175286.133934,0.014172,1,1,1373,1372,0,0
enc_decode,chatcmpl-b29f9d2444b2487ebe0bfe9493083835,3175286.148330,0.014148,1,1,1374,1373,0,0
enc_decode,chatcmpl-b29f9d2444b2487ebe0bfe9493083835,3175286.162698,0.014138,1,1,1375,1374,0,0
enc_decode,chatcmpl-b29f9d2444b2487ebe0bfe9493083835,3175286.177058,0.014122,1,1,1376,1375,0,0
enc_decode,chatcmpl-b29f9d2444b2487ebe0bfe9493083835,3175286.191401,0.014220,1,1,1377,1376,0,0
enc_decode,chatcmpl-b29f9d2444b2487ebe0bfe9493083835,3175286.205844,0.014168,1,1,1378,1377,0,0
enc_decode,chatcmpl-b29f9d2444b2487ebe0bfe9493083835,3175286.220234,0.014178,1,1,1379,1378,0,0
enc_decode,chatcmpl-b29f9d2444b2487ebe0bfe9493083835,3175286.234633,0.014135,1,1,1380,1379,0,0
enc_decode,chatcmpl-b29f9d2444b2487ebe0bfe9493083835,3175286.248992,0.014143,1,1,1381,1380,0,0
enc_decode,chatcmpl-b29f9d2444b2487ebe0bfe9493083835,3175286.263352,0.014143,1,1,1382,1381,0,0
enc_decode,chatcmpl-b29f9d2444b2487ebe0bfe9493083835,3175286.277713,0.014129,1,1,1383,1382,0,0
enc_decode,chatcmpl-b29f9d2444b2487ebe0bfe9493083835,3175286.292069,0.014153,1,1,1384,1383,0,0
enc_decode,chatcmpl-b29f9d2444b2487ebe0bfe9493083835,3175286.306444,0.014163,1,1,1385,1384,0,0
enc_decode,chatcmpl-b29f9d2444b2487ebe0bfe9493083835,3175286.320826,0.014143,1,1,1386,1385,0,0
enc_decode,chatcmpl-b29f9d2444b2487ebe0bfe9493083835,3175286.335190,0.014159,1,1,1387,1386,0,0
enc_decode,chatcmpl-b29f9d2444b2487ebe0bfe9493083835,3175286.349569,0.014144,1,1,1388,1387,0,0
enc_decode,chatcmpl-b29f9d2444b2487ebe0bfe9493083835,3175286.363935,0.014144,1,1,1389,1388,0,0
enc_decode,chatcmpl-b29f9d2444b2487ebe0bfe9493083835,3175286.378301,0.014126,1,1,1390,1389,0,0
enc_decode,chatcmpl-b29f9d2444b2487ebe0bfe9493083835,3175286.392650,0.014125,1,1,1391,1390,0,0
enc_decode,chatcmpl-b29f9d2444b2487ebe0bfe9493083835,3175286.406999,0.014154,1,1,1392,1391,0,0
enc_decode,chatcmpl-b29f9d2444b2487ebe0bfe9493083835,3175286.421374,0.014132,1,1,1393,1392,0,0
enc_decode,chatcmpl-b29f9d2444b2487ebe0bfe9493083835,3175286.435728,0.014164,1,1,1394,1393,0,0
enc_decode,chatcmpl-b29f9d2444b2487ebe0bfe9493083835,3175286.450115,0.014120,1,1,1395,1394,0,0
enc_decode,chatcmpl-b29f9d2444b2487ebe0bfe9493083835,3175286.464457,0.014146,1,1,1396,1395,0,0
enc_decode,chatcmpl-b29f9d2444b2487ebe0bfe9493083835,3175286.478827,0.014155,1,1,1397,1396,0,0
enc_decode,chatcmpl-b29f9d2444b2487ebe0bfe9493083835,3175286.493204,0.014132,1,1,1398,1397,0,0
enc_decode,chatcmpl-b29f9d2444b2487ebe0bfe9493083835,3175286.507562,0.014136,1,1,1399,1398,0,0
enc_decode,chatcmpl-b29f9d2444b2487ebe0bfe9493083835,3175286.521919,0.014192,1,1,1400,1399,0,0
enc_decode,chatcmpl-b29f9d2444b2487ebe0bfe9493083835,3175286.536332,0.014127,1,1,1401,1400,0,0
enc_decode,chatcmpl-b29f9d2444b2487ebe0bfe9493083835,3175286.550679,0.014114,1,1,1402,1401,0,0
enc_decode,chatcmpl-b29f9d2444b2487ebe0bfe9493083835,3175286.565013,0.014133,1,1,1403,1402,0,0
enc_decode,chatcmpl-b29f9d2444b2487ebe0bfe9493083835,3175286.579367,0.014137,1,1,1404,1403,0,0
enc_decode,chatcmpl-b29f9d2444b2487ebe0bfe9493083835,3175286.593725,0.014147,1,1,1405,1404,0,0
enc_decode,chatcmpl-b29f9d2444b2487ebe0bfe9493083835,3175286.608117,0.014129,1,1,1406,1405,0,0
enc_decode,chatcmpl-b29f9d2444b2487ebe0bfe9493083835,3175286.622468,0.014130,1,1,1407,1406,0,0
enc_decode,chatcmpl-b29f9d2444b2487ebe0bfe9493083835,3175286.636820,0.014147,1,1,1408,1407,0,0
enc_decode,chatcmpl-b29f9d2444b2487ebe0bfe9493083835,3175286.651208,0.014138,1,1,1409,1408,0,0
enc_decode,chatcmpl-b29f9d2444b2487ebe0bfe9493083835,3175286.665569,0.014123,1,1,1410,1409,0,0
enc_decode,chatcmpl-b29f9d2444b2487ebe0bfe9493083835,3175286.679912,0.014141,1,1,1411,1410,0,0
enc_decode,chatcmpl-b29f9d2444b2487ebe0bfe9493083835,3175286.694274,0.014135,1,1,1412,1411,0,0
enc_decode,chatcmpl-b29f9d2444b2487ebe0bfe9493083835,3175286.708628,0.014132,1,1,1413,1412,0,0
enc_decode,chatcmpl-b29f9d2444b2487ebe0bfe9493083835,3175286.722983,0.014138,1,1,1414,1413,0,0
enc_decode,chatcmpl-b29f9d2444b2487ebe0bfe9493083835,3175286.737341,0.014129,1,1,1415,1414,0,0
enc_decode,chatcmpl-b29f9d2444b2487ebe0bfe9493083835,3175286.751691,0.014115,1,1,1416,1415,0,0
enc_decode,chatcmpl-b29f9d2444b2487ebe0bfe9493083835,3175286.766026,0.014144,1,1,1417,1416,0,0
enc_decode,chatcmpl-b29f9d2444b2487ebe0bfe9493083835,3175286.780391,0.014123,1,1,1418,1417,0,0
enc_decode,chatcmpl-b29f9d2444b2487ebe0bfe9493083835,3175286.794736,0.014138,1,1,1419,1418,0,0
enc_decode,chatcmpl-b29f9d2444b2487ebe0bfe9493083835,3175286.809096,0.014130,1,1,1420,1419,0,0
enc_decode,chatcmpl-b29f9d2444b2487ebe0bfe9493083835,3175286.823450,0.014144,1,1,1421,1420,0,0
enc_decode,chatcmpl-b29f9d2444b2487ebe0bfe9493083835,3175286.837815,0.014113,1,1,1422,1421,0,0
enc_decode,chatcmpl-b29f9d2444b2487ebe0bfe9493083835,3175286.852155,0.014217,1,1,1423,1422,0,0
enc_decode,chatcmpl-b29f9d2444b2487ebe0bfe9493083835,3175286.866596,0.014123,1,1,1424,1423,0,0
enc_decode,chatcmpl-b29f9d2444b2487ebe0bfe9493083835,3175286.880940,0.014123,1,1,1425,1424,0,0
enc_decode,chatcmpl-b29f9d2444b2487ebe0bfe9493083835,3175286.895282,0.014151,1,1,1426,1425,0,0
enc_decode,chatcmpl-b29f9d2444b2487ebe0bfe9493083835,3175286.909661,0.014133,1,1,1427,1426,0,0
enc_decode,chatcmpl-b29f9d2444b2487ebe0bfe9493083835,3175286.924020,0.014131,1,1,1428,1427,0,0
enc_decode,chatcmpl-b29f9d2444b2487ebe0bfe9493083835,3175286.938372,0.014141,1,1,1429,1428,0,0
enc_decode,chatcmpl-b29f9d2444b2487ebe0bfe9493083835,3175286.952734,0.014126,1,1,1430,1429,0,0
enc_decode,chatcmpl-b29f9d2444b2487ebe0bfe9493083835,3175286.967082,0.014134,1,1,1431,1430,0,0
enc_decode,chatcmpl-b29f9d2444b2487ebe0bfe9493083835,3175286.981438,0.014144,1,1,1432,1431,0,0
enc_decode,chatcmpl-b29f9d2444b2487ebe0bfe9493083835,3175286.995806,0.014118,1,1,1433,1432,0,0
enc_decode,chatcmpl-b29f9d2444b2487ebe0bfe9493083835,3175287.010145,0.014126,1,1,1434,1433,0,0
enc_decode,chatcmpl-b29f9d2444b2487ebe0bfe9493083835,3175287.024494,0.014135,1,1,1435,1434,0,0
enc_decode,chatcmpl-b29f9d2444b2487ebe0bfe9493083835,3175287.038849,0.014141,1,1,1436,1435,0,0
enc_decode,chatcmpl-b29f9d2444b2487ebe0bfe9493083835,3175287.053211,0.014142,1,1,1437,1436,0,0
enc_decode,chatcmpl-b29f9d2444b2487ebe0bfe9493083835,3175287.067574,0.014148,1,1,1438,1437,0,0
enc_decode,chatcmpl-b29f9d2444b2487ebe0bfe9493083835,3175287.081941,0.014126,1,1,1439,1438,0,0
enc_decode,chatcmpl-b29f9d2444b2487ebe0bfe9493083835,3175287.096289,0.014124,1,1,1440,1439,0,0
enc_decode,chatcmpl-b29f9d2444b2487ebe0bfe9493083835,3175287.110634,0.014122,1,1,1441,1440,0,0
enc_decode,chatcmpl-b29f9d2444b2487ebe0bfe9493083835,3175287.124977,0.014136,1,1,1442,1441,0,0
enc_decode,chatcmpl-b29f9d2444b2487ebe0bfe9493083835,3175287.139339,0.014121,1,1,1443,1442,0,0
enc_decode,chatcmpl-b29f9d2444b2487ebe0bfe9493083835,3175287.153684,0.014123,1,1,1444,1443,0,0
enc_decode,chatcmpl-b29f9d2444b2487ebe0bfe9493083835,3175287.168032,0.014152,1,1,1445,1444,0,0
enc_decode,chatcmpl-b29f9d2444b2487ebe0bfe9493083835,3175287.182402,0.014259,1,1,1446,1445,0,0
enc_decode,chatcmpl-b29f9d2444b2487ebe0bfe9493083835,3175287.196888,0.014132,1,1,1447,1446,0,0
enc_decode,chatcmpl-b29f9d2444b2487ebe0bfe9493083835,3175287.211241,0.014117,1,1,1448,1447,0,0
enc_decode,chatcmpl-b29f9d2444b2487ebe0bfe9493083835,3175287.225591,0.014143,1,1,1449,1448,0,0
enc_decode,chatcmpl-b29f9d2444b2487ebe0bfe9493083835,3175287.239956,0.014157,1,1,1450,1449,0,0
enc_decode,chatcmpl-b29f9d2444b2487ebe0bfe9493083835,3175287.254338,0.014146,1,1,1451,1450,0,0
enc_decode,chatcmpl-b29f9d2444b2487ebe0bfe9493083835,3175287.268705,0.014120,1,1,1452,1451,0,0
enc_decode,chatcmpl-b29f9d2444b2487ebe0bfe9493083835,3175287.283045,0.014146,1,1,1453,1452,0,0
enc_decode,chatcmpl-b29f9d2444b2487ebe0bfe9493083835,3175287.297410,0.014125,1,1,1454,1453,0,0
enc_decode,chatcmpl-b29f9d2444b2487ebe0bfe9493083835,3175287.311753,0.014148,1,1,1455,1454,0,0
enc_decode,chatcmpl-b29f9d2444b2487ebe0bfe9493083835,3175287.326118,0.014109,1,1,1456,1455,0,0
enc_decode,chatcmpl-b29f9d2444b2487ebe0bfe9493083835,3175287.340449,0.014129,1,1,1457,1456,0,0
enc_decode,chatcmpl-b29f9d2444b2487ebe0bfe9493083835,3175287.354795,0.014131,1,1,1458,1457,0,0
enc_decode,chatcmpl-b29f9d2444b2487ebe0bfe9493083835,3175287.369144,0.014129,1,1,1459,1458,0,0
enc_decode,chatcmpl-b29f9d2444b2487ebe0bfe9493083835,3175287.383493,0.014132,1,1,1460,1459,0,0
enc_decode,chatcmpl-b29f9d2444b2487ebe0bfe9493083835,3175287.397848,0.014135,1,1,1461,1460,0,0
enc_decode,chatcmpl-b29f9d2444b2487ebe0bfe9493083835,3175287.412212,0.014119,1,1,1462,1461,0,0
enc_decode,chatcmpl-b29f9d2444b2487ebe0bfe9493083835,3175287.426552,0.014133,1,1,1463,1462,0,0
enc_decode,chatcmpl-b29f9d2444b2487ebe0bfe9493083835,3175287.440906,0.014138,1,1,1464,1463,0,0
enc_decode,chatcmpl-b29f9d2444b2487ebe0bfe9493083835,3175287.455266,0.014136,1,1,1465,1464,0,0
enc_decode,chatcmpl-b29f9d2444b2487ebe0bfe9493083835,3175287.469621,0.014115,1,1,1466,1465,0,0
enc_decode,chatcmpl-b29f9d2444b2487ebe0bfe9493083835,3175287.483957,0.014134,1,1,1467,1466,0,0
enc_decode,chatcmpl-b29f9d2444b2487ebe0bfe9493083835,3175287.498311,0.014119,1,1,1468,1467,0,0
enc_decode,chatcmpl-b29f9d2444b2487ebe0bfe9493083835,3175287.512652,0.014207,1,1,1469,1468,0,0
enc_decode,chatcmpl-b29f9d2444b2487ebe0bfe9493083835,3175287.527078,0.014126,1,1,1470,1469,0,0
enc_decode,chatcmpl-b29f9d2444b2487ebe0bfe9493083835,3175287.541424,0.014127,1,1,1471,1470,0,0
enc_decode,chatcmpl-b29f9d2444b2487ebe0bfe9493083835,3175287.555772,0.014122,1,1,1472,1471,0,0
enc_decode,chatcmpl-b29f9d2444b2487ebe0bfe9493083835,3175287.570112,0.014144,1,1,1473,1472,0,0
enc_decode,chatcmpl-b29f9d2444b2487ebe0bfe9493083835,3175287.584474,0.014128,1,1,1474,1473,0,0
enc_decode,chatcmpl-b29f9d2444b2487ebe0bfe9493083835,3175287.598819,0.014143,1,1,1475,1474,0,0
enc_decode,chatcmpl-b29f9d2444b2487ebe0bfe9493083835,3175287.613179,0.014127,1,1,1476,1475,0,0
enc_decode,chatcmpl-b29f9d2444b2487ebe0bfe9493083835,3175287.627522,0.014144,1,1,1477,1476,0,0
enc_decode,chatcmpl-b29f9d2444b2487ebe0bfe9493083835,3175287.641883,0.014140,1,1,1478,1477,0,0
enc_decode,chatcmpl-b29f9d2444b2487ebe0bfe9493083835,3175287.656243,0.014108,1,1,1479,1478,0,0
enc_decode,chatcmpl-b29f9d2444b2487ebe0bfe9493083835,3175287.670572,0.014139,1,1,1480,1479,0,0
enc_decode,chatcmpl-b29f9d2444b2487ebe0bfe9493083835,3175287.684931,0.014131,1,1,1481,1480,0,0
enc_decode,chatcmpl-b29f9d2444b2487ebe0bfe9493083835,3175287.699282,0.014115,1,1,1482,1481,0,0
enc_decode,chatcmpl-b29f9d2444b2487ebe0bfe9493083835,3175287.713617,0.014133,1,1,1483,1482,0,0
enc_decode,chatcmpl-b29f9d2444b2487ebe0bfe9493083835,3175287.727966,0.014134,1,1,1484,1483,0,0
enc_decode,chatcmpl-b29f9d2444b2487ebe0bfe9493083835,3175287.742324,0.014134,1,1,1485,1484,0,0
enc_decode,chatcmpl-b29f9d2444b2487ebe0bfe9493083835,3175287.756679,0.014125,1,1,1486,1485,0,0
enc_decode,chatcmpl-b29f9d2444b2487ebe0bfe9493083835,3175287.771022,0.014141,1,1,1487,1486,0,0
enc_decode,chatcmpl-b29f9d2444b2487ebe0bfe9493083835,3175287.785385,0.014120,1,1,1488,1487,0,0
enc_decode,chatcmpl-b29f9d2444b2487ebe0bfe9493083835,3175287.799722,0.014142,1,1,1489,1488,0,0
enc_decode,chatcmpl-b29f9d2444b2487ebe0bfe9493083835,3175287.814083,0.014116,1,1,1490,1489,0,0
enc_decode,chatcmpl-b29f9d2444b2487ebe0bfe9493083835,3175287.828418,0.014131,1,1,1491,1490,0,0
enc_decode,chatcmpl-b29f9d2444b2487ebe0bfe9493083835,3175287.842777,0.014204,1,1,1492,1491,0,0
enc_decode,chatcmpl-b29f9d2444b2487ebe0bfe9493083835,3175287.857199,0.014141,1,1,1493,1492,0,0
enc_decode,chatcmpl-b29f9d2444b2487ebe0bfe9493083835,3175287.871558,0.014140,1,1,1494,1493,0,0
enc_decode,chatcmpl-b29f9d2444b2487ebe0bfe9493083835,3175287.885915,0.014113,1,1,1495,1494,0,0
enc_decode,chatcmpl-b29f9d2444b2487ebe0bfe9493083835,3175287.900247,0.014108,1,1,1496,1495,0,0
enc_decode,chatcmpl-b29f9d2444b2487ebe0bfe9493083835,3175287.914573,0.014118,1,1,1497,1496,0,0
enc_decode,chatcmpl-b29f9d2444b2487ebe0bfe9493083835,3175287.928947,0.014120,1,1,1498,1497,0,0
enc_decode,chatcmpl-b29f9d2444b2487ebe0bfe9493083835,3175287.943287,0.014143,1,1,1499,1498,0,0
enc_decode,chatcmpl-b29f9d2444b2487ebe0bfe9493083835,3175287.957649,0.014144,1,1,1500,1499,0,0
enc_prefill,chatcmpl-f7dc0df161bd4211a5830b0fb1eed641,3175287.994023,0.330192,1,1369,1369,0,1,0
enc_decode,chatcmpl-f7dc0df161bd4211a5830b0fb1eed641,3175288.324503,0.014313,1,1,1370,1369,0,0
enc_decode,chatcmpl-f7dc0df161bd4211a5830b0fb1eed641,3175288.339070,0.014315,1,1,1371,1370,0,0
enc_decode,chatcmpl-f7dc0df161bd4211a5830b0fb1eed641,3175288.353757,0.014288,1,1,1372,1371,0,0
enc_decode,chatcmpl-f7dc0df161bd4211a5830b0fb1eed641,3175288.368289,0.014279,1,1,1373,1372,0,0
enc_decode,chatcmpl-f7dc0df161bd4211a5830b0fb1eed641,3175288.382810,0.014293,1,1,1374,1373,0,0
enc_decode,chatcmpl-f7dc0df161bd4211a5830b0fb1eed641,3175288.397346,0.014247,1,1,1375,1374,0,0
enc_decode,chatcmpl-f7dc0df161bd4211a5830b0fb1eed641,3175288.411838,0.014280,1,1,1376,1375,0,0
enc_decode,chatcmpl-f7dc0df161bd4211a5830b0fb1eed641,3175288.426359,0.014282,1,1,1377,1376,0,0
enc_decode,chatcmpl-f7dc0df161bd4211a5830b0fb1eed641,3175288.440881,0.014273,1,1,1378,1377,0,0
enc_decode,chatcmpl-f7dc0df161bd4211a5830b0fb1eed641,3175288.455391,0.014288,1,1,1379,1378,0,0
enc_decode,chatcmpl-f7dc0df161bd4211a5830b0fb1eed641,3175288.469914,0.014267,1,1,1380,1379,0,0
enc_decode,chatcmpl-f7dc0df161bd4211a5830b0fb1eed641,3175288.484422,0.014266,1,1,1381,1380,0,0
enc_decode,chatcmpl-f7dc0df161bd4211a5830b0fb1eed641,3175288.498927,0.014295,1,1,1382,1381,0,0
enc_decode,chatcmpl-f7dc0df161bd4211a5830b0fb1eed641,3175288.513459,0.014284,1,1,1383,1382,0,0
enc_decode,chatcmpl-f7dc0df161bd4211a5830b0fb1eed641,3175288.527993,0.014274,1,1,1384,1383,0,0
enc_decode,chatcmpl-f7dc0df161bd4211a5830b0fb1eed641,3175288.542510,0.014272,1,1,1385,1384,0,0
enc_decode,chatcmpl-f7dc0df161bd4211a5830b0fb1eed641,3175288.557020,0.014281,1,1,1386,1385,0,0
enc_decode,chatcmpl-f7dc0df161bd4211a5830b0fb1eed641,3175288.571543,0.014286,1,1,1387,1386,0,0
enc_decode,chatcmpl-f7dc0df161bd4211a5830b0fb1eed641,3175288.586071,0.014262,1,1,1388,1387,0,0
enc_decode,chatcmpl-f7dc0df161bd4211a5830b0fb1eed641,3175288.600576,0.014274,1,1,1389,1388,0,0
enc_decode,chatcmpl-f7dc0df161bd4211a5830b0fb1eed641,3175288.615098,0.014386,1,1,1390,1389,0,0
enc_decode,chatcmpl-f7dc0df161bd4211a5830b0fb1eed641,3175288.629730,0.014287,1,1,1391,1390,0,0
enc_decode,chatcmpl-f7dc0df161bd4211a5830b0fb1eed641,3175288.644262,0.014276,1,1,1392,1391,0,0
enc_decode,chatcmpl-f7dc0df161bd4211a5830b0fb1eed641,3175288.658778,0.014280,1,1,1393,1392,0,0
enc_decode,chatcmpl-f7dc0df161bd4211a5830b0fb1eed641,3175288.673300,0.014268,1,1,1394,1393,0,0
enc_decode,chatcmpl-f7dc0df161bd4211a5830b0fb1eed641,3175288.687809,0.014283,1,1,1395,1394,0,0
enc_decode,chatcmpl-f7dc0df161bd4211a5830b0fb1eed641,3175288.702336,0.014302,1,1,1396,1395,0,0
enc_decode,chatcmpl-f7dc0df161bd4211a5830b0fb1eed641,3175288.716880,0.014310,1,1,1397,1396,0,0
enc_decode,chatcmpl-f7dc0df161bd4211a5830b0fb1eed641,3175288.731431,0.014254,1,1,1398,1397,0,0
enc_decode,chatcmpl-f7dc0df161bd4211a5830b0fb1eed641,3175288.745932,0.014294,1,1,1399,1398,0,0
enc_decode,chatcmpl-f7dc0df161bd4211a5830b0fb1eed641,3175288.760470,0.014266,1,1,1400,1399,0,0
enc_decode,chatcmpl-f7dc0df161bd4211a5830b0fb1eed641,3175288.774981,0.014280,1,1,1401,1400,0,0
enc_decode,chatcmpl-f7dc0df161bd4211a5830b0fb1eed641,3175288.789501,0.014274,1,1,1402,1401,0,0
enc_decode,chatcmpl-f7dc0df161bd4211a5830b0fb1eed641,3175288.804041,0.014286,1,1,1403,1402,0,0
enc_decode,chatcmpl-f7dc0df161bd4211a5830b0fb1eed641,3175288.818569,0.014268,1,1,1404,1403,0,0
enc_decode,chatcmpl-f7dc0df161bd4211a5830b0fb1eed641,3175288.833079,0.014276,1,1,1405,1404,0,0
enc_decode,chatcmpl-f7dc0df161bd4211a5830b0fb1eed641,3175288.847596,0.014294,1,1,1406,1405,0,0
enc_decode,chatcmpl-f7dc0df161bd4211a5830b0fb1eed641,3175288.862133,0.014264,1,1,1407,1406,0,0
enc_decode,chatcmpl-f7dc0df161bd4211a5830b0fb1eed641,3175288.876641,0.014277,1,1,1408,1407,0,0
enc_decode,chatcmpl-f7dc0df161bd4211a5830b0fb1eed641,3175288.891176,0.014297,1,1,1409,1408,0,0
enc_decode,chatcmpl-f7dc0df161bd4211a5830b0fb1eed641,3175288.905718,0.014270,1,1,1410,1409,0,0
enc_decode,chatcmpl-f7dc0df161bd4211a5830b0fb1eed641,3175288.920239,0.014273,1,1,1411,1410,0,0
enc_decode,chatcmpl-f7dc0df161bd4211a5830b0fb1eed641,3175288.934760,0.014268,1,1,1412,1411,0,0
enc_decode,chatcmpl-f7dc0df161bd4211a5830b0fb1eed641,3175288.949272,0.014391,1,1,1413,1412,0,0
enc_decode,chatcmpl-f7dc0df161bd4211a5830b0fb1eed641,3175288.963909,0.014273,1,1,1414,1413,0,0
enc_decode,chatcmpl-f7dc0df161bd4211a5830b0fb1eed641,3175288.978426,0.014282,1,1,1415,1414,0,0
enc_decode,chatcmpl-f7dc0df161bd4211a5830b0fb1eed641,3175288.992950,0.014284,1,1,1416,1415,0,0
enc_decode,chatcmpl-f7dc0df161bd4211a5830b0fb1eed641,3175289.007482,0.014285,1,1,1417,1416,0,0
enc_decode,chatcmpl-f7dc0df161bd4211a5830b0fb1eed641,3175289.022007,0.014260,1,1,1418,1417,0,0
enc_decode,chatcmpl-f7dc0df161bd4211a5830b0fb1eed641,3175289.036511,0.014256,1,1,1419,1418,0,0
enc_decode,chatcmpl-f7dc0df161bd4211a5830b0fb1eed641,3175289.051007,0.014279,1,1,1420,1419,0,0
enc_decode,chatcmpl-f7dc0df161bd4211a5830b0fb1eed641,3175289.065530,0.014261,1,1,1421,1420,0,0
enc_decode,chatcmpl-f7dc0df161bd4211a5830b0fb1eed641,3175289.080044,0.014275,1,1,1422,1421,0,0
enc_decode,chatcmpl-f7dc0df161bd4211a5830b0fb1eed641,3175289.094561,0.014270,1,1,1423,1422,0,0
enc_decode,chatcmpl-f7dc0df161bd4211a5830b0fb1eed641,3175289.109076,0.014283,1,1,1424,1423,0,0
enc_decode,chatcmpl-f7dc0df161bd4211a5830b0fb1eed641,3175289.123600,0.014292,1,1,1425,1424,0,0
enc_decode,chatcmpl-f7dc0df161bd4211a5830b0fb1eed641,3175289.138137,0.014255,1,1,1426,1425,0,0
enc_decode,chatcmpl-f7dc0df161bd4211a5830b0fb1eed641,3175289.152636,0.014262,1,1,1427,1426,0,0
enc_decode,chatcmpl-f7dc0df161bd4211a5830b0fb1eed641,3175289.167145,0.014281,1,1,1428,1427,0,0
enc_decode,chatcmpl-f7dc0df161bd4211a5830b0fb1eed641,3175289.181670,0.014280,1,1,1429,1428,0,0
enc_decode,chatcmpl-f7dc0df161bd4211a5830b0fb1eed641,3175289.196197,0.014279,1,1,1430,1429,0,0
enc_decode,chatcmpl-f7dc0df161bd4211a5830b0fb1eed641,3175289.210716,0.014285,1,1,1431,1430,0,0
enc_decode,chatcmpl-f7dc0df161bd4211a5830b0fb1eed641,3175289.225245,0.014351,1,1,1432,1431,0,0
enc_decode,chatcmpl-f7dc0df161bd4211a5830b0fb1eed641,3175289.239843,0.014301,1,1,1433,1432,0,0
enc_decode,chatcmpl-f7dc0df161bd4211a5830b0fb1eed641,3175289.254386,0.014255,1,1,1434,1433,0,0
enc_decode,chatcmpl-f7dc0df161bd4211a5830b0fb1eed641,3175289.268888,0.014283,1,1,1435,1434,0,0
enc_decode,chatcmpl-f7dc0df161bd4211a5830b0fb1eed641,3175289.283411,0.014367,1,1,1436,1435,0,0
enc_decode,chatcmpl-f7dc0df161bd4211a5830b0fb1eed641,3175289.298019,0.014276,1,1,1437,1436,0,0
enc_decode,chatcmpl-f7dc0df161bd4211a5830b0fb1eed641,3175289.312535,0.014274,1,1,1438,1437,0,0
enc_decode,chatcmpl-f7dc0df161bd4211a5830b0fb1eed641,3175289.327055,0.014276,1,1,1439,1438,0,0
enc_decode,chatcmpl-f7dc0df161bd4211a5830b0fb1eed641,3175289.341577,0.014280,1,1,1440,1439,0,0
enc_decode,chatcmpl-f7dc0df161bd4211a5830b0fb1eed641,3175289.356104,0.014277,1,1,1441,1440,0,0
enc_decode,chatcmpl-f7dc0df161bd4211a5830b0fb1eed641,3175289.370630,0.014292,1,1,1442,1441,0,0
enc_decode,chatcmpl-f7dc0df161bd4211a5830b0fb1eed641,3175289.385164,0.014275,1,1,1443,1442,0,0
enc_decode,chatcmpl-f7dc0df161bd4211a5830b0fb1eed641,3175289.399681,0.014268,1,1,1444,1443,0,0
enc_decode,chatcmpl-f7dc0df161bd4211a5830b0fb1eed641,3175289.414191,0.014295,1,1,1445,1444,0,0
enc_decode,chatcmpl-f7dc0df161bd4211a5830b0fb1eed641,3175289.428743,0.014283,1,1,1446,1445,0,0
enc_decode,chatcmpl-f7dc0df161bd4211a5830b0fb1eed641,3175289.443268,0.014278,1,1,1447,1446,0,0
enc_decode,chatcmpl-f7dc0df161bd4211a5830b0fb1eed641,3175289.457792,0.014263,1,1,1448,1447,0,0
enc_decode,chatcmpl-f7dc0df161bd4211a5830b0fb1eed641,3175289.472299,0.014272,1,1,1449,1448,0,0
enc_decode,chatcmpl-f7dc0df161bd4211a5830b0fb1eed641,3175289.486812,0.014287,1,1,1450,1449,0,0
enc_decode,chatcmpl-f7dc0df161bd4211a5830b0fb1eed641,3175289.501341,0.014258,1,1,1451,1450,0,0
enc_decode,chatcmpl-f7dc0df161bd4211a5830b0fb1eed641,3175289.515842,0.014275,1,1,1452,1451,0,0
enc_decode,chatcmpl-f7dc0df161bd4211a5830b0fb1eed641,3175289.530365,0.014282,1,1,1453,1452,0,0
enc_decode,chatcmpl-f7dc0df161bd4211a5830b0fb1eed641,3175289.544887,0.014262,1,1,1454,1453,0,0
enc_decode,chatcmpl-f7dc0df161bd4211a5830b0fb1eed641,3175289.559391,0.014364,1,1,1455,1454,0,0
enc_decode,chatcmpl-f7dc0df161bd4211a5830b0fb1eed641,3175289.573999,0.014272,1,1,1456,1455,0,0
enc_decode,chatcmpl-f7dc0df161bd4211a5830b0fb1eed641,3175289.588515,0.014287,1,1,1457,1456,0,0
enc_decode,chatcmpl-f7dc0df161bd4211a5830b0fb1eed641,3175289.603038,0.014288,1,1,1458,1457,0,0
enc_decode,chatcmpl-f7dc0df161bd4211a5830b0fb1eed641,3175289.617567,0.014354,1,1,1459,1458,0,0
enc_decode,chatcmpl-f7dc0df161bd4211a5830b0fb1eed641,3175289.632160,0.014252,1,1,1460,1459,0,0
enc_decode,chatcmpl-f7dc0df161bd4211a5830b0fb1eed641,3175289.646646,0.014252,1,1,1461,1460,0,0
enc_decode,chatcmpl-f7dc0df161bd4211a5830b0fb1eed641,3175289.661130,0.014265,1,1,1462,1461,0,0
enc_decode,chatcmpl-f7dc0df161bd4211a5830b0fb1eed641,3175289.675630,0.014282,1,1,1463,1462,0,0
enc_decode,chatcmpl-f7dc0df161bd4211a5830b0fb1eed641,3175289.690149,0.014253,1,1,1464,1463,0,0
enc_decode,chatcmpl-f7dc0df161bd4211a5830b0fb1eed641,3175289.704634,0.014249,1,1,1465,1464,0,0
enc_decode,chatcmpl-f7dc0df161bd4211a5830b0fb1eed641,3175289.719115,0.014261,1,1,1466,1465,0,0
enc_decode,chatcmpl-f7dc0df161bd4211a5830b0fb1eed641,3175289.733609,0.014268,1,1,1467,1466,0,0
enc_decode,chatcmpl-f7dc0df161bd4211a5830b0fb1eed641,3175289.748111,0.014232,1,1,1468,1467,0,0
enc_decode,chatcmpl-f7dc0df161bd4211a5830b0fb1eed641,3175289.762574,0.014259,1,1,1469,1468,0,0
enc_decode,chatcmpl-f7dc0df161bd4211a5830b0fb1eed641,3175289.777068,0.014255,1,1,1470,1469,0,0
enc_decode,chatcmpl-f7dc0df161bd4211a5830b0fb1eed641,3175289.791555,0.014240,1,1,1471,1470,0,0
enc_decode,chatcmpl-f7dc0df161bd4211a5830b0fb1eed641,3175289.806026,0.014261,1,1,1472,1471,0,0
enc_decode,chatcmpl-f7dc0df161bd4211a5830b0fb1eed641,3175289.820522,0.014256,1,1,1473,1472,0,0
enc_decode,chatcmpl-f7dc0df161bd4211a5830b0fb1eed641,3175289.835009,0.014263,1,1,1474,1473,0,0
enc_decode,chatcmpl-f7dc0df161bd4211a5830b0fb1eed641,3175289.849506,0.014263,1,1,1475,1474,0,0
enc_decode,chatcmpl-f7dc0df161bd4211a5830b0fb1eed641,3175289.864006,0.014255,1,1,1476,1475,0,0
enc_decode,chatcmpl-f7dc0df161bd4211a5830b0fb1eed641,3175289.878496,0.014259,1,1,1477,1476,0,0
enc_decode,chatcmpl-f7dc0df161bd4211a5830b0fb1eed641,3175289.892985,0.014378,1,1,1478,1477,0,0
enc_decode,chatcmpl-f7dc0df161bd4211a5830b0fb1eed641,3175289.907592,0.014256,1,1,1479,1478,0,0
enc_decode,chatcmpl-f7dc0df161bd4211a5830b0fb1eed641,3175289.922081,0.014293,1,1,1480,1479,0,0
enc_decode,chatcmpl-f7dc0df161bd4211a5830b0fb1eed641,3175289.936604,0.014254,1,1,1481,1480,0,0
enc_decode,chatcmpl-f7dc0df161bd4211a5830b0fb1eed641,3175289.951089,0.014361,1,1,1482,1481,0,0
enc_decode,chatcmpl-f7dc0df161bd4211a5830b0fb1eed641,3175289.965685,0.014243,1,1,1483,1482,0,0
enc_decode,chatcmpl-f7dc0df161bd4211a5830b0fb1eed641,3175289.980168,0.014240,1,1,1484,1483,0,0
enc_decode,chatcmpl-f7dc0df161bd4211a5830b0fb1eed641,3175289.994641,0.014248,1,1,1485,1484,0,0
enc_decode,chatcmpl-f7dc0df161bd4211a5830b0fb1eed641,3175290.009123,0.014245,1,1,1486,1485,0,0
enc_decode,chatcmpl-f7dc0df161bd4211a5830b0fb1eed641,3175290.023600,0.014282,1,1,1487,1486,0,0
enc_decode,chatcmpl-f7dc0df161bd4211a5830b0fb1eed641,3175290.038117,0.014246,1,1,1488,1487,0,0
enc_decode,chatcmpl-f7dc0df161bd4211a5830b0fb1eed641,3175290.052598,0.014269,1,1,1489,1488,0,0
enc_decode,chatcmpl-f7dc0df161bd4211a5830b0fb1eed641,3175290.067112,0.014271,1,1,1490,1489,0,0
enc_decode,chatcmpl-f7dc0df161bd4211a5830b0fb1eed641,3175290.081614,0.014246,1,1,1491,1490,0,0
enc_decode,chatcmpl-f7dc0df161bd4211a5830b0fb1eed641,3175290.096097,0.014248,1,1,1492,1491,0,0
enc_decode,chatcmpl-f7dc0df161bd4211a5830b0fb1eed641,3175290.110580,0.014266,1,1,1493,1492,0,0
enc_decode,chatcmpl-f7dc0df161bd4211a5830b0fb1eed641,3175290.125079,0.014242,1,1,1494,1493,0,0
enc_decode,chatcmpl-f7dc0df161bd4211a5830b0fb1eed641,3175290.139555,0.014254,1,1,1495,1494,0,0
enc_decode,chatcmpl-f7dc0df161bd4211a5830b0fb1eed641,3175290.154044,0.014241,1,1,1496,1495,0,0
enc_decode,chatcmpl-f7dc0df161bd4211a5830b0fb1eed641,3175290.168515,0.014279,1,1,1497,1496,0,0
enc_decode,chatcmpl-f7dc0df161bd4211a5830b0fb1eed641,3175290.183033,0.014271,1,1,1498,1497,0,0
enc_decode,chatcmpl-f7dc0df161bd4211a5830b0fb1eed641,3175290.197534,0.014288,1,1,1499,1498,0,0
enc_decode,chatcmpl-f7dc0df161bd4211a5830b0fb1eed641,3175290.212064,0.014252,1,1,1500,1499,0,0
enc_prefill,chatcmpl-fb4d542259f54ca294529911623fb5eb,3175290.248490,0.337739,1,1334,1334,0,1,0
enc_decode,chatcmpl-fb4d542259f54ca294529911623fb5eb,3175290.586519,0.014385,1,1,1335,1334,0,0
enc_decode,chatcmpl-fb4d542259f54ca294529911623fb5eb,3175290.601139,0.014300,1,1,1336,1335,0,0
enc_decode,chatcmpl-fb4d542259f54ca294529911623fb5eb,3175290.615802,0.014313,1,1,1337,1336,0,0
enc_decode,chatcmpl-fb4d542259f54ca294529911623fb5eb,3175290.630348,0.014275,1,1,1338,1337,0,0
enc_decode,chatcmpl-fb4d542259f54ca294529911623fb5eb,3175290.644856,0.014336,1,1,1339,1338,0,0
enc_decode,chatcmpl-fb4d542259f54ca294529911623fb5eb,3175290.659428,0.014270,1,1,1340,1339,0,0
enc_decode,chatcmpl-fb4d542259f54ca294529911623fb5eb,3175290.673931,0.014355,1,1,1341,1340,0,0
enc_decode,chatcmpl-fb4d542259f54ca294529911623fb5eb,3175290.688524,0.014251,1,1,1342,1341,0,0
enc_decode,chatcmpl-fb4d542259f54ca294529911623fb5eb,3175290.703008,0.014242,1,1,1343,1342,0,0
enc_decode,chatcmpl-fb4d542259f54ca294529911623fb5eb,3175290.717482,0.014273,1,1,1344,1343,0,0
enc_decode,chatcmpl-fb4d542259f54ca294529911623fb5eb,3175290.731987,0.014361,1,1,1345,1344,0,0
enc_decode,chatcmpl-fb4d542259f54ca294529911623fb5eb,3175290.746583,0.014275,1,1,1346,1345,0,0
enc_decode,chatcmpl-fb4d542259f54ca294529911623fb5eb,3175290.761090,0.014257,1,1,1347,1346,0,0
enc_decode,chatcmpl-fb4d542259f54ca294529911623fb5eb,3175290.775585,0.014297,1,1,1348,1347,0,0
enc_decode,chatcmpl-fb4d542259f54ca294529911623fb5eb,3175290.790119,0.014234,1,1,1349,1348,0,0
enc_decode,chatcmpl-fb4d542259f54ca294529911623fb5eb,3175290.804586,0.014260,1,1,1350,1349,0,0
enc_decode,chatcmpl-fb4d542259f54ca294529911623fb5eb,3175290.819084,0.014281,1,1,1351,1350,0,0
enc_decode,chatcmpl-fb4d542259f54ca294529911623fb5eb,3175290.833594,0.014257,1,1,1352,1351,0,0
enc_decode,chatcmpl-fb4d542259f54ca294529911623fb5eb,3175290.848092,0.014260,1,1,1353,1352,0,0
enc_decode,chatcmpl-fb4d542259f54ca294529911623fb5eb,3175290.862585,0.014251,1,1,1354,1353,0,0
enc_decode,chatcmpl-fb4d542259f54ca294529911623fb5eb,3175290.877069,0.014268,1,1,1355,1354,0,0
enc_decode,chatcmpl-fb4d542259f54ca294529911623fb5eb,3175290.891573,0.014276,1,1,1356,1355,0,0
enc_decode,chatcmpl-fb4d542259f54ca294529911623fb5eb,3175290.906083,0.014242,1,1,1357,1356,0,0
enc_decode,chatcmpl-fb4d542259f54ca294529911623fb5eb,3175290.920557,0.014255,1,1,1358,1357,0,0
enc_decode,chatcmpl-fb4d542259f54ca294529911623fb5eb,3175290.935043,0.014251,1,1,1359,1358,0,0
enc_decode,chatcmpl-fb4d542259f54ca294529911623fb5eb,3175290.949527,0.014272,1,1,1360,1359,0,0
enc_decode,chatcmpl-fb4d542259f54ca294529911623fb5eb,3175290.964044,0.014261,1,1,1361,1360,0,0
enc_decode,chatcmpl-fb4d542259f54ca294529911623fb5eb,3175290.978538,0.014266,1,1,1362,1361,0,0
enc_decode,chatcmpl-fb4d542259f54ca294529911623fb5eb,3175290.993036,0.014253,1,1,1363,1362,0,0
enc_decode,chatcmpl-fb4d542259f54ca294529911623fb5eb,3175291.007525,0.014367,1,1,1364,1363,0,0
enc_decode,chatcmpl-fb4d542259f54ca294529911623fb5eb,3175291.022126,0.014255,1,1,1365,1364,0,0
enc_decode,chatcmpl-fb4d542259f54ca294529911623fb5eb,3175291.036623,0.014251,1,1,1366,1365,0,0
enc_decode,chatcmpl-fb4d542259f54ca294529911623fb5eb,3175291.051108,0.014247,1,1,1367,1366,0,0
enc_decode,chatcmpl-fb4d542259f54ca294529911623fb5eb,3175291.065588,0.014390,1,1,1368,1367,0,0
enc_decode,chatcmpl-fb4d542259f54ca294529911623fb5eb,3175291.080219,0.014269,1,1,1369,1368,0,0
enc_decode,chatcmpl-fb4d542259f54ca294529911623fb5eb,3175291.094724,0.014256,1,1,1370,1369,0,0
enc_decode,chatcmpl-fb4d542259f54ca294529911623fb5eb,3175291.109215,0.014266,1,1,1371,1370,0,0
enc_decode,chatcmpl-fb4d542259f54ca294529911623fb5eb,3175291.123715,0.014278,1,1,1372,1371,0,0
enc_decode,chatcmpl-fb4d542259f54ca294529911623fb5eb,3175291.138225,0.014247,1,1,1373,1372,0,0
enc_decode,chatcmpl-fb4d542259f54ca294529911623fb5eb,3175291.152705,0.014254,1,1,1374,1373,0,0
enc_decode,chatcmpl-fb4d542259f54ca294529911623fb5eb,3175291.167195,0.014265,1,1,1375,1374,0,0
enc_decode,chatcmpl-fb4d542259f54ca294529911623fb5eb,3175291.181690,0.014247,1,1,1376,1375,0,0
enc_decode,chatcmpl-fb4d542259f54ca294529911623fb5eb,3175291.196180,0.014268,1,1,1377,1376,0,0
enc_decode,chatcmpl-fb4d542259f54ca294529911623fb5eb,3175291.210694,0.014266,1,1,1378,1377,0,0
enc_decode,chatcmpl-fb4d542259f54ca294529911623fb5eb,3175291.225193,0.014268,1,1,1379,1378,0,0
enc_decode,chatcmpl-fb4d542259f54ca294529911623fb5eb,3175291.239695,0.014256,1,1,1380,1379,0,0
enc_decode,chatcmpl-fb4d542259f54ca294529911623fb5eb,3175291.254181,0.014255,1,1,1381,1380,0,0
enc_decode,chatcmpl-fb4d542259f54ca294529911623fb5eb,3175291.268670,0.014242,1,1,1382,1381,0,0
enc_decode,chatcmpl-fb4d542259f54ca294529911623fb5eb,3175291.283145,0.014268,1,1,1383,1382,0,0
enc_decode,chatcmpl-fb4d542259f54ca294529911623fb5eb,3175291.297645,0.014244,1,1,1384,1383,0,0
enc_decode,chatcmpl-fb4d542259f54ca294529911623fb5eb,3175291.312133,0.014267,1,1,1385,1384,0,0
enc_decode,chatcmpl-fb4d542259f54ca294529911623fb5eb,3175291.326652,0.014279,1,1,1386,1385,0,0
enc_decode,chatcmpl-fb4d542259f54ca294529911623fb5eb,3175291.341163,0.014362,1,1,1387,1386,0,0
enc_decode,chatcmpl-fb4d542259f54ca294529911623fb5eb,3175291.355759,0.014260,1,1,1388,1387,0,0
enc_decode,chatcmpl-fb4d542259f54ca294529911623fb5eb,3175291.370255,0.014266,1,1,1389,1388,0,0
enc_decode,chatcmpl-fb4d542259f54ca294529911623fb5eb,3175291.384756,0.014305,1,1,1390,1389,0,0
enc_decode,chatcmpl-fb4d542259f54ca294529911623fb5eb,3175291.399296,0.014276,1,1,1391,1390,0,0
enc_decode,chatcmpl-fb4d542259f54ca294529911623fb5eb,3175291.413807,0.014252,1,1,1392,1391,0,0
enc_decode,chatcmpl-fb4d542259f54ca294529911623fb5eb,3175291.428292,0.014239,1,1,1393,1392,0,0
enc_decode,chatcmpl-fb4d542259f54ca294529911623fb5eb,3175291.442767,0.014250,1,1,1394,1393,0,0
enc_decode,chatcmpl-fb4d542259f54ca294529911623fb5eb,3175291.457253,0.014246,1,1,1395,1394,0,0
enc_decode,chatcmpl-fb4d542259f54ca294529911623fb5eb,3175291.471731,0.014284,1,1,1396,1395,0,0
enc_decode,chatcmpl-fb4d542259f54ca294529911623fb5eb,3175291.486246,0.014254,1,1,1397,1396,0,0
enc_decode,chatcmpl-fb4d542259f54ca294529911623fb5eb,3175291.500739,0.014244,1,1,1398,1397,0,0
enc_decode,chatcmpl-fb4d542259f54ca294529911623fb5eb,3175291.515214,0.014256,1,1,1399,1398,0,0
enc_decode,chatcmpl-fb4d542259f54ca294529911623fb5eb,3175291.529703,0.014243,1,1,1400,1399,0,0
enc_decode,chatcmpl-fb4d542259f54ca294529911623fb5eb,3175291.544184,0.014255,1,1,1401,1400,0,0
enc_decode,chatcmpl-fb4d542259f54ca294529911623fb5eb,3175291.558672,0.014258,1,1,1402,1401,0,0
enc_decode,chatcmpl-fb4d542259f54ca294529911623fb5eb,3175291.573162,0.014268,1,1,1403,1402,0,0
enc_decode,chatcmpl-fb4d542259f54ca294529911623fb5eb,3175291.587662,0.014295,1,1,1404,1403,0,0
enc_decode,chatcmpl-fb4d542259f54ca294529911623fb5eb,3175291.602198,0.014250,1,1,1405,1404,0,0
enc_decode,chatcmpl-fb4d542259f54ca294529911623fb5eb,3175291.616679,0.014243,1,1,1406,1405,0,0
enc_decode,chatcmpl-fb4d542259f54ca294529911623fb5eb,3175291.631158,0.014255,1,1,1407,1406,0,0
enc_decode,chatcmpl-fb4d542259f54ca294529911623fb5eb,3175291.645646,0.014259,1,1,1408,1407,0,0
enc_decode,chatcmpl-fb4d542259f54ca294529911623fb5eb,3175291.660174,0.014261,1,1,1409,1408,0,0
enc_decode,chatcmpl-fb4d542259f54ca294529911623fb5eb,3175291.674670,0.014373,1,1,1410,1409,0,0
enc_decode,chatcmpl-fb4d542259f54ca294529911623fb5eb,3175291.689286,0.014268,1,1,1411,1410,0,0
enc_decode,chatcmpl-fb4d542259f54ca294529911623fb5eb,3175291.703788,0.014255,1,1,1412,1411,0,0
enc_decode,chatcmpl-fb4d542259f54ca294529911623fb5eb,3175291.718276,0.014235,1,1,1413,1412,0,0
enc_decode,chatcmpl-fb4d542259f54ca294529911623fb5eb,3175291.732744,0.014262,1,1,1414,1413,0,0
enc_decode,chatcmpl-fb4d542259f54ca294529911623fb5eb,3175291.747239,0.014280,1,1,1415,1414,0,0
enc_decode,chatcmpl-fb4d542259f54ca294529911623fb5eb,3175291.761754,0.014238,1,1,1416,1415,0,0
enc_decode,chatcmpl-fb4d542259f54ca294529911623fb5eb,3175291.776228,0.014249,1,1,1417,1416,0,0
enc_decode,chatcmpl-fb4d542259f54ca294529911623fb5eb,3175291.790710,0.014268,1,1,1418,1417,0,0
enc_decode,chatcmpl-fb4d542259f54ca294529911623fb5eb,3175291.805212,0.014236,1,1,1419,1418,0,0
enc_decode,chatcmpl-fb4d542259f54ca294529911623fb5eb,3175291.819686,0.014270,1,1,1420,1419,0,0
enc_decode,chatcmpl-fb4d542259f54ca294529911623fb5eb,3175291.834192,0.014239,1,1,1421,1420,0,0
enc_decode,chatcmpl-fb4d542259f54ca294529911623fb5eb,3175291.848662,0.014257,1,1,1422,1421,0,0
enc_decode,chatcmpl-fb4d542259f54ca294529911623fb5eb,3175291.863153,0.014271,1,1,1423,1422,0,0
enc_decode,chatcmpl-fb4d542259f54ca294529911623fb5eb,3175291.877657,0.014302,1,1,1424,1423,0,0
enc_decode,chatcmpl-fb4d542259f54ca294529911623fb5eb,3175291.892199,0.014281,1,1,1425,1424,0,0
enc_decode,chatcmpl-fb4d542259f54ca294529911623fb5eb,3175291.906717,0.014262,1,1,1426,1425,0,0
enc_decode,chatcmpl-fb4d542259f54ca294529911623fb5eb,3175291.921215,0.014249,1,1,1427,1426,0,0
enc_decode,chatcmpl-fb4d542259f54ca294529911623fb5eb,3175291.935695,0.014266,1,1,1428,1427,0,0
enc_decode,chatcmpl-fb4d542259f54ca294529911623fb5eb,3175291.950190,0.014263,1,1,1429,1428,0,0
enc_decode,chatcmpl-fb4d542259f54ca294529911623fb5eb,3175291.964686,0.014256,1,1,1430,1429,0,0
enc_decode,chatcmpl-fb4d542259f54ca294529911623fb5eb,3175291.979174,0.014256,1,1,1431,1430,0,0
enc_decode,chatcmpl-fb4d542259f54ca294529911623fb5eb,3175291.993667,0.014247,1,1,1432,1431,0,0
enc_decode,chatcmpl-fb4d542259f54ca294529911623fb5eb,3175292.008155,0.014352,1,1,1433,1432,0,0
enc_decode,chatcmpl-fb4d542259f54ca294529911623fb5eb,3175292.022742,0.014357,1,1,1434,1433,0,0
enc_decode,chatcmpl-fb4d542259f54ca294529911623fb5eb,3175292.037334,0.014250,1,1,1435,1434,0,0
enc_decode,chatcmpl-fb4d542259f54ca294529911623fb5eb,3175292.051818,0.014254,1,1,1436,1435,0,0
enc_prefill,chatcmpl-8b1069cf28b34d60862410076b167160,3175292.088056,0.338551,1,1367,1367,0,1,0
enc_decode,chatcmpl-8b1069cf28b34d60862410076b167160,3175292.427049,0.014358,1,1,1368,1367,0,0
enc_decode,chatcmpl-8b1069cf28b34d60862410076b167160,3175292.441644,0.014255,1,1,1369,1368,0,0
enc_decode,chatcmpl-8b1069cf28b34d60862410076b167160,3175292.456142,0.014310,1,1,1370,1369,0,0
enc_decode,chatcmpl-8b1069cf28b34d60862410076b167160,3175292.470690,0.014281,1,1,1371,1370,0,0
enc_decode,chatcmpl-8b1069cf28b34d60862410076b167160,3175292.485206,0.014248,1,1,1372,1371,0,0
enc_decode,chatcmpl-8b1069cf28b34d60862410076b167160,3175292.499693,0.014268,1,1,1373,1372,0,0
enc_decode,chatcmpl-8b1069cf28b34d60862410076b167160,3175292.514196,0.014243,1,1,1374,1373,0,0
enc_decode,chatcmpl-8b1069cf28b34d60862410076b167160,3175292.528673,0.014262,1,1,1375,1374,0,0
enc_decode,chatcmpl-8b1069cf28b34d60862410076b167160,3175292.543173,0.014277,1,1,1376,1375,0,0
enc_decode,chatcmpl-8b1069cf28b34d60862410076b167160,3175292.557684,0.014276,1,1,1377,1376,0,0
enc_decode,chatcmpl-8b1069cf28b34d60862410076b167160,3175292.572196,0.014224,1,1,1378,1377,0,0
enc_decode,chatcmpl-8b1069cf28b34d60862410076b167160,3175292.586655,0.014279,1,1,1379,1378,0,0
enc_decode,chatcmpl-8b1069cf28b34d60862410076b167160,3175292.601172,0.014272,1,1,1380,1379,0,0
enc_decode,chatcmpl-8b1069cf28b34d60862410076b167160,3175292.615678,0.014287,1,1,1381,1380,0,0
enc_decode,chatcmpl-8b1069cf28b34d60862410076b167160,3175292.630215,0.014268,1,1,1382,1381,0,0
enc_decode,chatcmpl-8b1069cf28b34d60862410076b167160,3175292.644719,0.014260,1,1,1383,1382,0,0
enc_decode,chatcmpl-8b1069cf28b34d60862410076b167160,3175292.659212,0.014249,1,1,1384,1383,0,0
enc_decode,chatcmpl-8b1069cf28b34d60862410076b167160,3175292.673693,0.014245,1,1,1385,1384,0,0
enc_decode,chatcmpl-8b1069cf28b34d60862410076b167160,3175292.688180,0.014248,1,1,1386,1385,0,0
enc_decode,chatcmpl-8b1069cf28b34d60862410076b167160,3175292.702667,0.014253,1,1,1387,1386,0,0
enc_decode,chatcmpl-8b1069cf28b34d60862410076b167160,3175292.717154,0.014240,1,1,1388,1387,0,0
enc_decode,chatcmpl-8b1069cf28b34d60862410076b167160,3175292.731627,0.014280,1,1,1389,1388,0,0
enc_decode,chatcmpl-8b1069cf28b34d60862410076b167160,3175292.746143,0.014254,1,1,1390,1389,0,0
enc_decode,chatcmpl-8b1069cf28b34d60862410076b167160,3175292.760629,0.014236,1,1,1391,1390,0,0
enc_decode,chatcmpl-8b1069cf28b34d60862410076b167160,3175292.775097,0.014259,1,1,1392,1391,0,0
enc_decode,chatcmpl-8b1069cf28b34d60862410076b167160,3175292.789589,0.014347,1,1,1393,1392,0,0
enc_decode,chatcmpl-8b1069cf28b34d60862410076b167160,3175292.804179,0.014242,1,1,1394,1393,0,0
enc_decode,chatcmpl-8b1069cf28b34d60862410076b167160,3175292.818655,0.014254,1,1,1395,1394,0,0
enc_decode,chatcmpl-8b1069cf28b34d60862410076b167160,3175292.833143,0.014247,1,1,1396,1395,0,0
enc_decode,chatcmpl-8b1069cf28b34d60862410076b167160,3175292.847625,0.014291,1,1,1397,1396,0,0
enc_decode,chatcmpl-8b1069cf28b34d60862410076b167160,3175292.862149,0.014228,1,1,1398,1397,0,0
enc_decode,chatcmpl-8b1069cf28b34d60862410076b167160,3175292.876617,0.014265,1,1,1399,1398,0,0
enc_decode,chatcmpl-8b1069cf28b34d60862410076b167160,3175292.891116,0.014232,1,1,1400,1399,0,0
enc_decode,chatcmpl-8b1069cf28b34d60862410076b167160,3175292.905583,0.014253,1,1,1401,1400,0,0
enc_decode,chatcmpl-8b1069cf28b34d60862410076b167160,3175292.920076,0.014257,1,1,1402,1401,0,0
enc_decode,chatcmpl-8b1069cf28b34d60862410076b167160,3175292.934569,0.014231,1,1,1403,1402,0,0
enc_decode,chatcmpl-8b1069cf28b34d60862410076b167160,3175292.949035,0.014248,1,1,1404,1403,0,0
enc_decode,chatcmpl-8b1069cf28b34d60862410076b167160,3175292.963518,0.014257,1,1,1405,1404,0,0
enc_decode,chatcmpl-8b1069cf28b34d60862410076b167160,3175292.978006,0.014263,1,1,1406,1405,0,0
enc_decode,chatcmpl-8b1069cf28b34d60862410076b167160,3175292.992505,0.014251,1,1,1407,1406,0,0
enc_decode,chatcmpl-8b1069cf28b34d60862410076b167160,3175293.006992,0.014268,1,1,1408,1407,0,0
enc_decode,chatcmpl-8b1069cf28b34d60862410076b167160,3175293.021512,0.014264,1,1,1409,1408,0,0
enc_decode,chatcmpl-8b1069cf28b34d60862410076b167160,3175293.036019,0.014251,1,1,1410,1409,0,0
enc_decode,chatcmpl-8b1069cf28b34d60862410076b167160,3175293.050506,0.014245,1,1,1411,1410,0,0
enc_decode,chatcmpl-8b1069cf28b34d60862410076b167160,3175293.064986,0.014236,1,1,1412,1411,0,0
enc_decode,chatcmpl-8b1069cf28b34d60862410076b167160,3175293.079458,0.014248,1,1,1413,1412,0,0
enc_decode,chatcmpl-8b1069cf28b34d60862410076b167160,3175293.093938,0.014237,1,1,1414,1413,0,0
enc_decode,chatcmpl-8b1069cf28b34d60862410076b167160,3175293.108408,0.014236,1,1,1415,1414,0,0
enc_decode,chatcmpl-8b1069cf28b34d60862410076b167160,3175293.122880,0.014374,1,1,1416,1415,0,0
enc_decode,chatcmpl-8b1069cf28b34d60862410076b167160,3175293.137490,0.014240,1,1,1417,1416,0,0
enc_decode,chatcmpl-8b1069cf28b34d60862410076b167160,3175293.151971,0.014256,1,1,1418,1417,0,0
enc_decode,chatcmpl-8b1069cf28b34d60862410076b167160,3175293.166460,0.014248,1,1,1419,1418,0,0
enc_decode,chatcmpl-8b1069cf28b34d60862410076b167160,3175293.180946,0.014250,1,1,1420,1419,0,0
enc_decode,chatcmpl-8b1069cf28b34d60862410076b167160,3175293.195430,0.014273,1,1,1421,1420,0,0
enc_decode,chatcmpl-8b1069cf28b34d60862410076b167160,3175293.209945,0.014258,1,1,1422,1421,0,0
enc_decode,chatcmpl-8b1069cf28b34d60862410076b167160,3175293.224439,0.014240,1,1,1423,1422,0,0
enc_decode,chatcmpl-8b1069cf28b34d60862410076b167160,3175293.238914,0.014260,1,1,1424,1423,0,0
enc_decode,chatcmpl-8b1069cf28b34d60862410076b167160,3175293.253419,0.014252,1,1,1425,1424,0,0
enc_decode,chatcmpl-8b1069cf28b34d60862410076b167160,3175293.267905,0.014249,1,1,1426,1425,0,0
enc_decode,chatcmpl-8b1069cf28b34d60862410076b167160,3175293.282390,0.014272,1,1,1427,1426,0,0
enc_decode,chatcmpl-8b1069cf28b34d60862410076b167160,3175293.296897,0.014247,1,1,1428,1427,0,0
enc_decode,chatcmpl-8b1069cf28b34d60862410076b167160,3175293.311374,0.014246,1,1,1429,1428,0,0
enc_decode,chatcmpl-8b1069cf28b34d60862410076b167160,3175293.325854,0.014243,1,1,1430,1429,0,0
enc_decode,chatcmpl-8b1069cf28b34d60862410076b167160,3175293.340332,0.014267,1,1,1431,1430,0,0
enc_decode,chatcmpl-8b1069cf28b34d60862410076b167160,3175293.354837,0.014255,1,1,1432,1431,0,0
enc_decode,chatcmpl-8b1069cf28b34d60862410076b167160,3175293.369329,0.014240,1,1,1433,1432,0,0
enc_decode,chatcmpl-8b1069cf28b34d60862410076b167160,3175293.383805,0.014256,1,1,1434,1433,0,0
enc_decode,chatcmpl-8b1069cf28b34d60862410076b167160,3175293.398295,0.014246,1,1,1435,1434,0,0
enc_decode,chatcmpl-8b1069cf28b34d60862410076b167160,3175293.412780,0.014237,1,1,1436,1435,0,0
enc_decode,chatcmpl-8b1069cf28b34d60862410076b167160,3175293.427251,0.014260,1,1,1437,1436,0,0
enc_decode,chatcmpl-8b1069cf28b34d60862410076b167160,3175293.441743,0.014246,1,1,1438,1437,0,0
enc_decode,chatcmpl-8b1069cf28b34d60862410076b167160,3175293.456227,0.014356,1,1,1439,1438,0,0
enc_decode,chatcmpl-8b1069cf28b34d60862410076b167160,3175293.470816,0.014268,1,1,1440,1439,0,0
enc_decode,chatcmpl-8b1069cf28b34d60862410076b167160,3175293.485315,0.014229,1,1,1441,1440,0,0
enc_decode,chatcmpl-8b1069cf28b34d60862410076b167160,3175293.499784,0.014249,1,1,1442,1441,0,0
enc_decode,chatcmpl-8b1069cf28b34d60862410076b167160,3175293.514271,0.014267,1,1,1443,1442,0,0
enc_decode,chatcmpl-8b1069cf28b34d60862410076b167160,3175293.528774,0.014224,1,1,1444,1443,0,0
enc_decode,chatcmpl-8b1069cf28b34d60862410076b167160,3175293.543232,0.014250,1,1,1445,1444,0,0
enc_decode,chatcmpl-8b1069cf28b34d60862410076b167160,3175293.557715,0.014269,1,1,1446,1445,0,0
enc_decode,chatcmpl-8b1069cf28b34d60862410076b167160,3175293.572222,0.014252,1,1,1447,1446,0,0
enc_decode,chatcmpl-8b1069cf28b34d60862410076b167160,3175293.586707,0.014260,1,1,1448,1447,0,0
enc_decode,chatcmpl-8b1069cf28b34d60862410076b167160,3175293.601202,0.014227,1,1,1449,1448,0,0
enc_decode,chatcmpl-8b1069cf28b34d60862410076b167160,3175293.615661,0.014233,1,1,1450,1449,0,0
enc_decode,chatcmpl-8b1069cf28b34d60862410076b167160,3175293.630130,0.014258,1,1,1451,1450,0,0
enc_decode,chatcmpl-8b1069cf28b34d60862410076b167160,3175293.644629,0.014242,1,1,1452,1451,0,0
enc_decode,chatcmpl-8b1069cf28b34d60862410076b167160,3175293.659106,0.014239,1,1,1453,1452,0,0
enc_decode,chatcmpl-8b1069cf28b34d60862410076b167160,3175293.673580,0.014249,1,1,1454,1453,0,0
enc_decode,chatcmpl-8b1069cf28b34d60862410076b167160,3175293.688068,0.014255,1,1,1455,1454,0,0
enc_decode,chatcmpl-8b1069cf28b34d60862410076b167160,3175293.702558,0.014254,1,1,1456,1455,0,0
enc_decode,chatcmpl-8b1069cf28b34d60862410076b167160,3175293.717047,0.014234,1,1,1457,1456,0,0
enc_decode,chatcmpl-8b1069cf28b34d60862410076b167160,3175293.731511,0.014235,1,1,1458,1457,0,0
enc_decode,chatcmpl-8b1069cf28b34d60862410076b167160,3175293.745978,0.014258,1,1,1459,1458,0,0
enc_decode,chatcmpl-8b1069cf28b34d60862410076b167160,3175293.760471,0.014232,1,1,1460,1459,0,0
enc_decode,chatcmpl-8b1069cf28b34d60862410076b167160,3175293.774933,0.014256,1,1,1461,1460,0,0
enc_decode,chatcmpl-8b1069cf28b34d60862410076b167160,3175293.789423,0.014347,1,1,1462,1461,0,0
enc_decode,chatcmpl-8b1069cf28b34d60862410076b167160,3175293.804015,0.014262,1,1,1463,1462,0,0
enc_decode,chatcmpl-8b1069cf28b34d60862410076b167160,3175293.818512,0.014240,1,1,1464,1463,0,0
enc_decode,chatcmpl-8b1069cf28b34d60862410076b167160,3175293.832984,0.014251,1,1,1465,1464,0,0
enc_decode,chatcmpl-8b1069cf28b34d60862410076b167160,3175293.847470,0.014245,1,1,1466,1465,0,0
enc_decode,chatcmpl-8b1069cf28b34d60862410076b167160,3175293.861948,0.014267,1,1,1467,1466,0,0
enc_decode,chatcmpl-8b1069cf28b34d60862410076b167160,3175293.876457,0.014247,1,1,1468,1467,0,0
enc_decode,chatcmpl-8b1069cf28b34d60862410076b167160,3175293.890935,0.014248,1,1,1469,1468,0,0
enc_decode,chatcmpl-8b1069cf28b34d60862410076b167160,3175293.905417,0.014241,1,1,1470,1469,0,0
enc_decode,chatcmpl-8b1069cf28b34d60862410076b167160,3175293.919891,0.014255,1,1,1471,1470,0,0
enc_decode,chatcmpl-8b1069cf28b34d60862410076b167160,3175293.934383,0.014244,1,1,1472,1471,0,0
enc_decode,chatcmpl-8b1069cf28b34d60862410076b167160,3175293.948862,0.014248,1,1,1473,1472,0,0
enc_decode,chatcmpl-8b1069cf28b34d60862410076b167160,3175293.963349,0.014259,1,1,1474,1473,0,0
enc_decode,chatcmpl-8b1069cf28b34d60862410076b167160,3175293.977839,0.014261,1,1,1475,1474,0,0
enc_decode,chatcmpl-8b1069cf28b34d60862410076b167160,3175293.992334,0.014230,1,1,1476,1475,0,0
enc_decode,chatcmpl-8b1069cf28b34d60862410076b167160,3175294.006800,0.014266,1,1,1477,1476,0,0
enc_decode,chatcmpl-8b1069cf28b34d60862410076b167160,3175294.021302,0.014245,1,1,1478,1477,0,0
enc_decode,chatcmpl-8b1069cf28b34d60862410076b167160,3175294.035781,0.014273,1,1,1479,1478,0,0
enc_decode,chatcmpl-8b1069cf28b34d60862410076b167160,3175294.050289,0.014247,1,1,1480,1479,0,0
enc_decode,chatcmpl-8b1069cf28b34d60862410076b167160,3175294.064767,0.014352,1,1,1481,1480,0,0
enc_decode,chatcmpl-8b1069cf28b34d60862410076b167160,3175294.079353,0.014308,1,1,1482,1481,0,0
enc_decode,chatcmpl-8b1069cf28b34d60862410076b167160,3175294.093897,0.014256,1,1,1483,1482,0,0
enc_decode,chatcmpl-8b1069cf28b34d60862410076b167160,3175294.108387,0.014228,1,1,1484,1483,0,0
enc_decode,chatcmpl-8b1069cf28b34d60862410076b167160,3175294.122851,0.014369,1,1,1485,1484,0,0
enc_decode,chatcmpl-8b1069cf28b34d60862410076b167160,3175294.137456,0.014242,1,1,1486,1485,0,0
enc_decode,chatcmpl-8b1069cf28b34d60862410076b167160,3175294.151932,0.014260,1,1,1487,1486,0,0
enc_decode,chatcmpl-8b1069cf28b34d60862410076b167160,3175294.166426,0.014230,1,1,1488,1487,0,0
enc_decode,chatcmpl-8b1069cf28b34d60862410076b167160,3175294.180891,0.014260,1,1,1489,1488,0,0
enc_decode,chatcmpl-8b1069cf28b34d60862410076b167160,3175294.195385,0.014253,1,1,1490,1489,0,0
enc_decode,chatcmpl-8b1069cf28b34d60862410076b167160,3175294.209871,0.014255,1,1,1491,1490,0,0
enc_decode,chatcmpl-8b1069cf28b34d60862410076b167160,3175294.224356,0.014221,1,1,1492,1491,0,0
enc_decode,chatcmpl-8b1069cf28b34d60862410076b167160,3175294.238814,0.014277,1,1,1493,1492,0,0
enc_prefill,chatcmpl-ebc3040d9c114de980dc3e1b5d020341,3175294.275495,0.338178,1,1359,1359,0,1,0
enc_decode,chatcmpl-ebc3040d9c114de980dc3e1b5d020341,3175294.614079,0.014279,1,1,1360,1359,0,0
enc_decode,chatcmpl-ebc3040d9c114de980dc3e1b5d020341,3175294.628604,0.014265,1,1,1361,1360,0,0
enc_decode,chatcmpl-ebc3040d9c114de980dc3e1b5d020341,3175294.643106,0.014277,1,1,1362,1361,0,0
enc_decode,chatcmpl-ebc3040d9c114de980dc3e1b5d020341,3175294.657619,0.014244,1,1,1363,1362,0,0
enc_decode,chatcmpl-ebc3040d9c114de980dc3e1b5d020341,3175294.672104,0.014253,1,1,1364,1363,0,0
enc_decode,chatcmpl-ebc3040d9c114de980dc3e1b5d020341,3175294.686594,0.014247,1,1,1365,1364,0,0
enc_decode,chatcmpl-ebc3040d9c114de980dc3e1b5d020341,3175294.701076,0.014251,1,1,1366,1365,0,0
enc_decode,chatcmpl-ebc3040d9c114de980dc3e1b5d020341,3175294.715570,0.014237,1,1,1367,1366,0,0
enc_decode,chatcmpl-ebc3040d9c114de980dc3e1b5d020341,3175294.730038,0.014217,1,1,1368,1367,0,0
enc_decode,chatcmpl-ebc3040d9c114de980dc3e1b5d020341,3175294.744488,0.014239,1,1,1369,1368,0,0
enc_decode,chatcmpl-ebc3040d9c114de980dc3e1b5d020341,3175294.758962,0.014234,1,1,1370,1369,0,0
enc_decode,chatcmpl-ebc3040d9c114de980dc3e1b5d020341,3175294.773434,0.014220,1,1,1371,1370,0,0
enc_decode,chatcmpl-ebc3040d9c114de980dc3e1b5d020341,3175294.787890,0.014223,1,1,1372,1371,0,0
enc_decode,chatcmpl-ebc3040d9c114de980dc3e1b5d020341,3175294.802350,0.014235,1,1,1373,1372,0,0
enc_decode,chatcmpl-ebc3040d9c114de980dc3e1b5d020341,3175294.816819,0.014242,1,1,1374,1373,0,0
enc_decode,chatcmpl-ebc3040d9c114de980dc3e1b5d020341,3175294.831298,0.014236,1,1,1375,1374,0,0
enc_decode,chatcmpl-ebc3040d9c114de980dc3e1b5d020341,3175294.845782,0.014328,1,1,1376,1375,0,0
enc_decode,chatcmpl-ebc3040d9c114de980dc3e1b5d020341,3175294.860348,0.014215,1,1,1377,1376,0,0
enc_decode,chatcmpl-ebc3040d9c114de980dc3e1b5d020341,3175294.874800,0.014244,1,1,1378,1377,0,0
enc_decode,chatcmpl-ebc3040d9c114de980dc3e1b5d020341,3175294.889284,0.014210,1,1,1379,1378,0,0
enc_decode,chatcmpl-ebc3040d9c114de980dc3e1b5d020341,3175294.903732,0.014341,1,1,1380,1379,0,0
enc_decode,chatcmpl-ebc3040d9c114de980dc3e1b5d020341,3175294.918312,0.014240,1,1,1381,1380,0,0
enc_decode,chatcmpl-ebc3040d9c114de980dc3e1b5d020341,3175294.932795,0.014243,1,1,1382,1381,0,0
enc_decode,chatcmpl-ebc3040d9c114de980dc3e1b5d020341,3175294.947278,0.014226,1,1,1383,1382,0,0
enc_decode,chatcmpl-ebc3040d9c114de980dc3e1b5d020341,3175294.961745,0.014233,1,1,1384,1383,0,0
enc_decode,chatcmpl-ebc3040d9c114de980dc3e1b5d020341,3175294.976223,0.014235,1,1,1385,1384,0,0
enc_decode,chatcmpl-ebc3040d9c114de980dc3e1b5d020341,3175294.990695,0.014247,1,1,1386,1385,0,0
enc_decode,chatcmpl-ebc3040d9c114de980dc3e1b5d020341,3175295.005185,0.014243,1,1,1387,1386,0,0
enc_decode,chatcmpl-ebc3040d9c114de980dc3e1b5d020341,3175295.019665,0.014251,1,1,1388,1387,0,0
enc_decode,chatcmpl-ebc3040d9c114de980dc3e1b5d020341,3175295.034154,0.014227,1,1,1389,1388,0,0
enc_decode,chatcmpl-ebc3040d9c114de980dc3e1b5d020341,3175295.048620,0.014221,1,1,1390,1389,0,0
enc_decode,chatcmpl-ebc3040d9c114de980dc3e1b5d020341,3175295.063076,0.014258,1,1,1391,1390,0,0
enc_decode,chatcmpl-ebc3040d9c114de980dc3e1b5d020341,3175295.077575,0.014232,1,1,1392,1391,0,0
enc_decode,chatcmpl-ebc3040d9c114de980dc3e1b5d020341,3175295.092052,0.014221,1,1,1393,1392,0,0
enc_decode,chatcmpl-ebc3040d9c114de980dc3e1b5d020341,3175295.106511,0.014212,1,1,1394,1393,0,0
enc_decode,chatcmpl-ebc3040d9c114de980dc3e1b5d020341,3175295.120961,0.014216,1,1,1395,1394,0,0
enc_decode,chatcmpl-ebc3040d9c114de980dc3e1b5d020341,3175295.135416,0.014226,1,1,1396,1395,0,0
enc_decode,chatcmpl-ebc3040d9c114de980dc3e1b5d020341,3175295.149876,0.014245,1,1,1397,1396,0,0
enc_decode,chatcmpl-ebc3040d9c114de980dc3e1b5d020341,3175295.164362,0.014245,1,1,1398,1397,0,0
enc_decode,chatcmpl-ebc3040d9c114de980dc3e1b5d020341,3175295.178844,0.014321,1,1,1399,1398,0,0
enc_decode,chatcmpl-ebc3040d9c114de980dc3e1b5d020341,3175295.193402,0.014242,1,1,1400,1399,0,0
enc_decode,chatcmpl-ebc3040d9c114de980dc3e1b5d020341,3175295.207885,0.014247,1,1,1401,1400,0,0
enc_decode,chatcmpl-ebc3040d9c114de980dc3e1b5d020341,3175295.222372,0.014235,1,1,1402,1401,0,0
enc_decode,chatcmpl-ebc3040d9c114de980dc3e1b5d020341,3175295.236849,0.014305,1,1,1403,1402,0,0
enc_decode,chatcmpl-ebc3040d9c114de980dc3e1b5d020341,3175295.251571,0.014269,1,1,1404,1403,0,0
enc_decode,chatcmpl-ebc3040d9c114de980dc3e1b5d020341,3175295.266080,0.014235,1,1,1405,1404,0,0
enc_decode,chatcmpl-ebc3040d9c114de980dc3e1b5d020341,3175295.280553,0.014230,1,1,1406,1405,0,0
enc_decode,chatcmpl-ebc3040d9c114de980dc3e1b5d020341,3175295.295020,0.014251,1,1,1407,1406,0,0
enc_decode,chatcmpl-ebc3040d9c114de980dc3e1b5d020341,3175295.309513,0.014230,1,1,1408,1407,0,0
enc_decode,chatcmpl-ebc3040d9c114de980dc3e1b5d020341,3175295.323997,0.014226,1,1,1409,1408,0,0
enc_decode,chatcmpl-ebc3040d9c114de980dc3e1b5d020341,3175295.338460,0.014224,1,1,1410,1409,0,0
enc_decode,chatcmpl-ebc3040d9c114de980dc3e1b5d020341,3175295.352922,0.014226,1,1,1411,1410,0,0
enc_decode,chatcmpl-ebc3040d9c114de980dc3e1b5d020341,3175295.367387,0.014228,1,1,1412,1411,0,0
enc_decode,chatcmpl-ebc3040d9c114de980dc3e1b5d020341,3175295.381856,0.014227,1,1,1413,1412,0,0
enc_decode,chatcmpl-ebc3040d9c114de980dc3e1b5d020341,3175295.396319,0.014247,1,1,1414,1413,0,0
enc_decode,chatcmpl-ebc3040d9c114de980dc3e1b5d020341,3175295.410801,0.014239,1,1,1415,1414,0,0
enc_decode,chatcmpl-ebc3040d9c114de980dc3e1b5d020341,3175295.425277,0.014233,1,1,1416,1415,0,0
enc_decode,chatcmpl-ebc3040d9c114de980dc3e1b5d020341,3175295.439748,0.014240,1,1,1417,1416,0,0
enc_decode,chatcmpl-ebc3040d9c114de980dc3e1b5d020341,3175295.454223,0.014234,1,1,1418,1417,0,0
enc_decode,chatcmpl-ebc3040d9c114de980dc3e1b5d020341,3175295.468706,0.014253,1,1,1419,1418,0,0
enc_decode,chatcmpl-ebc3040d9c114de980dc3e1b5d020341,3175295.483195,0.014241,1,1,1420,1419,0,0
enc_decode,chatcmpl-ebc3040d9c114de980dc3e1b5d020341,3175295.497676,0.014243,1,1,1421,1420,0,0
enc_decode,chatcmpl-ebc3040d9c114de980dc3e1b5d020341,3175295.512162,0.014331,1,1,1422,1421,0,0
enc_decode,chatcmpl-ebc3040d9c114de980dc3e1b5d020341,3175295.526729,0.014251,1,1,1423,1422,0,0
enc_decode,chatcmpl-ebc3040d9c114de980dc3e1b5d020341,3175295.541219,0.014211,1,1,1424,1423,0,0
enc_decode,chatcmpl-ebc3040d9c114de980dc3e1b5d020341,3175295.555667,0.014235,1,1,1425,1424,0,0
enc_decode,chatcmpl-ebc3040d9c114de980dc3e1b5d020341,3175295.570142,0.014318,1,1,1426,1425,0,0
enc_decode,chatcmpl-ebc3040d9c114de980dc3e1b5d020341,3175295.584699,0.014238,1,1,1427,1426,0,0
enc_decode,chatcmpl-ebc3040d9c114de980dc3e1b5d020341,3175295.599173,0.014231,1,1,1428,1427,0,0
enc_decode,chatcmpl-ebc3040d9c114de980dc3e1b5d020341,3175295.613645,0.014224,1,1,1429,1428,0,0
enc_decode,chatcmpl-ebc3040d9c114de980dc3e1b5d020341,3175295.628115,0.014216,1,1,1430,1429,0,0
enc_decode,chatcmpl-ebc3040d9c114de980dc3e1b5d020341,3175295.642570,0.014212,1,1,1431,1430,0,0
enc_decode,chatcmpl-ebc3040d9c114de980dc3e1b5d020341,3175295.657022,0.014197,1,1,1432,1431,0,0
enc_decode,chatcmpl-ebc3040d9c114de980dc3e1b5d020341,3175295.671456,0.014261,1,1,1433,1432,0,0
enc_decode,chatcmpl-ebc3040d9c114de980dc3e1b5d020341,3175295.685954,0.014227,1,1,1434,1433,0,0
enc_decode,chatcmpl-ebc3040d9c114de980dc3e1b5d020341,3175295.700420,0.014238,1,1,1435,1434,0,0
enc_decode,chatcmpl-ebc3040d9c114de980dc3e1b5d020341,3175295.714904,0.014251,1,1,1436,1435,0,0
enc_decode,chatcmpl-ebc3040d9c114de980dc3e1b5d020341,3175295.729389,0.014225,1,1,1437,1436,0,0
enc_decode,chatcmpl-ebc3040d9c114de980dc3e1b5d020341,3175295.743848,0.014229,1,1,1438,1437,0,0
enc_decode,chatcmpl-ebc3040d9c114de980dc3e1b5d020341,3175295.758316,0.014225,1,1,1439,1438,0,0
enc_decode,chatcmpl-ebc3040d9c114de980dc3e1b5d020341,3175295.772778,0.014234,1,1,1440,1439,0,0
enc_decode,chatcmpl-ebc3040d9c114de980dc3e1b5d020341,3175295.787248,0.014247,1,1,1441,1440,0,0
enc_decode,chatcmpl-ebc3040d9c114de980dc3e1b5d020341,3175295.801737,0.014233,1,1,1442,1441,0,0
enc_decode,chatcmpl-ebc3040d9c114de980dc3e1b5d020341,3175295.816217,0.014224,1,1,1443,1442,0,0
enc_decode,chatcmpl-ebc3040d9c114de980dc3e1b5d020341,3175295.830681,0.014239,1,1,1444,1443,0,0
enc_decode,chatcmpl-ebc3040d9c114de980dc3e1b5d020341,3175295.845156,0.014326,1,1,1445,1444,0,0
enc_decode,chatcmpl-ebc3040d9c114de980dc3e1b5d020341,3175295.859717,0.014259,1,1,1446,1445,0,0
enc_decode,chatcmpl-ebc3040d9c114de980dc3e1b5d020341,3175295.874212,0.014238,1,1,1447,1446,0,0
enc_decode,chatcmpl-ebc3040d9c114de980dc3e1b5d020341,3175295.888688,0.014209,1,1,1448,1447,0,0
enc_decode,chatcmpl-ebc3040d9c114de980dc3e1b5d020341,3175295.903133,0.014314,1,1,1449,1448,0,0
enc_decode,chatcmpl-ebc3040d9c114de980dc3e1b5d020341,3175295.917687,0.014235,1,1,1450,1449,0,0
enc_decode,chatcmpl-ebc3040d9c114de980dc3e1b5d020341,3175295.932171,0.014252,1,1,1451,1450,0,0
enc_decode,chatcmpl-ebc3040d9c114de980dc3e1b5d020341,3175295.946658,0.014230,1,1,1452,1451,0,0
enc_decode,chatcmpl-ebc3040d9c114de980dc3e1b5d020341,3175295.961123,0.014227,1,1,1453,1452,0,0
enc_decode,chatcmpl-ebc3040d9c114de980dc3e1b5d020341,3175295.975588,0.014261,1,1,1454,1453,0,0
enc_decode,chatcmpl-ebc3040d9c114de980dc3e1b5d020341,3175295.990084,0.014228,1,1,1455,1454,0,0
enc_decode,chatcmpl-ebc3040d9c114de980dc3e1b5d020341,3175296.004549,0.014228,1,1,1456,1455,0,0
enc_decode,chatcmpl-ebc3040d9c114de980dc3e1b5d020341,3175296.019017,0.014257,1,1,1457,1456,0,0
enc_decode,chatcmpl-ebc3040d9c114de980dc3e1b5d020341,3175296.033509,0.014222,1,1,1458,1457,0,0
enc_decode,chatcmpl-ebc3040d9c114de980dc3e1b5d020341,3175296.047967,0.014249,1,1,1459,1458,0,0
enc_decode,chatcmpl-ebc3040d9c114de980dc3e1b5d020341,3175296.062453,0.014220,1,1,1460,1459,0,0
enc_decode,chatcmpl-ebc3040d9c114de980dc3e1b5d020341,3175296.076910,0.014249,1,1,1461,1460,0,0
enc_decode,chatcmpl-ebc3040d9c114de980dc3e1b5d020341,3175296.091407,0.014228,1,1,1462,1461,0,0
enc_decode,chatcmpl-ebc3040d9c114de980dc3e1b5d020341,3175296.105871,0.014226,1,1,1463,1462,0,0
enc_decode,chatcmpl-ebc3040d9c114de980dc3e1b5d020341,3175296.120334,0.014235,1,1,1464,1463,0,0
enc_decode,chatcmpl-ebc3040d9c114de980dc3e1b5d020341,3175296.134803,0.014236,1,1,1465,1464,0,0
enc_decode,chatcmpl-ebc3040d9c114de980dc3e1b5d020341,3175296.149277,0.014218,1,1,1466,1465,0,0
enc_decode,chatcmpl-ebc3040d9c114de980dc3e1b5d020341,3175296.163733,0.014218,1,1,1467,1466,0,0
enc_decode,chatcmpl-ebc3040d9c114de980dc3e1b5d020341,3175296.178190,0.014320,1,1,1468,1467,0,0
enc_decode,chatcmpl-ebc3040d9c114de980dc3e1b5d020341,3175296.192744,0.014247,1,1,1469,1468,0,0
enc_decode,chatcmpl-ebc3040d9c114de980dc3e1b5d020341,3175296.207225,0.014226,1,1,1470,1469,0,0
enc_decode,chatcmpl-ebc3040d9c114de980dc3e1b5d020341,3175296.221690,0.014229,1,1,1471,1470,0,0
enc_decode,chatcmpl-ebc3040d9c114de980dc3e1b5d020341,3175296.236164,0.014249,1,1,1472,1471,0,0
enc_decode,chatcmpl-ebc3040d9c114de980dc3e1b5d020341,3175296.250653,0.014221,1,1,1473,1472,0,0
enc_decode,chatcmpl-ebc3040d9c114de980dc3e1b5d020341,3175296.265107,0.014231,1,1,1474,1473,0,0
enc_decode,chatcmpl-ebc3040d9c114de980dc3e1b5d020341,3175296.279570,0.014246,1,1,1475,1474,0,0
enc_decode,chatcmpl-ebc3040d9c114de980dc3e1b5d020341,3175296.294052,0.014257,1,1,1476,1475,0,0
enc_decode,chatcmpl-ebc3040d9c114de980dc3e1b5d020341,3175296.308545,0.014249,1,1,1477,1476,0,0
enc_decode,chatcmpl-ebc3040d9c114de980dc3e1b5d020341,3175296.323033,0.014250,1,1,1478,1477,0,0
enc_decode,chatcmpl-ebc3040d9c114de980dc3e1b5d020341,3175296.337518,0.014227,1,1,1479,1478,0,0
enc_decode,chatcmpl-ebc3040d9c114de980dc3e1b5d020341,3175296.351983,0.014226,1,1,1480,1479,0,0
enc_decode,chatcmpl-ebc3040d9c114de980dc3e1b5d020341,3175296.366445,0.014226,1,1,1481,1480,0,0
enc_decode,chatcmpl-ebc3040d9c114de980dc3e1b5d020341,3175296.380911,0.014216,1,1,1482,1481,0,0
enc_decode,chatcmpl-ebc3040d9c114de980dc3e1b5d020341,3175296.395361,0.014226,1,1,1483,1482,0,0
enc_decode,chatcmpl-ebc3040d9c114de980dc3e1b5d020341,3175296.409825,0.014223,1,1,1484,1483,0,0
enc_decode,chatcmpl-ebc3040d9c114de980dc3e1b5d020341,3175296.424281,0.014240,1,1,1485,1484,0,0
enc_decode,chatcmpl-ebc3040d9c114de980dc3e1b5d020341,3175296.438758,0.014279,1,1,1486,1485,0,0
enc_decode,chatcmpl-ebc3040d9c114de980dc3e1b5d020341,3175296.453276,0.014253,1,1,1487,1486,0,0
enc_decode,chatcmpl-ebc3040d9c114de980dc3e1b5d020341,3175296.467770,0.014239,1,1,1488,1487,0,0
enc_decode,chatcmpl-ebc3040d9c114de980dc3e1b5d020341,3175296.482248,0.014244,1,1,1489,1488,0,0
enc_decode,chatcmpl-ebc3040d9c114de980dc3e1b5d020341,3175296.496726,0.014223,1,1,1490,1489,0,0
enc_decode,chatcmpl-ebc3040d9c114de980dc3e1b5d020341,3175296.511191,0.014339,1,1,1491,1490,0,0
enc_decode,chatcmpl-ebc3040d9c114de980dc3e1b5d020341,3175296.525767,0.014220,1,1,1492,1491,0,0
enc_decode,chatcmpl-ebc3040d9c114de980dc3e1b5d020341,3175296.540233,0.014235,1,1,1493,1492,0,0
enc_decode,chatcmpl-ebc3040d9c114de980dc3e1b5d020341,3175296.554705,0.014244,1,1,1494,1493,0,0
enc_decode,chatcmpl-ebc3040d9c114de980dc3e1b5d020341,3175296.569185,0.014242,1,1,1495,1494,0,0
enc_decode,chatcmpl-ebc3040d9c114de980dc3e1b5d020341,3175296.583661,0.014227,1,1,1496,1495,0,0
enc_decode,chatcmpl-ebc3040d9c114de980dc3e1b5d020341,3175296.598125,0.014222,1,1,1497,1496,0,0
enc_decode,chatcmpl-ebc3040d9c114de980dc3e1b5d020341,3175296.612590,0.014216,1,1,1498,1497,0,0
enc_decode,chatcmpl-ebc3040d9c114de980dc3e1b5d020341,3175296.627037,0.014237,1,1,1499,1498,0,0
enc_decode,chatcmpl-ebc3040d9c114de980dc3e1b5d020341,3175296.641511,0.014228,1,1,1500,1499,0,0
enc_decode,chatcmpl-ebc3040d9c114de980dc3e1b5d020341,3175296.655977,0.014258,1,1,1501,1500,0,0
enc_prefill,chatcmpl-24d63a7dce074b2cac977fc95593437e,3175296.691422,0.335593,1,1337,1337,0,1,0
enc_decode,chatcmpl-24d63a7dce074b2cac977fc95593437e,3175297.027429,0.014351,1,1,1338,1337,0,0
enc_decode,chatcmpl-24d63a7dce074b2cac977fc95593437e,3175297.042024,0.014300,1,1,1339,1338,0,0
enc_decode,chatcmpl-24d63a7dce074b2cac977fc95593437e,3175297.056563,0.014277,1,1,1340,1339,0,0
enc_decode,chatcmpl-24d63a7dce074b2cac977fc95593437e,3175297.071094,0.014295,1,1,1341,1340,0,0
enc_decode,chatcmpl-24d63a7dce074b2cac977fc95593437e,3175297.085628,0.014269,1,1,1342,1341,0,0
enc_decode,chatcmpl-24d63a7dce074b2cac977fc95593437e,3175297.100144,0.014277,1,1,1343,1342,0,0
enc_decode,chatcmpl-24d63a7dce074b2cac977fc95593437e,3175297.114666,0.014274,1,1,1344,1343,0,0
enc_decode,chatcmpl-24d63a7dce074b2cac977fc95593437e,3175297.129180,0.014279,1,1,1345,1344,0,0
enc_decode,chatcmpl-24d63a7dce074b2cac977fc95593437e,3175297.143701,0.014291,1,1,1346,1345,0,0
enc_decode,chatcmpl-24d63a7dce074b2cac977fc95593437e,3175297.158237,0.014274,1,1,1347,1346,0,0
enc_decode,chatcmpl-24d63a7dce074b2cac977fc95593437e,3175297.172757,0.014265,1,1,1348,1347,0,0
enc_decode,chatcmpl-24d63a7dce074b2cac977fc95593437e,3175297.187263,0.014296,1,1,1349,1348,0,0
enc_decode,chatcmpl-24d63a7dce074b2cac977fc95593437e,3175297.201805,0.014274,1,1,1350,1349,0,0
enc_decode,chatcmpl-24d63a7dce074b2cac977fc95593437e,3175297.216325,0.014263,1,1,1351,1350,0,0
enc_decode,chatcmpl-24d63a7dce074b2cac977fc95593437e,3175297.230830,0.014273,1,1,1352,1351,0,0
enc_decode,chatcmpl-24d63a7dce074b2cac977fc95593437e,3175297.245345,0.014277,1,1,1353,1352,0,0
enc_decode,chatcmpl-24d63a7dce074b2cac977fc95593437e,3175297.259868,0.014294,1,1,1354,1353,0,0
enc_decode,chatcmpl-24d63a7dce074b2cac977fc95593437e,3175297.274407,0.014276,1,1,1355,1354,0,0
enc_decode,chatcmpl-24d63a7dce074b2cac977fc95593437e,3175297.288927,0.014369,1,1,1356,1355,0,0
enc_decode,chatcmpl-24d63a7dce074b2cac977fc95593437e,3175297.303544,0.014294,1,1,1357,1356,0,0
enc_decode,chatcmpl-24d63a7dce074b2cac977fc95593437e,3175297.318085,0.014263,1,1,1358,1357,0,0
enc_decode,chatcmpl-24d63a7dce074b2cac977fc95593437e,3175297.332594,0.014270,1,1,1359,1358,0,0
enc_decode,chatcmpl-24d63a7dce074b2cac977fc95593437e,3175297.347108,0.014310,1,1,1360,1359,0,0
enc_decode,chatcmpl-24d63a7dce074b2cac977fc95593437e,3175297.361663,0.014282,1,1,1361,1360,0,0
enc_decode,chatcmpl-24d63a7dce074b2cac977fc95593437e,3175297.376197,0.014280,1,1,1362,1361,0,0
enc_decode,chatcmpl-24d63a7dce074b2cac977fc95593437e,3175297.390723,0.014283,1,1,1363,1362,0,0
enc_decode,chatcmpl-24d63a7dce074b2cac977fc95593437e,3175297.405252,0.014244,1,1,1364,1363,0,0
enc_decode,chatcmpl-24d63a7dce074b2cac977fc95593437e,3175297.419736,0.014262,1,1,1365,1364,0,0
enc_decode,chatcmpl-24d63a7dce074b2cac977fc95593437e,3175297.434241,0.014274,1,1,1366,1365,0,0
enc_decode,chatcmpl-24d63a7dce074b2cac977fc95593437e,3175297.448758,0.014270,1,1,1367,1366,0,0
enc_decode,chatcmpl-24d63a7dce074b2cac977fc95593437e,3175297.463275,0.014276,1,1,1368,1367,0,0
enc_decode,chatcmpl-24d63a7dce074b2cac977fc95593437e,3175297.477801,0.014266,1,1,1369,1368,0,0
enc_decode,chatcmpl-24d63a7dce074b2cac977fc95593437e,3175297.492314,0.014300,1,1,1370,1369,0,0
enc_decode,chatcmpl-24d63a7dce074b2cac977fc95593437e,3175297.506862,0.014274,1,1,1371,1370,0,0
enc_decode,chatcmpl-24d63a7dce074b2cac977fc95593437e,3175297.521384,0.014283,1,1,1372,1371,0,0
enc_decode,chatcmpl-24d63a7dce074b2cac977fc95593437e,3175297.535914,0.014278,1,1,1373,1372,0,0
enc_decode,chatcmpl-24d63a7dce074b2cac977fc95593437e,3175297.550436,0.014255,1,1,1374,1373,0,0
enc_decode,chatcmpl-24d63a7dce074b2cac977fc95593437e,3175297.564935,0.014284,1,1,1375,1374,0,0
enc_decode,chatcmpl-24d63a7dce074b2cac977fc95593437e,3175297.579469,0.014272,1,1,1376,1375,0,0
enc_decode,chatcmpl-24d63a7dce074b2cac977fc95593437e,3175297.593988,0.014267,1,1,1377,1376,0,0
enc_decode,chatcmpl-24d63a7dce074b2cac977fc95593437e,3175297.608499,0.014315,1,1,1378,1377,0,0
enc_decode,chatcmpl-24d63a7dce074b2cac977fc95593437e,3175297.623061,0.014327,1,1,1379,1378,0,0
enc_decode,chatcmpl-24d63a7dce074b2cac977fc95593437e,3175297.637634,0.014269,1,1,1380,1379,0,0
enc_decode,chatcmpl-24d63a7dce074b2cac977fc95593437e,3175297.652153,0.014277,1,1,1381,1380,0,0
enc_decode,chatcmpl-24d63a7dce074b2cac977fc95593437e,3175297.666684,0.014283,1,1,1382,1381,0,0
enc_decode,chatcmpl-24d63a7dce074b2cac977fc95593437e,3175297.681213,0.014273,1,1,1383,1382,0,0
enc_decode,chatcmpl-24d63a7dce074b2cac977fc95593437e,3175297.695740,0.014285,1,1,1384,1383,0,0
enc_decode,chatcmpl-24d63a7dce074b2cac977fc95593437e,3175297.710269,0.014277,1,1,1385,1384,0,0
enc_decode,chatcmpl-24d63a7dce074b2cac977fc95593437e,3175297.724790,0.014263,1,1,1386,1385,0,0
enc_decode,chatcmpl-24d63a7dce074b2cac977fc95593437e,3175297.739300,0.014272,1,1,1387,1386,0,0
enc_decode,chatcmpl-24d63a7dce074b2cac977fc95593437e,3175297.753820,0.014267,1,1,1388,1387,0,0
enc_decode,chatcmpl-24d63a7dce074b2cac977fc95593437e,3175297.768334,0.014265,1,1,1389,1388,0,0
enc_decode,chatcmpl-24d63a7dce074b2cac977fc95593437e,3175297.782841,0.014284,1,1,1390,1389,0,0
enc_decode,chatcmpl-24d63a7dce074b2cac977fc95593437e,3175297.797374,0.014291,1,1,1391,1390,0,0
enc_decode,chatcmpl-24d63a7dce074b2cac977fc95593437e,3175297.811910,0.014303,1,1,1392,1391,0,0
enc_decode,chatcmpl-24d63a7dce074b2cac977fc95593437e,3175297.826457,0.014271,1,1,1393,1392,0,0
enc_decode,chatcmpl-24d63a7dce074b2cac977fc95593437e,3175297.840971,0.014263,1,1,1394,1393,0,0
enc_decode,chatcmpl-24d63a7dce074b2cac977fc95593437e,3175297.855480,0.014293,1,1,1395,1394,0,0
enc_decode,chatcmpl-24d63a7dce074b2cac977fc95593437e,3175297.870018,0.014251,1,1,1396,1395,0,0
enc_decode,chatcmpl-24d63a7dce074b2cac977fc95593437e,3175297.884514,0.014282,1,1,1397,1396,0,0
enc_decode,chatcmpl-24d63a7dce074b2cac977fc95593437e,3175297.899037,0.014297,1,1,1398,1397,0,0
enc_decode,chatcmpl-24d63a7dce074b2cac977fc95593437e,3175297.913580,0.014270,1,1,1399,1398,0,0
enc_decode,chatcmpl-24d63a7dce074b2cac977fc95593437e,3175297.928104,0.014291,1,1,1400,1399,0,0
enc_decode,chatcmpl-24d63a7dce074b2cac977fc95593437e,3175297.942637,0.014267,1,1,1401,1400,0,0
enc_decode,chatcmpl-24d63a7dce074b2cac977fc95593437e,3175297.957151,0.014360,1,1,1402,1401,0,0
enc_decode,chatcmpl-24d63a7dce074b2cac977fc95593437e,3175297.971759,0.014288,1,1,1403,1402,0,0
enc_decode,chatcmpl-24d63a7dce074b2cac977fc95593437e,3175297.986296,0.014253,1,1,1404,1403,0,0
enc_decode,chatcmpl-24d63a7dce074b2cac977fc95593437e,3175298.000798,0.014307,1,1,1405,1404,0,0
enc_decode,chatcmpl-24d63a7dce074b2cac977fc95593437e,3175298.015349,0.014269,1,1,1406,1405,0,0
enc_decode,chatcmpl-24d63a7dce074b2cac977fc95593437e,3175298.029863,0.014274,1,1,1407,1406,0,0
enc_decode,chatcmpl-24d63a7dce074b2cac977fc95593437e,3175298.044379,0.014261,1,1,1408,1407,0,0
enc_decode,chatcmpl-24d63a7dce074b2cac977fc95593437e,3175298.058901,0.014307,1,1,1409,1408,0,0
enc_decode,chatcmpl-24d63a7dce074b2cac977fc95593437e,3175298.073457,0.014261,1,1,1410,1409,0,0
enc_decode,chatcmpl-24d63a7dce074b2cac977fc95593437e,3175298.087964,0.014273,1,1,1411,1410,0,0
enc_decode,chatcmpl-24d63a7dce074b2cac977fc95593437e,3175298.102482,0.014248,1,1,1412,1411,0,0
enc_decode,chatcmpl-24d63a7dce074b2cac977fc95593437e,3175298.116977,0.014280,1,1,1413,1412,0,0
enc_decode,chatcmpl-24d63a7dce074b2cac977fc95593437e,3175298.131503,0.014294,1,1,1414,1413,0,0
enc_decode,chatcmpl-24d63a7dce074b2cac977fc95593437e,3175298.146044,0.014272,1,1,1415,1414,0,0
enc_decode,chatcmpl-24d63a7dce074b2cac977fc95593437e,3175298.160563,0.014278,1,1,1416,1415,0,0
enc_decode,chatcmpl-24d63a7dce074b2cac977fc95593437e,3175298.175086,0.014289,1,1,1417,1416,0,0
enc_decode,chatcmpl-24d63a7dce074b2cac977fc95593437e,3175298.189619,0.014271,1,1,1418,1417,0,0
enc_decode,chatcmpl-24d63a7dce074b2cac977fc95593437e,3175298.204136,0.014273,1,1,1419,1418,0,0
enc_decode,chatcmpl-24d63a7dce074b2cac977fc95593437e,3175298.218654,0.014283,1,1,1420,1419,0,0
enc_decode,chatcmpl-24d63a7dce074b2cac977fc95593437e,3175298.233182,0.014270,1,1,1421,1420,0,0
enc_decode,chatcmpl-24d63a7dce074b2cac977fc95593437e,3175298.247696,0.014295,1,1,1422,1421,0,0
enc_decode,chatcmpl-24d63a7dce074b2cac977fc95593437e,3175298.262235,0.014274,1,1,1423,1422,0,0
enc_decode,chatcmpl-24d63a7dce074b2cac977fc95593437e,3175298.276748,0.014271,1,1,1424,1423,0,0
enc_decode,chatcmpl-24d63a7dce074b2cac977fc95593437e,3175298.291263,0.014385,1,1,1425,1424,0,0
enc_decode,chatcmpl-24d63a7dce074b2cac977fc95593437e,3175298.305895,0.014279,1,1,1426,1425,0,0
enc_decode,chatcmpl-24d63a7dce074b2cac977fc95593437e,3175298.320432,0.014268,1,1,1427,1426,0,0
enc_decode,chatcmpl-24d63a7dce074b2cac977fc95593437e,3175298.334945,0.014286,1,1,1428,1427,0,0
enc_decode,chatcmpl-24d63a7dce074b2cac977fc95593437e,3175298.349475,0.014277,1,1,1429,1428,0,0
enc_decode,chatcmpl-24d63a7dce074b2cac977fc95593437e,3175298.363998,0.014298,1,1,1430,1429,0,0
enc_decode,chatcmpl-24d63a7dce074b2cac977fc95593437e,3175298.378541,0.014274,1,1,1431,1430,0,0
enc_decode,chatcmpl-24d63a7dce074b2cac977fc95593437e,3175298.393057,0.014275,1,1,1432,1431,0,0
enc_decode,chatcmpl-24d63a7dce074b2cac977fc95593437e,3175298.407576,0.014283,1,1,1433,1432,0,0
enc_decode,chatcmpl-24d63a7dce074b2cac977fc95593437e,3175298.422103,0.014252,1,1,1434,1433,0,0
enc_decode,chatcmpl-24d63a7dce074b2cac977fc95593437e,3175298.436604,0.014279,1,1,1435,1434,0,0
enc_decode,chatcmpl-24d63a7dce074b2cac977fc95593437e,3175298.451130,0.014266,1,1,1436,1435,0,0
enc_decode,chatcmpl-24d63a7dce074b2cac977fc95593437e,3175298.465643,0.014259,1,1,1437,1436,0,0
enc_decode,chatcmpl-24d63a7dce074b2cac977fc95593437e,3175298.480151,0.014271,1,1,1438,1437,0,0
enc_decode,chatcmpl-24d63a7dce074b2cac977fc95593437e,3175298.494666,0.014285,1,1,1439,1438,0,0
enc_decode,chatcmpl-24d63a7dce074b2cac977fc95593437e,3175298.509197,0.014272,1,1,1440,1439,0,0
enc_decode,chatcmpl-24d63a7dce074b2cac977fc95593437e,3175298.523714,0.014282,1,1,1441,1440,0,0
enc_decode,chatcmpl-24d63a7dce074b2cac977fc95593437e,3175298.538243,0.014285,1,1,1442,1441,0,0
enc_decode,chatcmpl-24d63a7dce074b2cac977fc95593437e,3175298.552775,0.014272,1,1,1443,1442,0,0
enc_decode,chatcmpl-24d63a7dce074b2cac977fc95593437e,3175298.567290,0.014264,1,1,1444,1443,0,0
enc_decode,chatcmpl-24d63a7dce074b2cac977fc95593437e,3175298.581802,0.014278,1,1,1445,1444,0,0
enc_decode,chatcmpl-24d63a7dce074b2cac977fc95593437e,3175298.596327,0.014265,1,1,1446,1445,0,0
enc_decode,chatcmpl-24d63a7dce074b2cac977fc95593437e,3175298.610840,0.014297,1,1,1447,1446,0,0
enc_decode,chatcmpl-24d63a7dce074b2cac977fc95593437e,3175298.625382,0.014393,1,1,1448,1447,0,0
enc_decode,chatcmpl-24d63a7dce074b2cac977fc95593437e,3175298.640030,0.014264,1,1,1449,1448,0,0
enc_decode,chatcmpl-24d63a7dce074b2cac977fc95593437e,3175298.654540,0.014272,1,1,1450,1449,0,0
enc_decode,chatcmpl-24d63a7dce074b2cac977fc95593437e,3175298.669061,0.014270,1,1,1451,1450,0,0
enc_decode,chatcmpl-24d63a7dce074b2cac977fc95593437e,3175298.683574,0.014277,1,1,1452,1451,0,0
enc_decode,chatcmpl-24d63a7dce074b2cac977fc95593437e,3175298.698093,0.014272,1,1,1453,1452,0,0
enc_decode,chatcmpl-24d63a7dce074b2cac977fc95593437e,3175298.712614,0.014275,1,1,1454,1453,0,0
enc_decode,chatcmpl-24d63a7dce074b2cac977fc95593437e,3175298.727132,0.014296,1,1,1455,1454,0,0
enc_decode,chatcmpl-24d63a7dce074b2cac977fc95593437e,3175298.741670,0.014275,1,1,1456,1455,0,0
enc_decode,chatcmpl-24d63a7dce074b2cac977fc95593437e,3175298.756197,0.014269,1,1,1457,1456,0,0
enc_decode,chatcmpl-24d63a7dce074b2cac977fc95593437e,3175298.770720,0.014279,1,1,1458,1457,0,0
enc_decode,chatcmpl-24d63a7dce074b2cac977fc95593437e,3175298.785240,0.014264,1,1,1459,1458,0,0
enc_decode,chatcmpl-24d63a7dce074b2cac977fc95593437e,3175298.799751,0.014307,1,1,1460,1459,0,0
enc_prefill,chatcmpl-068cdd583310420b97f3746895e06ff7,3175298.835312,0.337676,1,1325,1325,0,1,0
enc_decode,chatcmpl-068cdd583310420b97f3746895e06ff7,3175299.173273,0.014307,1,1,1326,1325,0,0
enc_decode,chatcmpl-068cdd583310420b97f3746895e06ff7,3175299.187830,0.014275,1,1,1327,1326,0,0
enc_decode,chatcmpl-068cdd583310420b97f3746895e06ff7,3175299.202470,0.014303,1,1,1328,1327,0,0
enc_decode,chatcmpl-068cdd583310420b97f3746895e06ff7,3175299.217019,0.014302,1,1,1329,1328,0,0
enc_decode,chatcmpl-068cdd583310420b97f3746895e06ff7,3175299.231562,0.014295,1,1,1330,1329,0,0
enc_decode,chatcmpl-068cdd583310420b97f3746895e06ff7,3175299.246099,0.014266,1,1,1331,1330,0,0
enc_decode,chatcmpl-068cdd583310420b97f3746895e06ff7,3175299.260610,0.014265,1,1,1332,1331,0,0
enc_decode,chatcmpl-068cdd583310420b97f3746895e06ff7,3175299.275118,0.014276,1,1,1333,1332,0,0
enc_decode,chatcmpl-068cdd583310420b97f3746895e06ff7,3175299.289648,0.014250,1,1,1334,1333,0,0
enc_decode,chatcmpl-068cdd583310420b97f3746895e06ff7,3175299.304146,0.014276,1,1,1335,1334,0,0
enc_decode,chatcmpl-068cdd583310420b97f3746895e06ff7,3175299.318661,0.014276,1,1,1336,1335,0,0
enc_decode,chatcmpl-068cdd583310420b97f3746895e06ff7,3175299.333177,0.014282,1,1,1337,1336,0,0
enc_decode,chatcmpl-068cdd583310420b97f3746895e06ff7,3175299.347699,0.014367,1,1,1338,1337,0,0
enc_decode,chatcmpl-068cdd583310420b97f3746895e06ff7,3175299.362306,0.014282,1,1,1339,1338,0,0
enc_decode,chatcmpl-068cdd583310420b97f3746895e06ff7,3175299.376829,0.014278,1,1,1340,1339,0,0
enc_decode,chatcmpl-068cdd583310420b97f3746895e06ff7,3175299.391351,0.014272,1,1,1341,1340,0,0
enc_decode,chatcmpl-068cdd583310420b97f3746895e06ff7,3175299.405861,0.014376,1,1,1342,1341,0,0
enc_decode,chatcmpl-068cdd583310420b97f3746895e06ff7,3175299.420477,0.014290,1,1,1343,1342,0,0
enc_decode,chatcmpl-068cdd583310420b97f3746895e06ff7,3175299.435010,0.014288,1,1,1344,1343,0,0
enc_decode,chatcmpl-068cdd583310420b97f3746895e06ff7,3175299.449543,0.014259,1,1,1345,1344,0,0
enc_decode,chatcmpl-068cdd583310420b97f3746895e06ff7,3175299.464053,0.014278,1,1,1346,1345,0,0
enc_decode,chatcmpl-068cdd583310420b97f3746895e06ff7,3175299.478579,0.014281,1,1,1347,1346,0,0
enc_decode,chatcmpl-068cdd583310420b97f3746895e06ff7,3175299.493109,0.014258,1,1,1348,1347,0,0
enc_decode,chatcmpl-068cdd583310420b97f3746895e06ff7,3175299.507613,0.014308,1,1,1349,1348,0,0
enc_decode,chatcmpl-068cdd583310420b97f3746895e06ff7,3175299.522166,0.014271,1,1,1350,1349,0,0
enc_decode,chatcmpl-068cdd583310420b97f3746895e06ff7,3175299.536678,0.014295,1,1,1351,1350,0,0
enc_decode,chatcmpl-068cdd583310420b97f3746895e06ff7,3175299.551214,0.014295,1,1,1352,1351,0,0
enc_decode,chatcmpl-068cdd583310420b97f3746895e06ff7,3175299.565750,0.014281,1,1,1353,1352,0,0
enc_decode,chatcmpl-068cdd583310420b97f3746895e06ff7,3175299.580277,0.014276,1,1,1354,1353,0,0
enc_decode,chatcmpl-068cdd583310420b97f3746895e06ff7,3175299.594798,0.014313,1,1,1355,1354,0,0
enc_decode,chatcmpl-068cdd583310420b97f3746895e06ff7,3175299.609352,0.014261,1,1,1356,1355,0,0
enc_decode,chatcmpl-068cdd583310420b97f3746895e06ff7,3175299.623856,0.014301,1,1,1357,1356,0,0
enc_decode,chatcmpl-068cdd583310420b97f3746895e06ff7,3175299.638401,0.014276,1,1,1358,1357,0,0
enc_decode,chatcmpl-068cdd583310420b97f3746895e06ff7,3175299.652924,0.014276,1,1,1359,1358,0,0
enc_decode,chatcmpl-068cdd583310420b97f3746895e06ff7,3175299.667445,0.014293,1,1,1360,1359,0,0
enc_decode,chatcmpl-068cdd583310420b97f3746895e06ff7,3175299.681983,0.014343,1,1,1361,1360,0,0
enc_decode,chatcmpl-068cdd583310420b97f3746895e06ff7,3175299.696570,0.014252,1,1,1362,1361,0,0
enc_decode,chatcmpl-068cdd583310420b97f3746895e06ff7,3175299.711068,0.014276,1,1,1363,1362,0,0
enc_decode,chatcmpl-068cdd583310420b97f3746895e06ff7,3175299.725592,0.014269,1,1,1364,1363,0,0
enc_decode,chatcmpl-068cdd583310420b97f3746895e06ff7,3175299.740118,0.014364,1,1,1365,1364,0,0
enc_decode,chatcmpl-068cdd583310420b97f3746895e06ff7,3175299.754731,0.014249,1,1,1366,1365,0,0
enc_decode,chatcmpl-068cdd583310420b97f3746895e06ff7,3175299.769227,0.014252,1,1,1367,1366,0,0
enc_decode,chatcmpl-068cdd583310420b97f3746895e06ff7,3175299.783725,0.014271,1,1,1368,1367,0,0
enc_decode,chatcmpl-068cdd583310420b97f3746895e06ff7,3175299.798241,0.014283,1,1,1369,1368,0,0
enc_decode,chatcmpl-068cdd583310420b97f3746895e06ff7,3175299.812768,0.014265,1,1,1370,1369,0,0
enc_decode,chatcmpl-068cdd583310420b97f3746895e06ff7,3175299.827276,0.014285,1,1,1371,1370,0,0
enc_decode,chatcmpl-068cdd583310420b97f3746895e06ff7,3175299.841803,0.014238,1,1,1372,1371,0,0
enc_decode,chatcmpl-068cdd583310420b97f3746895e06ff7,3175299.856291,0.014278,1,1,1373,1372,0,0
enc_decode,chatcmpl-068cdd583310420b97f3746895e06ff7,3175299.870818,0.014288,1,1,1374,1373,0,0
enc_decode,chatcmpl-068cdd583310420b97f3746895e06ff7,3175299.885350,0.014269,1,1,1375,1374,0,0
enc_decode,chatcmpl-068cdd583310420b97f3746895e06ff7,3175299.899862,0.014285,1,1,1376,1375,0,0
enc_decode,chatcmpl-068cdd583310420b97f3746895e06ff7,3175299.914403,0.014287,1,1,1377,1376,0,0
enc_decode,chatcmpl-068cdd583310420b97f3746895e06ff7,3175299.928935,0.014274,1,1,1378,1377,0,0
enc_decode,chatcmpl-068cdd583310420b97f3746895e06ff7,3175299.943453,0.014300,1,1,1379,1378,0,0
enc_decode,chatcmpl-068cdd583310420b97f3746895e06ff7,3175299.958000,0.014265,1,1,1380,1379,0,0
enc_decode,chatcmpl-068cdd583310420b97f3746895e06ff7,3175299.972506,0.014286,1,1,1381,1380,0,0
enc_decode,chatcmpl-068cdd583310420b97f3746895e06ff7,3175299.987033,0.014274,1,1,1382,1381,0,0
enc_decode,chatcmpl-068cdd583310420b97f3746895e06ff7,3175300.001548,0.014280,1,1,1383,1382,0,0
enc_decode,chatcmpl-068cdd583310420b97f3746895e06ff7,3175300.016078,0.014374,1,1,1384,1383,0,0
enc_decode,chatcmpl-068cdd583310420b97f3746895e06ff7,3175300.030699,0.014293,1,1,1385,1384,0,0
enc_decode,chatcmpl-068cdd583310420b97f3746895e06ff7,3175300.045237,0.014269,1,1,1386,1385,0,0
enc_decode,chatcmpl-068cdd583310420b97f3746895e06ff7,3175300.059749,0.014276,1,1,1387,1386,0,0
enc_decode,chatcmpl-068cdd583310420b97f3746895e06ff7,3175300.074268,0.014385,1,1,1388,1387,0,0
enc_decode,chatcmpl-068cdd583310420b97f3746895e06ff7,3175300.088898,0.014274,1,1,1389,1388,0,0
enc_decode,chatcmpl-068cdd583310420b97f3746895e06ff7,3175300.103421,0.014264,1,1,1390,1389,0,0
enc_decode,chatcmpl-068cdd583310420b97f3746895e06ff7,3175300.117929,0.014261,1,1,1391,1390,0,0
enc_decode,chatcmpl-068cdd583310420b97f3746895e06ff7,3175300.132434,0.014281,1,1,1392,1391,0,0
enc_decode,chatcmpl-068cdd583310420b97f3746895e06ff7,3175300.146966,0.014296,1,1,1393,1392,0,0
enc_decode,chatcmpl-068cdd583310420b97f3746895e06ff7,3175300.161506,0.014259,1,1,1394,1393,0,0
enc_decode,chatcmpl-068cdd583310420b97f3746895e06ff7,3175300.176012,0.014283,1,1,1395,1394,0,0
enc_decode,chatcmpl-068cdd583310420b97f3746895e06ff7,3175300.190539,0.014253,1,1,1396,1395,0,0
enc_decode,chatcmpl-068cdd583310420b97f3746895e06ff7,3175300.205037,0.014292,1,1,1397,1396,0,0
enc_decode,chatcmpl-068cdd583310420b97f3746895e06ff7,3175300.219569,0.014273,1,1,1398,1397,0,0
enc_decode,chatcmpl-068cdd583310420b97f3746895e06ff7,3175300.234084,0.014269,1,1,1399,1398,0,0
enc_decode,chatcmpl-068cdd583310420b97f3746895e06ff7,3175300.248592,0.014253,1,1,1400,1399,0,0
enc_decode,chatcmpl-068cdd583310420b97f3746895e06ff7,3175300.263085,0.014279,1,1,1401,1400,0,0
enc_decode,chatcmpl-068cdd583310420b97f3746895e06ff7,3175300.277641,0.014290,1,1,1402,1401,0,0
enc_decode,chatcmpl-068cdd583310420b97f3746895e06ff7,3175300.292188,0.014283,1,1,1403,1402,0,0
enc_decode,chatcmpl-068cdd583310420b97f3746895e06ff7,3175300.306719,0.014290,1,1,1404,1403,0,0
enc_decode,chatcmpl-068cdd583310420b97f3746895e06ff7,3175300.321257,0.014261,1,1,1405,1404,0,0
enc_decode,chatcmpl-068cdd583310420b97f3746895e06ff7,3175300.335765,0.014284,1,1,1406,1405,0,0
enc_decode,chatcmpl-068cdd583310420b97f3746895e06ff7,3175300.350292,0.014358,1,1,1407,1406,0,0
enc_decode,chatcmpl-068cdd583310420b97f3746895e06ff7,3175300.364899,0.014267,1,1,1408,1407,0,0
enc_decode,chatcmpl-068cdd583310420b97f3746895e06ff7,3175300.379423,0.014290,1,1,1409,1408,0,0
enc_decode,chatcmpl-068cdd583310420b97f3746895e06ff7,3175300.393957,0.014265,1,1,1410,1409,0,0
enc_decode,chatcmpl-068cdd583310420b97f3746895e06ff7,3175300.408464,0.014340,1,1,1411,1410,0,0
enc_decode,chatcmpl-068cdd583310420b97f3746895e06ff7,3175300.423052,0.014268,1,1,1412,1411,0,0
enc_decode,chatcmpl-068cdd583310420b97f3746895e06ff7,3175300.437569,0.014291,1,1,1413,1412,0,0
enc_decode,chatcmpl-068cdd583310420b97f3746895e06ff7,3175300.452113,0.014266,1,1,1414,1413,0,0
enc_decode,chatcmpl-068cdd583310420b97f3746895e06ff7,3175300.466626,0.014284,1,1,1415,1414,0,0
enc_decode,chatcmpl-068cdd583310420b97f3746895e06ff7,3175300.481152,0.014280,1,1,1416,1415,0,0
enc_decode,chatcmpl-068cdd583310420b97f3746895e06ff7,3175300.495682,0.014270,1,1,1417,1416,0,0
enc_decode,chatcmpl-068cdd583310420b97f3746895e06ff7,3175300.510196,0.014267,1,1,1418,1417,0,0
enc_decode,chatcmpl-068cdd583310420b97f3746895e06ff7,3175300.524704,0.014269,1,1,1419,1418,0,0
enc_decode,chatcmpl-068cdd583310420b97f3746895e06ff7,3175300.539227,0.014262,1,1,1420,1419,0,0
enc_decode,chatcmpl-068cdd583310420b97f3746895e06ff7,3175300.553729,0.014267,1,1,1421,1420,0,0
enc_decode,chatcmpl-068cdd583310420b97f3746895e06ff7,3175300.568254,0.014269,1,1,1422,1421,0,0
enc_decode,chatcmpl-068cdd583310420b97f3746895e06ff7,3175300.582767,0.014277,1,1,1423,1422,0,0
enc_decode,chatcmpl-068cdd583310420b97f3746895e06ff7,3175300.597292,0.014286,1,1,1424,1423,0,0
enc_decode,chatcmpl-068cdd583310420b97f3746895e06ff7,3175300.611821,0.014272,1,1,1425,1424,0,0
enc_decode,chatcmpl-068cdd583310420b97f3746895e06ff7,3175300.626337,0.014291,1,1,1426,1425,0,0
enc_decode,chatcmpl-068cdd583310420b97f3746895e06ff7,3175300.640876,0.014275,1,1,1427,1426,0,0
enc_decode,chatcmpl-068cdd583310420b97f3746895e06ff7,3175300.655394,0.014276,1,1,1428,1427,0,0
enc_decode,chatcmpl-068cdd583310420b97f3746895e06ff7,3175300.669912,0.014288,1,1,1429,1428,0,0
enc_decode,chatcmpl-068cdd583310420b97f3746895e06ff7,3175300.684447,0.014378,1,1,1430,1429,0,0
enc_decode,chatcmpl-068cdd583310420b97f3746895e06ff7,3175300.699068,0.014275,1,1,1431,1430,0,0
enc_decode,chatcmpl-068cdd583310420b97f3746895e06ff7,3175300.713586,0.014266,1,1,1432,1431,0,0
enc_decode,chatcmpl-068cdd583310420b97f3746895e06ff7,3175300.728106,0.014266,1,1,1433,1432,0,0
enc_decode,chatcmpl-068cdd583310420b97f3746895e06ff7,3175300.742615,0.014347,1,1,1434,1433,0,0
enc_decode,chatcmpl-068cdd583310420b97f3746895e06ff7,3175300.757206,0.014268,1,1,1435,1434,0,0
enc_decode,chatcmpl-068cdd583310420b97f3746895e06ff7,3175300.771717,0.014276,1,1,1436,1435,0,0
enc_decode,chatcmpl-068cdd583310420b97f3746895e06ff7,3175300.786237,0.014272,1,1,1437,1436,0,0
enc_decode,chatcmpl-068cdd583310420b97f3746895e06ff7,3175300.800755,0.014282,1,1,1438,1437,0,0
enc_decode,chatcmpl-068cdd583310420b97f3746895e06ff7,3175300.815281,0.014291,1,1,1439,1438,0,0
enc_decode,chatcmpl-068cdd583310420b97f3746895e06ff7,3175300.829814,0.014284,1,1,1440,1439,0,0
enc_decode,chatcmpl-068cdd583310420b97f3746895e06ff7,3175300.844345,0.014264,1,1,1441,1440,0,0
enc_decode,chatcmpl-068cdd583310420b97f3746895e06ff7,3175300.858850,0.014293,1,1,1442,1441,0,0
enc_decode,chatcmpl-068cdd583310420b97f3746895e06ff7,3175300.873391,0.014278,1,1,1443,1442,0,0
enc_decode,chatcmpl-068cdd583310420b97f3746895e06ff7,3175300.887911,0.014285,1,1,1444,1443,0,0
enc_decode,chatcmpl-068cdd583310420b97f3746895e06ff7,3175300.902442,0.014268,1,1,1445,1444,0,0
enc_decode,chatcmpl-068cdd583310420b97f3746895e06ff7,3175300.916959,0.014276,1,1,1446,1445,0,0
enc_decode,chatcmpl-068cdd583310420b97f3746895e06ff7,3175300.931477,0.014299,1,1,1447,1446,0,0
enc_decode,chatcmpl-068cdd583310420b97f3746895e06ff7,3175300.946022,0.014286,1,1,1448,1447,0,0
enc_decode,chatcmpl-068cdd583310420b97f3746895e06ff7,3175300.960554,0.014271,1,1,1449,1448,0,0
enc_decode,chatcmpl-068cdd583310420b97f3746895e06ff7,3175300.975068,0.014285,1,1,1450,1449,0,0
enc_decode,chatcmpl-068cdd583310420b97f3746895e06ff7,3175300.989593,0.014263,1,1,1451,1450,0,0
enc_decode,chatcmpl-068cdd583310420b97f3746895e06ff7,3175301.004110,0.014261,1,1,1452,1451,0,0
enc_decode,chatcmpl-068cdd583310420b97f3746895e06ff7,3175301.018615,0.014378,1,1,1453,1452,0,0
enc_decode,chatcmpl-068cdd583310420b97f3746895e06ff7,3175301.033238,0.014270,1,1,1454,1453,0,0
enc_decode,chatcmpl-068cdd583310420b97f3746895e06ff7,3175301.047751,0.014281,1,1,1455,1454,0,0
enc_decode,chatcmpl-068cdd583310420b97f3746895e06ff7,3175301.062277,0.014256,1,1,1456,1455,0,0
enc_decode,chatcmpl-068cdd583310420b97f3746895e06ff7,3175301.076776,0.014382,1,1,1457,1456,0,0
enc_decode,chatcmpl-068cdd583310420b97f3746895e06ff7,3175301.091457,0.014346,1,1,1458,1457,0,0
enc_decode,chatcmpl-068cdd583310420b97f3746895e06ff7,3175301.106050,0.014282,1,1,1459,1458,0,0
enc_decode,chatcmpl-068cdd583310420b97f3746895e06ff7,3175301.120575,0.014269,1,1,1460,1459,0,0
enc_decode,chatcmpl-068cdd583310420b97f3746895e06ff7,3175301.135091,0.014342,1,1,1461,1460,0,0
enc_decode,chatcmpl-068cdd583310420b97f3746895e06ff7,3175301.149679,0.014271,1,1,1462,1461,0,0
enc_decode,chatcmpl-068cdd583310420b97f3746895e06ff7,3175301.164214,0.014264,1,1,1463,1462,0,0
enc_decode,chatcmpl-068cdd583310420b97f3746895e06ff7,3175301.178719,0.014267,1,1,1464,1463,0,0
enc_decode,chatcmpl-068cdd583310420b97f3746895e06ff7,3175301.193229,0.014273,1,1,1465,1464,0,0
enc_decode,chatcmpl-068cdd583310420b97f3746895e06ff7,3175301.207752,0.014260,1,1,1466,1465,0,0
enc_decode,chatcmpl-068cdd583310420b97f3746895e06ff7,3175301.222254,0.014262,1,1,1467,1466,0,0
enc_decode,chatcmpl-068cdd583310420b97f3746895e06ff7,3175301.236759,0.014264,1,1,1468,1467,0,0
enc_decode,chatcmpl-068cdd583310420b97f3746895e06ff7,3175301.251264,0.014297,1,1,1469,1468,0,0
enc_decode,chatcmpl-068cdd583310420b97f3746895e06ff7,3175301.265804,0.014286,1,1,1470,1469,0,0
enc_decode,chatcmpl-068cdd583310420b97f3746895e06ff7,3175301.280335,0.014294,1,1,1471,1470,0,0
enc_decode,chatcmpl-068cdd583310420b97f3746895e06ff7,3175301.294871,0.014286,1,1,1472,1471,0,0
enc_decode,chatcmpl-068cdd583310420b97f3746895e06ff7,3175301.309435,0.014285,1,1,1473,1472,0,0
enc_decode,chatcmpl-068cdd583310420b97f3746895e06ff7,3175301.323960,0.014290,1,1,1474,1473,0,0
enc_decode,chatcmpl-068cdd583310420b97f3746895e06ff7,3175301.338495,0.014268,1,1,1475,1474,0,0
enc_decode,chatcmpl-068cdd583310420b97f3746895e06ff7,3175301.353007,0.014352,1,1,1476,1475,0,0
enc_decode,chatcmpl-068cdd583310420b97f3746895e06ff7,3175301.367603,0.014310,1,1,1477,1476,0,0
enc_decode,chatcmpl-068cdd583310420b97f3746895e06ff7,3175301.382160,0.014294,1,1,1478,1477,0,0
enc_prefill,chatcmpl-ba4ac4a758cf455bbcd3387c2b34111b,3175301.418707,0.338637,1,1365,1365,0,1,0
enc_decode,chatcmpl-ba4ac4a758cf455bbcd3387c2b34111b,3175301.757642,0.014333,1,1,1366,1365,0,0
enc_decode,chatcmpl-ba4ac4a758cf455bbcd3387c2b34111b,3175301.772231,0.014284,1,1,1367,1366,0,0
enc_decode,chatcmpl-ba4ac4a758cf455bbcd3387c2b34111b,3175301.786870,0.014305,1,1,1368,1367,0,0
enc_decode,chatcmpl-ba4ac4a758cf455bbcd3387c2b34111b,3175301.801420,0.014381,1,1,1369,1368,0,0
enc_decode,chatcmpl-ba4ac4a758cf455bbcd3387c2b34111b,3175301.816054,0.014289,1,1,1370,1369,0,0
enc_decode,chatcmpl-ba4ac4a758cf455bbcd3387c2b34111b,3175301.830584,0.014263,1,1,1371,1370,0,0
enc_decode,chatcmpl-ba4ac4a758cf455bbcd3387c2b34111b,3175301.845091,0.014272,1,1,1372,1371,0,0
enc_decode,chatcmpl-ba4ac4a758cf455bbcd3387c2b34111b,3175301.859603,0.014294,1,1,1373,1372,0,0
enc_decode,chatcmpl-ba4ac4a758cf455bbcd3387c2b34111b,3175301.874141,0.014279,1,1,1374,1373,0,0
enc_decode,chatcmpl-ba4ac4a758cf455bbcd3387c2b34111b,3175301.888663,0.014282,1,1,1375,1374,0,0
enc_decode,chatcmpl-ba4ac4a758cf455bbcd3387c2b34111b,3175301.903187,0.014272,1,1,1376,1375,0,0
enc_decode,chatcmpl-ba4ac4a758cf455bbcd3387c2b34111b,3175301.917702,0.014279,1,1,1377,1376,0,0
enc_decode,chatcmpl-ba4ac4a758cf455bbcd3387c2b34111b,3175301.932238,0.014271,1,1,1378,1377,0,0
enc_decode,chatcmpl-ba4ac4a758cf455bbcd3387c2b34111b,3175301.946752,0.014318,1,1,1379,1378,0,0
enc_decode,chatcmpl-ba4ac4a758cf455bbcd3387c2b34111b,3175301.961315,0.014272,1,1,1380,1379,0,0
enc_decode,chatcmpl-ba4ac4a758cf455bbcd3387c2b34111b,3175301.975831,0.014269,1,1,1381,1380,0,0
enc_decode,chatcmpl-ba4ac4a758cf455bbcd3387c2b34111b,3175301.990343,0.014280,1,1,1382,1381,0,0
enc_decode,chatcmpl-ba4ac4a758cf455bbcd3387c2b34111b,3175302.004871,0.014282,1,1,1383,1382,0,0
enc_decode,chatcmpl-ba4ac4a758cf455bbcd3387c2b34111b,3175302.019401,0.014286,1,1,1384,1383,0,0
enc_decode,chatcmpl-ba4ac4a758cf455bbcd3387c2b34111b,3175302.033931,0.014275,1,1,1385,1384,0,0
enc_decode,chatcmpl-ba4ac4a758cf455bbcd3387c2b34111b,3175302.048456,0.014290,1,1,1386,1385,0,0
enc_decode,chatcmpl-ba4ac4a758cf455bbcd3387c2b34111b,3175302.062994,0.014276,1,1,1387,1386,0,0
enc_decode,chatcmpl-ba4ac4a758cf455bbcd3387c2b34111b,3175302.077516,0.014272,1,1,1388,1387,0,0
enc_decode,chatcmpl-ba4ac4a758cf455bbcd3387c2b34111b,3175302.092044,0.014285,1,1,1389,1388,0,0
enc_decode,chatcmpl-ba4ac4a758cf455bbcd3387c2b34111b,3175302.106573,0.014268,1,1,1390,1389,0,0
enc_decode,chatcmpl-ba4ac4a758cf455bbcd3387c2b34111b,3175302.121091,0.014295,1,1,1391,1390,0,0
enc_decode,chatcmpl-ba4ac4a758cf455bbcd3387c2b34111b,3175302.135645,0.014364,1,1,1392,1391,0,0
enc_decode,chatcmpl-ba4ac4a758cf455bbcd3387c2b34111b,3175302.150257,0.014292,1,1,1393,1392,0,0
enc_decode,chatcmpl-ba4ac4a758cf455bbcd3387c2b34111b,3175302.164789,0.014259,1,1,1394,1393,0,0
enc_decode,chatcmpl-ba4ac4a758cf455bbcd3387c2b34111b,3175302.179291,0.014273,1,1,1395,1394,0,0
enc_decode,chatcmpl-ba4ac4a758cf455bbcd3387c2b34111b,3175302.193807,0.014276,1,1,1396,1395,0,0
enc_decode,chatcmpl-ba4ac4a758cf455bbcd3387c2b34111b,3175302.208330,0.014294,1,1,1397,1396,0,0
enc_decode,chatcmpl-ba4ac4a758cf455bbcd3387c2b34111b,3175302.222865,0.014280,1,1,1398,1397,0,0
enc_decode,chatcmpl-ba4ac4a758cf455bbcd3387c2b34111b,3175302.237392,0.014265,1,1,1399,1398,0,0
enc_decode,chatcmpl-ba4ac4a758cf455bbcd3387c2b34111b,3175302.251903,0.014263,1,1,1400,1399,0,0
enc_decode,chatcmpl-ba4ac4a758cf455bbcd3387c2b34111b,3175302.266414,0.014297,1,1,1401,1400,0,0
enc_decode,chatcmpl-ba4ac4a758cf455bbcd3387c2b34111b,3175302.280962,0.014266,1,1,1402,1401,0,0
enc_decode,chatcmpl-ba4ac4a758cf455bbcd3387c2b34111b,3175302.295473,0.014414,1,1,1403,1402,0,0
enc_decode,chatcmpl-ba4ac4a758cf455bbcd3387c2b34111b,3175302.310135,0.014272,1,1,1404,1403,0,0
enc_decode,chatcmpl-ba4ac4a758cf455bbcd3387c2b34111b,3175302.324652,0.014260,1,1,1405,1404,0,0
enc_decode,chatcmpl-ba4ac4a758cf455bbcd3387c2b34111b,3175302.339160,0.014281,1,1,1406,1405,0,0
enc_decode,chatcmpl-ba4ac4a758cf455bbcd3387c2b34111b,3175302.353692,0.014284,1,1,1407,1406,0,0
enc_decode,chatcmpl-ba4ac4a758cf455bbcd3387c2b34111b,3175302.368232,0.014270,1,1,1408,1407,0,0
enc_decode,chatcmpl-ba4ac4a758cf455bbcd3387c2b34111b,3175302.382762,0.014279,1,1,1409,1408,0,0
enc_decode,chatcmpl-ba4ac4a758cf455bbcd3387c2b34111b,3175302.397288,0.014272,1,1,1410,1409,0,0
enc_decode,chatcmpl-ba4ac4a758cf455bbcd3387c2b34111b,3175302.411806,0.014293,1,1,1411,1410,0,0
enc_decode,chatcmpl-ba4ac4a758cf455bbcd3387c2b34111b,3175302.426345,0.014272,1,1,1412,1411,0,0
enc_decode,chatcmpl-ba4ac4a758cf455bbcd3387c2b34111b,3175302.440863,0.014262,1,1,1413,1412,0,0
enc_decode,chatcmpl-ba4ac4a758cf455bbcd3387c2b34111b,3175302.455374,0.014274,1,1,1414,1413,0,0
enc_decode,chatcmpl-ba4ac4a758cf455bbcd3387c2b34111b,3175302.469895,0.014361,1,1,1415,1414,0,0
enc_decode,chatcmpl-ba4ac4a758cf455bbcd3387c2b34111b,3175302.484503,0.014270,1,1,1416,1415,0,0
enc_decode,chatcmpl-ba4ac4a758cf455bbcd3387c2b34111b,3175302.499021,0.014282,1,1,1417,1416,0,0
enc_decode,chatcmpl-ba4ac4a758cf455bbcd3387c2b34111b,3175302.513551,0.014285,1,1,1418,1417,0,0
enc_decode,chatcmpl-ba4ac4a758cf455bbcd3387c2b34111b,3175302.528090,0.014276,1,1,1419,1418,0,0
enc_decode,chatcmpl-ba4ac4a758cf455bbcd3387c2b34111b,3175302.542609,0.014271,1,1,1420,1419,0,0
enc_decode,chatcmpl-ba4ac4a758cf455bbcd3387c2b34111b,3175302.557125,0.014285,1,1,1421,1420,0,0
enc_decode,chatcmpl-ba4ac4a758cf455bbcd3387c2b34111b,3175302.571654,0.014279,1,1,1422,1421,0,0
enc_decode,chatcmpl-ba4ac4a758cf455bbcd3387c2b34111b,3175302.586185,0.014270,1,1,1423,1422,0,0
enc_decode,chatcmpl-ba4ac4a758cf455bbcd3387c2b34111b,3175302.600700,0.014280,1,1,1424,1423,0,0
enc_decode,chatcmpl-ba4ac4a758cf455bbcd3387c2b34111b,3175302.615223,0.014283,1,1,1425,1424,0,0
enc_decode,chatcmpl-ba4ac4a758cf455bbcd3387c2b34111b,3175302.629751,0.014260,1,1,1426,1425,0,0
enc_decode,chatcmpl-ba4ac4a758cf455bbcd3387c2b34111b,3175302.644257,0.014266,1,1,1427,1426,0,0
enc_decode,chatcmpl-ba4ac4a758cf455bbcd3387c2b34111b,3175302.658769,0.014293,1,1,1428,1427,0,0
enc_decode,chatcmpl-ba4ac4a758cf455bbcd3387c2b34111b,3175302.673311,0.014276,1,1,1429,1428,0,0
enc_decode,chatcmpl-ba4ac4a758cf455bbcd3387c2b34111b,3175302.687833,0.014299,1,1,1430,1429,0,0
enc_decode,chatcmpl-ba4ac4a758cf455bbcd3387c2b34111b,3175302.702377,0.014303,1,1,1431,1430,0,0
enc_decode,chatcmpl-ba4ac4a758cf455bbcd3387c2b34111b,3175302.716928,0.014277,1,1,1432,1431,0,0
enc_decode,chatcmpl-ba4ac4a758cf455bbcd3387c2b34111b,3175302.731451,0.014271,1,1,1433,1432,0,0
enc_decode,chatcmpl-ba4ac4a758cf455bbcd3387c2b34111b,3175302.745970,0.014277,1,1,1434,1433,0,0
enc_decode,chatcmpl-ba4ac4a758cf455bbcd3387c2b34111b,3175302.760500,0.014277,1,1,1435,1434,0,0
enc_decode,chatcmpl-ba4ac4a758cf455bbcd3387c2b34111b,3175302.775029,0.014303,1,1,1436,1435,0,0
enc_decode,chatcmpl-ba4ac4a758cf455bbcd3387c2b34111b,3175302.789576,0.014285,1,1,1437,1436,0,0
enc_decode,chatcmpl-ba4ac4a758cf455bbcd3387c2b34111b,3175302.804116,0.014361,1,1,1438,1437,0,0
enc_decode,chatcmpl-ba4ac4a758cf455bbcd3387c2b34111b,3175302.818720,0.014287,1,1,1439,1438,0,0
enc_decode,chatcmpl-ba4ac4a758cf455bbcd3387c2b34111b,3175302.833256,0.014263,1,1,1440,1439,0,0
enc_decode,chatcmpl-ba4ac4a758cf455bbcd3387c2b34111b,3175302.847767,0.014300,1,1,1441,1440,0,0
enc_decode,chatcmpl-ba4ac4a758cf455bbcd3387c2b34111b,3175302.862317,0.014280,1,1,1442,1441,0,0
enc_decode,chatcmpl-ba4ac4a758cf455bbcd3387c2b34111b,3175302.876844,0.014284,1,1,1443,1442,0,0
enc_decode,chatcmpl-ba4ac4a758cf455bbcd3387c2b34111b,3175302.891373,0.014278,1,1,1444,1443,0,0
enc_decode,chatcmpl-ba4ac4a758cf455bbcd3387c2b34111b,3175302.905896,0.014280,1,1,1445,1444,0,0
enc_decode,chatcmpl-ba4ac4a758cf455bbcd3387c2b34111b,3175302.920422,0.014283,1,1,1446,1445,0,0
enc_decode,chatcmpl-ba4ac4a758cf455bbcd3387c2b34111b,3175302.934951,0.014283,1,1,1447,1446,0,0
enc_decode,chatcmpl-ba4ac4a758cf455bbcd3387c2b34111b,3175302.949485,0.014260,1,1,1448,1447,0,0
enc_decode,chatcmpl-ba4ac4a758cf455bbcd3387c2b34111b,3175302.963992,0.014277,1,1,1449,1448,0,0
enc_decode,chatcmpl-ba4ac4a758cf455bbcd3387c2b34111b,3175302.978512,0.014286,1,1,1450,1449,0,0
enc_decode,chatcmpl-ba4ac4a758cf455bbcd3387c2b34111b,3175302.993045,0.014286,1,1,1451,1450,0,0
enc_decode,chatcmpl-ba4ac4a758cf455bbcd3387c2b34111b,3175303.007578,0.014278,1,1,1452,1451,0,0
enc_decode,chatcmpl-ba4ac4a758cf455bbcd3387c2b34111b,3175303.022101,0.014293,1,1,1453,1452,0,0
enc_decode,chatcmpl-ba4ac4a758cf455bbcd3387c2b34111b,3175303.036644,0.014256,1,1,1454,1453,0,0
enc_decode,chatcmpl-ba4ac4a758cf455bbcd3387c2b34111b,3175303.051142,0.014295,1,1,1455,1454,0,0
enc_decode,chatcmpl-ba4ac4a758cf455bbcd3387c2b34111b,3175303.065681,0.014265,1,1,1456,1455,0,0
enc_decode,chatcmpl-ba4ac4a758cf455bbcd3387c2b34111b,3175303.080203,0.014275,1,1,1457,1456,0,0
enc_decode,chatcmpl-ba4ac4a758cf455bbcd3387c2b34111b,3175303.094725,0.014273,1,1,1458,1457,0,0
enc_decode,chatcmpl-ba4ac4a758cf455bbcd3387c2b34111b,3175303.109243,0.014293,1,1,1459,1458,0,0
enc_decode,chatcmpl-ba4ac4a758cf455bbcd3387c2b34111b,3175303.123783,0.014278,1,1,1460,1459,0,0
enc_decode,chatcmpl-ba4ac4a758cf455bbcd3387c2b34111b,3175303.138308,0.014387,1,1,1461,1460,0,0
enc_decode,chatcmpl-ba4ac4a758cf455bbcd3387c2b34111b,3175303.152939,0.014271,1,1,1462,1461,0,0
enc_decode,chatcmpl-ba4ac4a758cf455bbcd3387c2b34111b,3175303.167455,0.014276,1,1,1463,1462,0,0
enc_decode,chatcmpl-ba4ac4a758cf455bbcd3387c2b34111b,3175303.181977,0.014261,1,1,1464,1463,0,0
enc_decode,chatcmpl-ba4ac4a758cf455bbcd3387c2b34111b,3175303.196485,0.014293,1,1,1465,1464,0,0
enc_decode,chatcmpl-ba4ac4a758cf455bbcd3387c2b34111b,3175303.211017,0.014283,1,1,1466,1465,0,0
enc_decode,chatcmpl-ba4ac4a758cf455bbcd3387c2b34111b,3175303.225548,0.014280,1,1,1467,1466,0,0
enc_decode,chatcmpl-ba4ac4a758cf455bbcd3387c2b34111b,3175303.240078,0.014289,1,1,1468,1467,0,0
enc_decode,chatcmpl-ba4ac4a758cf455bbcd3387c2b34111b,3175303.254612,0.014258,1,1,1469,1468,0,0
enc_decode,chatcmpl-ba4ac4a758cf455bbcd3387c2b34111b,3175303.269119,0.014261,1,1,1470,1469,0,0
enc_decode,chatcmpl-ba4ac4a758cf455bbcd3387c2b34111b,3175303.283629,0.014290,1,1,1471,1470,0,0
enc_decode,chatcmpl-ba4ac4a758cf455bbcd3387c2b34111b,3175303.298161,0.014252,1,1,1472,1471,0,0
enc_decode,chatcmpl-ba4ac4a758cf455bbcd3387c2b34111b,3175303.312661,0.014297,1,1,1473,1472,0,0
enc_prefill,chatcmpl-f0e34c687a804a4683c88b5ece4a8d8e,3175303.348457,0.337311,1,1336,1336,0,1,0
enc_decode,chatcmpl-f0e34c687a804a4683c88b5ece4a8d8e,3175303.686224,0.014348,1,1,1337,1336,0,0
enc_decode,chatcmpl-f0e34c687a804a4683c88b5ece4a8d8e,3175303.700826,0.014294,1,1,1338,1337,0,0
enc_decode,chatcmpl-f0e34c687a804a4683c88b5ece4a8d8e,3175303.715366,0.014304,1,1,1339,1338,0,0
enc_decode,chatcmpl-f0e34c687a804a4683c88b5ece4a8d8e,3175303.729915,0.014273,1,1,1340,1339,0,0
enc_decode,chatcmpl-f0e34c687a804a4683c88b5ece4a8d8e,3175303.744444,0.014276,1,1,1341,1340,0,0
enc_decode,chatcmpl-f0e34c687a804a4683c88b5ece4a8d8e,3175303.758967,0.014284,1,1,1342,1341,0,0
enc_decode,chatcmpl-f0e34c687a804a4683c88b5ece4a8d8e,3175303.773494,0.014261,1,1,1343,1342,0,0
enc_decode,chatcmpl-f0e34c687a804a4683c88b5ece4a8d8e,3175303.787996,0.014282,1,1,1344,1343,0,0
enc_decode,chatcmpl-f0e34c687a804a4683c88b5ece4a8d8e,3175303.802519,0.014261,1,1,1345,1344,0,0
enc_decode,chatcmpl-f0e34c687a804a4683c88b5ece4a8d8e,3175303.817020,0.014290,1,1,1346,1345,0,0
enc_decode,chatcmpl-f0e34c687a804a4683c88b5ece4a8d8e,3175303.831555,0.014283,1,1,1347,1346,0,0
enc_decode,chatcmpl-f0e34c687a804a4683c88b5ece4a8d8e,3175303.846083,0.014262,1,1,1348,1347,0,0
enc_decode,chatcmpl-f0e34c687a804a4683c88b5ece4a8d8e,3175303.860587,0.014265,1,1,1349,1348,0,0
enc_decode,chatcmpl-f0e34c687a804a4683c88b5ece4a8d8e,3175303.875094,0.014303,1,1,1350,1349,0,0
enc_decode,chatcmpl-f0e34c687a804a4683c88b5ece4a8d8e,3175303.889640,0.014266,1,1,1351,1350,0,0
enc_decode,chatcmpl-f0e34c687a804a4683c88b5ece4a8d8e,3175303.904157,0.014271,1,1,1352,1351,0,0
enc_decode,chatcmpl-f0e34c687a804a4683c88b5ece4a8d8e,3175303.918671,0.014362,1,1,1353,1352,0,0
enc_decode,chatcmpl-f0e34c687a804a4683c88b5ece4a8d8e,3175303.933285,0.014258,1,1,1354,1353,0,0
enc_decode,chatcmpl-f0e34c687a804a4683c88b5ece4a8d8e,3175303.947787,0.014275,1,1,1355,1354,0,0
enc_decode,chatcmpl-f0e34c687a804a4683c88b5ece4a8d8e,3175303.962307,0.014265,1,1,1356,1355,0,0
enc_decode,chatcmpl-f0e34c687a804a4683c88b5ece4a8d8e,3175303.976815,0.014259,1,1,1357,1356,0,0
enc_decode,chatcmpl-f0e34c687a804a4683c88b5ece4a8d8e,3175303.991320,0.014291,1,1,1358,1357,0,0
enc_decode,chatcmpl-f0e34c687a804a4683c88b5ece4a8d8e,3175304.005855,0.014267,1,1,1359,1358,0,0
enc_decode,chatcmpl-f0e34c687a804a4683c88b5ece4a8d8e,3175304.020366,0.014274,1,1,1360,1359,0,0
enc_decode,chatcmpl-f0e34c687a804a4683c88b5ece4a8d8e,3175304.034885,0.014297,1,1,1361,1360,0,0
enc_decode,chatcmpl-f0e34c687a804a4683c88b5ece4a8d8e,3175304.049426,0.014283,1,1,1362,1361,0,0
enc_decode,chatcmpl-f0e34c687a804a4683c88b5ece4a8d8e,3175304.063953,0.014277,1,1,1363,1362,0,0
enc_decode,chatcmpl-f0e34c687a804a4683c88b5ece4a8d8e,3175304.078476,0.014278,1,1,1364,1363,0,0
enc_decode,chatcmpl-f0e34c687a804a4683c88b5ece4a8d8e,3175304.092997,0.014267,1,1,1365,1364,0,0
enc_decode,chatcmpl-f0e34c687a804a4683c88b5ece4a8d8e,3175304.107507,0.014299,1,1,1366,1365,0,0
enc_decode,chatcmpl-f0e34c687a804a4683c88b5ece4a8d8e,3175304.122048,0.014257,1,1,1367,1366,0,0
enc_decode,chatcmpl-f0e34c687a804a4683c88b5ece4a8d8e,3175304.136551,0.014280,1,1,1368,1367,0,0
enc_decode,chatcmpl-f0e34c687a804a4683c88b5ece4a8d8e,3175304.151075,0.014294,1,1,1369,1368,0,0
enc_decode,chatcmpl-f0e34c687a804a4683c88b5ece4a8d8e,3175304.165617,0.014358,1,1,1370,1369,0,0
enc_decode,chatcmpl-f0e34c687a804a4683c88b5ece4a8d8e,3175304.180229,0.014279,1,1,1371,1370,0,0
enc_decode,chatcmpl-f0e34c687a804a4683c88b5ece4a8d8e,3175304.194752,0.014293,1,1,1372,1371,0,0
enc_decode,chatcmpl-f0e34c687a804a4683c88b5ece4a8d8e,3175304.209286,0.014259,1,1,1373,1372,0,0
enc_decode,chatcmpl-f0e34c687a804a4683c88b5ece4a8d8e,3175304.223792,0.014297,1,1,1374,1373,0,0
enc_decode,chatcmpl-f0e34c687a804a4683c88b5ece4a8d8e,3175304.238337,0.014278,1,1,1375,1374,0,0
enc_decode,chatcmpl-f0e34c687a804a4683c88b5ece4a8d8e,3175304.252863,0.014373,1,1,1376,1375,0,0
enc_decode,chatcmpl-f0e34c687a804a4683c88b5ece4a8d8e,3175304.267481,0.014298,1,1,1377,1376,0,0
enc_decode,chatcmpl-f0e34c687a804a4683c88b5ece4a8d8e,3175304.282024,0.014318,1,1,1378,1377,0,0
enc_decode,chatcmpl-f0e34c687a804a4683c88b5ece4a8d8e,3175304.296581,0.014262,1,1,1379,1378,0,0
enc_decode,chatcmpl-f0e34c687a804a4683c88b5ece4a8d8e,3175304.311088,0.014287,1,1,1380,1379,0,0
enc_decode,chatcmpl-f0e34c687a804a4683c88b5ece4a8d8e,3175304.325622,0.014266,1,1,1381,1380,0,0
enc_decode,chatcmpl-f0e34c687a804a4683c88b5ece4a8d8e,3175304.340138,0.014274,1,1,1382,1381,0,0
enc_decode,chatcmpl-f0e34c687a804a4683c88b5ece4a8d8e,3175304.354657,0.014288,1,1,1383,1382,0,0
enc_decode,chatcmpl-f0e34c687a804a4683c88b5ece4a8d8e,3175304.369199,0.014283,1,1,1384,1383,0,0
enc_decode,chatcmpl-f0e34c687a804a4683c88b5ece4a8d8e,3175304.383729,0.014267,1,1,1385,1384,0,0
enc_decode,chatcmpl-f0e34c687a804a4683c88b5ece4a8d8e,3175304.398242,0.014263,1,1,1386,1385,0,0
enc_decode,chatcmpl-f0e34c687a804a4683c88b5ece4a8d8e,3175304.412749,0.014268,1,1,1387,1386,0,0
enc_decode,chatcmpl-f0e34c687a804a4683c88b5ece4a8d8e,3175304.427265,0.014293,1,1,1388,1387,0,0
enc_decode,chatcmpl-f0e34c687a804a4683c88b5ece4a8d8e,3175304.441799,0.014257,1,1,1389,1388,0,0
enc_decode,chatcmpl-f0e34c687a804a4683c88b5ece4a8d8e,3175304.456303,0.014291,1,1,1390,1389,0,0
enc_decode,chatcmpl-f0e34c687a804a4683c88b5ece4a8d8e,3175304.470843,0.014278,1,1,1391,1390,0,0
enc_decode,chatcmpl-f0e34c687a804a4683c88b5ece4a8d8e,3175304.485366,0.014282,1,1,1392,1391,0,0
enc_decode,chatcmpl-f0e34c687a804a4683c88b5ece4a8d8e,3175304.499896,0.014256,1,1,1393,1392,0,0
enc_decode,chatcmpl-f0e34c687a804a4683c88b5ece4a8d8e,3175304.514396,0.014268,1,1,1394,1393,0,0
enc_decode,chatcmpl-f0e34c687a804a4683c88b5ece4a8d8e,3175304.528910,0.014378,1,1,1395,1394,0,0
enc_decode,chatcmpl-f0e34c687a804a4683c88b5ece4a8d8e,3175304.543533,0.014293,1,1,1396,1395,0,0
enc_decode,chatcmpl-f0e34c687a804a4683c88b5ece4a8d8e,3175304.558073,0.014259,1,1,1397,1396,0,0
enc_decode,chatcmpl-f0e34c687a804a4683c88b5ece4a8d8e,3175304.572576,0.014272,1,1,1398,1397,0,0
enc_decode,chatcmpl-f0e34c687a804a4683c88b5ece4a8d8e,3175304.587095,0.014382,1,1,1399,1398,0,0
enc_decode,chatcmpl-f0e34c687a804a4683c88b5ece4a8d8e,3175304.601721,0.014275,1,1,1400,1399,0,0
enc_decode,chatcmpl-f0e34c687a804a4683c88b5ece4a8d8e,3175304.616247,0.014262,1,1,1401,1400,0,0
enc_decode,chatcmpl-f0e34c687a804a4683c88b5ece4a8d8e,3175304.630755,0.014292,1,1,1402,1401,0,0
enc_decode,chatcmpl-f0e34c687a804a4683c88b5ece4a8d8e,3175304.645291,0.014286,1,1,1403,1402,0,0
enc_decode,chatcmpl-f0e34c687a804a4683c88b5ece4a8d8e,3175304.659824,0.014268,1,1,1404,1403,0,0
enc_decode,chatcmpl-f0e34c687a804a4683c88b5ece4a8d8e,3175304.674336,0.014283,1,1,1405,1404,0,0
enc_decode,chatcmpl-f0e34c687a804a4683c88b5ece4a8d8e,3175304.688864,0.014322,1,1,1406,1405,0,0
enc_decode,chatcmpl-f0e34c687a804a4683c88b5ece4a8d8e,3175304.703431,0.014259,1,1,1407,1406,0,0
enc_decode,chatcmpl-f0e34c687a804a4683c88b5ece4a8d8e,3175304.717934,0.014278,1,1,1408,1407,0,0
enc_decode,chatcmpl-f0e34c687a804a4683c88b5ece4a8d8e,3175304.732474,0.014271,1,1,1409,1408,0,0
enc_decode,chatcmpl-f0e34c687a804a4683c88b5ece4a8d8e,3175304.746993,0.014288,1,1,1410,1409,0,0
enc_decode,chatcmpl-f0e34c687a804a4683c88b5ece4a8d8e,3175304.761527,0.014281,1,1,1411,1410,0,0
enc_decode,chatcmpl-f0e34c687a804a4683c88b5ece4a8d8e,3175304.776061,0.014264,1,1,1412,1411,0,0
enc_decode,chatcmpl-f0e34c687a804a4683c88b5ece4a8d8e,3175304.790570,0.014276,1,1,1413,1412,0,0
enc_decode,chatcmpl-f0e34c687a804a4683c88b5ece4a8d8e,3175304.805092,0.014285,1,1,1414,1413,0,0
enc_decode,chatcmpl-f0e34c687a804a4683c88b5ece4a8d8e,3175304.819627,0.014269,1,1,1415,1414,0,0
enc_decode,chatcmpl-f0e34c687a804a4683c88b5ece4a8d8e,3175304.834142,0.014268,1,1,1416,1415,0,0
enc_decode,chatcmpl-f0e34c687a804a4683c88b5ece4a8d8e,3175304.848654,0.014288,1,1,1417,1416,0,0
enc_decode,chatcmpl-f0e34c687a804a4683c88b5ece4a8d8e,3175304.863188,0.014365,1,1,1418,1417,0,0
enc_decode,chatcmpl-f0e34c687a804a4683c88b5ece4a8d8e,3175304.877801,0.014278,1,1,1419,1418,0,0
enc_decode,chatcmpl-f0e34c687a804a4683c88b5ece4a8d8e,3175304.892329,0.014282,1,1,1420,1419,0,0
enc_decode,chatcmpl-f0e34c687a804a4683c88b5ece4a8d8e,3175304.906856,0.014285,1,1,1421,1420,0,0
enc_decode,chatcmpl-f0e34c687a804a4683c88b5ece4a8d8e,3175304.921390,0.014354,1,1,1422,1421,0,0
enc_decode,chatcmpl-f0e34c687a804a4683c88b5ece4a8d8e,3175304.935992,0.014295,1,1,1423,1422,0,0
enc_decode,chatcmpl-f0e34c687a804a4683c88b5ece4a8d8e,3175304.950534,0.014290,1,1,1424,1423,0,0
enc_decode,chatcmpl-f0e34c687a804a4683c88b5ece4a8d8e,3175304.965069,0.014282,1,1,1425,1424,0,0
enc_decode,chatcmpl-f0e34c687a804a4683c88b5ece4a8d8e,3175304.979595,0.014289,1,1,1426,1425,0,0
enc_decode,chatcmpl-f0e34c687a804a4683c88b5ece4a8d8e,3175304.994144,0.014257,1,1,1427,1426,0,0
enc_decode,chatcmpl-f0e34c687a804a4683c88b5ece4a8d8e,3175305.008647,0.014255,1,1,1428,1427,0,0
enc_decode,chatcmpl-f0e34c687a804a4683c88b5ece4a8d8e,3175305.023145,0.014290,1,1,1429,1428,0,0
enc_decode,chatcmpl-f0e34c687a804a4683c88b5ece4a8d8e,3175305.037684,0.014269,1,1,1430,1429,0,0
enc_decode,chatcmpl-f0e34c687a804a4683c88b5ece4a8d8e,3175305.052208,0.014292,1,1,1431,1430,0,0
enc_decode,chatcmpl-f0e34c687a804a4683c88b5ece4a8d8e,3175305.066746,0.014285,1,1,1432,1431,0,0
enc_decode,chatcmpl-f0e34c687a804a4683c88b5ece4a8d8e,3175305.081277,0.014256,1,1,1433,1432,0,0
enc_decode,chatcmpl-f0e34c687a804a4683c88b5ece4a8d8e,3175305.095776,0.014274,1,1,1434,1433,0,0
enc_decode,chatcmpl-f0e34c687a804a4683c88b5ece4a8d8e,3175305.110298,0.014273,1,1,1435,1434,0,0
enc_decode,chatcmpl-f0e34c687a804a4683c88b5ece4a8d8e,3175305.124818,0.014272,1,1,1436,1435,0,0
enc_decode,chatcmpl-f0e34c687a804a4683c88b5ece4a8d8e,3175305.139334,0.014274,1,1,1437,1436,0,0
enc_decode,chatcmpl-f0e34c687a804a4683c88b5ece4a8d8e,3175305.153854,0.014300,1,1,1438,1437,0,0
enc_decode,chatcmpl-f0e34c687a804a4683c88b5ece4a8d8e,3175305.168402,0.014265,1,1,1439,1438,0,0
enc_decode,chatcmpl-f0e34c687a804a4683c88b5ece4a8d8e,3175305.182915,0.014312,1,1,1440,1439,0,0
enc_decode,chatcmpl-f0e34c687a804a4683c88b5ece4a8d8e,3175305.197478,0.014362,1,1,1441,1440,0,0
enc_decode,chatcmpl-f0e34c687a804a4683c88b5ece4a8d8e,3175305.212096,0.014274,1,1,1442,1441,0,0
enc_decode,chatcmpl-f0e34c687a804a4683c88b5ece4a8d8e,3175305.226614,0.014272,1,1,1443,1442,0,0
enc_decode,chatcmpl-f0e34c687a804a4683c88b5ece4a8d8e,3175305.241127,0.014280,1,1,1444,1443,0,0
enc_decode,chatcmpl-f0e34c687a804a4683c88b5ece4a8d8e,3175305.255806,0.014385,1,1,1445,1444,0,0
enc_decode,chatcmpl-f0e34c687a804a4683c88b5ece4a8d8e,3175305.270440,0.014266,1,1,1446,1445,0,0
enc_decode,chatcmpl-f0e34c687a804a4683c88b5ece4a8d8e,3175305.284952,0.014262,1,1,1447,1446,0,0
enc_decode,chatcmpl-f0e34c687a804a4683c88b5ece4a8d8e,3175305.299456,0.014288,1,1,1448,1447,0,0
enc_decode,chatcmpl-f0e34c687a804a4683c88b5ece4a8d8e,3175305.313989,0.014283,1,1,1449,1448,0,0
enc_decode,chatcmpl-f0e34c687a804a4683c88b5ece4a8d8e,3175305.328519,0.014277,1,1,1450,1449,0,0
enc_decode,chatcmpl-f0e34c687a804a4683c88b5ece4a8d8e,3175305.343040,0.014270,1,1,1451,1450,0,0
enc_decode,chatcmpl-f0e34c687a804a4683c88b5ece4a8d8e,3175305.357558,0.014267,1,1,1452,1451,0,0
enc_decode,chatcmpl-f0e34c687a804a4683c88b5ece4a8d8e,3175305.372081,0.014281,1,1,1453,1452,0,0
enc_decode,chatcmpl-f0e34c687a804a4683c88b5ece4a8d8e,3175305.386607,0.014270,1,1,1454,1453,0,0
enc_decode,chatcmpl-f0e34c687a804a4683c88b5ece4a8d8e,3175305.401121,0.014246,1,1,1455,1454,0,0
enc_decode,chatcmpl-f0e34c687a804a4683c88b5ece4a8d8e,3175305.415609,0.014289,1,1,1456,1455,0,0
enc_decode,chatcmpl-f0e34c687a804a4683c88b5ece4a8d8e,3175305.430149,0.014280,1,1,1457,1456,0,0
enc_decode,chatcmpl-f0e34c687a804a4683c88b5ece4a8d8e,3175305.444679,0.014315,1,1,1458,1457,0,0
enc_decode,chatcmpl-f0e34c687a804a4683c88b5ece4a8d8e,3175305.459243,0.014290,1,1,1459,1458,0,0
enc_decode,chatcmpl-f0e34c687a804a4683c88b5ece4a8d8e,3175305.473779,0.014271,1,1,1460,1459,0,0
enc_decode,chatcmpl-f0e34c687a804a4683c88b5ece4a8d8e,3175305.488300,0.014272,1,1,1461,1460,0,0
enc_decode,chatcmpl-f0e34c687a804a4683c88b5ece4a8d8e,3175305.502814,0.014294,1,1,1462,1461,0,0
enc_decode,chatcmpl-f0e34c687a804a4683c88b5ece4a8d8e,3175305.517353,0.014267,1,1,1463,1462,0,0
enc_decode,chatcmpl-f0e34c687a804a4683c88b5ece4a8d8e,3175305.531869,0.014368,1,1,1464,1463,0,0
enc_decode,chatcmpl-f0e34c687a804a4683c88b5ece4a8d8e,3175305.546481,0.014273,1,1,1465,1464,0,0
enc_decode,chatcmpl-f0e34c687a804a4683c88b5ece4a8d8e,3175305.560996,0.014263,1,1,1466,1465,0,0
enc_decode,chatcmpl-f0e34c687a804a4683c88b5ece4a8d8e,3175305.575507,0.014276,1,1,1467,1466,0,0
enc_decode,chatcmpl-f0e34c687a804a4683c88b5ece4a8d8e,3175305.590029,0.014414,1,1,1468,1467,0,0
enc_decode,chatcmpl-f0e34c687a804a4683c88b5ece4a8d8e,3175305.604690,0.014279,1,1,1469,1468,0,0
enc_decode,chatcmpl-f0e34c687a804a4683c88b5ece4a8d8e,3175305.619224,0.014303,1,1,1470,1469,0,0
enc_decode,chatcmpl-f0e34c687a804a4683c88b5ece4a8d8e,3175305.633772,0.014272,1,1,1471,1470,0,0
enc_decode,chatcmpl-f0e34c687a804a4683c88b5ece4a8d8e,3175305.648289,0.014276,1,1,1472,1471,0,0
enc_decode,chatcmpl-f0e34c687a804a4683c88b5ece4a8d8e,3175305.662811,0.014359,1,1,1473,1472,0,0
enc_decode,chatcmpl-f0e34c687a804a4683c88b5ece4a8d8e,3175305.677419,0.014266,1,1,1474,1473,0,0
enc_decode,chatcmpl-f0e34c687a804a4683c88b5ece4a8d8e,3175305.691930,0.014260,1,1,1475,1474,0,0
enc_decode,chatcmpl-f0e34c687a804a4683c88b5ece4a8d8e,3175305.706439,0.014327,1,1,1476,1475,0,0
enc_prefill,chatcmpl-a18e693caee945bab7989abc33e48bb8,3175305.742773,0.337290,1,1336,1336,0,1,0
enc_decode,chatcmpl-a18e693caee945bab7989abc33e48bb8,3175306.080478,0.014358,1,1,1337,1336,0,0
enc_decode,chatcmpl-a18e693caee945bab7989abc33e48bb8,3175306.095090,0.014322,1,1,1338,1337,0,0
enc_decode,chatcmpl-a18e693caee945bab7989abc33e48bb8,3175306.109654,0.014273,1,1,1339,1338,0,0
enc_decode,chatcmpl-a18e693caee945bab7989abc33e48bb8,3175306.124178,0.014283,1,1,1340,1339,0,0
enc_decode,chatcmpl-a18e693caee945bab7989abc33e48bb8,3175306.138707,0.014299,1,1,1341,1340,0,0
enc_decode,chatcmpl-a18e693caee945bab7989abc33e48bb8,3175306.153253,0.014290,1,1,1342,1341,0,0
enc_decode,chatcmpl-a18e693caee945bab7989abc33e48bb8,3175306.167791,0.014279,1,1,1343,1342,0,0
enc_decode,chatcmpl-a18e693caee945bab7989abc33e48bb8,3175306.182317,0.014265,1,1,1344,1343,0,0
enc_decode,chatcmpl-a18e693caee945bab7989abc33e48bb8,3175306.196823,0.014284,1,1,1345,1344,0,0
enc_decode,chatcmpl-a18e693caee945bab7989abc33e48bb8,3175306.211348,0.014270,1,1,1346,1345,0,0
enc_decode,chatcmpl-a18e693caee945bab7989abc33e48bb8,3175306.225863,0.014291,1,1,1347,1346,0,0
enc_decode,chatcmpl-a18e693caee945bab7989abc33e48bb8,3175306.240397,0.014284,1,1,1348,1347,0,0
enc_decode,chatcmpl-a18e693caee945bab7989abc33e48bb8,3175306.254922,0.014264,1,1,1349,1348,0,0
enc_decode,chatcmpl-a18e693caee945bab7989abc33e48bb8,3175306.269429,0.014304,1,1,1350,1349,0,0
enc_decode,chatcmpl-a18e693caee945bab7989abc33e48bb8,3175306.283982,0.014262,1,1,1351,1350,0,0
enc_decode,chatcmpl-a18e693caee945bab7989abc33e48bb8,3175306.298490,0.014299,1,1,1352,1351,0,0
enc_decode,chatcmpl-a18e693caee945bab7989abc33e48bb8,3175306.313031,0.014361,1,1,1353,1352,0,0
enc_decode,chatcmpl-a18e693caee945bab7989abc33e48bb8,3175306.327641,0.014285,1,1,1354,1353,0,0
enc_decode,chatcmpl-a18e693caee945bab7989abc33e48bb8,3175306.342173,0.014260,1,1,1355,1354,0,0
enc_decode,chatcmpl-a18e693caee945bab7989abc33e48bb8,3175306.356678,0.014285,1,1,1356,1355,0,0
enc_decode,chatcmpl-a18e693caee945bab7989abc33e48bb8,3175306.371208,0.014380,1,1,1357,1356,0,0
enc_decode,chatcmpl-a18e693caee945bab7989abc33e48bb8,3175306.385835,0.014287,1,1,1358,1357,0,0
enc_decode,chatcmpl-a18e693caee945bab7989abc33e48bb8,3175306.400372,0.014258,1,1,1359,1358,0,0
enc_decode,chatcmpl-a18e693caee945bab7989abc33e48bb8,3175306.414876,0.014276,1,1,1360,1359,0,0
enc_decode,chatcmpl-a18e693caee945bab7989abc33e48bb8,3175306.429400,0.014277,1,1,1361,1360,0,0
enc_decode,chatcmpl-a18e693caee945bab7989abc33e48bb8,3175306.443920,0.014282,1,1,1362,1361,0,0
enc_decode,chatcmpl-a18e693caee945bab7989abc33e48bb8,3175306.458453,0.014259,1,1,1363,1362,0,0
enc_decode,chatcmpl-a18e693caee945bab7989abc33e48bb8,3175306.472955,0.014260,1,1,1364,1363,0,0
enc_decode,chatcmpl-a18e693caee945bab7989abc33e48bb8,3175306.487461,0.014272,1,1,1365,1364,0,0
enc_decode,chatcmpl-a18e693caee945bab7989abc33e48bb8,3175306.501976,0.014295,1,1,1366,1365,0,0
enc_decode,chatcmpl-a18e693caee945bab7989abc33e48bb8,3175306.516515,0.014267,1,1,1367,1366,0,0
enc_decode,chatcmpl-a18e693caee945bab7989abc33e48bb8,3175306.531027,0.014289,1,1,1368,1367,0,0
enc_decode,chatcmpl-a18e693caee945bab7989abc33e48bb8,3175306.545562,0.014263,1,1,1369,1368,0,0
enc_decode,chatcmpl-a18e693caee945bab7989abc33e48bb8,3175306.560077,0.014273,1,1,1370,1369,0,0
enc_decode,chatcmpl-a18e693caee945bab7989abc33e48bb8,3175306.574593,0.014267,1,1,1371,1370,0,0
enc_decode,chatcmpl-a18e693caee945bab7989abc33e48bb8,3175306.589119,0.014310,1,1,1372,1371,0,0
enc_decode,chatcmpl-a18e693caee945bab7989abc33e48bb8,3175306.603675,0.014262,1,1,1373,1372,0,0
enc_decode,chatcmpl-a18e693caee945bab7989abc33e48bb8,3175306.618186,0.014288,1,1,1374,1373,0,0
enc_decode,chatcmpl-a18e693caee945bab7989abc33e48bb8,3175306.632720,0.014279,1,1,1375,1374,0,0
enc_decode,chatcmpl-a18e693caee945bab7989abc33e48bb8,3175306.647245,0.014385,1,1,1376,1375,0,0
enc_decode,chatcmpl-a18e693caee945bab7989abc33e48bb8,3175306.661877,0.014259,1,1,1377,1376,0,0
enc_decode,chatcmpl-a18e693caee945bab7989abc33e48bb8,3175306.676387,0.014273,1,1,1378,1377,0,0
enc_decode,chatcmpl-a18e693caee945bab7989abc33e48bb8,3175306.690906,0.014311,1,1,1379,1378,0,0
enc_decode,chatcmpl-a18e693caee945bab7989abc33e48bb8,3175306.705461,0.014277,1,1,1380,1379,0,0
enc_decode,chatcmpl-a18e693caee945bab7989abc33e48bb8,3175306.719982,0.014257,1,1,1381,1380,0,0
enc_decode,chatcmpl-a18e693caee945bab7989abc33e48bb8,3175306.734480,0.014262,1,1,1382,1381,0,0
enc_decode,chatcmpl-a18e693caee945bab7989abc33e48bb8,3175306.748994,0.014266,1,1,1383,1382,0,0
enc_decode,chatcmpl-a18e693caee945bab7989abc33e48bb8,3175306.763508,0.014276,1,1,1384,1383,0,0
enc_decode,chatcmpl-a18e693caee945bab7989abc33e48bb8,3175306.778036,0.014282,1,1,1385,1384,0,0
enc_decode,chatcmpl-a18e693caee945bab7989abc33e48bb8,3175306.792558,0.014266,1,1,1386,1385,0,0
enc_decode,chatcmpl-a18e693caee945bab7989abc33e48bb8,3175306.807071,0.014276,1,1,1387,1386,0,0
enc_decode,chatcmpl-a18e693caee945bab7989abc33e48bb8,3175306.821595,0.014291,1,1,1388,1387,0,0
enc_decode,chatcmpl-a18e693caee945bab7989abc33e48bb8,3175306.836137,0.014260,1,1,1389,1388,0,0
enc_decode,chatcmpl-a18e693caee945bab7989abc33e48bb8,3175306.850649,0.014258,1,1,1390,1389,0,0
enc_decode,chatcmpl-a18e693caee945bab7989abc33e48bb8,3175306.865156,0.014265,1,1,1391,1390,0,0
enc_decode,chatcmpl-a18e693caee945bab7989abc33e48bb8,3175306.879669,0.014282,1,1,1392,1391,0,0
enc_decode,chatcmpl-a18e693caee945bab7989abc33e48bb8,3175306.894196,0.014269,1,1,1393,1392,0,0
enc_decode,chatcmpl-a18e693caee945bab7989abc33e48bb8,3175306.908709,0.014276,1,1,1394,1393,0,0
enc_decode,chatcmpl-a18e693caee945bab7989abc33e48bb8,3175306.923233,0.014305,1,1,1395,1394,0,0
enc_decode,chatcmpl-a18e693caee945bab7989abc33e48bb8,3175306.937787,0.014285,1,1,1396,1395,0,0
enc_decode,chatcmpl-a18e693caee945bab7989abc33e48bb8,3175306.952311,0.014261,1,1,1397,1396,0,0
enc_decode,chatcmpl-a18e693caee945bab7989abc33e48bb8,3175306.966819,0.014280,1,1,1398,1397,0,0
enc_decode,chatcmpl-a18e693caee945bab7989abc33e48bb8,3175306.981343,0.014338,1,1,1399,1398,0,0
enc_decode,chatcmpl-a18e693caee945bab7989abc33e48bb8,3175306.995929,0.014287,1,1,1400,1399,0,0
enc_decode,chatcmpl-a18e693caee945bab7989abc33e48bb8,3175307.010469,0.014269,1,1,1401,1400,0,0
enc_decode,chatcmpl-a18e693caee945bab7989abc33e48bb8,3175307.024982,0.014281,1,1,1402,1401,0,0
enc_decode,chatcmpl-a18e693caee945bab7989abc33e48bb8,3175307.039505,0.014315,1,1,1403,1402,0,0
enc_decode,chatcmpl-a18e693caee945bab7989abc33e48bb8,3175307.054063,0.014281,1,1,1404,1403,0,0
enc_decode,chatcmpl-a18e693caee945bab7989abc33e48bb8,3175307.068589,0.014264,1,1,1405,1404,0,0
enc_decode,chatcmpl-a18e693caee945bab7989abc33e48bb8,3175307.083100,0.014297,1,1,1406,1405,0,0
enc_decode,chatcmpl-a18e693caee945bab7989abc33e48bb8,3175307.097646,0.014255,1,1,1407,1406,0,0
enc_decode,chatcmpl-a18e693caee945bab7989abc33e48bb8,3175307.112155,0.014285,1,1,1408,1407,0,0
enc_decode,chatcmpl-a18e693caee945bab7989abc33e48bb8,3175307.126699,0.014266,1,1,1409,1408,0,0
enc_decode,chatcmpl-a18e693caee945bab7989abc33e48bb8,3175307.141212,0.014293,1,1,1410,1409,0,0
enc_decode,chatcmpl-a18e693caee945bab7989abc33e48bb8,3175307.155748,0.014268,1,1,1411,1410,0,0
enc_decode,chatcmpl-a18e693caee945bab7989abc33e48bb8,3175307.170262,0.014274,1,1,1412,1411,0,0
enc_decode,chatcmpl-a18e693caee945bab7989abc33e48bb8,3175307.184788,0.014273,1,1,1413,1412,0,0
enc_decode,chatcmpl-a18e693caee945bab7989abc33e48bb8,3175307.199306,0.014287,1,1,1414,1413,0,0
enc_decode,chatcmpl-a18e693caee945bab7989abc33e48bb8,3175307.213845,0.014285,1,1,1415,1414,0,0
enc_decode,chatcmpl-a18e693caee945bab7989abc33e48bb8,3175307.228378,0.014296,1,1,1416,1415,0,0
enc_decode,chatcmpl-a18e693caee945bab7989abc33e48bb8,3175307.242918,0.014278,1,1,1417,1416,0,0
enc_decode,chatcmpl-a18e693caee945bab7989abc33e48bb8,3175307.257443,0.014279,1,1,1418,1417,0,0
enc_decode,chatcmpl-a18e693caee945bab7989abc33e48bb8,3175307.271965,0.014290,1,1,1419,1418,0,0
enc_decode,chatcmpl-a18e693caee945bab7989abc33e48bb8,3175307.286501,0.014280,1,1,1420,1419,0,0
enc_decode,chatcmpl-a18e693caee945bab7989abc33e48bb8,3175307.301027,0.014272,1,1,1421,1420,0,0
enc_decode,chatcmpl-a18e693caee945bab7989abc33e48bb8,3175307.315540,0.014367,1,1,1422,1421,0,0
enc_decode,chatcmpl-a18e693caee945bab7989abc33e48bb8,3175307.330151,0.014268,1,1,1423,1422,0,0
enc_decode,chatcmpl-a18e693caee945bab7989abc33e48bb8,3175307.344662,0.014283,1,1,1424,1423,0,0
enc_decode,chatcmpl-a18e693caee945bab7989abc33e48bb8,3175307.359186,0.014284,1,1,1425,1424,0,0
enc_decode,chatcmpl-a18e693caee945bab7989abc33e48bb8,3175307.373711,0.014282,1,1,1426,1425,0,0
enc_decode,chatcmpl-a18e693caee945bab7989abc33e48bb8,3175307.388245,0.014264,1,1,1427,1426,0,0
enc_decode,chatcmpl-a18e693caee945bab7989abc33e48bb8,3175307.402757,0.014283,1,1,1428,1427,0,0
enc_decode,chatcmpl-a18e693caee945bab7989abc33e48bb8,3175307.417285,0.014254,1,1,1429,1428,0,0
enc_decode,chatcmpl-a18e693caee945bab7989abc33e48bb8,3175307.431780,0.014313,1,1,1430,1429,0,0
enc_decode,chatcmpl-a18e693caee945bab7989abc33e48bb8,3175307.446335,0.014263,1,1,1431,1430,0,0
enc_decode,chatcmpl-a18e693caee945bab7989abc33e48bb8,3175307.460841,0.014277,1,1,1432,1431,0,0
enc_decode,chatcmpl-a18e693caee945bab7989abc33e48bb8,3175307.475364,0.014287,1,1,1433,1432,0,0
enc_decode,chatcmpl-a18e693caee945bab7989abc33e48bb8,3175307.489899,0.014265,1,1,1434,1433,0,0
enc_decode,chatcmpl-a18e693caee945bab7989abc33e48bb8,3175307.504412,0.014293,1,1,1435,1434,0,0
enc_decode,chatcmpl-a18e693caee945bab7989abc33e48bb8,3175307.518952,0.014296,1,1,1436,1435,0,0
enc_decode,chatcmpl-a18e693caee945bab7989abc33e48bb8,3175307.533495,0.014275,1,1,1437,1436,0,0
enc_decode,chatcmpl-a18e693caee945bab7989abc33e48bb8,3175307.548024,0.014287,1,1,1438,1437,0,0
enc_decode,chatcmpl-a18e693caee945bab7989abc33e48bb8,3175307.562560,0.014246,1,1,1439,1438,0,0
enc_decode,chatcmpl-a18e693caee945bab7989abc33e48bb8,3175307.577049,0.014278,1,1,1440,1439,0,0
enc_decode,chatcmpl-a18e693caee945bab7989abc33e48bb8,3175307.591572,0.014286,1,1,1441,1440,0,0
enc_decode,chatcmpl-a18e693caee945bab7989abc33e48bb8,3175307.606104,0.014282,1,1,1442,1441,0,0
enc_decode,chatcmpl-a18e693caee945bab7989abc33e48bb8,3175307.620631,0.014280,1,1,1443,1442,0,0
enc_decode,chatcmpl-a18e693caee945bab7989abc33e48bb8,3175307.635157,0.014295,1,1,1444,1443,0,0
enc_decode,chatcmpl-a18e693caee945bab7989abc33e48bb8,3175307.649698,0.014326,1,1,1445,1444,0,0
enc_decode,chatcmpl-a18e693caee945bab7989abc33e48bb8,3175307.664267,0.014277,1,1,1446,1445,0,0
enc_decode,chatcmpl-a18e693caee945bab7989abc33e48bb8,3175307.678786,0.014281,1,1,1447,1446,0,0
enc_decode,chatcmpl-a18e693caee945bab7989abc33e48bb8,3175307.693311,0.014269,1,1,1448,1447,0,0
enc_decode,chatcmpl-a18e693caee945bab7989abc33e48bb8,3175307.707826,0.014274,1,1,1449,1448,0,0
enc_decode,chatcmpl-a18e693caee945bab7989abc33e48bb8,3175307.722345,0.014279,1,1,1450,1449,0,0
enc_decode,chatcmpl-a18e693caee945bab7989abc33e48bb8,3175307.736865,0.014252,1,1,1451,1450,0,0
enc_decode,chatcmpl-a18e693caee945bab7989abc33e48bb8,3175307.751361,0.014282,1,1,1452,1451,0,0
enc_decode,chatcmpl-a18e693caee945bab7989abc33e48bb8,3175307.765889,0.014240,1,1,1453,1452,0,0
enc_decode,chatcmpl-a18e693caee945bab7989abc33e48bb8,3175307.780380,0.014266,1,1,1454,1453,0,0
enc_decode,chatcmpl-a18e693caee945bab7989abc33e48bb8,3175307.794890,0.014291,1,1,1455,1454,0,0
enc_decode,chatcmpl-a18e693caee945bab7989abc33e48bb8,3175307.809424,0.014278,1,1,1456,1455,0,0
enc_decode,chatcmpl-a18e693caee945bab7989abc33e48bb8,3175307.823946,0.014266,1,1,1457,1456,0,0
enc_decode,chatcmpl-a18e693caee945bab7989abc33e48bb8,3175307.838469,0.014277,1,1,1458,1457,0,0
enc_decode,chatcmpl-a18e693caee945bab7989abc33e48bb8,3175307.852991,0.014261,1,1,1459,1458,0,0
enc_decode,chatcmpl-a18e693caee945bab7989abc33e48bb8,3175307.867495,0.014272,1,1,1460,1459,0,0
enc_decode,chatcmpl-a18e693caee945bab7989abc33e48bb8,3175307.882014,0.014257,1,1,1461,1460,0,0
enc_decode,chatcmpl-a18e693caee945bab7989abc33e48bb8,3175307.896514,0.014261,1,1,1462,1461,0,0
enc_decode,chatcmpl-a18e693caee945bab7989abc33e48bb8,3175307.911021,0.014284,1,1,1463,1462,0,0
enc_decode,chatcmpl-a18e693caee945bab7989abc33e48bb8,3175307.925551,0.014264,1,1,1464,1463,0,0
enc_decode,chatcmpl-a18e693caee945bab7989abc33e48bb8,3175307.940065,0.014269,1,1,1465,1464,0,0
enc_decode,chatcmpl-a18e693caee945bab7989abc33e48bb8,3175307.954580,0.014267,1,1,1466,1465,0,0
enc_decode,chatcmpl-a18e693caee945bab7989abc33e48bb8,3175307.969090,0.014275,1,1,1467,1466,0,0
enc_decode,chatcmpl-a18e693caee945bab7989abc33e48bb8,3175307.983607,0.014390,1,1,1468,1467,0,0
enc_decode,chatcmpl-a18e693caee945bab7989abc33e48bb8,3175307.998244,0.014293,1,1,1469,1468,0,0
enc_decode,chatcmpl-a18e693caee945bab7989abc33e48bb8,3175308.012779,0.014273,1,1,1470,1469,0,0
enc_decode,chatcmpl-a18e693caee945bab7989abc33e48bb8,3175308.027298,0.014250,1,1,1471,1470,0,0
enc_decode,chatcmpl-a18e693caee945bab7989abc33e48bb8,3175308.041791,0.014289,1,1,1472,1471,0,0
enc_decode,chatcmpl-a18e693caee945bab7989abc33e48bb8,3175308.056325,0.014263,1,1,1473,1472,0,0
enc_decode,chatcmpl-a18e693caee945bab7989abc33e48bb8,3175308.070831,0.014315,1,1,1474,1473,0,0
enc_decode,chatcmpl-a18e693caee945bab7989abc33e48bb8,3175308.085390,0.014263,1,1,1475,1474,0,0
enc_decode,chatcmpl-a18e693caee945bab7989abc33e48bb8,3175308.099902,0.014283,1,1,1476,1475,0,0
enc_decode,chatcmpl-a18e693caee945bab7989abc33e48bb8,3175308.114433,0.014273,1,1,1477,1476,0,0
enc_decode,chatcmpl-a18e693caee945bab7989abc33e48bb8,3175308.128950,0.014264,1,1,1478,1477,0,0
enc_decode,chatcmpl-a18e693caee945bab7989abc33e48bb8,3175308.143459,0.014265,1,1,1479,1478,0,0
enc_decode,chatcmpl-a18e693caee945bab7989abc33e48bb8,3175308.157970,0.014251,1,1,1480,1479,0,0
enc_decode,chatcmpl-a18e693caee945bab7989abc33e48bb8,3175308.172461,0.014260,1,1,1481,1480,0,0
enc_decode,chatcmpl-a18e693caee945bab7989abc33e48bb8,3175308.186972,0.014280,1,1,1482,1481,0,0
enc_decode,chatcmpl-a18e693caee945bab7989abc33e48bb8,3175308.201494,0.014263,1,1,1483,1482,0,0
enc_decode,chatcmpl-a18e693caee945bab7989abc33e48bb8,3175308.216016,0.014277,1,1,1484,1483,0,0
enc_decode,chatcmpl-a18e693caee945bab7989abc33e48bb8,3175308.230536,0.014281,1,1,1485,1484,0,0
enc_decode,chatcmpl-a18e693caee945bab7989abc33e48bb8,3175308.245060,0.014306,1,1,1486,1485,0,0
enc_prefill,chatcmpl-bfa0d8b2777447898efac211c3d7c76c,3175308.281819,0.337420,1,1352,1352,0,1,0
enc_decode,chatcmpl-bfa0d8b2777447898efac211c3d7c76c,3175308.619678,0.014358,1,1,1353,1352,0,0
enc_decode,chatcmpl-bfa0d8b2777447898efac211c3d7c76c,3175308.634279,0.014315,1,1,1354,1353,0,0
enc_decode,chatcmpl-bfa0d8b2777447898efac211c3d7c76c,3175308.648836,0.014270,1,1,1355,1354,0,0
enc_decode,chatcmpl-bfa0d8b2777447898efac211c3d7c76c,3175308.663352,0.014308,1,1,1356,1355,0,0
enc_decode,chatcmpl-bfa0d8b2777447898efac211c3d7c76c,3175308.677906,0.014250,1,1,1357,1356,0,0
enc_decode,chatcmpl-bfa0d8b2777447898efac211c3d7c76c,3175308.692400,0.014259,1,1,1358,1357,0,0
enc_decode,chatcmpl-bfa0d8b2777447898efac211c3d7c76c,3175308.706907,0.014303,1,1,1359,1358,0,0
enc_decode,chatcmpl-bfa0d8b2777447898efac211c3d7c76c,3175308.721460,0.014284,1,1,1360,1359,0,0
enc_decode,chatcmpl-bfa0d8b2777447898efac211c3d7c76c,3175308.735990,0.014288,1,1,1361,1360,0,0
enc_decode,chatcmpl-bfa0d8b2777447898efac211c3d7c76c,3175308.750518,0.014274,1,1,1362,1361,0,0
enc_decode,chatcmpl-bfa0d8b2777447898efac211c3d7c76c,3175308.765036,0.014347,1,1,1363,1362,0,0
enc_decode,chatcmpl-bfa0d8b2777447898efac211c3d7c76c,3175308.779623,0.014294,1,1,1364,1363,0,0
enc_decode,chatcmpl-bfa0d8b2777447898efac211c3d7c76c,3175308.794160,0.014267,1,1,1365,1364,0,0
enc_decode,chatcmpl-bfa0d8b2777447898efac211c3d7c76c,3175308.808684,0.014280,1,1,1366,1365,0,0
enc_decode,chatcmpl-bfa0d8b2777447898efac211c3d7c76c,3175308.823203,0.014292,1,1,1367,1366,0,0
enc_decode,chatcmpl-bfa0d8b2777447898efac211c3d7c76c,3175308.837736,0.014263,1,1,1368,1367,0,0
enc_decode,chatcmpl-bfa0d8b2777447898efac211c3d7c76c,3175308.852250,0.014277,1,1,1369,1368,0,0
enc_decode,chatcmpl-bfa0d8b2777447898efac211c3d7c76c,3175308.866771,0.014289,1,1,1370,1369,0,0
enc_decode,chatcmpl-bfa0d8b2777447898efac211c3d7c76c,3175308.881303,0.014272,1,1,1371,1370,0,0
enc_decode,chatcmpl-bfa0d8b2777447898efac211c3d7c76c,3175308.895821,0.014284,1,1,1372,1371,0,0
enc_decode,chatcmpl-bfa0d8b2777447898efac211c3d7c76c,3175308.910348,0.014276,1,1,1373,1372,0,0
enc_decode,chatcmpl-bfa0d8b2777447898efac211c3d7c76c,3175308.924869,0.014277,1,1,1374,1373,0,0
enc_decode,chatcmpl-bfa0d8b2777447898efac211c3d7c76c,3175308.939393,0.014274,1,1,1375,1374,0,0
enc_decode,chatcmpl-bfa0d8b2777447898efac211c3d7c76c,3175308.953913,0.014288,1,1,1376,1375,0,0
enc_decode,chatcmpl-bfa0d8b2777447898efac211c3d7c76c,3175308.968449,0.014272,1,1,1377,1376,0,0
enc_decode,chatcmpl-bfa0d8b2777447898efac211c3d7c76c,3175308.982970,0.014308,1,1,1378,1377,0,0
enc_decode,chatcmpl-bfa0d8b2777447898efac211c3d7c76c,3175308.997521,0.014244,1,1,1379,1378,0,0
enc_decode,chatcmpl-bfa0d8b2777447898efac211c3d7c76c,3175309.012015,0.014270,1,1,1380,1379,0,0
enc_decode,chatcmpl-bfa0d8b2777447898efac211c3d7c76c,3175309.026534,0.014271,1,1,1381,1380,0,0
enc_decode,chatcmpl-bfa0d8b2777447898efac211c3d7c76c,3175309.041052,0.014276,1,1,1382,1381,0,0
enc_decode,chatcmpl-bfa0d8b2777447898efac211c3d7c76c,3175309.055578,0.014278,1,1,1383,1382,0,0
enc_decode,chatcmpl-bfa0d8b2777447898efac211c3d7c76c,3175309.070103,0.014280,1,1,1384,1383,0,0
enc_decode,chatcmpl-bfa0d8b2777447898efac211c3d7c76c,3175309.084629,0.014268,1,1,1385,1384,0,0
enc_decode,chatcmpl-bfa0d8b2777447898efac211c3d7c76c,3175309.099142,0.014410,1,1,1386,1385,0,0
enc_decode,chatcmpl-bfa0d8b2777447898efac211c3d7c76c,3175309.113798,0.014273,1,1,1387,1386,0,0
enc_decode,chatcmpl-bfa0d8b2777447898efac211c3d7c76c,3175309.128314,0.014274,1,1,1388,1387,0,0
enc_decode,chatcmpl-bfa0d8b2777447898efac211c3d7c76c,3175309.142835,0.014281,1,1,1389,1388,0,0
enc_decode,chatcmpl-bfa0d8b2777447898efac211c3d7c76c,3175309.157361,0.014286,1,1,1390,1389,0,0
enc_decode,chatcmpl-bfa0d8b2777447898efac211c3d7c76c,3175309.171894,0.014284,1,1,1391,1390,0,0
enc_decode,chatcmpl-bfa0d8b2777447898efac211c3d7c76c,3175309.186426,0.014262,1,1,1392,1391,0,0
enc_decode,chatcmpl-bfa0d8b2777447898efac211c3d7c76c,3175309.200933,0.014267,1,1,1393,1392,0,0
enc_decode,chatcmpl-bfa0d8b2777447898efac211c3d7c76c,3175309.215444,0.014279,1,1,1394,1393,0,0
enc_decode,chatcmpl-bfa0d8b2777447898efac211c3d7c76c,3175309.229970,0.014288,1,1,1395,1394,0,0
enc_decode,chatcmpl-bfa0d8b2777447898efac211c3d7c76c,3175309.244506,0.014275,1,1,1396,1395,0,0
enc_decode,chatcmpl-bfa0d8b2777447898efac211c3d7c76c,3175309.259021,0.014268,1,1,1397,1396,0,0
enc_decode,chatcmpl-bfa0d8b2777447898efac211c3d7c76c,3175309.273534,0.014269,1,1,1398,1397,0,0
enc_decode,chatcmpl-bfa0d8b2777447898efac211c3d7c76c,3175309.288055,0.014267,1,1,1399,1398,0,0
enc_decode,chatcmpl-bfa0d8b2777447898efac211c3d7c76c,3175309.302564,0.014231,1,1,1400,1399,0,0
enc_decode,chatcmpl-bfa0d8b2777447898efac211c3d7c76c,3175309.317042,0.014285,1,1,1401,1400,0,0
enc_decode,chatcmpl-bfa0d8b2777447898efac211c3d7c76c,3175309.331567,0.014258,1,1,1402,1401,0,0
enc_decode,chatcmpl-bfa0d8b2777447898efac211c3d7c76c,3175309.346071,0.014296,1,1,1403,1402,0,0
enc_decode,chatcmpl-bfa0d8b2777447898efac211c3d7c76c,3175309.360616,0.014264,1,1,1404,1403,0,0
enc_decode,chatcmpl-bfa0d8b2777447898efac211c3d7c76c,3175309.375124,0.014388,1,1,1405,1404,0,0
enc_decode,chatcmpl-bfa0d8b2777447898efac211c3d7c76c,3175309.389758,0.014286,1,1,1406,1405,0,0
enc_decode,chatcmpl-bfa0d8b2777447898efac211c3d7c76c,3175309.404295,0.014264,1,1,1407,1406,0,0
enc_decode,chatcmpl-bfa0d8b2777447898efac211c3d7c76c,3175309.418803,0.014311,1,1,1408,1407,0,0
enc_decode,chatcmpl-bfa0d8b2777447898efac211c3d7c76c,3175309.433382,0.014345,1,1,1409,1408,0,0
enc_decode,chatcmpl-bfa0d8b2777447898efac211c3d7c76c,3175309.447973,0.014270,1,1,1410,1409,0,0
enc_decode,chatcmpl-bfa0d8b2777447898efac211c3d7c76c,3175309.462488,0.014251,1,1,1411,1410,0,0
enc_decode,chatcmpl-bfa0d8b2777447898efac211c3d7c76c,3175309.476979,0.014279,1,1,1412,1411,0,0
enc_decode,chatcmpl-bfa0d8b2777447898efac211c3d7c76c,3175309.491503,0.014296,1,1,1413,1412,0,0
enc_decode,chatcmpl-bfa0d8b2777447898efac211c3d7c76c,3175309.506044,0.014252,1,1,1414,1413,0,0
enc_decode,chatcmpl-bfa0d8b2777447898efac211c3d7c76c,3175309.520545,0.014269,1,1,1415,1414,0,0
enc_decode,chatcmpl-bfa0d8b2777447898efac211c3d7c76c,3175309.535059,0.014284,1,1,1416,1415,0,0
enc_decode,chatcmpl-bfa0d8b2777447898efac211c3d7c76c,3175309.549586,0.014275,1,1,1417,1416,0,0
enc_decode,chatcmpl-bfa0d8b2777447898efac211c3d7c76c,3175309.564113,0.014271,1,1,1418,1417,0,0
enc_decode,chatcmpl-bfa0d8b2777447898efac211c3d7c76c,3175309.578628,0.014268,1,1,1419,1418,0,0
enc_decode,chatcmpl-bfa0d8b2777447898efac211c3d7c76c,3175309.593143,0.014270,1,1,1420,1419,0,0
enc_decode,chatcmpl-bfa0d8b2777447898efac211c3d7c76c,3175309.607657,0.014297,1,1,1421,1420,0,0
enc_decode,chatcmpl-bfa0d8b2777447898efac211c3d7c76c,3175309.622200,0.014272,1,1,1422,1421,0,0
enc_decode,chatcmpl-bfa0d8b2777447898efac211c3d7c76c,3175309.636714,0.014266,1,1,1423,1422,0,0
enc_decode,chatcmpl-bfa0d8b2777447898efac211c3d7c76c,3175309.651220,0.014281,1,1,1424,1423,0,0
enc_decode,chatcmpl-bfa0d8b2777447898efac211c3d7c76c,3175309.665749,0.014279,1,1,1425,1424,0,0
enc_decode,chatcmpl-bfa0d8b2777447898efac211c3d7c76c,3175309.680269,0.014292,1,1,1426,1425,0,0
enc_decode,chatcmpl-bfa0d8b2777447898efac211c3d7c76c,3175309.694804,0.014301,1,1,1427,1426,0,0
enc_decode,chatcmpl-bfa0d8b2777447898efac211c3d7c76c,3175309.709349,0.014375,1,1,1428,1427,0,0
enc_decode,chatcmpl-bfa0d8b2777447898efac211c3d7c76c,3175309.723968,0.014276,1,1,1429,1428,0,0
enc_decode,chatcmpl-bfa0d8b2777447898efac211c3d7c76c,3175309.738490,0.014270,1,1,1430,1429,0,0
enc_decode,chatcmpl-bfa0d8b2777447898efac211c3d7c76c,3175309.753003,0.014252,1,1,1431,1430,0,0
enc_decode,chatcmpl-bfa0d8b2777447898efac211c3d7c76c,3175309.767501,0.014380,1,1,1432,1431,0,0
enc_decode,chatcmpl-bfa0d8b2777447898efac211c3d7c76c,3175309.782126,0.014279,1,1,1433,1432,0,0
enc_decode,chatcmpl-bfa0d8b2777447898efac211c3d7c76c,3175309.796650,0.014241,1,1,1434,1433,0,0
enc_decode,chatcmpl-bfa0d8b2777447898efac211c3d7c76c,3175309.811139,0.014275,1,1,1435,1434,0,0
enc_decode,chatcmpl-bfa0d8b2777447898efac211c3d7c76c,3175309.825664,0.014285,1,1,1436,1435,0,0
enc_decode,chatcmpl-bfa0d8b2777447898efac211c3d7c76c,3175309.840197,0.014279,1,1,1437,1436,0,0
enc_decode,chatcmpl-bfa0d8b2777447898efac211c3d7c76c,3175309.854725,0.014292,1,1,1438,1437,0,0
enc_decode,chatcmpl-bfa0d8b2777447898efac211c3d7c76c,3175309.869260,0.014278,1,1,1439,1438,0,0
enc_decode,chatcmpl-bfa0d8b2777447898efac211c3d7c76c,3175309.883784,0.014272,1,1,1440,1439,0,0
enc_decode,chatcmpl-bfa0d8b2777447898efac211c3d7c76c,3175309.898299,0.014284,1,1,1441,1440,0,0
enc_decode,chatcmpl-bfa0d8b2777447898efac211c3d7c76c,3175309.912825,0.014266,1,1,1442,1441,0,0
enc_decode,chatcmpl-bfa0d8b2777447898efac211c3d7c76c,3175309.927341,0.014274,1,1,1443,1442,0,0
enc_decode,chatcmpl-bfa0d8b2777447898efac211c3d7c76c,3175309.941857,0.014278,1,1,1444,1443,0,0
enc_decode,chatcmpl-bfa0d8b2777447898efac211c3d7c76c,3175309.956382,0.014281,1,1,1445,1444,0,0
enc_decode,chatcmpl-bfa0d8b2777447898efac211c3d7c76c,3175309.970910,0.014287,1,1,1446,1445,0,0
enc_decode,chatcmpl-bfa0d8b2777447898efac211c3d7c76c,3175309.985439,0.014272,1,1,1447,1446,0,0
enc_decode,chatcmpl-bfa0d8b2777447898efac211c3d7c76c,3175309.999958,0.014275,1,1,1448,1447,0,0
enc_decode,chatcmpl-bfa0d8b2777447898efac211c3d7c76c,3175310.014473,0.014262,1,1,1449,1448,0,0
enc_decode,chatcmpl-bfa0d8b2777447898efac211c3d7c76c,3175310.028986,0.014270,1,1,1450,1449,0,0
enc_decode,chatcmpl-bfa0d8b2777447898efac211c3d7c76c,3175310.043497,0.014389,1,1,1451,1450,0,0
enc_decode,chatcmpl-bfa0d8b2777447898efac211c3d7c76c,3175310.058130,0.014255,1,1,1452,1451,0,0
enc_decode,chatcmpl-bfa0d8b2777447898efac211c3d7c76c,3175310.072638,0.014240,1,1,1453,1452,0,0
enc_decode,chatcmpl-bfa0d8b2777447898efac211c3d7c76c,3175310.087120,0.014280,1,1,1454,1453,0,0
enc_decode,chatcmpl-bfa0d8b2777447898efac211c3d7c76c,3175310.101644,0.014367,1,1,1455,1454,0,0
enc_decode,chatcmpl-bfa0d8b2777447898efac211c3d7c76c,3175310.116253,0.014294,1,1,1456,1455,0,0
enc_decode,chatcmpl-bfa0d8b2777447898efac211c3d7c76c,3175310.130789,0.014284,1,1,1457,1456,0,0
enc_decode,chatcmpl-bfa0d8b2777447898efac211c3d7c76c,3175310.145317,0.014262,1,1,1458,1457,0,0
enc_decode,chatcmpl-bfa0d8b2777447898efac211c3d7c76c,3175310.159821,0.014276,1,1,1459,1458,0,0
enc_decode,chatcmpl-bfa0d8b2777447898efac211c3d7c76c,3175310.174346,0.014285,1,1,1460,1459,0,0
enc_decode,chatcmpl-bfa0d8b2777447898efac211c3d7c76c,3175310.188874,0.014271,1,1,1461,1460,0,0
enc_decode,chatcmpl-bfa0d8b2777447898efac211c3d7c76c,3175310.203389,0.014276,1,1,1462,1461,0,0
enc_decode,chatcmpl-bfa0d8b2777447898efac211c3d7c76c,3175310.217908,0.014262,1,1,1463,1462,0,0
enc_decode,chatcmpl-bfa0d8b2777447898efac211c3d7c76c,3175310.232414,0.014273,1,1,1464,1463,0,0
enc_decode,chatcmpl-bfa0d8b2777447898efac211c3d7c76c,3175310.246933,0.014298,1,1,1465,1464,0,0
enc_decode,chatcmpl-bfa0d8b2777447898efac211c3d7c76c,3175310.261485,0.014289,1,1,1466,1465,0,0
enc_decode,chatcmpl-bfa0d8b2777447898efac211c3d7c76c,3175310.276025,0.014287,1,1,1467,1466,0,0
enc_decode,chatcmpl-bfa0d8b2777447898efac211c3d7c76c,3175310.290556,0.014272,1,1,1468,1467,0,0
enc_decode,chatcmpl-bfa0d8b2777447898efac211c3d7c76c,3175310.305070,0.014257,1,1,1469,1468,0,0
enc_decode,chatcmpl-bfa0d8b2777447898efac211c3d7c76c,3175310.319573,0.014267,1,1,1470,1469,0,0
enc_decode,chatcmpl-bfa0d8b2777447898efac211c3d7c76c,3175310.334087,0.014272,1,1,1471,1470,0,0
enc_decode,chatcmpl-bfa0d8b2777447898efac211c3d7c76c,3175310.348606,0.014272,1,1,1472,1471,0,0
enc_decode,chatcmpl-bfa0d8b2777447898efac211c3d7c76c,3175310.363122,0.014290,1,1,1473,1472,0,0
enc_decode,chatcmpl-bfa0d8b2777447898efac211c3d7c76c,3175310.377657,0.014378,1,1,1474,1473,0,0
enc_decode,chatcmpl-bfa0d8b2777447898efac211c3d7c76c,3175310.392276,0.014269,1,1,1475,1474,0,0
enc_decode,chatcmpl-bfa0d8b2777447898efac211c3d7c76c,3175310.406788,0.014294,1,1,1476,1475,0,0
enc_decode,chatcmpl-bfa0d8b2777447898efac211c3d7c76c,3175310.421324,0.014272,1,1,1477,1476,0,0
enc_decode,chatcmpl-bfa0d8b2777447898efac211c3d7c76c,3175310.435838,0.014367,1,1,1478,1477,0,0
enc_decode,chatcmpl-bfa0d8b2777447898efac211c3d7c76c,3175310.450446,0.014272,1,1,1479,1478,0,0
enc_decode,chatcmpl-bfa0d8b2777447898efac211c3d7c76c,3175310.464962,0.014260,1,1,1480,1479,0,0
enc_decode,chatcmpl-bfa0d8b2777447898efac211c3d7c76c,3175310.479471,0.014305,1,1,1481,1480,0,0
enc_decode,chatcmpl-bfa0d8b2777447898efac211c3d7c76c,3175310.494022,0.014279,1,1,1482,1481,0,0
enc_decode,chatcmpl-bfa0d8b2777447898efac211c3d7c76c,3175310.508547,0.014276,1,1,1483,1482,0,0
enc_decode,chatcmpl-bfa0d8b2777447898efac211c3d7c76c,3175310.523067,0.014283,1,1,1484,1483,0,0
enc_decode,chatcmpl-bfa0d8b2777447898efac211c3d7c76c,3175310.537592,0.014252,1,1,1485,1484,0,0
enc_decode,chatcmpl-bfa0d8b2777447898efac211c3d7c76c,3175310.552099,0.014301,1,1,1486,1485,0,0
enc_decode,chatcmpl-bfa0d8b2777447898efac211c3d7c76c,3175310.566646,0.014274,1,1,1487,1486,0,0
enc_decode,chatcmpl-bfa0d8b2777447898efac211c3d7c76c,3175310.581167,0.014263,1,1,1488,1487,0,0
enc_decode,chatcmpl-bfa0d8b2777447898efac211c3d7c76c,3175310.595675,0.014280,1,1,1489,1488,0,0
enc_decode,chatcmpl-bfa0d8b2777447898efac211c3d7c76c,3175310.610198,0.014289,1,1,1490,1489,0,0
enc_decode,chatcmpl-bfa0d8b2777447898efac211c3d7c76c,3175310.624733,0.014259,1,1,1491,1490,0,0
enc_decode,chatcmpl-bfa0d8b2777447898efac211c3d7c76c,3175310.639235,0.014279,1,1,1492,1491,0,0
enc_decode,chatcmpl-bfa0d8b2777447898efac211c3d7c76c,3175310.653757,0.014271,1,1,1493,1492,0,0
enc_decode,chatcmpl-bfa0d8b2777447898efac211c3d7c76c,3175310.668269,0.014269,1,1,1494,1493,0,0
enc_decode,chatcmpl-bfa0d8b2777447898efac211c3d7c76c,3175310.682780,0.014280,1,1,1495,1494,0,0
enc_decode,chatcmpl-bfa0d8b2777447898efac211c3d7c76c,3175310.697314,0.014301,1,1,1496,1495,0,0
enc_prefill,chatcmpl-b91667f1079e451d86e0bece8ef26d1d,3175310.733564,0.337696,1,1363,1363,0,1,0
enc_decode,chatcmpl-b91667f1079e451d86e0bece8ef26d1d,3175311.071650,0.014186,1,1,1364,1363,0,0
enc_decode,chatcmpl-b91667f1079e451d86e0bece8ef26d1d,3175311.086060,0.014125,1,1,1365,1364,0,0
enc_decode,chatcmpl-b91667f1079e451d86e0bece8ef26d1d,3175311.100401,0.014108,1,1,1366,1365,0,0
enc_decode,chatcmpl-b91667f1079e451d86e0bece8ef26d1d,3175311.114726,0.014113,1,1,1367,1366,0,0
enc_decode,chatcmpl-b91667f1079e451d86e0bece8ef26d1d,3175311.129054,0.014125,1,1,1368,1367,0,0
enc_decode,chatcmpl-b91667f1079e451d86e0bece8ef26d1d,3175311.143395,0.014114,1,1,1369,1368,0,0
enc_decode,chatcmpl-b91667f1079e451d86e0bece8ef26d1d,3175311.157728,0.014176,1,1,1370,1369,0,0
enc_decode,chatcmpl-b91667f1079e451d86e0bece8ef26d1d,3175311.172128,0.014108,1,1,1371,1370,0,0
enc_decode,chatcmpl-b91667f1079e451d86e0bece8ef26d1d,3175311.186454,0.014108,1,1,1372,1371,0,0
enc_decode,chatcmpl-b91667f1079e451d86e0bece8ef26d1d,3175311.200778,0.014116,1,1,1373,1372,0,0
enc_decode,chatcmpl-b91667f1079e451d86e0bece8ef26d1d,3175311.215106,0.014182,1,1,1374,1373,0,0
enc_decode,chatcmpl-b91667f1079e451d86e0bece8ef26d1d,3175311.229506,0.014115,1,1,1375,1374,0,0
enc_decode,chatcmpl-b91667f1079e451d86e0bece8ef26d1d,3175311.243835,0.014106,1,1,1376,1375,0,0
enc_decode,chatcmpl-b91667f1079e451d86e0bece8ef26d1d,3175311.258155,0.014094,1,1,1377,1376,0,0
enc_decode,chatcmpl-b91667f1079e451d86e0bece8ef26d1d,3175311.272468,0.014103,1,1,1378,1377,0,0
enc_decode,chatcmpl-b91667f1079e451d86e0bece8ef26d1d,3175311.286787,0.014090,1,1,1379,1378,0,0
enc_decode,chatcmpl-b91667f1079e451d86e0bece8ef26d1d,3175311.301093,0.014110,1,1,1380,1379,0,0
enc_decode,chatcmpl-b91667f1079e451d86e0bece8ef26d1d,3175311.315424,0.014105,1,1,1381,1380,0,0
enc_decode,chatcmpl-b91667f1079e451d86e0bece8ef26d1d,3175311.329749,0.014113,1,1,1382,1381,0,0
enc_decode,chatcmpl-b91667f1079e451d86e0bece8ef26d1d,3175311.344088,0.014128,1,1,1383,1382,0,0
enc_decode,chatcmpl-b91667f1079e451d86e0bece8ef26d1d,3175311.358439,0.014101,1,1,1384,1383,0,0
enc_decode,chatcmpl-b91667f1079e451d86e0bece8ef26d1d,3175311.372754,0.014101,1,1,1385,1384,0,0
enc_decode,chatcmpl-b91667f1079e451d86e0bece8ef26d1d,3175311.387077,0.014127,1,1,1386,1385,0,0
enc_decode,chatcmpl-b91667f1079e451d86e0bece8ef26d1d,3175311.401425,0.014107,1,1,1387,1386,0,0
enc_decode,chatcmpl-b91667f1079e451d86e0bece8ef26d1d,3175311.415753,0.014130,1,1,1388,1387,0,0
enc_decode,chatcmpl-b91667f1079e451d86e0bece8ef26d1d,3175311.430107,0.014103,1,1,1389,1388,0,0
enc_decode,chatcmpl-b91667f1079e451d86e0bece8ef26d1d,3175311.444431,0.014093,1,1,1390,1389,0,0
enc_decode,chatcmpl-b91667f1079e451d86e0bece8ef26d1d,3175311.458745,0.014122,1,1,1391,1390,0,0
enc_decode,chatcmpl-b91667f1079e451d86e0bece8ef26d1d,3175311.473086,0.014103,1,1,1392,1391,0,0
enc_decode,chatcmpl-b91667f1079e451d86e0bece8ef26d1d,3175311.487408,0.014187,1,1,1393,1392,0,0
enc_decode,chatcmpl-b91667f1079e451d86e0bece8ef26d1d,3175311.501817,0.014089,1,1,1394,1393,0,0
enc_decode,chatcmpl-b91667f1079e451d86e0bece8ef26d1d,3175311.516131,0.014100,1,1,1395,1394,0,0
enc_decode,chatcmpl-b91667f1079e451d86e0bece8ef26d1d,3175311.530447,0.014085,1,1,1396,1395,0,0
enc_decode,chatcmpl-b91667f1079e451d86e0bece8ef26d1d,3175311.544751,0.014112,1,1,1397,1396,0,0
enc_decode,chatcmpl-b91667f1079e451d86e0bece8ef26d1d,3175311.559083,0.014116,1,1,1398,1397,0,0
enc_decode,chatcmpl-b91667f1079e451d86e0bece8ef26d1d,3175311.573418,0.014112,1,1,1399,1398,0,0
enc_decode,chatcmpl-b91667f1079e451d86e0bece8ef26d1d,3175311.587750,0.014105,1,1,1400,1399,0,0
enc_decode,chatcmpl-b91667f1079e451d86e0bece8ef26d1d,3175311.602072,0.014111,1,1,1401,1400,0,0
enc_decode,chatcmpl-b91667f1079e451d86e0bece8ef26d1d,3175311.616401,0.014100,1,1,1402,1401,0,0
enc_decode,chatcmpl-b91667f1079e451d86e0bece8ef26d1d,3175311.630718,0.014099,1,1,1403,1402,0,0
enc_decode,chatcmpl-b91667f1079e451d86e0bece8ef26d1d,3175311.645034,0.014103,1,1,1404,1403,0,0
enc_decode,chatcmpl-b91667f1079e451d86e0bece8ef26d1d,3175311.659364,0.014113,1,1,1405,1404,0,0
enc_decode,chatcmpl-b91667f1079e451d86e0bece8ef26d1d,3175311.673693,0.014097,1,1,1406,1405,0,0
enc_decode,chatcmpl-b91667f1079e451d86e0bece8ef26d1d,3175311.688018,0.014117,1,1,1407,1406,0,0
enc_decode,chatcmpl-b91667f1079e451d86e0bece8ef26d1d,3175311.702355,0.014098,1,1,1408,1407,0,0
enc_decode,chatcmpl-b91667f1079e451d86e0bece8ef26d1d,3175311.716684,0.014110,1,1,1409,1408,0,0
enc_decode,chatcmpl-b91667f1079e451d86e0bece8ef26d1d,3175311.731009,0.014104,1,1,1410,1409,0,0
enc_decode,chatcmpl-b91667f1079e451d86e0bece8ef26d1d,3175311.745331,0.014087,1,1,1411,1410,0,0
enc_decode,chatcmpl-b91667f1079e451d86e0bece8ef26d1d,3175311.759636,0.014107,1,1,1412,1411,0,0
enc_decode,chatcmpl-b91667f1079e451d86e0bece8ef26d1d,3175311.773962,0.014103,1,1,1413,1412,0,0
enc_decode,chatcmpl-b91667f1079e451d86e0bece8ef26d1d,3175311.788281,0.014098,1,1,1414,1413,0,0
enc_decode,chatcmpl-b91667f1079e451d86e0bece8ef26d1d,3175311.802600,0.014107,1,1,1415,1414,0,0
enc_decode,chatcmpl-b91667f1079e451d86e0bece8ef26d1d,3175311.816924,0.014155,1,1,1416,1415,0,0
enc_decode,chatcmpl-b91667f1079e451d86e0bece8ef26d1d,3175311.831298,0.014124,1,1,1417,1416,0,0
enc_decode,chatcmpl-b91667f1079e451d86e0bece8ef26d1d,3175311.845644,0.014117,1,1,1418,1417,0,0
enc_decode,chatcmpl-b91667f1079e451d86e0bece8ef26d1d,3175311.859980,0.014122,1,1,1419,1418,0,0
enc_decode,chatcmpl-b91667f1079e451d86e0bece8ef26d1d,3175311.874320,0.014101,1,1,1420,1419,0,0
enc_decode,chatcmpl-b91667f1079e451d86e0bece8ef26d1d,3175311.888641,0.014103,1,1,1421,1420,0,0
enc_decode,chatcmpl-b91667f1079e451d86e0bece8ef26d1d,3175311.902961,0.014105,1,1,1422,1421,0,0
enc_decode,chatcmpl-b91667f1079e451d86e0bece8ef26d1d,3175311.917279,0.014096,1,1,1423,1422,0,0
enc_decode,chatcmpl-b91667f1079e451d86e0bece8ef26d1d,3175311.931591,0.014107,1,1,1424,1423,0,0
enc_decode,chatcmpl-b91667f1079e451d86e0bece8ef26d1d,3175311.945913,0.014104,1,1,1425,1424,0,0
enc_decode,chatcmpl-b91667f1079e451d86e0bece8ef26d1d,3175311.960234,0.014096,1,1,1426,1425,0,0
enc_decode,chatcmpl-b91667f1079e451d86e0bece8ef26d1d,3175311.974549,0.014108,1,1,1427,1426,0,0
enc_decode,chatcmpl-b91667f1079e451d86e0bece8ef26d1d,3175311.988872,0.014088,1,1,1428,1427,0,0
enc_decode,chatcmpl-b91667f1079e451d86e0bece8ef26d1d,3175312.003179,0.014135,1,1,1429,1428,0,0
enc_decode,chatcmpl-b91667f1079e451d86e0bece8ef26d1d,3175312.017532,0.014087,1,1,1430,1429,0,0
enc_decode,chatcmpl-b91667f1079e451d86e0bece8ef26d1d,3175312.031834,0.014107,1,1,1431,1430,0,0
enc_decode,chatcmpl-b91667f1079e451d86e0bece8ef26d1d,3175312.046156,0.014100,1,1,1432,1431,0,0
enc_decode,chatcmpl-b91667f1079e451d86e0bece8ef26d1d,3175312.060477,0.014117,1,1,1433,1432,0,0
enc_decode,chatcmpl-b91667f1079e451d86e0bece8ef26d1d,3175312.074807,0.014096,1,1,1434,1433,0,0
enc_decode,chatcmpl-b91667f1079e451d86e0bece8ef26d1d,3175312.089119,0.014130,1,1,1435,1434,0,0
enc_decode,chatcmpl-b91667f1079e451d86e0bece8ef26d1d,3175312.103472,0.014104,1,1,1436,1435,0,0
enc_decode,chatcmpl-b91667f1079e451d86e0bece8ef26d1d,3175312.117795,0.014114,1,1,1437,1436,0,0
enc_decode,chatcmpl-b91667f1079e451d86e0bece8ef26d1d,3175312.132132,0.014099,1,1,1438,1437,0,0
enc_decode,chatcmpl-b91667f1079e451d86e0bece8ef26d1d,3175312.146444,0.014200,1,1,1439,1438,0,0
enc_decode,chatcmpl-b91667f1079e451d86e0bece8ef26d1d,3175312.160868,0.014091,1,1,1440,1439,0,0
enc_decode,chatcmpl-b91667f1079e451d86e0bece8ef26d1d,3175312.175176,0.014116,1,1,1441,1440,0,0
enc_decode,chatcmpl-b91667f1079e451d86e0bece8ef26d1d,3175312.189511,0.014113,1,1,1442,1441,0,0
enc_decode,chatcmpl-b91667f1079e451d86e0bece8ef26d1d,3175312.203848,0.014128,1,1,1443,1442,0,0
enc_decode,chatcmpl-b91667f1079e451d86e0bece8ef26d1d,3175312.218198,0.014132,1,1,1444,1443,0,0
enc_decode,chatcmpl-b91667f1079e451d86e0bece8ef26d1d,3175312.232546,0.014103,1,1,1445,1444,0,0
enc_decode,chatcmpl-b91667f1079e451d86e0bece8ef26d1d,3175312.246868,0.014129,1,1,1446,1445,0,0
enc_decode,chatcmpl-b91667f1079e451d86e0bece8ef26d1d,3175312.261216,0.014107,1,1,1447,1446,0,0
enc_decode,chatcmpl-b91667f1079e451d86e0bece8ef26d1d,3175312.275550,0.014127,1,1,1448,1447,0,0
enc_decode,chatcmpl-b91667f1079e451d86e0bece8ef26d1d,3175312.289893,0.014101,1,1,1449,1448,0,0
enc_decode,chatcmpl-b91667f1079e451d86e0bece8ef26d1d,3175312.304219,0.014092,1,1,1450,1449,0,0
enc_decode,chatcmpl-b91667f1079e451d86e0bece8ef26d1d,3175312.318528,0.014096,1,1,1451,1450,0,0
enc_decode,chatcmpl-b91667f1079e451d86e0bece8ef26d1d,3175312.332843,0.014092,1,1,1452,1451,0,0
enc_decode,chatcmpl-b91667f1079e451d86e0bece8ef26d1d,3175312.347155,0.014112,1,1,1453,1452,0,0
enc_decode,chatcmpl-b91667f1079e451d86e0bece8ef26d1d,3175312.361487,0.014085,1,1,1454,1453,0,0
enc_decode,chatcmpl-b91667f1079e451d86e0bece8ef26d1d,3175312.375790,0.014123,1,1,1455,1454,0,0
enc_decode,chatcmpl-b91667f1079e451d86e0bece8ef26d1d,3175312.390131,0.014094,1,1,1456,1455,0,0
enc_decode,chatcmpl-b91667f1079e451d86e0bece8ef26d1d,3175312.404445,0.014148,1,1,1457,1456,0,0
enc_decode,chatcmpl-b91667f1079e451d86e0bece8ef26d1d,3175312.418812,0.014141,1,1,1458,1457,0,0
enc_decode,chatcmpl-b91667f1079e451d86e0bece8ef26d1d,3175312.433173,0.014128,1,1,1459,1458,0,0
enc_decode,chatcmpl-b91667f1079e451d86e0bece8ef26d1d,3175312.447517,0.014121,1,1,1460,1459,0,0
enc_decode,chatcmpl-b91667f1079e451d86e0bece8ef26d1d,3175312.461862,0.014107,1,1,1461,1460,0,0
enc_decode,chatcmpl-b91667f1079e451d86e0bece8ef26d1d,3175312.476196,0.014186,1,1,1462,1461,0,0
enc_decode,chatcmpl-b91667f1079e451d86e0bece8ef26d1d,3175312.490601,0.014127,1,1,1463,1462,0,0
enc_decode,chatcmpl-b91667f1079e451d86e0bece8ef26d1d,3175312.504948,0.014127,1,1,1464,1463,0,0
enc_decode,chatcmpl-b91667f1079e451d86e0bece8ef26d1d,3175312.519297,0.014127,1,1,1465,1464,0,0
enc_decode,chatcmpl-b91667f1079e451d86e0bece8ef26d1d,3175312.533648,0.014117,1,1,1466,1465,0,0
enc_decode,chatcmpl-b91667f1079e451d86e0bece8ef26d1d,3175312.547989,0.014139,1,1,1467,1466,0,0
enc_decode,chatcmpl-b91667f1079e451d86e0bece8ef26d1d,3175312.562348,0.014111,1,1,1468,1467,0,0
enc_decode,chatcmpl-b91667f1079e451d86e0bece8ef26d1d,3175312.576677,0.014121,1,1,1469,1468,0,0
enc_decode,chatcmpl-b91667f1079e451d86e0bece8ef26d1d,3175312.591018,0.014121,1,1,1470,1469,0,0
enc_decode,chatcmpl-b91667f1079e451d86e0bece8ef26d1d,3175312.605359,0.014132,1,1,1471,1470,0,0
enc_decode,chatcmpl-b91667f1079e451d86e0bece8ef26d1d,3175312.619712,0.014141,1,1,1472,1471,0,0
enc_decode,chatcmpl-b91667f1079e451d86e0bece8ef26d1d,3175312.634072,0.014114,1,1,1473,1472,0,0
enc_decode,chatcmpl-b91667f1079e451d86e0bece8ef26d1d,3175312.648406,0.014122,1,1,1474,1473,0,0
enc_decode,chatcmpl-b91667f1079e451d86e0bece8ef26d1d,3175312.662749,0.014116,1,1,1475,1474,0,0
enc_decode,chatcmpl-b91667f1079e451d86e0bece8ef26d1d,3175312.677085,0.014118,1,1,1476,1475,0,0
enc_decode,chatcmpl-b91667f1079e451d86e0bece8ef26d1d,3175312.691424,0.014133,1,1,1477,1476,0,0
enc_decode,chatcmpl-b91667f1079e451d86e0bece8ef26d1d,3175312.705779,0.014121,1,1,1478,1477,0,0
enc_decode,chatcmpl-b91667f1079e451d86e0bece8ef26d1d,3175312.720126,0.014123,1,1,1479,1478,0,0
enc_decode,chatcmpl-b91667f1079e451d86e0bece8ef26d1d,3175312.734468,0.014105,1,1,1480,1479,0,0
enc_decode,chatcmpl-b91667f1079e451d86e0bece8ef26d1d,3175312.748791,0.014117,1,1,1481,1480,0,0
enc_decode,chatcmpl-b91667f1079e451d86e0bece8ef26d1d,3175312.763127,0.014136,1,1,1482,1481,0,0
enc_decode,chatcmpl-b91667f1079e451d86e0bece8ef26d1d,3175312.777483,0.014112,1,1,1483,1482,0,0
enc_decode,chatcmpl-b91667f1079e451d86e0bece8ef26d1d,3175312.791816,0.014105,1,1,1484,1483,0,0
enc_decode,chatcmpl-b91667f1079e451d86e0bece8ef26d1d,3175312.806140,0.014136,1,1,1485,1484,0,0
enc_decode,chatcmpl-b91667f1079e451d86e0bece8ef26d1d,3175312.820492,0.014123,1,1,1486,1485,0,0
enc_decode,chatcmpl-b91667f1079e451d86e0bece8ef26d1d,3175312.834837,0.014132,1,1,1487,1486,0,0
enc_decode,chatcmpl-b91667f1079e451d86e0bece8ef26d1d,3175312.849189,0.014095,1,1,1488,1487,0,0
enc_decode,chatcmpl-b91667f1079e451d86e0bece8ef26d1d,3175312.863506,0.014131,1,1,1489,1488,0,0
enc_decode,chatcmpl-b91667f1079e451d86e0bece8ef26d1d,3175312.877855,0.014119,1,1,1490,1489,0,0
enc_decode,chatcmpl-b91667f1079e451d86e0bece8ef26d1d,3175312.892210,0.014121,1,1,1491,1490,0,0
enc_decode,chatcmpl-b91667f1079e451d86e0bece8ef26d1d,3175312.906557,0.014132,1,1,1492,1491,0,0
enc_decode,chatcmpl-b91667f1079e451d86e0bece8ef26d1d,3175312.920908,0.014134,1,1,1493,1492,0,0
enc_decode,chatcmpl-b91667f1079e451d86e0bece8ef26d1d,3175312.935261,0.014124,1,1,1494,1493,0,0
enc_decode,chatcmpl-b91667f1079e451d86e0bece8ef26d1d,3175312.949601,0.014126,1,1,1495,1494,0,0
enc_decode,chatcmpl-b91667f1079e451d86e0bece8ef26d1d,3175312.963948,0.014142,1,1,1496,1495,0,0
enc_decode,chatcmpl-b91667f1079e451d86e0bece8ef26d1d,3175312.978311,0.014152,1,1,1497,1496,0,0
enc_decode,chatcmpl-b91667f1079e451d86e0bece8ef26d1d,3175312.992684,0.014126,1,1,1498,1497,0,0
enc_decode,chatcmpl-b91667f1079e451d86e0bece8ef26d1d,3175313.007033,0.014151,1,1,1499,1498,0,0
enc_decode,chatcmpl-b91667f1079e451d86e0bece8ef26d1d,3175313.021404,0.014103,1,1,1500,1499,0,0
enc_decode,chatcmpl-b91667f1079e451d86e0bece8ef26d1d,3175313.035729,0.014129,1,1,1501,1500,0,0
enc_decode,chatcmpl-b91667f1079e451d86e0bece8ef26d1d,3175313.050078,0.014121,1,1,1502,1501,0,0
enc_decode,chatcmpl-b91667f1079e451d86e0bece8ef26d1d,3175313.064419,0.014141,1,1,1503,1502,0,0
enc_prefill,chatcmpl-03a0fe71d3cf4826b874543e042676b1,3175313.098139,0.330012,1,1371,1371,0,1,0
enc_decode,chatcmpl-03a0fe71d3cf4826b874543e042676b1,3175313.428547,0.014225,1,1,1372,1371,0,0
enc_decode,chatcmpl-03a0fe71d3cf4826b874543e042676b1,3175313.443007,0.014220,1,1,1373,1372,0,0
enc_decode,chatcmpl-03a0fe71d3cf4826b874543e042676b1,3175313.457459,0.014218,1,1,1374,1373,0,0
enc_decode,chatcmpl-03a0fe71d3cf4826b874543e042676b1,3175313.471909,0.014216,1,1,1375,1374,0,0
enc_decode,chatcmpl-03a0fe71d3cf4826b874543e042676b1,3175313.486352,0.014185,1,1,1376,1375,0,0
enc_decode,chatcmpl-03a0fe71d3cf4826b874543e042676b1,3175313.500764,0.014191,1,1,1377,1376,0,0
enc_decode,chatcmpl-03a0fe71d3cf4826b874543e042676b1,3175313.515181,0.014201,1,1,1378,1377,0,0
enc_decode,chatcmpl-03a0fe71d3cf4826b874543e042676b1,3175313.529614,0.014185,1,1,1379,1378,0,0
enc_decode,chatcmpl-03a0fe71d3cf4826b874543e042676b1,3175313.544040,0.014209,1,1,1380,1379,0,0
enc_decode,chatcmpl-03a0fe71d3cf4826b874543e042676b1,3175313.558477,0.014185,1,1,1381,1380,0,0
enc_decode,chatcmpl-03a0fe71d3cf4826b874543e042676b1,3175313.572888,0.014264,1,1,1382,1381,0,0
enc_decode,chatcmpl-03a0fe71d3cf4826b874543e042676b1,3175313.587377,0.014199,1,1,1383,1382,0,0
enc_decode,chatcmpl-03a0fe71d3cf4826b874543e042676b1,3175313.601807,0.014158,1,1,1384,1383,0,0
enc_decode,chatcmpl-03a0fe71d3cf4826b874543e042676b1,3175313.616198,0.014160,1,1,1385,1384,0,0
enc_decode,chatcmpl-03a0fe71d3cf4826b874543e042676b1,3175313.630587,0.014166,1,1,1386,1385,0,0
enc_decode,chatcmpl-03a0fe71d3cf4826b874543e042676b1,3175313.644981,0.014184,1,1,1387,1386,0,0
enc_decode,chatcmpl-03a0fe71d3cf4826b874543e042676b1,3175313.659393,0.014166,1,1,1388,1387,0,0
enc_decode,chatcmpl-03a0fe71d3cf4826b874543e042676b1,3175313.673790,0.014174,1,1,1389,1388,0,0
enc_decode,chatcmpl-03a0fe71d3cf4826b874543e042676b1,3175313.688203,0.014168,1,1,1390,1389,0,0
enc_decode,chatcmpl-03a0fe71d3cf4826b874543e042676b1,3175313.702601,0.014202,1,1,1391,1390,0,0
enc_decode,chatcmpl-03a0fe71d3cf4826b874543e042676b1,3175313.717035,0.014174,1,1,1392,1391,0,0
enc_decode,chatcmpl-03a0fe71d3cf4826b874543e042676b1,3175313.731441,0.014197,1,1,1393,1392,0,0
enc_decode,chatcmpl-03a0fe71d3cf4826b874543e042676b1,3175313.745867,0.014172,1,1,1394,1393,0,0
enc_decode,chatcmpl-03a0fe71d3cf4826b874543e042676b1,3175313.760270,0.014169,1,1,1395,1394,0,0
enc_decode,chatcmpl-03a0fe71d3cf4826b874543e042676b1,3175313.774668,0.014169,1,1,1396,1395,0,0
enc_decode,chatcmpl-03a0fe71d3cf4826b874543e042676b1,3175313.789065,0.014185,1,1,1397,1396,0,0
enc_decode,chatcmpl-03a0fe71d3cf4826b874543e042676b1,3175313.803485,0.014167,1,1,1398,1397,0,0
enc_decode,chatcmpl-03a0fe71d3cf4826b874543e042676b1,3175313.817882,0.014174,1,1,1399,1398,0,0
enc_decode,chatcmpl-03a0fe71d3cf4826b874543e042676b1,3175313.832287,0.014176,1,1,1400,1399,0,0
enc_decode,chatcmpl-03a0fe71d3cf4826b874543e042676b1,3175313.846704,0.014190,1,1,1401,1400,0,0
enc_decode,chatcmpl-03a0fe71d3cf4826b874543e042676b1,3175313.861121,0.014166,1,1,1402,1401,0,0
enc_decode,chatcmpl-03a0fe71d3cf4826b874543e042676b1,3175313.875519,0.014191,1,1,1403,1402,0,0
enc_decode,chatcmpl-03a0fe71d3cf4826b874543e042676b1,3175313.889940,0.014170,1,1,1404,1403,0,0
enc_decode,chatcmpl-03a0fe71d3cf4826b874543e042676b1,3175313.904339,0.014263,1,1,1405,1404,0,0
enc_decode,chatcmpl-03a0fe71d3cf4826b874543e042676b1,3175313.918832,0.014186,1,1,1406,1405,0,0
enc_decode,chatcmpl-03a0fe71d3cf4826b874543e042676b1,3175313.933248,0.014174,1,1,1407,1406,0,0
enc_decode,chatcmpl-03a0fe71d3cf4826b874543e042676b1,3175313.947655,0.014206,1,1,1408,1407,0,0
enc_decode,chatcmpl-03a0fe71d3cf4826b874543e042676b1,3175313.962102,0.014195,1,1,1409,1408,0,0
enc_decode,chatcmpl-03a0fe71d3cf4826b874543e042676b1,3175313.976528,0.014222,1,1,1410,1409,0,0
enc_decode,chatcmpl-03a0fe71d3cf4826b874543e042676b1,3175313.990979,0.014175,1,1,1411,1410,0,0
enc_decode,chatcmpl-03a0fe71d3cf4826b874543e042676b1,3175314.005385,0.014179,1,1,1412,1411,0,0
enc_decode,chatcmpl-03a0fe71d3cf4826b874543e042676b1,3175314.019794,0.014182,1,1,1413,1412,0,0
enc_decode,chatcmpl-03a0fe71d3cf4826b874543e042676b1,3175314.034206,0.014166,1,1,1414,1413,0,0
enc_decode,chatcmpl-03a0fe71d3cf4826b874543e042676b1,3175314.048603,0.014151,1,1,1415,1414,0,0
enc_decode,chatcmpl-03a0fe71d3cf4826b874543e042676b1,3175314.062981,0.014171,1,1,1416,1415,0,0
enc_decode,chatcmpl-03a0fe71d3cf4826b874543e042676b1,3175314.077386,0.014188,1,1,1417,1416,0,0
enc_decode,chatcmpl-03a0fe71d3cf4826b874543e042676b1,3175314.091805,0.014185,1,1,1418,1417,0,0
enc_decode,chatcmpl-03a0fe71d3cf4826b874543e042676b1,3175314.106218,0.014160,1,1,1419,1418,0,0
enc_decode,chatcmpl-03a0fe71d3cf4826b874543e042676b1,3175314.120608,0.014167,1,1,1420,1419,0,0
enc_decode,chatcmpl-03a0fe71d3cf4826b874543e042676b1,3175314.135004,0.014184,1,1,1421,1420,0,0
enc_decode,chatcmpl-03a0fe71d3cf4826b874543e042676b1,3175314.149416,0.014174,1,1,1422,1421,0,0
enc_decode,chatcmpl-03a0fe71d3cf4826b874543e042676b1,3175314.163822,0.014182,1,1,1423,1422,0,0
enc_decode,chatcmpl-03a0fe71d3cf4826b874543e042676b1,3175314.178228,0.014163,1,1,1424,1423,0,0
enc_decode,chatcmpl-03a0fe71d3cf4826b874543e042676b1,3175314.192620,0.014157,1,1,1425,1424,0,0
enc_decode,chatcmpl-03a0fe71d3cf4826b874543e042676b1,3175314.207009,0.014189,1,1,1426,1425,0,0
enc_decode,chatcmpl-03a0fe71d3cf4826b874543e042676b1,3175314.221426,0.014186,1,1,1427,1426,0,0
enc_decode,chatcmpl-03a0fe71d3cf4826b874543e042676b1,3175314.235842,0.014253,1,1,1428,1427,0,0
enc_decode,chatcmpl-03a0fe71d3cf4826b874543e042676b1,3175314.250323,0.014159,1,1,1429,1428,0,0
enc_decode,chatcmpl-03a0fe71d3cf4826b874543e042676b1,3175314.264710,0.014185,1,1,1430,1429,0,0
enc_decode,chatcmpl-03a0fe71d3cf4826b874543e042676b1,3175314.279124,0.014180,1,1,1431,1430,0,0
enc_decode,chatcmpl-03a0fe71d3cf4826b874543e042676b1,3175314.293533,0.014154,1,1,1432,1431,0,0
enc_decode,chatcmpl-03a0fe71d3cf4826b874543e042676b1,3175314.307918,0.014169,1,1,1433,1432,0,0
enc_decode,chatcmpl-03a0fe71d3cf4826b874543e042676b1,3175314.322316,0.014186,1,1,1434,1433,0,0
enc_decode,chatcmpl-03a0fe71d3cf4826b874543e042676b1,3175314.336731,0.014160,1,1,1435,1434,0,0
enc_decode,chatcmpl-03a0fe71d3cf4826b874543e042676b1,3175314.351125,0.014186,1,1,1436,1435,0,0
enc_decode,chatcmpl-03a0fe71d3cf4826b874543e042676b1,3175314.365543,0.014190,1,1,1437,1436,0,0
enc_decode,chatcmpl-03a0fe71d3cf4826b874543e042676b1,3175314.379965,0.014188,1,1,1438,1437,0,0
enc_decode,chatcmpl-03a0fe71d3cf4826b874543e042676b1,3175314.394382,0.014206,1,1,1439,1438,0,0
enc_decode,chatcmpl-03a0fe71d3cf4826b874543e042676b1,3175314.408817,0.014181,1,1,1440,1439,0,0
enc_decode,chatcmpl-03a0fe71d3cf4826b874543e042676b1,3175314.423226,0.014185,1,1,1441,1440,0,0
enc_decode,chatcmpl-03a0fe71d3cf4826b874543e042676b1,3175314.437643,0.014163,1,1,1442,1441,0,0
enc_decode,chatcmpl-03a0fe71d3cf4826b874543e042676b1,3175314.452042,0.014165,1,1,1443,1442,0,0
enc_decode,chatcmpl-03a0fe71d3cf4826b874543e042676b1,3175314.466447,0.014153,1,1,1444,1443,0,0
enc_decode,chatcmpl-03a0fe71d3cf4826b874543e042676b1,3175314.480832,0.014197,1,1,1445,1444,0,0
enc_decode,chatcmpl-03a0fe71d3cf4826b874543e042676b1,3175314.495261,0.014174,1,1,1446,1445,0,0
enc_decode,chatcmpl-03a0fe71d3cf4826b874543e042676b1,3175314.509666,0.014243,1,1,1447,1446,0,0
enc_decode,chatcmpl-03a0fe71d3cf4826b874543e042676b1,3175314.524146,0.014181,1,1,1448,1447,0,0
enc_decode,chatcmpl-03a0fe71d3cf4826b874543e042676b1,3175314.538560,0.014193,1,1,1449,1448,0,0
enc_decode,chatcmpl-03a0fe71d3cf4826b874543e042676b1,3175314.552978,0.014176,1,1,1450,1449,0,0
enc_decode,chatcmpl-03a0fe71d3cf4826b874543e042676b1,3175314.567383,0.014251,1,1,1451,1450,0,0
enc_decode,chatcmpl-03a0fe71d3cf4826b874543e042676b1,3175314.581865,0.014163,1,1,1452,1451,0,0
enc_decode,chatcmpl-03a0fe71d3cf4826b874543e042676b1,3175314.596258,0.014194,1,1,1453,1452,0,0
enc_decode,chatcmpl-03a0fe71d3cf4826b874543e042676b1,3175314.610679,0.014166,1,1,1454,1453,0,0
enc_decode,chatcmpl-03a0fe71d3cf4826b874543e042676b1,3175314.625074,0.014187,1,1,1455,1454,0,0
enc_decode,chatcmpl-03a0fe71d3cf4826b874543e042676b1,3175314.639490,0.014180,1,1,1456,1455,0,0
enc_decode,chatcmpl-03a0fe71d3cf4826b874543e042676b1,3175314.653896,0.014181,1,1,1457,1456,0,0
enc_decode,chatcmpl-03a0fe71d3cf4826b874543e042676b1,3175314.668303,0.014173,1,1,1458,1457,0,0
enc_decode,chatcmpl-03a0fe71d3cf4826b874543e042676b1,3175314.682703,0.014157,1,1,1459,1458,0,0
enc_decode,chatcmpl-03a0fe71d3cf4826b874543e042676b1,3175314.697086,0.014169,1,1,1460,1459,0,0
enc_decode,chatcmpl-03a0fe71d3cf4826b874543e042676b1,3175314.711489,0.014170,1,1,1461,1460,0,0
enc_decode,chatcmpl-03a0fe71d3cf4826b874543e042676b1,3175314.725887,0.014168,1,1,1462,1461,0,0
enc_decode,chatcmpl-03a0fe71d3cf4826b874543e042676b1,3175314.740288,0.014157,1,1,1463,1462,0,0
enc_decode,chatcmpl-03a0fe71d3cf4826b874543e042676b1,3175314.754671,0.014151,1,1,1464,1463,0,0
enc_decode,chatcmpl-03a0fe71d3cf4826b874543e042676b1,3175314.769056,0.014205,1,1,1465,1464,0,0
enc_decode,chatcmpl-03a0fe71d3cf4826b874543e042676b1,3175314.783496,0.014185,1,1,1466,1465,0,0
enc_decode,chatcmpl-03a0fe71d3cf4826b874543e042676b1,3175314.797910,0.014184,1,1,1467,1466,0,0
enc_decode,chatcmpl-03a0fe71d3cf4826b874543e042676b1,3175314.812323,0.014174,1,1,1468,1467,0,0
enc_decode,chatcmpl-03a0fe71d3cf4826b874543e042676b1,3175314.826725,0.014169,1,1,1469,1468,0,0
enc_decode,chatcmpl-03a0fe71d3cf4826b874543e042676b1,3175314.841120,0.014259,1,1,1470,1469,0,0
enc_decode,chatcmpl-03a0fe71d3cf4826b874543e042676b1,3175314.855607,0.014191,1,1,1471,1470,0,0
enc_decode,chatcmpl-03a0fe71d3cf4826b874543e042676b1,3175314.870034,0.014184,1,1,1472,1471,0,0
enc_decode,chatcmpl-03a0fe71d3cf4826b874543e042676b1,3175314.884451,0.014183,1,1,1473,1472,0,0
enc_decode,chatcmpl-03a0fe71d3cf4826b874543e042676b1,3175314.898864,0.014276,1,1,1474,1473,0,0
enc_prefill,chatcmpl-f5ca3474d76b4835b2061c7f3b42b105,3175314.932828,0.330319,1,1330,1330,0,1,0
enc_decode,chatcmpl-f5ca3474d76b4835b2061c7f3b42b105,3175315.263405,0.014154,1,1,1331,1330,0,0
enc_decode,chatcmpl-f5ca3474d76b4835b2061c7f3b42b105,3175315.277782,0.014201,1,1,1332,1331,0,0
enc_decode,chatcmpl-f5ca3474d76b4835b2061c7f3b42b105,3175315.292295,0.014148,1,1,1333,1332,0,0
enc_decode,chatcmpl-f5ca3474d76b4835b2061c7f3b42b105,3175315.306661,0.014111,1,1,1334,1333,0,0
enc_decode,chatcmpl-f5ca3474d76b4835b2061c7f3b42b105,3175315.320991,0.014106,1,1,1335,1334,0,0
enc_decode,chatcmpl-f5ca3474d76b4835b2061c7f3b42b105,3175315.335314,0.014199,1,1,1336,1335,0,0
enc_decode,chatcmpl-f5ca3474d76b4835b2061c7f3b42b105,3175315.349731,0.014120,1,1,1337,1336,0,0
enc_decode,chatcmpl-f5ca3474d76b4835b2061c7f3b42b105,3175315.364074,0.014115,1,1,1338,1337,0,0
enc_decode,chatcmpl-f5ca3474d76b4835b2061c7f3b42b105,3175315.378405,0.014091,1,1,1339,1338,0,0
enc_decode,chatcmpl-f5ca3474d76b4835b2061c7f3b42b105,3175315.392718,0.014109,1,1,1340,1339,0,0
enc_decode,chatcmpl-f5ca3474d76b4835b2061c7f3b42b105,3175315.407046,0.014109,1,1,1341,1340,0,0
enc_decode,chatcmpl-f5ca3474d76b4835b2061c7f3b42b105,3175315.421379,0.014119,1,1,1342,1341,0,0
enc_decode,chatcmpl-f5ca3474d76b4835b2061c7f3b42b105,3175315.435713,0.014113,1,1,1343,1342,0,0
enc_decode,chatcmpl-f5ca3474d76b4835b2061c7f3b42b105,3175315.450047,0.014154,1,1,1344,1343,0,0
enc_decode,chatcmpl-f5ca3474d76b4835b2061c7f3b42b105,3175315.464424,0.014139,1,1,1345,1344,0,0
enc_decode,chatcmpl-f5ca3474d76b4835b2061c7f3b42b105,3175315.478783,0.014155,1,1,1346,1345,0,0
enc_decode,chatcmpl-f5ca3474d76b4835b2061c7f3b42b105,3175315.493164,0.014265,1,1,1347,1346,0,0
enc_decode,chatcmpl-f5ca3474d76b4835b2061c7f3b42b105,3175315.507654,0.014187,1,1,1348,1347,0,0
enc_decode,chatcmpl-f5ca3474d76b4835b2061c7f3b42b105,3175315.522070,0.014270,1,1,1349,1348,0,0
enc_decode,chatcmpl-f5ca3474d76b4835b2061c7f3b42b105,3175315.536569,0.014277,1,1,1350,1349,0,0
enc_decode,chatcmpl-f5ca3474d76b4835b2061c7f3b42b105,3175315.551071,0.014180,1,1,1351,1350,0,0
enc_decode,chatcmpl-f5ca3474d76b4835b2061c7f3b42b105,3175315.565478,0.014283,1,1,1352,1351,0,0
enc_decode,chatcmpl-f5ca3474d76b4835b2061c7f3b42b105,3175315.579988,0.014196,1,1,1353,1352,0,0
enc_decode,chatcmpl-f5ca3474d76b4835b2061c7f3b42b105,3175315.594432,0.014193,1,1,1354,1353,0,0
enc_decode,chatcmpl-f5ca3474d76b4835b2061c7f3b42b105,3175315.608850,0.014350,1,1,1355,1354,0,0
enc_decode,chatcmpl-f5ca3474d76b4835b2061c7f3b42b105,3175315.623419,0.014177,1,1,1356,1355,0,0
enc_decode,chatcmpl-f5ca3474d76b4835b2061c7f3b42b105,3175315.637821,0.014254,1,1,1357,1356,0,0
enc_decode,chatcmpl-f5ca3474d76b4835b2061c7f3b42b105,3175315.652294,0.014127,1,1,1358,1357,0,0
enc_decode,chatcmpl-f5ca3474d76b4835b2061c7f3b42b105,3175315.666643,0.014375,1,1,1359,1358,0,0
enc_decode,chatcmpl-f5ca3474d76b4835b2061c7f3b42b105,3175315.681237,0.014263,1,1,1360,1359,0,0
enc_decode,chatcmpl-f5ca3474d76b4835b2061c7f3b42b105,3175315.695716,0.014149,1,1,1361,1360,0,0
enc_decode,chatcmpl-f5ca3474d76b4835b2061c7f3b42b105,3175315.710092,0.014250,1,1,1362,1361,0,0
enc_decode,chatcmpl-f5ca3474d76b4835b2061c7f3b42b105,3175315.724566,0.014258,1,1,1363,1362,0,0
enc_decode,chatcmpl-f5ca3474d76b4835b2061c7f3b42b105,3175315.739039,0.014166,1,1,1364,1363,0,0
enc_decode,chatcmpl-f5ca3474d76b4835b2061c7f3b42b105,3175315.753421,0.014171,1,1,1365,1364,0,0
enc_decode,chatcmpl-f5ca3474d76b4835b2061c7f3b42b105,3175315.767807,0.014156,1,1,1366,1365,0,0
enc_decode,chatcmpl-f5ca3474d76b4835b2061c7f3b42b105,3175315.782211,0.014187,1,1,1367,1366,0,0
enc_decode,chatcmpl-f5ca3474d76b4835b2061c7f3b42b105,3175315.796625,0.014275,1,1,1368,1367,0,0
enc_decode,chatcmpl-f5ca3474d76b4835b2061c7f3b42b105,3175315.811117,0.014142,1,1,1369,1368,0,0
enc_decode,chatcmpl-f5ca3474d76b4835b2061c7f3b42b105,3175315.825481,0.014258,1,1,1370,1369,0,0
enc_decode,chatcmpl-f5ca3474d76b4835b2061c7f3b42b105,3175315.839955,0.014182,1,1,1371,1370,0,0
enc_decode,chatcmpl-f5ca3474d76b4835b2061c7f3b42b105,3175315.854360,0.014260,1,1,1372,1371,0,0
enc_decode,chatcmpl-f5ca3474d76b4835b2061c7f3b42b105,3175315.868836,0.014163,1,1,1373,1372,0,0
enc_decode,chatcmpl-f5ca3474d76b4835b2061c7f3b42b105,3175315.883223,0.014269,1,1,1374,1373,0,0
enc_decode,chatcmpl-f5ca3474d76b4835b2061c7f3b42b105,3175315.897712,0.014143,1,1,1375,1374,0,0
enc_decode,chatcmpl-f5ca3474d76b4835b2061c7f3b42b105,3175315.912086,0.014265,1,1,1376,1375,0,0
enc_decode,chatcmpl-f5ca3474d76b4835b2061c7f3b42b105,3175315.926565,0.014145,1,1,1377,1376,0,0
enc_decode,chatcmpl-f5ca3474d76b4835b2061c7f3b42b105,3175315.940958,0.014275,1,1,1378,1377,0,0
enc_decode,chatcmpl-f5ca3474d76b4835b2061c7f3b42b105,3175315.955448,0.014145,1,1,1379,1378,0,0
enc_decode,chatcmpl-f5ca3474d76b4835b2061c7f3b42b105,3175315.969817,0.014261,1,1,1380,1379,0,0
enc_decode,chatcmpl-f5ca3474d76b4835b2061c7f3b42b105,3175315.984292,0.014150,1,1,1381,1380,0,0
enc_decode,chatcmpl-f5ca3474d76b4835b2061c7f3b42b105,3175315.998689,0.014267,1,1,1382,1381,0,0
enc_decode,chatcmpl-f5ca3474d76b4835b2061c7f3b42b105,3175316.013176,0.014141,1,1,1383,1382,0,0
enc_decode,chatcmpl-f5ca3474d76b4835b2061c7f3b42b105,3175316.027540,0.014269,1,1,1384,1383,0,0
enc_decode,chatcmpl-f5ca3474d76b4835b2061c7f3b42b105,3175316.042043,0.014256,1,1,1385,1384,0,0
enc_decode,chatcmpl-f5ca3474d76b4835b2061c7f3b42b105,3175316.056513,0.014165,1,1,1386,1385,0,0
enc_decode,chatcmpl-f5ca3474d76b4835b2061c7f3b42b105,3175316.070902,0.014255,1,1,1387,1386,0,0
enc_decode,chatcmpl-f5ca3474d76b4835b2061c7f3b42b105,3175316.085373,0.014351,1,1,1388,1387,0,0
enc_decode,chatcmpl-f5ca3474d76b4835b2061c7f3b42b105,3175316.099953,0.014153,1,1,1389,1388,0,0
enc_decode,chatcmpl-f5ca3474d76b4835b2061c7f3b42b105,3175316.114329,0.014270,1,1,1390,1389,0,0
enc_decode,chatcmpl-f5ca3474d76b4835b2061c7f3b42b105,3175316.128821,0.014270,1,1,1391,1390,0,0
enc_decode,chatcmpl-f5ca3474d76b4835b2061c7f3b42b105,3175316.143308,0.014169,1,1,1392,1391,0,0
enc_decode,chatcmpl-f5ca3474d76b4835b2061c7f3b42b105,3175316.157697,0.014254,1,1,1393,1392,0,0
enc_decode,chatcmpl-f5ca3474d76b4835b2061c7f3b42b105,3175316.172178,0.014245,1,1,1394,1393,0,0
enc_decode,chatcmpl-f5ca3474d76b4835b2061c7f3b42b105,3175316.186645,0.014256,1,1,1395,1394,0,0
enc_decode,chatcmpl-f5ca3474d76b4835b2061c7f3b42b105,3175316.201119,0.014160,1,1,1396,1395,0,0
enc_decode,chatcmpl-f5ca3474d76b4835b2061c7f3b42b105,3175316.215495,0.014140,1,1,1397,1396,0,0
enc_decode,chatcmpl-f5ca3474d76b4835b2061c7f3b42b105,3175316.229856,0.014261,1,1,1398,1397,0,0
enc_decode,chatcmpl-f5ca3474d76b4835b2061c7f3b42b105,3175316.244340,0.014355,1,1,1399,1398,0,0
enc_decode,chatcmpl-f5ca3474d76b4835b2061c7f3b42b105,3175316.258922,0.014175,1,1,1400,1399,0,0
enc_decode,chatcmpl-f5ca3474d76b4835b2061c7f3b42b105,3175316.273315,0.014420,1,1,1401,1400,0,0
enc_decode,chatcmpl-f5ca3474d76b4835b2061c7f3b42b105,3175316.287961,0.014182,1,1,1402,1401,0,0
enc_decode,chatcmpl-f5ca3474d76b4835b2061c7f3b42b105,3175316.302359,0.014356,1,1,1403,1402,0,0
enc_decode,chatcmpl-f5ca3474d76b4835b2061c7f3b42b105,3175316.316942,0.014157,1,1,1404,1403,0,0
enc_decode,chatcmpl-f5ca3474d76b4835b2061c7f3b42b105,3175316.331324,0.014371,1,1,1405,1404,0,0
enc_decode,chatcmpl-f5ca3474d76b4835b2061c7f3b42b105,3175316.345912,0.014154,1,1,1406,1405,0,0
enc_decode,chatcmpl-f5ca3474d76b4835b2061c7f3b42b105,3175316.360289,0.014244,1,1,1407,1406,0,0
enc_decode,chatcmpl-f5ca3474d76b4835b2061c7f3b42b105,3175316.374753,0.014292,1,1,1408,1407,0,0
enc_decode,chatcmpl-f5ca3474d76b4835b2061c7f3b42b105,3175316.389278,0.014261,1,1,1409,1408,0,0
enc_decode,chatcmpl-f5ca3474d76b4835b2061c7f3b42b105,3175316.403760,0.014276,1,1,1410,1409,0,0
enc_decode,chatcmpl-f5ca3474d76b4835b2061c7f3b42b105,3175316.418256,0.014281,1,1,1411,1410,0,0
enc_decode,chatcmpl-f5ca3474d76b4835b2061c7f3b42b105,3175316.432758,0.014282,1,1,1412,1411,0,0
enc_decode,chatcmpl-f5ca3474d76b4835b2061c7f3b42b105,3175316.447260,0.014149,1,1,1413,1412,0,0
enc_decode,chatcmpl-f5ca3474d76b4835b2061c7f3b42b105,3175316.461632,0.014264,1,1,1414,1413,0,0
enc_decode,chatcmpl-f5ca3474d76b4835b2061c7f3b42b105,3175316.476126,0.014276,1,1,1415,1414,0,0
enc_decode,chatcmpl-f5ca3474d76b4835b2061c7f3b42b105,3175316.490619,0.014164,1,1,1416,1415,0,0
enc_decode,chatcmpl-f5ca3474d76b4835b2061c7f3b42b105,3175316.505038,0.014179,1,1,1417,1416,0,0
enc_decode,chatcmpl-f5ca3474d76b4835b2061c7f3b42b105,3175316.519442,0.014264,1,1,1418,1417,0,0
enc_decode,chatcmpl-f5ca3474d76b4835b2061c7f3b42b105,3175316.533924,0.014270,1,1,1419,1418,0,0
enc_decode,chatcmpl-f5ca3474d76b4835b2061c7f3b42b105,3175316.548412,0.014265,1,1,1420,1419,0,0
enc_decode,chatcmpl-f5ca3474d76b4835b2061c7f3b42b105,3175316.562892,0.014187,1,1,1421,1420,0,0
enc_decode,chatcmpl-f5ca3474d76b4835b2061c7f3b42b105,3175316.577297,0.014137,1,1,1422,1421,0,0
enc_decode,chatcmpl-f5ca3474d76b4835b2061c7f3b42b105,3175316.591648,0.014177,1,1,1423,1422,0,0
enc_decode,chatcmpl-f5ca3474d76b4835b2061c7f3b42b105,3175316.606052,0.014347,1,1,1424,1423,0,0
enc_decode,chatcmpl-f5ca3474d76b4835b2061c7f3b42b105,3175316.620621,0.014262,1,1,1425,1424,0,0
enc_decode,chatcmpl-f5ca3474d76b4835b2061c7f3b42b105,3175316.635100,0.014364,1,1,1426,1425,0,0
enc_decode,chatcmpl-f5ca3474d76b4835b2061c7f3b42b105,3175316.649692,0.014151,1,1,1427,1426,0,0
enc_decode,chatcmpl-f5ca3474d76b4835b2061c7f3b42b105,3175316.664065,0.014158,1,1,1428,1427,0,0
enc_decode,chatcmpl-f5ca3474d76b4835b2061c7f3b42b105,3175316.678448,0.014154,1,1,1429,1428,0,0
enc_decode,chatcmpl-f5ca3474d76b4835b2061c7f3b42b105,3175316.692854,0.014187,1,1,1430,1429,0,0
enc_decode,chatcmpl-f5ca3474d76b4835b2061c7f3b42b105,3175316.707260,0.014267,1,1,1431,1430,0,0
enc_decode,chatcmpl-f5ca3474d76b4835b2061c7f3b42b105,3175316.721746,0.014259,1,1,1432,1431,0,0
enc_decode,chatcmpl-f5ca3474d76b4835b2061c7f3b42b105,3175316.736227,0.014265,1,1,1433,1432,0,0
enc_decode,chatcmpl-f5ca3474d76b4835b2061c7f3b42b105,3175316.750708,0.014168,1,1,1434,1433,0,0
enc_decode,chatcmpl-f5ca3474d76b4835b2061c7f3b42b105,3175316.765096,0.014252,1,1,1435,1434,0,0
enc_decode,chatcmpl-f5ca3474d76b4835b2061c7f3b42b105,3175316.779566,0.014160,1,1,1436,1435,0,0
enc_decode,chatcmpl-f5ca3474d76b4835b2061c7f3b42b105,3175316.793941,0.014151,1,1,1437,1436,0,0
enc_decode,chatcmpl-f5ca3474d76b4835b2061c7f3b42b105,3175316.808312,0.014265,1,1,1438,1437,0,0
enc_decode,chatcmpl-f5ca3474d76b4835b2061c7f3b42b105,3175316.822794,0.014174,1,1,1439,1438,0,0
enc_prefill,chatcmpl-e4da6934a31d414bb3729bb112f1a851,3175316.856548,0.330476,1,1351,1351,0,1,0
enc_decode,chatcmpl-e4da6934a31d414bb3729bb112f1a851,3175317.187301,0.014371,1,1,1352,1351,0,0
enc_decode,chatcmpl-e4da6934a31d414bb3729bb112f1a851,3175317.201888,0.014176,1,1,1353,1352,0,0
enc_decode,chatcmpl-e4da6934a31d414bb3729bb112f1a851,3175317.216361,0.014169,1,1,1354,1353,0,0
enc_decode,chatcmpl-e4da6934a31d414bb3729bb112f1a851,3175317.230752,0.014287,1,1,1355,1354,0,0
enc_decode,chatcmpl-e4da6934a31d414bb3729bb112f1a851,3175317.245255,0.014154,1,1,1356,1355,0,0
enc_decode,chatcmpl-e4da6934a31d414bb3729bb112f1a851,3175317.259632,0.014279,1,1,1357,1356,0,0
enc_decode,chatcmpl-e4da6934a31d414bb3729bb112f1a851,3175317.274134,0.014278,1,1,1358,1357,0,0
enc_decode,chatcmpl-e4da6934a31d414bb3729bb112f1a851,3175317.288629,0.014365,1,1,1359,1358,0,0
enc_decode,chatcmpl-e4da6934a31d414bb3729bb112f1a851,3175317.303222,0.014170,1,1,1360,1359,0,0
enc_decode,chatcmpl-e4da6934a31d414bb3729bb112f1a851,3175317.317611,0.014170,1,1,1361,1360,0,0
enc_decode,chatcmpl-e4da6934a31d414bb3729bb112f1a851,3175317.332041,0.014195,1,1,1362,1361,0,0
enc_decode,chatcmpl-e4da6934a31d414bb3729bb112f1a851,3175317.346452,0.014146,1,1,1363,1362,0,0
enc_decode,chatcmpl-e4da6934a31d414bb3729bb112f1a851,3175317.360846,0.014171,1,1,1364,1363,0,0
enc_decode,chatcmpl-e4da6934a31d414bb3729bb112f1a851,3175317.375235,0.014463,1,1,1365,1364,0,0
enc_decode,chatcmpl-e4da6934a31d414bb3729bb112f1a851,3175317.389926,0.014163,1,1,1366,1365,0,0
enc_decode,chatcmpl-e4da6934a31d414bb3729bb112f1a851,3175317.404307,0.014176,1,1,1367,1366,0,0
enc_decode,chatcmpl-e4da6934a31d414bb3729bb112f1a851,3175317.418732,0.014178,1,1,1368,1367,0,0
enc_decode,chatcmpl-e4da6934a31d414bb3729bb112f1a851,3175317.433132,0.014273,1,1,1369,1368,0,0
enc_decode,chatcmpl-e4da6934a31d414bb3729bb112f1a851,3175317.447622,0.014155,1,1,1370,1369,0,0
enc_decode,chatcmpl-e4da6934a31d414bb3729bb112f1a851,3175317.462003,0.014254,1,1,1371,1370,0,0
enc_decode,chatcmpl-e4da6934a31d414bb3729bb112f1a851,3175317.476473,0.014371,1,1,1372,1371,0,0
enc_decode,chatcmpl-e4da6934a31d414bb3729bb112f1a851,3175317.491073,0.014186,1,1,1373,1372,0,0
enc_decode,chatcmpl-e4da6934a31d414bb3729bb112f1a851,3175317.505483,0.014250,1,1,1374,1373,0,0
enc_decode,chatcmpl-e4da6934a31d414bb3729bb112f1a851,3175317.519950,0.014158,1,1,1375,1374,0,0
enc_decode,chatcmpl-e4da6934a31d414bb3729bb112f1a851,3175317.534357,0.014175,1,1,1376,1375,0,0
enc_decode,chatcmpl-e4da6934a31d414bb3729bb112f1a851,3175317.548748,0.014149,1,1,1377,1376,0,0
enc_decode,chatcmpl-e4da6934a31d414bb3729bb112f1a851,3175317.563155,0.014178,1,1,1378,1377,0,0
enc_decode,chatcmpl-e4da6934a31d414bb3729bb112f1a851,3175317.577548,0.014354,1,1,1379,1378,0,0
enc_decode,chatcmpl-e4da6934a31d414bb3729bb112f1a851,3175317.592128,0.014149,1,1,1380,1379,0,0
enc_decode,chatcmpl-e4da6934a31d414bb3729bb112f1a851,3175317.606497,0.014137,1,1,1381,1380,0,0
enc_decode,chatcmpl-e4da6934a31d414bb3729bb112f1a851,3175317.620859,0.014269,1,1,1382,1381,0,0
enc_decode,chatcmpl-e4da6934a31d414bb3729bb112f1a851,3175317.635360,0.014271,1,1,1383,1382,0,0
enc_decode,chatcmpl-e4da6934a31d414bb3729bb112f1a851,3175317.649854,0.014269,1,1,1384,1383,0,0
enc_decode,chatcmpl-e4da6934a31d414bb3729bb112f1a851,3175317.664343,0.014273,1,1,1385,1384,0,0
enc_decode,chatcmpl-e4da6934a31d414bb3729bb112f1a851,3175317.678838,0.014278,1,1,1386,1385,0,0
enc_decode,chatcmpl-e4da6934a31d414bb3729bb112f1a851,3175317.693330,0.014155,1,1,1387,1386,0,0
enc_decode,chatcmpl-e4da6934a31d414bb3729bb112f1a851,3175317.707741,0.014259,1,1,1388,1387,0,0
enc_decode,chatcmpl-e4da6934a31d414bb3729bb112f1a851,3175317.722217,0.014139,1,1,1389,1388,0,0
enc_decode,chatcmpl-e4da6934a31d414bb3729bb112f1a851,3175317.736577,0.014251,1,1,1390,1389,0,0
enc_decode,chatcmpl-e4da6934a31d414bb3729bb112f1a851,3175317.751050,0.014273,1,1,1391,1390,0,0
enc_decode,chatcmpl-e4da6934a31d414bb3729bb112f1a851,3175317.765539,0.014144,1,1,1392,1391,0,0
enc_decode,chatcmpl-e4da6934a31d414bb3729bb112f1a851,3175317.779905,0.014264,1,1,1393,1392,0,0
enc_decode,chatcmpl-e4da6934a31d414bb3729bb112f1a851,3175317.794389,0.014259,1,1,1394,1393,0,0
enc_decode,chatcmpl-e4da6934a31d414bb3729bb112f1a851,3175317.808866,0.014134,1,1,1395,1394,0,0
enc_decode,chatcmpl-e4da6934a31d414bb3729bb112f1a851,3175317.823227,0.014275,1,1,1396,1395,0,0
enc_decode,chatcmpl-e4da6934a31d414bb3729bb112f1a851,3175317.837718,0.014132,1,1,1397,1396,0,0
enc_decode,chatcmpl-e4da6934a31d414bb3729bb112f1a851,3175317.852107,0.014170,1,1,1398,1397,0,0
enc_decode,chatcmpl-e4da6934a31d414bb3729bb112f1a851,3175317.866498,0.014251,1,1,1399,1398,0,0
enc_decode,chatcmpl-e4da6934a31d414bb3729bb112f1a851,3175317.880962,0.014135,1,1,1400,1399,0,0
enc_decode,chatcmpl-e4da6934a31d414bb3729bb112f1a851,3175317.895324,0.014177,1,1,1401,1400,0,0
enc_decode,chatcmpl-e4da6934a31d414bb3729bb112f1a851,3175317.909718,0.014366,1,1,1402,1401,0,0
enc_decode,chatcmpl-e4da6934a31d414bb3729bb112f1a851,3175317.924312,0.014185,1,1,1403,1402,0,0
enc_decode,chatcmpl-e4da6934a31d414bb3729bb112f1a851,3175317.938721,0.014280,1,1,1404,1403,0,0
enc_decode,chatcmpl-e4da6934a31d414bb3729bb112f1a851,3175317.953218,0.014156,1,1,1405,1404,0,0
enc_decode,chatcmpl-e4da6934a31d414bb3729bb112f1a851,3175317.967597,0.014263,1,1,1406,1405,0,0
enc_decode,chatcmpl-e4da6934a31d414bb3729bb112f1a851,3175317.982077,0.014156,1,1,1407,1406,0,0
enc_decode,chatcmpl-e4da6934a31d414bb3729bb112f1a851,3175317.996481,0.014192,1,1,1408,1407,0,0
enc_decode,chatcmpl-e4da6934a31d414bb3729bb112f1a851,3175318.010910,0.014275,1,1,1409,1408,0,0
enc_decode,chatcmpl-e4da6934a31d414bb3729bb112f1a851,3175318.025405,0.014239,1,1,1410,1409,0,0
enc_decode,chatcmpl-e4da6934a31d414bb3729bb112f1a851,3175318.039862,0.014269,1,1,1411,1410,0,0
enc_decode,chatcmpl-e4da6934a31d414bb3729bb112f1a851,3175318.054382,0.014180,1,1,1412,1411,0,0
enc_decode,chatcmpl-e4da6934a31d414bb3729bb112f1a851,3175318.068785,0.014248,1,1,1413,1412,0,0
enc_decode,chatcmpl-e4da6934a31d414bb3729bb112f1a851,3175318.083251,0.014260,1,1,1414,1413,0,0
enc_decode,chatcmpl-e4da6934a31d414bb3729bb112f1a851,3175318.097727,0.014365,1,1,1415,1414,0,0
enc_decode,chatcmpl-e4da6934a31d414bb3729bb112f1a851,3175318.112318,0.014158,1,1,1416,1415,0,0
enc_decode,chatcmpl-e4da6934a31d414bb3729bb112f1a851,3175318.126690,0.014363,1,1,1417,1416,0,0
enc_decode,chatcmpl-e4da6934a31d414bb3729bb112f1a851,3175318.141280,0.014145,1,1,1418,1417,0,0
enc_decode,chatcmpl-e4da6934a31d414bb3729bb112f1a851,3175318.155647,0.014281,1,1,1419,1418,0,0
enc_decode,chatcmpl-e4da6934a31d414bb3729bb112f1a851,3175318.170142,0.014152,1,1,1420,1419,0,0
enc_decode,chatcmpl-e4da6934a31d414bb3729bb112f1a851,3175318.184542,0.014162,1,1,1421,1420,0,0
enc_decode,chatcmpl-e4da6934a31d414bb3729bb112f1a851,3175318.198921,0.014367,1,1,1422,1421,0,0
enc_decode,chatcmpl-e4da6934a31d414bb3729bb112f1a851,3175318.213514,0.014169,1,1,1423,1422,0,0
enc_decode,chatcmpl-e4da6934a31d414bb3729bb112f1a851,3175318.227906,0.014248,1,1,1424,1423,0,0
enc_decode,chatcmpl-e4da6934a31d414bb3729bb112f1a851,3175318.242376,0.014146,1,1,1425,1424,0,0
enc_decode,chatcmpl-e4da6934a31d414bb3729bb112f1a851,3175318.256752,0.014266,1,1,1426,1425,0,0
enc_decode,chatcmpl-e4da6934a31d414bb3729bb112f1a851,3175318.271238,0.014262,1,1,1427,1426,0,0
enc_decode,chatcmpl-e4da6934a31d414bb3729bb112f1a851,3175318.285716,0.014145,1,1,1428,1427,0,0
enc_decode,chatcmpl-e4da6934a31d414bb3729bb112f1a851,3175318.300094,0.014267,1,1,1429,1428,0,0
enc_decode,chatcmpl-e4da6934a31d414bb3729bb112f1a851,3175318.314578,0.014136,1,1,1430,1429,0,0
enc_decode,chatcmpl-e4da6934a31d414bb3729bb112f1a851,3175318.328935,0.014256,1,1,1431,1430,0,0
enc_decode,chatcmpl-e4da6934a31d414bb3729bb112f1a851,3175318.343406,0.014387,1,1,1432,1431,0,0
enc_decode,chatcmpl-e4da6934a31d414bb3729bb112f1a851,3175318.358020,0.014175,1,1,1433,1432,0,0
enc_decode,chatcmpl-e4da6934a31d414bb3729bb112f1a851,3175318.372407,0.014447,1,1,1434,1433,0,0
enc_decode,chatcmpl-e4da6934a31d414bb3729bb112f1a851,3175318.387083,0.014166,1,1,1435,1434,0,0
enc_decode,chatcmpl-e4da6934a31d414bb3729bb112f1a851,3175318.401467,0.014257,1,1,1436,1435,0,0
enc_decode,chatcmpl-e4da6934a31d414bb3729bb112f1a851,3175318.415943,0.014263,1,1,1437,1436,0,0
enc_decode,chatcmpl-e4da6934a31d414bb3729bb112f1a851,3175318.430423,0.014130,1,1,1438,1437,0,0
enc_decode,chatcmpl-e4da6934a31d414bb3729bb112f1a851,3175318.444776,0.014266,1,1,1439,1438,0,0
enc_decode,chatcmpl-e4da6934a31d414bb3729bb112f1a851,3175318.459264,0.014245,1,1,1440,1439,0,0
enc_decode,chatcmpl-e4da6934a31d414bb3729bb112f1a851,3175318.473728,0.014201,1,1,1441,1440,0,0
enc_decode,chatcmpl-e4da6934a31d414bb3729bb112f1a851,3175318.488154,0.014389,1,1,1442,1441,0,0
enc_decode,chatcmpl-e4da6934a31d414bb3729bb112f1a851,3175318.502771,0.014188,1,1,1443,1442,0,0
enc_decode,chatcmpl-e4da6934a31d414bb3729bb112f1a851,3175318.517181,0.014297,1,1,1444,1443,0,0
enc_decode,chatcmpl-e4da6934a31d414bb3729bb112f1a851,3175318.531697,0.014181,1,1,1445,1444,0,0
enc_decode,chatcmpl-e4da6934a31d414bb3729bb112f1a851,3175318.546131,0.014212,1,1,1446,1445,0,0
enc_decode,chatcmpl-e4da6934a31d414bb3729bb112f1a851,3175318.560561,0.014394,1,1,1447,1446,0,0
enc_decode,chatcmpl-e4da6934a31d414bb3729bb112f1a851,3175318.575185,0.014184,1,1,1448,1447,0,0
enc_decode,chatcmpl-e4da6934a31d414bb3729bb112f1a851,3175318.589589,0.014288,1,1,1449,1448,0,0
enc_decode,chatcmpl-e4da6934a31d414bb3729bb112f1a851,3175318.604108,0.014278,1,1,1450,1449,0,0
enc_decode,chatcmpl-e4da6934a31d414bb3729bb112f1a851,3175318.618601,0.014172,1,1,1451,1450,0,0
enc_decode,chatcmpl-e4da6934a31d414bb3729bb112f1a851,3175318.632997,0.014290,1,1,1452,1451,0,0
enc_decode,chatcmpl-e4da6934a31d414bb3729bb112f1a851,3175318.647510,0.014287,1,1,1453,1452,0,0
enc_decode,chatcmpl-e4da6934a31d414bb3729bb112f1a851,3175318.662013,0.014175,1,1,1454,1453,0,0
enc_decode,chatcmpl-e4da6934a31d414bb3729bb112f1a851,3175318.676416,0.014280,1,1,1455,1454,0,0
enc_decode,chatcmpl-e4da6934a31d414bb3729bb112f1a851,3175318.690919,0.014295,1,1,1456,1455,0,0
enc_decode,chatcmpl-e4da6934a31d414bb3729bb112f1a851,3175318.705437,0.014379,1,1,1457,1456,0,0
enc_decode,chatcmpl-e4da6934a31d414bb3729bb112f1a851,3175318.720048,0.014179,1,1,1458,1457,0,0
enc_decode,chatcmpl-e4da6934a31d414bb3729bb112f1a851,3175318.734449,0.014372,1,1,1459,1458,0,0
enc_decode,chatcmpl-e4da6934a31d414bb3729bb112f1a851,3175318.749058,0.014170,1,1,1460,1459,0,0
enc_decode,chatcmpl-e4da6934a31d414bb3729bb112f1a851,3175318.763444,0.014401,1,1,1461,1460,0,0
enc_decode,chatcmpl-e4da6934a31d414bb3729bb112f1a851,3175318.778080,0.014177,1,1,1462,1461,0,0
enc_decode,chatcmpl-e4da6934a31d414bb3729bb112f1a851,3175318.792478,0.014382,1,1,1463,1462,0,0
enc_decode,chatcmpl-e4da6934a31d414bb3729bb112f1a851,3175318.807089,0.014185,1,1,1464,1463,0,0
enc_decode,chatcmpl-e4da6934a31d414bb3729bb112f1a851,3175318.821492,0.014387,1,1,1465,1464,0,0
enc_decode,chatcmpl-e4da6934a31d414bb3729bb112f1a851,3175318.836121,0.014212,1,1,1466,1465,0,0
enc_decode,chatcmpl-e4da6934a31d414bb3729bb112f1a851,3175318.850559,0.014303,1,1,1467,1466,0,0
enc_decode,chatcmpl-e4da6934a31d414bb3729bb112f1a851,3175318.865088,0.014282,1,1,1468,1467,0,0
enc_decode,chatcmpl-e4da6934a31d414bb3729bb112f1a851,3175318.879605,0.014279,1,1,1469,1468,0,0
enc_decode,chatcmpl-e4da6934a31d414bb3729bb112f1a851,3175318.894104,0.014164,1,1,1470,1469,0,0
enc_decode,chatcmpl-e4da6934a31d414bb3729bb112f1a851,3175318.908523,0.014220,1,1,1471,1470,0,0
enc_prefill,chatcmpl-4d3cc655eb67499d98753f0bf78f67b4,3175318.942547,0.330689,1,1346,1346,0,1,0
enc_decode,chatcmpl-4d3cc655eb67499d98753f0bf78f67b4,3175319.273610,0.014317,1,1,1347,1346,0,0
enc_decode,chatcmpl-4d3cc655eb67499d98753f0bf78f67b4,3175319.288150,0.014142,1,1,1348,1347,0,0
enc_decode,chatcmpl-4d3cc655eb67499d98753f0bf78f67b4,3175319.302502,0.014103,1,1,1349,1348,0,0
enc_decode,chatcmpl-4d3cc655eb67499d98753f0bf78f67b4,3175319.316823,0.014232,1,1,1350,1349,0,0
enc_decode,chatcmpl-4d3cc655eb67499d98753f0bf78f67b4,3175319.331266,0.014125,1,1,1351,1350,0,0
enc_decode,chatcmpl-4d3cc655eb67499d98753f0bf78f67b4,3175319.345600,0.014086,1,1,1352,1351,0,0
enc_decode,chatcmpl-4d3cc655eb67499d98753f0bf78f67b4,3175319.359909,0.014130,1,1,1353,1352,0,0
enc_decode,chatcmpl-4d3cc655eb67499d98753f0bf78f67b4,3175319.374250,0.014113,1,1,1354,1353,0,0
enc_decode,chatcmpl-4d3cc655eb67499d98753f0bf78f67b4,3175319.388581,0.014217,1,1,1355,1354,0,0
enc_decode,chatcmpl-4d3cc655eb67499d98753f0bf78f67b4,3175319.403006,0.014127,1,1,1356,1355,0,0
enc_decode,chatcmpl-4d3cc655eb67499d98753f0bf78f67b4,3175319.417370,0.014126,1,1,1357,1356,0,0
enc_decode,chatcmpl-4d3cc655eb67499d98753f0bf78f67b4,3175319.431709,0.014227,1,1,1358,1357,0,0
enc_decode,chatcmpl-4d3cc655eb67499d98753f0bf78f67b4,3175319.446144,0.014110,1,1,1359,1358,0,0
enc_decode,chatcmpl-4d3cc655eb67499d98753f0bf78f67b4,3175319.460475,0.014221,1,1,1360,1359,0,0
enc_decode,chatcmpl-4d3cc655eb67499d98753f0bf78f67b4,3175319.474909,0.014307,1,1,1361,1360,0,0
enc_decode,chatcmpl-4d3cc655eb67499d98753f0bf78f67b4,3175319.489432,0.014126,1,1,1362,1361,0,0
enc_decode,chatcmpl-4d3cc655eb67499d98753f0bf78f67b4,3175319.503798,0.014174,1,1,1363,1362,0,0
enc_decode,chatcmpl-4d3cc655eb67499d98753f0bf78f67b4,3175319.518186,0.014225,1,1,1364,1363,0,0
enc_decode,chatcmpl-4d3cc655eb67499d98753f0bf78f67b4,3175319.532624,0.014239,1,1,1365,1364,0,0
enc_decode,chatcmpl-4d3cc655eb67499d98753f0bf78f67b4,3175319.547075,0.014239,1,1,1366,1365,0,0
enc_decode,chatcmpl-4d3cc655eb67499d98753f0bf78f67b4,3175319.561524,0.014101,1,1,1367,1366,0,0
enc_decode,chatcmpl-4d3cc655eb67499d98753f0bf78f67b4,3175319.575870,0.014190,1,1,1368,1367,0,0
enc_decode,chatcmpl-4d3cc655eb67499d98753f0bf78f67b4,3175319.590270,0.014292,1,1,1369,1368,0,0
enc_decode,chatcmpl-4d3cc655eb67499d98753f0bf78f67b4,3175319.604783,0.014139,1,1,1370,1369,0,0
enc_decode,chatcmpl-4d3cc655eb67499d98753f0bf78f67b4,3175319.619132,0.014313,1,1,1371,1370,0,0
enc_decode,chatcmpl-4d3cc655eb67499d98753f0bf78f67b4,3175319.633664,0.014215,1,1,1372,1371,0,0
enc_decode,chatcmpl-4d3cc655eb67499d98753f0bf78f67b4,3175319.648097,0.014131,1,1,1373,1372,0,0
enc_decode,chatcmpl-4d3cc655eb67499d98753f0bf78f67b4,3175319.662437,0.014140,1,1,1374,1373,0,0
enc_decode,chatcmpl-4d3cc655eb67499d98753f0bf78f67b4,3175319.676786,0.014293,1,1,1375,1374,0,0
enc_decode,chatcmpl-4d3cc655eb67499d98753f0bf78f67b4,3175319.691296,0.014139,1,1,1376,1375,0,0
enc_decode,chatcmpl-4d3cc655eb67499d98753f0bf78f67b4,3175319.705653,0.014215,1,1,1377,1376,0,0
enc_decode,chatcmpl-4d3cc655eb67499d98753f0bf78f67b4,3175319.720087,0.014215,1,1,1378,1377,0,0
enc_decode,chatcmpl-4d3cc655eb67499d98753f0bf78f67b4,3175319.734512,0.014134,1,1,1379,1378,0,0
enc_decode,chatcmpl-4d3cc655eb67499d98753f0bf78f67b4,3175319.748855,0.014225,1,1,1380,1379,0,0
enc_decode,chatcmpl-4d3cc655eb67499d98753f0bf78f67b4,3175319.763290,0.014124,1,1,1381,1380,0,0
enc_decode,chatcmpl-4d3cc655eb67499d98753f0bf78f67b4,3175319.777653,0.014142,1,1,1382,1381,0,0
enc_decode,chatcmpl-4d3cc655eb67499d98753f0bf78f67b4,3175319.792013,0.014088,1,1,1383,1382,0,0
enc_decode,chatcmpl-4d3cc655eb67499d98753f0bf78f67b4,3175319.806316,0.014295,1,1,1384,1383,0,0
enc_decode,chatcmpl-4d3cc655eb67499d98753f0bf78f67b4,3175319.820824,0.014170,1,1,1385,1384,0,0
enc_decode,chatcmpl-4d3cc655eb67499d98753f0bf78f67b4,3175319.835215,0.014133,1,1,1386,1385,0,0
enc_decode,chatcmpl-4d3cc655eb67499d98753f0bf78f67b4,3175319.849563,0.014202,1,1,1387,1386,0,0
enc_decode,chatcmpl-4d3cc655eb67499d98753f0bf78f67b4,3175319.863974,0.014128,1,1,1388,1387,0,0
enc_decode,chatcmpl-4d3cc655eb67499d98753f0bf78f67b4,3175319.878322,0.014125,1,1,1389,1388,0,0
enc_decode,chatcmpl-4d3cc655eb67499d98753f0bf78f67b4,3175319.892662,0.014212,1,1,1390,1389,0,0
enc_decode,chatcmpl-4d3cc655eb67499d98753f0bf78f67b4,3175319.907086,0.014111,1,1,1391,1390,0,0
enc_decode,chatcmpl-4d3cc655eb67499d98753f0bf78f67b4,3175319.921413,0.014204,1,1,1392,1391,0,0
enc_decode,chatcmpl-4d3cc655eb67499d98753f0bf78f67b4,3175319.935827,0.014140,1,1,1393,1392,0,0
enc_decode,chatcmpl-4d3cc655eb67499d98753f0bf78f67b4,3175319.950206,0.014150,1,1,1394,1393,0,0
enc_decode,chatcmpl-4d3cc655eb67499d98753f0bf78f67b4,3175319.964572,0.014240,1,1,1395,1394,0,0
enc_decode,chatcmpl-4d3cc655eb67499d98753f0bf78f67b4,3175319.979019,0.014122,1,1,1396,1395,0,0
enc_decode,chatcmpl-4d3cc655eb67499d98753f0bf78f67b4,3175319.993382,0.014143,1,1,1397,1396,0,0
enc_decode,chatcmpl-4d3cc655eb67499d98753f0bf78f67b4,3175320.007735,0.014317,1,1,1398,1397,0,0
enc_decode,chatcmpl-4d3cc655eb67499d98753f0bf78f67b4,3175320.022267,0.014212,1,1,1399,1398,0,0
enc_decode,chatcmpl-4d3cc655eb67499d98753f0bf78f67b4,3175320.036691,0.014091,1,1,1400,1399,0,0
enc_decode,chatcmpl-4d3cc655eb67499d98753f0bf78f67b4,3175320.051002,0.014253,1,1,1401,1400,0,0
enc_decode,chatcmpl-4d3cc655eb67499d98753f0bf78f67b4,3175320.065473,0.014164,1,1,1402,1401,0,0
enc_decode,chatcmpl-4d3cc655eb67499d98753f0bf78f67b4,3175320.079860,0.014338,1,1,1403,1402,0,0
enc_decode,chatcmpl-4d3cc655eb67499d98753f0bf78f67b4,3175320.094412,0.014164,1,1,1404,1403,0,0
enc_decode,chatcmpl-4d3cc655eb67499d98753f0bf78f67b4,3175320.108824,0.014169,1,1,1405,1404,0,0
enc_decode,chatcmpl-4d3cc655eb67499d98753f0bf78f67b4,3175320.123206,0.014371,1,1,1406,1405,0,0
enc_decode,chatcmpl-4d3cc655eb67499d98753f0bf78f67b4,3175320.137806,0.014229,1,1,1407,1406,0,0
enc_decode,chatcmpl-4d3cc655eb67499d98753f0bf78f67b4,3175320.152258,0.014281,1,1,1408,1407,0,0
enc_decode,chatcmpl-4d3cc655eb67499d98753f0bf78f67b4,3175320.166773,0.014283,1,1,1409,1408,0,0
enc_decode,chatcmpl-4d3cc655eb67499d98753f0bf78f67b4,3175320.181279,0.014277,1,1,1410,1409,0,0
enc_decode,chatcmpl-4d3cc655eb67499d98753f0bf78f67b4,3175320.195774,0.014176,1,1,1411,1410,0,0
enc_decode,chatcmpl-4d3cc655eb67499d98753f0bf78f67b4,3175320.210207,0.014194,1,1,1412,1411,0,0
enc_decode,chatcmpl-4d3cc655eb67499d98753f0bf78f67b4,3175320.224617,0.014136,1,1,1413,1412,0,0
enc_decode,chatcmpl-4d3cc655eb67499d98753f0bf78f67b4,3175320.238975,0.014284,1,1,1414,1413,0,0
enc_decode,chatcmpl-4d3cc655eb67499d98753f0bf78f67b4,3175320.253478,0.014252,1,1,1415,1414,0,0
enc_decode,chatcmpl-4d3cc655eb67499d98753f0bf78f67b4,3175320.267951,0.014269,1,1,1416,1415,0,0
enc_decode,chatcmpl-4d3cc655eb67499d98753f0bf78f67b4,3175320.282435,0.014140,1,1,1417,1416,0,0
enc_decode,chatcmpl-4d3cc655eb67499d98753f0bf78f67b4,3175320.296827,0.014193,1,1,1418,1417,0,0
enc_decode,chatcmpl-4d3cc655eb67499d98753f0bf78f67b4,3175320.311241,0.014268,1,1,1419,1418,0,0
enc_decode,chatcmpl-4d3cc655eb67499d98753f0bf78f67b4,3175320.325731,0.014263,1,1,1420,1419,0,0
enc_decode,chatcmpl-4d3cc655eb67499d98753f0bf78f67b4,3175320.340220,0.014150,1,1,1421,1420,0,0
enc_decode,chatcmpl-4d3cc655eb67499d98753f0bf78f67b4,3175320.354582,0.014372,1,1,1422,1421,0,0
enc_decode,chatcmpl-4d3cc655eb67499d98753f0bf78f67b4,3175320.369182,0.014175,1,1,1423,1422,0,0
enc_decode,chatcmpl-4d3cc655eb67499d98753f0bf78f67b4,3175320.383580,0.014273,1,1,1424,1423,0,0
enc_decode,chatcmpl-4d3cc655eb67499d98753f0bf78f67b4,3175320.398077,0.014253,1,1,1425,1424,0,0
enc_decode,chatcmpl-4d3cc655eb67499d98753f0bf78f67b4,3175320.412546,0.014223,1,1,1426,1425,0,0
enc_decode,chatcmpl-4d3cc655eb67499d98753f0bf78f67b4,3175320.427026,0.014195,1,1,1427,1426,0,0
enc_decode,chatcmpl-4d3cc655eb67499d98753f0bf78f67b4,3175320.441446,0.014247,1,1,1428,1427,0,0
enc_decode,chatcmpl-4d3cc655eb67499d98753f0bf78f67b4,3175320.455921,0.014147,1,1,1429,1428,0,0
enc_decode,chatcmpl-4d3cc655eb67499d98753f0bf78f67b4,3175320.470291,0.014262,1,1,1430,1429,0,0
enc_decode,chatcmpl-4d3cc655eb67499d98753f0bf78f67b4,3175320.484806,0.014185,1,1,1431,1430,0,0
enc_decode,chatcmpl-4d3cc655eb67499d98753f0bf78f67b4,3175320.499208,0.014141,1,1,1432,1431,0,0
enc_decode,chatcmpl-4d3cc655eb67499d98753f0bf78f67b4,3175320.513574,0.014256,1,1,1433,1432,0,0
enc_decode,chatcmpl-4d3cc655eb67499d98753f0bf78f67b4,3175320.528052,0.014144,1,1,1434,1433,0,0
enc_decode,chatcmpl-4d3cc655eb67499d98753f0bf78f67b4,3175320.542419,0.014276,1,1,1435,1434,0,0
enc_decode,chatcmpl-4d3cc655eb67499d98753f0bf78f67b4,3175320.556912,0.014344,1,1,1436,1435,0,0
enc_decode,chatcmpl-4d3cc655eb67499d98753f0bf78f67b4,3175320.571484,0.014159,1,1,1437,1436,0,0
enc_decode,chatcmpl-4d3cc655eb67499d98753f0bf78f67b4,3175320.585859,0.014138,1,1,1438,1437,0,0
enc_decode,chatcmpl-4d3cc655eb67499d98753f0bf78f67b4,3175320.600224,0.014258,1,1,1439,1438,0,0
enc_decode,chatcmpl-4d3cc655eb67499d98753f0bf78f67b4,3175320.614696,0.014122,1,1,1440,1439,0,0
enc_decode,chatcmpl-4d3cc655eb67499d98753f0bf78f67b4,3175320.629042,0.014259,1,1,1441,1440,0,0
enc_decode,chatcmpl-4d3cc655eb67499d98753f0bf78f67b4,3175320.643521,0.014278,1,1,1442,1441,0,0
enc_decode,chatcmpl-4d3cc655eb67499d98753f0bf78f67b4,3175320.658012,0.014355,1,1,1443,1442,0,0
enc_decode,chatcmpl-4d3cc655eb67499d98753f0bf78f67b4,3175320.672591,0.014164,1,1,1444,1443,0,0
enc_decode,chatcmpl-4d3cc655eb67499d98753f0bf78f67b4,3175320.686974,0.014146,1,1,1445,1444,0,0
enc_decode,chatcmpl-4d3cc655eb67499d98753f0bf78f67b4,3175320.701340,0.014271,1,1,1446,1445,0,0
enc_decode,chatcmpl-4d3cc655eb67499d98753f0bf78f67b4,3175320.715827,0.014167,1,1,1447,1446,0,0
enc_decode,chatcmpl-4d3cc655eb67499d98753f0bf78f67b4,3175320.730247,0.014192,1,1,1448,1447,0,0
enc_decode,chatcmpl-4d3cc655eb67499d98753f0bf78f67b4,3175320.744656,0.014214,1,1,1449,1448,0,0
enc_decode,chatcmpl-4d3cc655eb67499d98753f0bf78f67b4,3175320.759119,0.014209,1,1,1450,1449,0,0
enc_decode,chatcmpl-4d3cc655eb67499d98753f0bf78f67b4,3175320.773542,0.014116,1,1,1451,1450,0,0
enc_decode,chatcmpl-4d3cc655eb67499d98753f0bf78f67b4,3175320.787879,0.014263,1,1,1452,1451,0,0
enc_decode,chatcmpl-4d3cc655eb67499d98753f0bf78f67b4,3175320.802359,0.014430,1,1,1453,1452,0,0
enc_decode,chatcmpl-4d3cc655eb67499d98753f0bf78f67b4,3175320.817019,0.014158,1,1,1454,1453,0,0
enc_decode,chatcmpl-4d3cc655eb67499d98753f0bf78f67b4,3175320.831394,0.014363,1,1,1455,1454,0,0
enc_decode,chatcmpl-4d3cc655eb67499d98753f0bf78f67b4,3175320.845982,0.014137,1,1,1456,1455,0,0
enc_decode,chatcmpl-4d3cc655eb67499d98753f0bf78f67b4,3175320.860344,0.014265,1,1,1457,1456,0,0
enc_decode,chatcmpl-4d3cc655eb67499d98753f0bf78f67b4,3175320.874831,0.014275,1,1,1458,1457,0,0
enc_decode,chatcmpl-4d3cc655eb67499d98753f0bf78f67b4,3175320.889324,0.014143,1,1,1459,1458,0,0
enc_decode,chatcmpl-4d3cc655eb67499d98753f0bf78f67b4,3175320.903688,0.014273,1,1,1460,1459,0,0
enc_decode,chatcmpl-4d3cc655eb67499d98753f0bf78f67b4,3175320.918184,0.014267,1,1,1461,1460,0,0
enc_decode,chatcmpl-4d3cc655eb67499d98753f0bf78f67b4,3175320.932665,0.014159,1,1,1462,1461,0,0
enc_decode,chatcmpl-4d3cc655eb67499d98753f0bf78f67b4,3175320.947049,0.014364,1,1,1463,1462,0,0
enc_decode,chatcmpl-4d3cc655eb67499d98753f0bf78f67b4,3175320.961636,0.014153,1,1,1464,1463,0,0
enc_prefill,chatcmpl-a39d882678f64d44bba54eb225b1cf07,3175320.996323,0.334120,1,1403,1403,0,1,0
enc_decode,chatcmpl-a39d882678f64d44bba54eb225b1cf07,3175321.330833,0.014276,1,1,1404,1403,0,0
enc_decode,chatcmpl-a39d882678f64d44bba54eb225b1cf07,3175321.345331,0.014271,1,1,1405,1404,0,0
enc_decode,chatcmpl-a39d882678f64d44bba54eb225b1cf07,3175321.359822,0.014287,1,1,1406,1405,0,0
enc_decode,chatcmpl-a39d882678f64d44bba54eb225b1cf07,3175321.374333,0.014267,1,1,1407,1406,0,0
enc_decode,chatcmpl-a39d882678f64d44bba54eb225b1cf07,3175321.388823,0.014153,1,1,1408,1407,0,0
enc_decode,chatcmpl-a39d882678f64d44bba54eb225b1cf07,3175321.403211,0.014287,1,1,1409,1408,0,0
enc_decode,chatcmpl-a39d882678f64d44bba54eb225b1cf07,3175321.417722,0.014151,1,1,1410,1409,0,0
enc_decode,chatcmpl-a39d882678f64d44bba54eb225b1cf07,3175321.432111,0.014269,1,1,1411,1410,0,0
enc_decode,chatcmpl-a39d882678f64d44bba54eb225b1cf07,3175321.446602,0.014150,1,1,1412,1411,0,0
enc_decode,chatcmpl-a39d882678f64d44bba54eb225b1cf07,3175321.460973,0.014259,1,1,1413,1412,0,0
enc_decode,chatcmpl-a39d882678f64d44bba54eb225b1cf07,3175321.475451,0.014175,1,1,1414,1413,0,0
enc_decode,chatcmpl-a39d882678f64d44bba54eb225b1cf07,3175321.489855,0.014305,1,1,1415,1414,0,0
enc_decode,chatcmpl-a39d882678f64d44bba54eb225b1cf07,3175321.504380,0.014196,1,1,1416,1415,0,0
enc_decode,chatcmpl-a39d882678f64d44bba54eb225b1cf07,3175321.518807,0.014438,1,1,1417,1416,0,0
enc_decode,chatcmpl-a39d882678f64d44bba54eb225b1cf07,3175321.533481,0.014335,1,1,1418,1417,0,0
enc_decode,chatcmpl-a39d882678f64d44bba54eb225b1cf07,3175321.548058,0.014312,1,1,1419,1418,0,0
enc_decode,chatcmpl-a39d882678f64d44bba54eb225b1cf07,3175321.562596,0.014177,1,1,1420,1419,0,0
enc_decode,chatcmpl-a39d882678f64d44bba54eb225b1cf07,3175321.577003,0.014417,1,1,1421,1420,0,0
enc_decode,chatcmpl-a39d882678f64d44bba54eb225b1cf07,3175321.591650,0.014238,1,1,1422,1421,0,0
enc_decode,chatcmpl-a39d882678f64d44bba54eb225b1cf07,3175321.606153,0.014253,1,1,1423,1422,0,0
enc_decode,chatcmpl-a39d882678f64d44bba54eb225b1cf07,3175321.620631,0.014418,1,1,1424,1423,0,0
enc_decode,chatcmpl-a39d882678f64d44bba54eb225b1cf07,3175321.635287,0.014210,1,1,1425,1424,0,0
enc_decode,chatcmpl-a39d882678f64d44bba54eb225b1cf07,3175321.649730,0.014315,1,1,1426,1425,0,0
enc_decode,chatcmpl-a39d882678f64d44bba54eb225b1cf07,3175321.664270,0.014191,1,1,1427,1426,0,0
enc_decode,chatcmpl-a39d882678f64d44bba54eb225b1cf07,3175321.678724,0.014247,1,1,1428,1427,0,0
enc_decode,chatcmpl-a39d882678f64d44bba54eb225b1cf07,3175321.693195,0.014214,1,1,1429,1428,0,0
enc_decode,chatcmpl-a39d882678f64d44bba54eb225b1cf07,3175321.707637,0.014345,1,1,1430,1429,0,0
enc_decode,chatcmpl-a39d882678f64d44bba54eb225b1cf07,3175321.722211,0.014314,1,1,1431,1430,0,0
enc_decode,chatcmpl-a39d882678f64d44bba54eb225b1cf07,3175321.736755,0.014319,1,1,1432,1431,0,0
enc_decode,chatcmpl-a39d882678f64d44bba54eb225b1cf07,3175321.751299,0.014206,1,1,1433,1432,0,0
enc_decode,chatcmpl-a39d882678f64d44bba54eb225b1cf07,3175321.765768,0.014274,1,1,1434,1433,0,0
enc_decode,chatcmpl-a39d882678f64d44bba54eb225b1cf07,3175321.780271,0.014428,1,1,1435,1434,0,0
enc_decode,chatcmpl-a39d882678f64d44bba54eb225b1cf07,3175321.794938,0.014212,1,1,1436,1435,0,0
enc_decode,chatcmpl-a39d882678f64d44bba54eb225b1cf07,3175321.809374,0.014423,1,1,1437,1436,0,0
enc_decode,chatcmpl-a39d882678f64d44bba54eb225b1cf07,3175321.824042,0.014244,1,1,1438,1437,0,0
enc_decode,chatcmpl-a39d882678f64d44bba54eb225b1cf07,3175321.838515,0.014343,1,1,1439,1438,0,0
enc_decode,chatcmpl-a39d882678f64d44bba54eb225b1cf07,3175321.853083,0.014276,1,1,1440,1439,0,0
enc_decode,chatcmpl-a39d882678f64d44bba54eb225b1cf07,3175321.867593,0.014326,1,1,1441,1440,0,0
enc_decode,chatcmpl-a39d882678f64d44bba54eb225b1cf07,3175321.882143,0.014422,1,1,1442,1441,0,0
enc_decode,chatcmpl-a39d882678f64d44bba54eb225b1cf07,3175321.896804,0.014441,1,1,1443,1442,0,0
enc_decode,chatcmpl-a39d882678f64d44bba54eb225b1cf07,3175321.911488,0.014233,1,1,1444,1443,0,0
enc_decode,chatcmpl-a39d882678f64d44bba54eb225b1cf07,3175321.925947,0.014432,1,1,1445,1444,0,0
enc_decode,chatcmpl-a39d882678f64d44bba54eb225b1cf07,3175321.940620,0.014222,1,1,1446,1445,0,0
enc_decode,chatcmpl-a39d882678f64d44bba54eb225b1cf07,3175321.955069,0.014443,1,1,1447,1446,0,0
enc_decode,chatcmpl-a39d882678f64d44bba54eb225b1cf07,3175321.969753,0.014221,1,1,1448,1447,0,0
enc_decode,chatcmpl-a39d882678f64d44bba54eb225b1cf07,3175321.984213,0.014320,1,1,1449,1448,0,0
enc_decode,chatcmpl-a39d882678f64d44bba54eb225b1cf07,3175321.998758,0.014225,1,1,1450,1449,0,0
enc_decode,chatcmpl-a39d882678f64d44bba54eb225b1cf07,3175322.013243,0.014251,1,1,1451,1450,0,0
enc_decode,chatcmpl-a39d882678f64d44bba54eb225b1cf07,3175322.027721,0.014212,1,1,1452,1451,0,0
enc_decode,chatcmpl-a39d882678f64d44bba54eb225b1cf07,3175322.042174,0.014332,1,1,1453,1452,0,0
enc_decode,chatcmpl-a39d882678f64d44bba54eb225b1cf07,3175322.056731,0.014416,1,1,1454,1453,0,0
enc_decode,chatcmpl-a39d882678f64d44bba54eb225b1cf07,3175322.071383,0.014241,1,1,1455,1454,0,0
enc_decode,chatcmpl-a39d882678f64d44bba54eb225b1cf07,3175322.085853,0.014318,1,1,1456,1455,0,0
enc_decode,chatcmpl-a39d882678f64d44bba54eb225b1cf07,3175322.100401,0.014321,1,1,1457,1456,0,0
enc_decode,chatcmpl-a39d882678f64d44bba54eb225b1cf07,3175322.114955,0.014320,1,1,1458,1457,0,0
enc_decode,chatcmpl-a39d882678f64d44bba54eb225b1cf07,3175322.129502,0.014339,1,1,1459,1458,0,0
enc_decode,chatcmpl-a39d882678f64d44bba54eb225b1cf07,3175322.144075,0.014200,1,1,1460,1459,0,0
enc_decode,chatcmpl-a39d882678f64d44bba54eb225b1cf07,3175322.158509,0.014325,1,1,1461,1460,0,0
enc_decode,chatcmpl-a39d882678f64d44bba54eb225b1cf07,3175322.173063,0.014332,1,1,1462,1461,0,0
enc_decode,chatcmpl-a39d882678f64d44bba54eb225b1cf07,3175322.187621,0.014288,1,1,1463,1462,0,0
enc_decode,chatcmpl-a39d882678f64d44bba54eb225b1cf07,3175322.202136,0.014313,1,1,1464,1463,0,0
enc_decode,chatcmpl-a39d882678f64d44bba54eb225b1cf07,3175322.216681,0.014304,1,1,1465,1464,0,0
enc_decode,chatcmpl-a39d882678f64d44bba54eb225b1cf07,3175322.231223,0.014363,1,1,1466,1465,0,0
enc_decode,chatcmpl-a39d882678f64d44bba54eb225b1cf07,3175322.245810,0.014415,1,1,1467,1466,0,0
enc_decode,chatcmpl-a39d882678f64d44bba54eb225b1cf07,3175322.260464,0.014213,1,1,1468,1467,0,0
enc_decode,chatcmpl-a39d882678f64d44bba54eb225b1cf07,3175322.274901,0.014199,1,1,1469,1468,0,0
enc_decode,chatcmpl-a39d882678f64d44bba54eb225b1cf07,3175322.289330,0.014314,1,1,1470,1469,0,0
enc_decode,chatcmpl-a39d882678f64d44bba54eb225b1cf07,3175322.303876,0.014449,1,1,1471,1470,0,0
enc_decode,chatcmpl-a39d882678f64d44bba54eb225b1cf07,3175322.318563,0.014230,1,1,1472,1471,0,0
enc_decode,chatcmpl-a39d882678f64d44bba54eb225b1cf07,3175322.333025,0.014322,1,1,1473,1472,0,0
enc_decode,chatcmpl-a39d882678f64d44bba54eb225b1cf07,3175322.347576,0.014305,1,1,1474,1473,0,0
enc_decode,chatcmpl-a39d882678f64d44bba54eb225b1cf07,3175322.362112,0.014337,1,1,1475,1474,0,0
enc_decode,chatcmpl-a39d882678f64d44bba54eb225b1cf07,3175322.376673,0.014224,1,1,1476,1475,0,0
enc_decode,chatcmpl-a39d882678f64d44bba54eb225b1cf07,3175322.391158,0.014266,1,1,1477,1476,0,0
enc_decode,chatcmpl-a39d882678f64d44bba54eb225b1cf07,3175322.405649,0.014430,1,1,1478,1477,0,0
enc_decode,chatcmpl-a39d882678f64d44bba54eb225b1cf07,3175322.420314,0.014233,1,1,1479,1478,0,0
enc_decode,chatcmpl-a39d882678f64d44bba54eb225b1cf07,3175322.434777,0.014350,1,1,1480,1479,0,0
enc_decode,chatcmpl-a39d882678f64d44bba54eb225b1cf07,3175322.449359,0.014317,1,1,1481,1480,0,0
enc_decode,chatcmpl-a39d882678f64d44bba54eb225b1cf07,3175322.463901,0.014208,1,1,1482,1481,0,0
enc_decode,chatcmpl-a39d882678f64d44bba54eb225b1cf07,3175322.478335,0.014212,1,1,1483,1482,0,0
enc_decode,chatcmpl-a39d882678f64d44bba54eb225b1cf07,3175322.492780,0.014339,1,1,1484,1483,0,0
enc_decode,chatcmpl-a39d882678f64d44bba54eb225b1cf07,3175322.507348,0.014455,1,1,1485,1484,0,0
enc_decode,chatcmpl-a39d882678f64d44bba54eb225b1cf07,3175322.522026,0.014385,1,1,1486,1485,0,0
enc_decode,chatcmpl-a39d882678f64d44bba54eb225b1cf07,3175322.536644,0.014332,1,1,1487,1486,0,0
enc_decode,chatcmpl-a39d882678f64d44bba54eb225b1cf07,3175322.551202,0.014444,1,1,1488,1487,0,0
enc_decode,chatcmpl-a39d882678f64d44bba54eb225b1cf07,3175322.565878,0.014204,1,1,1489,1488,0,0
enc_decode,chatcmpl-a39d882678f64d44bba54eb225b1cf07,3175322.580309,0.014425,1,1,1490,1489,0,0
enc_decode,chatcmpl-a39d882678f64d44bba54eb225b1cf07,3175322.594972,0.014228,1,1,1491,1490,0,0
enc_decode,chatcmpl-a39d882678f64d44bba54eb225b1cf07,3175322.609433,0.014332,1,1,1492,1491,0,0
enc_decode,chatcmpl-a39d882678f64d44bba54eb225b1cf07,3175322.623987,0.014249,1,1,1493,1492,0,0
enc_decode,chatcmpl-a39d882678f64d44bba54eb225b1cf07,3175322.638495,0.014233,1,1,1494,1493,0,0
enc_decode,chatcmpl-a39d882678f64d44bba54eb225b1cf07,3175322.652952,0.014211,1,1,1495,1494,0,0
enc_decode,chatcmpl-a39d882678f64d44bba54eb225b1cf07,3175322.667433,0.014242,1,1,1496,1495,0,0
enc_decode,chatcmpl-a39d882678f64d44bba54eb225b1cf07,3175322.681905,0.014316,1,1,1497,1496,0,0
enc_decode,chatcmpl-a39d882678f64d44bba54eb225b1cf07,3175322.696447,0.014414,1,1,1498,1497,0,0
enc_decode,chatcmpl-a39d882678f64d44bba54eb225b1cf07,3175322.711093,0.014310,1,1,1499,1498,0,0
enc_decode,chatcmpl-a39d882678f64d44bba54eb225b1cf07,3175322.725633,0.014300,1,1,1500,1499,0,0
enc_decode,chatcmpl-a39d882678f64d44bba54eb225b1cf07,3175322.740174,0.014319,1,1,1501,1500,0,0
enc_decode,chatcmpl-a39d882678f64d44bba54eb225b1cf07,3175322.754718,0.014430,1,1,1502,1501,0,0
enc_decode,chatcmpl-a39d882678f64d44bba54eb225b1cf07,3175322.769390,0.014223,1,1,1503,1502,0,0
enc_decode,chatcmpl-a39d882678f64d44bba54eb225b1cf07,3175322.783841,0.014311,1,1,1504,1503,0,0
enc_decode,chatcmpl-a39d882678f64d44bba54eb225b1cf07,3175322.798379,0.014329,1,1,1505,1504,0,0
enc_decode,chatcmpl-a39d882678f64d44bba54eb225b1cf07,3175322.812931,0.014210,1,1,1506,1505,0,0
enc_decode,chatcmpl-a39d882678f64d44bba54eb225b1cf07,3175322.827373,0.014376,1,1,1507,1506,0,0
enc_decode,chatcmpl-a39d882678f64d44bba54eb225b1cf07,3175322.841971,0.014220,1,1,1508,1507,0,0
enc_decode,chatcmpl-a39d882678f64d44bba54eb225b1cf07,3175322.856415,0.014343,1,1,1509,1508,0,0
enc_decode,chatcmpl-a39d882678f64d44bba54eb225b1cf07,3175322.870980,0.014222,1,1,1510,1509,0,0
enc_decode,chatcmpl-a39d882678f64d44bba54eb225b1cf07,3175322.885435,0.014325,1,1,1511,1510,0,0
enc_decode,chatcmpl-a39d882678f64d44bba54eb225b1cf07,3175322.899991,0.014316,1,1,1512,1511,0,0
enc_decode,chatcmpl-a39d882678f64d44bba54eb225b1cf07,3175322.914536,0.014327,1,1,1513,1512,0,0
enc_decode,chatcmpl-a39d882678f64d44bba54eb225b1cf07,3175322.929088,0.014217,1,1,1514,1513,0,0
enc_decode,chatcmpl-a39d882678f64d44bba54eb225b1cf07,3175322.943535,0.014315,1,1,1515,1514,0,0
enc_decode,chatcmpl-a39d882678f64d44bba54eb225b1cf07,3175322.958082,0.014334,1,1,1516,1515,0,0
enc_decode,chatcmpl-a39d882678f64d44bba54eb225b1cf07,3175322.972646,0.014319,1,1,1517,1516,0,0
enc_decode,chatcmpl-a39d882678f64d44bba54eb225b1cf07,3175322.987191,0.014198,1,1,1518,1517,0,0
enc_decode,chatcmpl-a39d882678f64d44bba54eb225b1cf07,3175323.001620,0.014320,1,1,1519,1518,0,0
enc_decode,chatcmpl-a39d882678f64d44bba54eb225b1cf07,3175323.016175,0.014309,1,1,1520,1519,0,0
enc_decode,chatcmpl-a39d882678f64d44bba54eb225b1cf07,3175323.030715,0.014334,1,1,1521,1520,0,0
enc_decode,chatcmpl-a39d882678f64d44bba54eb225b1cf07,3175323.045273,0.014196,1,1,1522,1521,0,0
enc_decode,chatcmpl-a39d882678f64d44bba54eb225b1cf07,3175323.059702,0.014323,1,1,1523,1522,0,0
enc_decode,chatcmpl-a39d882678f64d44bba54eb225b1cf07,3175323.074249,0.014225,1,1,1524,1523,0,0
enc_decode,chatcmpl-a39d882678f64d44bba54eb225b1cf07,3175323.088704,0.014338,1,1,1525,1524,0,0
enc_decode,chatcmpl-a39d882678f64d44bba54eb225b1cf07,3175323.103270,0.014338,1,1,1526,1525,0,0
