step_type,req_ids,s_time_s,d_time_s,batch_size,total_tokens,ctx_lens,computed_tokens,mm_items,cache_hits
prefill,chatcmpl-86c0abb0144dbdaa-bbfb9c1c,3168224.925289,0.000783,1,1369,1369,0,1,0
encoder,chatcmpl-86c0abb0144dbdaa-bbfb9c1c,3168224.928039,0.375691,1,0,,, 1,0
decode,chatcmpl-86c0abb0144dbdaa-bbfb9c1c,3168225.457994,0.000076,1,1,1370,1369,0,0
decode,chatcmpl-86c0abb0144dbdaa-bbfb9c1c,3168225.472454,0.000049,1,1,1372,1370,0,0
decode,chatcmpl-86c0abb0144dbdaa-bbfb9c1c,3168225.486333,0.000044,1,1,1374,1371,0,0
decode,chatcmpl-86c0abb0144dbdaa-bbfb9c1c,3168225.500199,0.000045,1,1,1376,1372,0,0
decode,chatcmpl-86c0abb0144dbdaa-bbfb9c1c,3168225.514031,0.000044,1,1,1378,1373,0,0
decode,chatcmpl-86c0abb0144dbdaa-bbfb9c1c,3168225.527866,0.000043,1,1,1380,1374,0,0
decode,chatcmpl-86c0abb0144dbdaa-bbfb9c1c,3168225.541787,0.000042,1,1,1382,1375,0,0
decode,chatcmpl-86c0abb0144dbdaa-bbfb9c1c,3168225.555656,0.000043,1,1,1384,1376,0,0
decode,chatcmpl-86c0abb0144dbdaa-bbfb9c1c,3168225.569456,0.000044,1,1,1386,1377,0,0
decode,chatcmpl-86c0abb0144dbdaa-bbfb9c1c,3168225.583285,0.000044,1,1,1388,1378,0,0
decode,chatcmpl-86c0abb0144dbdaa-bbfb9c1c,3168225.597118,0.000045,1,1,1390,1379,0,0
decode,chatcmpl-86c0abb0144dbdaa-bbfb9c1c,3168225.610935,0.000044,1,1,1392,1380,0,0
decode,chatcmpl-86c0abb0144dbdaa-bbfb9c1c,3168225.624759,0.000045,1,1,1394,1381,0,0
decode,chatcmpl-86c0abb0144dbdaa-bbfb9c1c,3168225.638584,0.000044,1,1,1396,1382,0,0
decode,chatcmpl-86c0abb0144dbdaa-bbfb9c1c,3168225.652428,0.000044,1,1,1398,1383,0,0
decode,chatcmpl-86c0abb0144dbdaa-bbfb9c1c,3168225.666233,0.000043,1,1,1400,1384,0,0
decode,chatcmpl-86c0abb0144dbdaa-bbfb9c1c,3168225.680050,0.000044,1,1,1402,1385,0,0
decode,chatcmpl-86c0abb0144dbdaa-bbfb9c1c,3168225.693951,0.000044,1,1,1404,1386,0,0
decode,chatcmpl-86c0abb0144dbdaa-bbfb9c1c,3168225.707760,0.000045,1,1,1406,1387,0,0
decode,chatcmpl-86c0abb0144dbdaa-bbfb9c1c,3168225.721562,0.000043,1,1,1408,1388,0,0
decode,chatcmpl-86c0abb0144dbdaa-bbfb9c1c,3168225.735389,0.000042,1,1,1410,1389,0,0
decode,chatcmpl-86c0abb0144dbdaa-bbfb9c1c,3168225.749227,0.000045,1,1,1412,1390,0,0
decode,chatcmpl-86c0abb0144dbdaa-bbfb9c1c,3168225.763039,0.000044,1,1,1414,1391,0,0
decode,chatcmpl-86c0abb0144dbdaa-bbfb9c1c,3168225.776862,0.000045,1,1,1416,1392,0,0
decode,chatcmpl-86c0abb0144dbdaa-bbfb9c1c,3168225.790666,0.000041,1,1,1418,1393,0,0
decode,chatcmpl-86c0abb0144dbdaa-bbfb9c1c,3168225.804486,0.000043,1,1,1420,1394,0,0
decode,chatcmpl-86c0abb0144dbdaa-bbfb9c1c,3168225.818277,0.000042,1,1,1422,1395,0,0
decode,chatcmpl-86c0abb0144dbdaa-bbfb9c1c,3168225.832077,0.000042,1,1,1424,1396,0,0
decode,chatcmpl-86c0abb0144dbdaa-bbfb9c1c,3168225.845975,0.000043,1,1,1426,1397,0,0
decode,chatcmpl-86c0abb0144dbdaa-bbfb9c1c,3168225.859805,0.000043,1,1,1428,1398,0,0
decode,chatcmpl-86c0abb0144dbdaa-bbfb9c1c,3168225.873621,0.000045,1,1,1430,1399,0,0
decode,chatcmpl-86c0abb0144dbdaa-bbfb9c1c,3168225.887418,0.000044,1,1,1432,1400,0,0
decode,chatcmpl-86c0abb0144dbdaa-bbfb9c1c,3168225.901255,0.000043,1,1,1434,1401,0,0
decode,chatcmpl-86c0abb0144dbdaa-bbfb9c1c,3168225.915069,0.000042,1,1,1436,1402,0,0
decode,chatcmpl-86c0abb0144dbdaa-bbfb9c1c,3168225.928875,0.000042,1,1,1438,1403,0,0
decode,chatcmpl-86c0abb0144dbdaa-bbfb9c1c,3168225.942690,0.000042,1,1,1440,1404,0,0
decode,chatcmpl-86c0abb0144dbdaa-bbfb9c1c,3168225.956516,0.000043,1,1,1442,1405,0,0
decode,chatcmpl-86c0abb0144dbdaa-bbfb9c1c,3168225.970309,0.000042,1,1,1444,1406,0,0
decode,chatcmpl-86c0abb0144dbdaa-bbfb9c1c,3168225.984089,0.000044,1,1,1446,1407,0,0
decode,chatcmpl-86c0abb0144dbdaa-bbfb9c1c,3168225.998013,0.000062,1,1,1448,1408,0,0
decode,chatcmpl-86c0abb0144dbdaa-bbfb9c1c,3168226.011821,0.000044,1,1,1450,1409,0,0
decode,chatcmpl-86c0abb0144dbdaa-bbfb9c1c,3168226.025616,0.000043,1,1,1452,1410,0,0
decode,chatcmpl-86c0abb0144dbdaa-bbfb9c1c,3168226.039456,0.000044,1,1,1454,1411,0,0
decode,chatcmpl-86c0abb0144dbdaa-bbfb9c1c,3168226.053262,0.000041,1,1,1456,1412,0,0
decode,chatcmpl-86c0abb0144dbdaa-bbfb9c1c,3168226.067051,0.000042,1,1,1458,1413,0,0
decode,chatcmpl-86c0abb0144dbdaa-bbfb9c1c,3168226.080875,0.000042,1,1,1460,1414,0,0
decode,chatcmpl-86c0abb0144dbdaa-bbfb9c1c,3168226.094679,0.000044,1,1,1462,1415,0,0
decode,chatcmpl-86c0abb0144dbdaa-bbfb9c1c,3168226.108577,0.000042,1,1,1464,1416,0,0
decode,chatcmpl-86c0abb0144dbdaa-bbfb9c1c,3168226.122384,0.000041,1,1,1466,1417,0,0
decode,chatcmpl-86c0abb0144dbdaa-bbfb9c1c,3168226.136179,0.000042,1,1,1468,1418,0,0
decode,chatcmpl-86c0abb0144dbdaa-bbfb9c1c,3168226.149976,0.000042,1,1,1470,1419,0,0
decode,chatcmpl-86c0abb0144dbdaa-bbfb9c1c,3168226.163793,0.000041,1,1,1472,1420,0,0
decode,chatcmpl-86c0abb0144dbdaa-bbfb9c1c,3168226.177587,0.000042,1,1,1474,1421,0,0
decode,chatcmpl-86c0abb0144dbdaa-bbfb9c1c,3168226.191377,0.000043,1,1,1476,1422,0,0
decode,chatcmpl-86c0abb0144dbdaa-bbfb9c1c,3168226.205215,0.000043,1,1,1478,1423,0,0
decode,chatcmpl-86c0abb0144dbdaa-bbfb9c1c,3168226.219009,0.000045,1,1,1480,1424,0,0
decode,chatcmpl-86c0abb0144dbdaa-bbfb9c1c,3168226.232831,0.000044,1,1,1482,1425,0,0
decode,chatcmpl-86c0abb0144dbdaa-bbfb9c1c,3168226.246630,0.000043,1,1,1484,1426,0,0
decode,chatcmpl-86c0abb0144dbdaa-bbfb9c1c,3168226.260441,0.000043,1,1,1486,1427,0,0
decode,chatcmpl-86c0abb0144dbdaa-bbfb9c1c,3168226.274236,0.000042,1,1,1488,1428,0,0
decode,chatcmpl-86c0abb0144dbdaa-bbfb9c1c,3168226.288037,0.000044,1,1,1490,1429,0,0
decode,chatcmpl-86c0abb0144dbdaa-bbfb9c1c,3168226.301870,0.000044,1,1,1492,1430,0,0
decode,chatcmpl-86c0abb0144dbdaa-bbfb9c1c,3168226.315683,0.000042,1,1,1494,1431,0,0
decode,chatcmpl-86c0abb0144dbdaa-bbfb9c1c,3168226.329487,0.000043,1,1,1496,1432,0,0
decode,chatcmpl-86c0abb0144dbdaa-bbfb9c1c,3168226.343287,0.000042,1,1,1498,1433,0,0
decode,chatcmpl-86c0abb0144dbdaa-bbfb9c1c,3168226.357093,0.000042,1,1,1500,1434,0,0
decode,chatcmpl-86c0abb0144dbdaa-bbfb9c1c,3168226.370893,0.000045,1,1,1502,1435,0,0
decode,chatcmpl-86c0abb0144dbdaa-bbfb9c1c,3168226.384707,0.000044,1,1,1504,1436,0,0
decode,chatcmpl-86c0abb0144dbdaa-bbfb9c1c,3168226.398497,0.000042,1,1,1506,1437,0,0
decode,chatcmpl-86c0abb0144dbdaa-bbfb9c1c,3168226.412303,0.000042,1,1,1508,1438,0,0
decode,chatcmpl-86c0abb0144dbdaa-bbfb9c1c,3168226.426083,0.000043,1,1,1510,1439,0,0
decode,chatcmpl-86c0abb0144dbdaa-bbfb9c1c,3168226.439887,0.000043,1,1,1512,1440,0,0
decode,chatcmpl-86c0abb0144dbdaa-bbfb9c1c,3168226.453697,0.000042,1,1,1514,1441,0,0
decode,chatcmpl-86c0abb0144dbdaa-bbfb9c1c,3168226.467506,0.000042,1,1,1516,1442,0,0
decode,chatcmpl-86c0abb0144dbdaa-bbfb9c1c,3168226.481319,0.000043,1,1,1518,1443,0,0
decode,chatcmpl-86c0abb0144dbdaa-bbfb9c1c,3168226.495103,0.000044,1,1,1520,1444,0,0
decode,chatcmpl-86c0abb0144dbdaa-bbfb9c1c,3168226.508927,0.000041,1,1,1522,1445,0,0
decode,chatcmpl-86c0abb0144dbdaa-bbfb9c1c,3168226.522725,0.000042,1,1,1524,1446,0,0
decode,chatcmpl-86c0abb0144dbdaa-bbfb9c1c,3168226.536541,0.000042,1,1,1526,1447,0,0
decode,chatcmpl-86c0abb0144dbdaa-bbfb9c1c,3168226.550333,0.000042,1,1,1528,1448,0,0
decode,chatcmpl-86c0abb0144dbdaa-bbfb9c1c,3168226.564136,0.000045,1,1,1530,1449,0,0
decode,chatcmpl-86c0abb0144dbdaa-bbfb9c1c,3168226.577942,0.000046,1,1,1532,1450,0,0
decode,chatcmpl-86c0abb0144dbdaa-bbfb9c1c,3168226.591900,0.000041,1,1,1534,1451,0,0
decode,chatcmpl-86c0abb0144dbdaa-bbfb9c1c,3168226.605729,0.000044,1,1,1536,1452,0,0
decode,chatcmpl-86c0abb0144dbdaa-bbfb9c1c,3168226.619531,0.000042,1,1,1538,1453,0,0
decode,chatcmpl-86c0abb0144dbdaa-bbfb9c1c,3168226.633347,0.000042,1,1,1540,1454,0,0
decode,chatcmpl-86c0abb0144dbdaa-bbfb9c1c,3168226.647135,0.000043,1,1,1542,1455,0,0
decode,chatcmpl-86c0abb0144dbdaa-bbfb9c1c,3168226.660943,0.000041,1,1,1544,1456,0,0
decode,chatcmpl-86c0abb0144dbdaa-bbfb9c1c,3168226.674731,0.000041,1,1,1546,1457,0,0
decode,chatcmpl-86c0abb0144dbdaa-bbfb9c1c,3168226.688547,0.000040,1,1,1548,1458,0,0
decode,chatcmpl-86c0abb0144dbdaa-bbfb9c1c,3168226.702357,0.000042,1,1,1550,1459,0,0
decode,chatcmpl-86c0abb0144dbdaa-bbfb9c1c,3168226.716159,0.000042,1,1,1552,1460,0,0
decode,chatcmpl-86c0abb0144dbdaa-bbfb9c1c,3168226.729943,0.000043,1,1,1554,1461,0,0
decode,chatcmpl-86c0abb0144dbdaa-bbfb9c1c,3168226.743744,0.000042,1,1,1556,1462,0,0
decode,chatcmpl-86c0abb0144dbdaa-bbfb9c1c,3168226.757579,0.000043,1,1,1558,1463,0,0
decode,chatcmpl-86c0abb0144dbdaa-bbfb9c1c,3168226.771399,0.000042,1,1,1560,1464,0,0
decode,chatcmpl-86c0abb0144dbdaa-bbfb9c1c,3168226.785206,0.000041,1,1,1562,1465,0,0
decode,chatcmpl-86c0abb0144dbdaa-bbfb9c1c,3168226.798986,0.000043,1,1,1564,1466,0,0
decode,chatcmpl-86c0abb0144dbdaa-bbfb9c1c,3168226.812787,0.000043,1,1,1566,1467,0,0
decode,chatcmpl-86c0abb0144dbdaa-bbfb9c1c,3168226.826593,0.000042,1,1,1568,1468,0,0
decode,chatcmpl-86c0abb0144dbdaa-bbfb9c1c,3168226.840402,0.000042,1,1,1570,1469,0,0
decode,chatcmpl-86c0abb0144dbdaa-bbfb9c1c,3168226.854194,0.000042,1,1,1572,1470,0,0
decode,chatcmpl-86c0abb0144dbdaa-bbfb9c1c,3168226.867985,0.000048,1,1,1574,1471,0,0
decode,chatcmpl-86c0abb0144dbdaa-bbfb9c1c,3168226.881928,0.000044,1,1,1576,1472,0,0
decode,chatcmpl-86c0abb0144dbdaa-bbfb9c1c,3168226.895762,0.000043,1,1,1578,1473,0,0
decode,chatcmpl-86c0abb0144dbdaa-bbfb9c1c,3168226.909600,0.000042,1,1,1580,1474,0,0
decode,chatcmpl-86c0abb0144dbdaa-bbfb9c1c,3168226.923376,0.000042,1,1,1582,1475,0,0
decode,chatcmpl-86c0abb0144dbdaa-bbfb9c1c,3168226.937191,0.000041,1,1,1584,1476,0,0
decode,chatcmpl-86c0abb0144dbdaa-bbfb9c1c,3168226.950996,0.000042,1,1,1586,1477,0,0
decode,chatcmpl-86c0abb0144dbdaa-bbfb9c1c,3168226.964836,0.000042,1,1,1588,1478,0,0
decode,chatcmpl-86c0abb0144dbdaa-bbfb9c1c,3168226.978645,0.000041,1,1,1590,1479,0,0
decode,chatcmpl-86c0abb0144dbdaa-bbfb9c1c,3168226.992462,0.000043,1,1,1592,1480,0,0
decode,chatcmpl-86c0abb0144dbdaa-bbfb9c1c,3168227.006266,0.000042,1,1,1594,1481,0,0
decode,chatcmpl-86c0abb0144dbdaa-bbfb9c1c,3168227.020050,0.000040,1,1,1596,1482,0,0
decode,chatcmpl-86c0abb0144dbdaa-bbfb9c1c,3168227.033852,0.000042,1,1,1598,1483,0,0
decode,chatcmpl-86c0abb0144dbdaa-bbfb9c1c,3168227.047666,0.000041,1,1,1600,1484,0,0
decode,chatcmpl-86c0abb0144dbdaa-bbfb9c1c,3168227.061495,0.000041,1,1,1602,1485,0,0
decode,chatcmpl-86c0abb0144dbdaa-bbfb9c1c,3168227.075299,0.000041,1,1,1604,1486,0,0
decode,chatcmpl-86c0abb0144dbdaa-bbfb9c1c,3168227.089116,0.000041,1,1,1606,1487,0,0
decode,chatcmpl-86c0abb0144dbdaa-bbfb9c1c,3168227.102927,0.000043,1,1,1608,1488,0,0
decode,chatcmpl-86c0abb0144dbdaa-bbfb9c1c,3168227.116767,0.000042,1,1,1610,1489,0,0
decode,chatcmpl-86c0abb0144dbdaa-bbfb9c1c,3168227.130577,0.000043,1,1,1612,1490,0,0
decode,chatcmpl-86c0abb0144dbdaa-bbfb9c1c,3168227.144384,0.000042,1,1,1614,1491,0,0
decode,chatcmpl-86c0abb0144dbdaa-bbfb9c1c,3168227.158182,0.000043,1,1,1616,1492,0,0
decode,chatcmpl-86c0abb0144dbdaa-bbfb9c1c,3168227.171992,0.000048,1,1,1618,1493,0,0
decode,chatcmpl-86c0abb0144dbdaa-bbfb9c1c,3168227.185802,0.000042,1,1,1620,1494,0,0
decode,chatcmpl-86c0abb0144dbdaa-bbfb9c1c,3168227.199592,0.000041,1,1,1622,1495,0,0
decode,chatcmpl-86c0abb0144dbdaa-bbfb9c1c,3168227.213403,0.000042,1,1,1624,1496,0,0
decode,chatcmpl-86c0abb0144dbdaa-bbfb9c1c,3168227.227219,0.000043,1,1,1626,1497,0,0
decode,chatcmpl-86c0abb0144dbdaa-bbfb9c1c,3168227.241023,0.000042,1,1,1628,1498,0,0
decode,,3168227.254821,0.000093,0,0,,,0,0
decode,,3168227.255227,0.000060,0,0,,,0,0
prefill,chatcmpl-a6d08fbd086ad068-9a4f8984,3168227.342048,0.000650,1,1369,1369,0,1,0
encoder,chatcmpl-a6d08fbd086ad068-9a4f8984,3168227.344380,0.375777,1,0,,, 1,0
decode,chatcmpl-a6d08fbd086ad068-9a4f8984,3168227.874134,0.000045,1,1,1370,1369,0,0
decode,chatcmpl-a6d08fbd086ad068-9a4f8984,3168227.888379,0.000043,1,1,1372,1370,0,0
decode,chatcmpl-a6d08fbd086ad068-9a4f8984,3168227.902248,0.000042,1,1,1374,1371,0,0
decode,chatcmpl-a6d08fbd086ad068-9a4f8984,3168227.916085,0.000043,1,1,1376,1372,0,0
decode,chatcmpl-a6d08fbd086ad068-9a4f8984,3168227.929918,0.000044,1,1,1378,1373,0,0
decode,chatcmpl-a6d08fbd086ad068-9a4f8984,3168227.943734,0.000041,1,1,1380,1374,0,0
decode,chatcmpl-a6d08fbd086ad068-9a4f8984,3168227.957557,0.000044,1,1,1382,1375,0,0
decode,chatcmpl-a6d08fbd086ad068-9a4f8984,3168227.971363,0.000041,1,1,1384,1376,0,0
decode,chatcmpl-a6d08fbd086ad068-9a4f8984,3168227.985177,0.000044,1,1,1386,1377,0,0
decode,chatcmpl-a6d08fbd086ad068-9a4f8984,3168227.999098,0.000042,1,1,1388,1378,0,0
decode,chatcmpl-a6d08fbd086ad068-9a4f8984,3168228.012912,0.000042,1,1,1390,1379,0,0
decode,chatcmpl-a6d08fbd086ad068-9a4f8984,3168228.026755,0.000043,1,1,1392,1380,0,0
decode,chatcmpl-a6d08fbd086ad068-9a4f8984,3168228.040561,0.000045,1,1,1394,1381,0,0
decode,chatcmpl-a6d08fbd086ad068-9a4f8984,3168228.054365,0.000043,1,1,1396,1382,0,0
decode,chatcmpl-a6d08fbd086ad068-9a4f8984,3168228.068170,0.000101,1,1,1398,1383,0,0
decode,chatcmpl-a6d08fbd086ad068-9a4f8984,3168228.081986,0.000043,1,1,1400,1384,0,0
decode,chatcmpl-a6d08fbd086ad068-9a4f8984,3168228.095789,0.000044,1,1,1402,1385,0,0
decode,chatcmpl-a6d08fbd086ad068-9a4f8984,3168228.109608,0.000042,1,1,1404,1386,0,0
decode,chatcmpl-a6d08fbd086ad068-9a4f8984,3168228.123409,0.000041,1,1,1406,1387,0,0
decode,chatcmpl-a6d08fbd086ad068-9a4f8984,3168228.137220,0.000044,1,1,1408,1388,0,0
decode,chatcmpl-a6d08fbd086ad068-9a4f8984,3168228.151147,0.000041,1,1,1410,1389,0,0
decode,chatcmpl-a6d08fbd086ad068-9a4f8984,3168228.164969,0.000042,1,1,1412,1390,0,0
decode,chatcmpl-a6d08fbd086ad068-9a4f8984,3168228.178772,0.000042,1,1,1414,1391,0,0
decode,chatcmpl-a6d08fbd086ad068-9a4f8984,3168228.192587,0.000043,1,1,1416,1392,0,0
decode,chatcmpl-a6d08fbd086ad068-9a4f8984,3168228.206407,0.000043,1,1,1418,1393,0,0
decode,chatcmpl-a6d08fbd086ad068-9a4f8984,3168228.220210,0.000042,1,1,1420,1394,0,0
decode,chatcmpl-a6d08fbd086ad068-9a4f8984,3168228.234005,0.000043,1,1,1422,1395,0,0
decode,chatcmpl-a6d08fbd086ad068-9a4f8984,3168228.247829,0.000042,1,1,1424,1396,0,0
decode,chatcmpl-a6d08fbd086ad068-9a4f8984,3168228.261642,0.000041,1,1,1426,1397,0,0
decode,chatcmpl-a6d08fbd086ad068-9a4f8984,3168228.275460,0.000041,1,1,1428,1398,0,0
decode,chatcmpl-a6d08fbd086ad068-9a4f8984,3168228.289268,0.000043,1,1,1430,1399,0,0
decode,chatcmpl-a6d08fbd086ad068-9a4f8984,3168228.303170,0.000043,1,1,1432,1400,0,0
decode,chatcmpl-a6d08fbd086ad068-9a4f8984,3168228.316971,0.000042,1,1,1434,1401,0,0
decode,chatcmpl-a6d08fbd086ad068-9a4f8984,3168228.330783,0.000043,1,1,1436,1402,0,0
decode,chatcmpl-a6d08fbd086ad068-9a4f8984,3168228.344592,0.000042,1,1,1438,1403,0,0
decode,chatcmpl-a6d08fbd086ad068-9a4f8984,3168228.358387,0.000043,1,1,1440,1404,0,0
decode,chatcmpl-a6d08fbd086ad068-9a4f8984,3168228.372191,0.000041,1,1,1442,1405,0,0
decode,chatcmpl-a6d08fbd086ad068-9a4f8984,3168228.385994,0.000041,1,1,1444,1406,0,0
decode,chatcmpl-a6d08fbd086ad068-9a4f8984,3168228.399785,0.000042,1,1,1446,1407,0,0
decode,chatcmpl-a6d08fbd086ad068-9a4f8984,3168228.413607,0.000058,1,1,1448,1408,0,0
decode,chatcmpl-a6d08fbd086ad068-9a4f8984,3168228.427421,0.000043,1,1,1450,1409,0,0
decode,chatcmpl-a6d08fbd086ad068-9a4f8984,3168228.441241,0.000043,1,1,1452,1410,0,0
decode,chatcmpl-a6d08fbd086ad068-9a4f8984,3168228.455210,0.000042,1,1,1454,1411,0,0
decode,chatcmpl-a6d08fbd086ad068-9a4f8984,3168228.468984,0.000041,1,1,1456,1412,0,0
decode,chatcmpl-a6d08fbd086ad068-9a4f8984,3168228.482784,0.000043,1,1,1458,1413,0,0
decode,chatcmpl-a6d08fbd086ad068-9a4f8984,3168228.496609,0.000041,1,1,1460,1414,0,0
decode,chatcmpl-a6d08fbd086ad068-9a4f8984,3168228.510402,0.000041,1,1,1462,1415,0,0
decode,chatcmpl-a6d08fbd086ad068-9a4f8984,3168228.524207,0.000042,1,1,1464,1416,0,0
decode,chatcmpl-a6d08fbd086ad068-9a4f8984,3168228.537987,0.000045,1,1,1466,1417,0,0
decode,chatcmpl-a6d08fbd086ad068-9a4f8984,3168228.551785,0.000043,1,1,1468,1418,0,0
decode,chatcmpl-a6d08fbd086ad068-9a4f8984,3168228.565616,0.000042,1,1,1470,1419,0,0
decode,chatcmpl-a6d08fbd086ad068-9a4f8984,3168228.579413,0.000043,1,1,1472,1420,0,0
decode,chatcmpl-a6d08fbd086ad068-9a4f8984,3168228.593218,0.000043,1,1,1474,1421,0,0
decode,chatcmpl-a6d08fbd086ad068-9a4f8984,3168228.607123,0.000041,1,1,1476,1422,0,0
decode,chatcmpl-a6d08fbd086ad068-9a4f8984,3168228.620921,0.000042,1,1,1478,1423,0,0
decode,chatcmpl-a6d08fbd086ad068-9a4f8984,3168228.634716,0.000043,1,1,1480,1424,0,0
decode,chatcmpl-a6d08fbd086ad068-9a4f8984,3168228.648598,0.000042,1,1,1482,1425,0,0
decode,chatcmpl-a6d08fbd086ad068-9a4f8984,3168228.662344,0.000042,1,1,1484,1426,0,0
decode,chatcmpl-a6d08fbd086ad068-9a4f8984,3168228.676149,0.000044,1,1,1486,1427,0,0
decode,chatcmpl-a6d08fbd086ad068-9a4f8984,3168228.689976,0.000043,1,1,1488,1428,0,0
decode,chatcmpl-a6d08fbd086ad068-9a4f8984,3168228.703795,0.000041,1,1,1490,1429,0,0
decode,chatcmpl-a6d08fbd086ad068-9a4f8984,3168228.717681,0.000041,1,1,1492,1430,0,0
decode,chatcmpl-a6d08fbd086ad068-9a4f8984,3168228.731424,0.000043,1,1,1494,1431,0,0
decode,chatcmpl-a6d08fbd086ad068-9a4f8984,3168228.745261,0.000040,1,1,1496,1432,0,0
decode,chatcmpl-a6d08fbd086ad068-9a4f8984,3168228.759174,0.000042,1,1,1498,1433,0,0
decode,chatcmpl-a6d08fbd086ad068-9a4f8984,3168228.773005,0.000043,1,1,1500,1434,0,0
decode,chatcmpl-a6d08fbd086ad068-9a4f8984,3168228.786786,0.000041,1,1,1502,1435,0,0
decode,chatcmpl-a6d08fbd086ad068-9a4f8984,3168228.800600,0.000042,1,1,1504,1436,0,0
decode,chatcmpl-a6d08fbd086ad068-9a4f8984,3168228.814406,0.000043,1,1,1506,1437,0,0
decode,chatcmpl-a6d08fbd086ad068-9a4f8984,3168228.828216,0.000040,1,1,1508,1438,0,0
decode,chatcmpl-a6d08fbd086ad068-9a4f8984,3168228.842005,0.000043,1,1,1510,1439,0,0
decode,chatcmpl-a6d08fbd086ad068-9a4f8984,3168228.855798,0.000042,1,1,1512,1440,0,0
decode,chatcmpl-a6d08fbd086ad068-9a4f8984,3168228.869609,0.000043,1,1,1514,1441,0,0
decode,chatcmpl-a6d08fbd086ad068-9a4f8984,3168228.883405,0.000045,1,1,1516,1442,0,0
decode,chatcmpl-a6d08fbd086ad068-9a4f8984,3168228.897239,0.000042,1,1,1518,1443,0,0
decode,chatcmpl-a6d08fbd086ad068-9a4f8984,3168228.911118,0.000041,1,1,1520,1444,0,0
decode,chatcmpl-a6d08fbd086ad068-9a4f8984,3168228.924924,0.000042,1,1,1522,1445,0,0
decode,chatcmpl-a6d08fbd086ad068-9a4f8984,3168228.938712,0.000044,1,1,1524,1446,0,0
decode,chatcmpl-a6d08fbd086ad068-9a4f8984,3168228.952535,0.000042,1,1,1526,1447,0,0
decode,chatcmpl-a6d08fbd086ad068-9a4f8984,3168228.966349,0.000042,1,1,1528,1448,0,0
decode,chatcmpl-a6d08fbd086ad068-9a4f8984,3168228.980148,0.000043,1,1,1530,1449,0,0
decode,chatcmpl-a6d08fbd086ad068-9a4f8984,3168228.993948,0.000043,1,1,1532,1450,0,0
decode,chatcmpl-a6d08fbd086ad068-9a4f8984,3168229.007760,0.000042,1,1,1534,1451,0,0
decode,chatcmpl-a6d08fbd086ad068-9a4f8984,3168229.021585,0.000044,1,1,1536,1452,0,0
decode,chatcmpl-a6d08fbd086ad068-9a4f8984,3168229.035376,0.000043,1,1,1538,1453,0,0
decode,chatcmpl-a6d08fbd086ad068-9a4f8984,3168229.049206,0.000043,1,1,1540,1454,0,0
decode,chatcmpl-a6d08fbd086ad068-9a4f8984,3168229.063119,0.000042,1,1,1542,1455,0,0
decode,chatcmpl-a6d08fbd086ad068-9a4f8984,3168229.076949,0.000043,1,1,1544,1456,0,0
decode,chatcmpl-a6d08fbd086ad068-9a4f8984,3168229.090763,0.000042,1,1,1546,1457,0,0
decode,chatcmpl-a6d08fbd086ad068-9a4f8984,3168229.104582,0.000043,1,1,1548,1458,0,0
decode,chatcmpl-a6d08fbd086ad068-9a4f8984,3168229.118380,0.000042,1,1,1550,1459,0,0
decode,chatcmpl-a6d08fbd086ad068-9a4f8984,3168229.132182,0.000043,1,1,1552,1460,0,0
decode,chatcmpl-a6d08fbd086ad068-9a4f8984,3168229.145988,0.000044,1,1,1554,1461,0,0
decode,chatcmpl-a6d08fbd086ad068-9a4f8984,3168229.159792,0.000043,1,1,1556,1462,0,0
decode,chatcmpl-a6d08fbd086ad068-9a4f8984,3168229.173609,0.000043,1,1,1558,1463,0,0
decode,chatcmpl-a6d08fbd086ad068-9a4f8984,3168229.187420,0.000042,1,1,1560,1464,0,0
decode,chatcmpl-a6d08fbd086ad068-9a4f8984,3168229.201243,0.000041,1,1,1562,1465,0,0
decode,chatcmpl-a6d08fbd086ad068-9a4f8984,3168229.215150,0.000042,1,1,1564,1466,0,0
decode,chatcmpl-a6d08fbd086ad068-9a4f8984,3168229.228961,0.000041,1,1,1566,1467,0,0
decode,chatcmpl-a6d08fbd086ad068-9a4f8984,3168229.242747,0.000043,1,1,1568,1468,0,0
decode,chatcmpl-a6d08fbd086ad068-9a4f8984,3168229.256566,0.000044,1,1,1570,1469,0,0
decode,chatcmpl-a6d08fbd086ad068-9a4f8984,3168229.270384,0.000043,1,1,1572,1470,0,0
decode,chatcmpl-a6d08fbd086ad068-9a4f8984,3168229.284201,0.000043,1,1,1574,1471,0,0
decode,chatcmpl-a6d08fbd086ad068-9a4f8984,3168229.298010,0.000042,1,1,1576,1472,0,0
decode,chatcmpl-a6d08fbd086ad068-9a4f8984,3168229.311842,0.000042,1,1,1578,1473,0,0
decode,chatcmpl-a6d08fbd086ad068-9a4f8984,3168229.325651,0.000043,1,1,1580,1474,0,0
decode,chatcmpl-a6d08fbd086ad068-9a4f8984,3168229.339448,0.000041,1,1,1582,1475,0,0
decode,chatcmpl-a6d08fbd086ad068-9a4f8984,3168229.353247,0.000042,1,1,1584,1476,0,0
decode,chatcmpl-a6d08fbd086ad068-9a4f8984,3168229.367170,0.000041,1,1,1586,1477,0,0
decode,chatcmpl-a6d08fbd086ad068-9a4f8984,3168229.380996,0.000042,1,1,1588,1478,0,0
decode,chatcmpl-a6d08fbd086ad068-9a4f8984,3168229.394798,0.000043,1,1,1590,1479,0,0
decode,chatcmpl-a6d08fbd086ad068-9a4f8984,3168229.408621,0.000043,1,1,1592,1480,0,0
decode,chatcmpl-a6d08fbd086ad068-9a4f8984,3168229.422433,0.000041,1,1,1594,1481,0,0
decode,chatcmpl-a6d08fbd086ad068-9a4f8984,3168229.436240,0.000042,1,1,1596,1482,0,0
decode,chatcmpl-a6d08fbd086ad068-9a4f8984,3168229.450030,0.000042,1,1,1598,1483,0,0
decode,chatcmpl-a6d08fbd086ad068-9a4f8984,3168229.463844,0.000042,1,1,1600,1484,0,0
decode,chatcmpl-a6d08fbd086ad068-9a4f8984,3168229.477642,0.000042,1,1,1602,1485,0,0
decode,chatcmpl-a6d08fbd086ad068-9a4f8984,3168229.491457,0.000043,1,1,1604,1486,0,0
decode,chatcmpl-a6d08fbd086ad068-9a4f8984,3168229.505258,0.000042,1,1,1606,1487,0,0
decode,chatcmpl-a6d08fbd086ad068-9a4f8984,3168229.519060,0.000044,1,1,1608,1488,0,0
decode,chatcmpl-a6d08fbd086ad068-9a4f8984,3168229.532884,0.000043,1,1,1610,1489,0,0
decode,chatcmpl-a6d08fbd086ad068-9a4f8984,3168229.546690,0.000042,1,1,1612,1490,0,0
decode,chatcmpl-a6d08fbd086ad068-9a4f8984,3168229.560509,0.000043,1,1,1614,1491,0,0
decode,chatcmpl-a6d08fbd086ad068-9a4f8984,3168229.574342,0.000042,1,1,1616,1492,0,0
decode,chatcmpl-a6d08fbd086ad068-9a4f8984,3168229.588150,0.000042,1,1,1618,1493,0,0
decode,chatcmpl-a6d08fbd086ad068-9a4f8984,3168229.601952,0.000043,1,1,1620,1494,0,0
decode,chatcmpl-a6d08fbd086ad068-9a4f8984,3168229.615760,0.000043,1,1,1622,1495,0,0
decode,chatcmpl-a6d08fbd086ad068-9a4f8984,3168229.629584,0.000041,1,1,1624,1496,0,0
decode,chatcmpl-a6d08fbd086ad068-9a4f8984,3168229.643394,0.000044,1,1,1626,1497,0,0
decode,chatcmpl-a6d08fbd086ad068-9a4f8984,3168229.657204,0.000041,1,1,1628,1498,0,0
decode,,3168229.671076,0.000092,0,0,,,0,0
decode,,3168229.671322,0.000120,0,0,,,0,0
prefill,chatcmpl-b29949d71321823a-a0daa50c,3168229.755974,0.000581,1,1334,1334,0,1,0
encoder,chatcmpl-b29949d71321823a-a0daa50c,3168229.758243,0.375427,1,0,,, 1,0
decode,chatcmpl-b29949d71321823a-a0daa50c,3168230.283431,0.000045,1,1,1335,1334,0,0
decode,chatcmpl-b29949d71321823a-a0daa50c,3168230.297771,0.000044,1,1,1337,1335,0,0
decode,chatcmpl-b29949d71321823a-a0daa50c,3168230.311629,0.000043,1,1,1339,1336,0,0
decode,chatcmpl-b29949d71321823a-a0daa50c,3168230.325497,0.000046,1,1,1341,1337,0,0
decode,chatcmpl-b29949d71321823a-a0daa50c,3168230.339316,0.000042,1,1,1343,1338,0,0
decode,chatcmpl-b29949d71321823a-a0daa50c,3168230.353150,0.000042,1,1,1345,1339,0,0
decode,chatcmpl-b29949d71321823a-a0daa50c,3168230.366987,0.000043,1,1,1347,1340,0,0
decode,chatcmpl-b29949d71321823a-a0daa50c,3168230.380816,0.000044,1,1,1349,1341,0,0
decode,chatcmpl-b29949d71321823a-a0daa50c,3168230.394609,0.000043,1,1,1351,1342,0,0
decode,chatcmpl-b29949d71321823a-a0daa50c,3168230.408462,0.000045,1,1,1353,1343,0,0
decode,chatcmpl-b29949d71321823a-a0daa50c,3168230.422268,0.000042,1,1,1355,1344,0,0
decode,chatcmpl-b29949d71321823a-a0daa50c,3168230.436058,0.000042,1,1,1357,1345,0,0
decode,chatcmpl-b29949d71321823a-a0daa50c,3168230.449982,0.000041,1,1,1359,1346,0,0
decode,chatcmpl-b29949d71321823a-a0daa50c,3168230.463805,0.000045,1,1,1361,1347,0,0
decode,chatcmpl-b29949d71321823a-a0daa50c,3168230.477612,0.000042,1,1,1363,1348,0,0
decode,chatcmpl-b29949d71321823a-a0daa50c,3168230.491423,0.000043,1,1,1365,1349,0,0
decode,chatcmpl-b29949d71321823a-a0daa50c,3168230.505247,0.000041,1,1,1367,1350,0,0
decode,chatcmpl-b29949d71321823a-a0daa50c,3168230.519065,0.000042,1,1,1369,1351,0,0
decode,chatcmpl-b29949d71321823a-a0daa50c,3168230.532923,0.000043,1,1,1371,1352,0,0
decode,chatcmpl-b29949d71321823a-a0daa50c,3168230.546717,0.000043,1,1,1373,1353,0,0
decode,chatcmpl-b29949d71321823a-a0daa50c,3168230.560553,0.000044,1,1,1375,1354,0,0
decode,chatcmpl-b29949d71321823a-a0daa50c,3168230.574351,0.000042,1,1,1377,1355,0,0
decode,chatcmpl-b29949d71321823a-a0daa50c,3168230.588155,0.000043,1,1,1379,1356,0,0
decode,chatcmpl-b29949d71321823a-a0daa50c,3168230.602052,0.000043,1,1,1381,1357,0,0
decode,chatcmpl-b29949d71321823a-a0daa50c,3168230.615867,0.000041,1,1,1383,1358,0,0
decode,chatcmpl-b29949d71321823a-a0daa50c,3168230.629677,0.000043,1,1,1385,1359,0,0
decode,chatcmpl-b29949d71321823a-a0daa50c,3168230.643471,0.000043,1,1,1387,1360,0,0
decode,chatcmpl-b29949d71321823a-a0daa50c,3168230.657325,0.000042,1,1,1389,1361,0,0
decode,chatcmpl-b29949d71321823a-a0daa50c,3168230.671132,0.000043,1,1,1391,1362,0,0
decode,chatcmpl-b29949d71321823a-a0daa50c,3168230.684934,0.000045,1,1,1393,1363,0,0
decode,chatcmpl-b29949d71321823a-a0daa50c,3168230.698724,0.000042,1,1,1395,1364,0,0
decode,chatcmpl-b29949d71321823a-a0daa50c,3168230.712541,0.000043,1,1,1397,1365,0,0
decode,chatcmpl-b29949d71321823a-a0daa50c,3168230.726324,0.000043,1,1,1399,1366,0,0
decode,chatcmpl-b29949d71321823a-a0daa50c,3168230.740119,0.000041,1,1,1401,1367,0,0
decode,chatcmpl-b29949d71321823a-a0daa50c,3168230.754023,0.000042,1,1,1403,1368,0,0
decode,chatcmpl-b29949d71321823a-a0daa50c,3168230.767840,0.000043,1,1,1405,1369,0,0
decode,chatcmpl-b29949d71321823a-a0daa50c,3168230.781673,0.000044,1,1,1407,1370,0,0
decode,chatcmpl-b29949d71321823a-a0daa50c,3168230.795488,0.000043,1,1,1409,1371,0,0
decode,chatcmpl-b29949d71321823a-a0daa50c,3168230.809310,0.000044,1,1,1411,1372,0,0
decode,chatcmpl-b29949d71321823a-a0daa50c,3168230.823145,0.000041,1,1,1413,1373,0,0
decode,chatcmpl-b29949d71321823a-a0daa50c,3168230.836984,0.000043,1,1,1415,1374,0,0
decode,chatcmpl-b29949d71321823a-a0daa50c,3168230.850798,0.000042,1,1,1417,1375,0,0
decode,chatcmpl-b29949d71321823a-a0daa50c,3168230.864617,0.000045,1,1,1419,1376,0,0
decode,chatcmpl-b29949d71321823a-a0daa50c,3168230.878406,0.000042,1,1,1421,1377,0,0
decode,chatcmpl-b29949d71321823a-a0daa50c,3168230.892198,0.000043,1,1,1423,1378,0,0
decode,chatcmpl-b29949d71321823a-a0daa50c,3168230.906100,0.000043,1,1,1425,1379,0,0
decode,chatcmpl-b29949d71321823a-a0daa50c,3168230.919924,0.000042,1,1,1427,1380,0,0
decode,chatcmpl-b29949d71321823a-a0daa50c,3168230.933725,0.000043,1,1,1429,1381,0,0
decode,chatcmpl-b29949d71321823a-a0daa50c,3168230.947531,0.000042,1,1,1431,1382,0,0
decode,chatcmpl-b29949d71321823a-a0daa50c,3168230.961349,0.000043,1,1,1433,1383,0,0
decode,chatcmpl-b29949d71321823a-a0daa50c,3168230.975161,0.000042,1,1,1435,1384,0,0
decode,chatcmpl-b29949d71321823a-a0daa50c,3168230.988976,0.000043,1,1,1437,1385,0,0
decode,chatcmpl-b29949d71321823a-a0daa50c,3168231.002783,0.000042,1,1,1439,1386,0,0
decode,chatcmpl-b29949d71321823a-a0daa50c,3168231.016627,0.000042,1,1,1441,1387,0,0
decode,chatcmpl-b29949d71321823a-a0daa50c,3168231.030429,0.000042,1,1,1443,1388,0,0
decode,chatcmpl-b29949d71321823a-a0daa50c,3168231.044234,0.000041,1,1,1445,1389,0,0
decode,chatcmpl-b29949d71321823a-a0daa50c,3168231.058154,0.000041,1,1,1447,1390,0,0
decode,chatcmpl-b29949d71321823a-a0daa50c,3168231.071968,0.000046,1,1,1449,1391,0,0
decode,chatcmpl-b29949d71321823a-a0daa50c,3168231.085780,0.000043,1,1,1451,1392,0,0
decode,chatcmpl-b29949d71321823a-a0daa50c,3168231.099573,0.000043,1,1,1453,1393,0,0
decode,chatcmpl-b29949d71321823a-a0daa50c,3168231.113403,0.000043,1,1,1455,1394,0,0
decode,chatcmpl-b29949d71321823a-a0daa50c,3168231.127229,0.000044,1,1,1457,1395,0,0
decode,chatcmpl-b29949d71321823a-a0daa50c,3168231.141057,0.000043,1,1,1459,1396,0,0
decode,chatcmpl-b29949d71321823a-a0daa50c,3168231.154866,0.000042,1,1,1461,1397,0,0
decode,chatcmpl-b29949d71321823a-a0daa50c,3168231.168715,0.000043,1,1,1463,1398,0,0
decode,chatcmpl-b29949d71321823a-a0daa50c,3168231.182514,0.000042,1,1,1465,1399,0,0
decode,chatcmpl-b29949d71321823a-a0daa50c,3168231.196327,0.000042,1,1,1467,1400,0,0
decode,chatcmpl-b29949d71321823a-a0daa50c,3168231.210244,0.000043,1,1,1469,1401,0,0
decode,chatcmpl-b29949d71321823a-a0daa50c,3168231.224044,0.000043,1,1,1471,1402,0,0
decode,chatcmpl-b29949d71321823a-a0daa50c,3168231.237833,0.000043,1,1,1473,1403,0,0
decode,chatcmpl-b29949d71321823a-a0daa50c,3168231.251633,0.000042,1,1,1475,1404,0,0
decode,chatcmpl-b29949d71321823a-a0daa50c,3168231.265457,0.000040,1,1,1477,1405,0,0
decode,chatcmpl-b29949d71321823a-a0daa50c,3168231.279263,0.000041,1,1,1479,1406,0,0
decode,chatcmpl-b29949d71321823a-a0daa50c,3168231.293094,0.000044,1,1,1481,1407,0,0
decode,chatcmpl-b29949d71321823a-a0daa50c,3168231.306913,0.000053,1,1,1483,1408,0,0
decode,chatcmpl-b29949d71321823a-a0daa50c,3168231.320746,0.000044,1,1,1485,1409,0,0
decode,chatcmpl-b29949d71321823a-a0daa50c,3168231.334556,0.000043,1,1,1487,1410,0,0
decode,chatcmpl-b29949d71321823a-a0daa50c,3168231.348391,0.000042,1,1,1489,1411,0,0
decode,chatcmpl-b29949d71321823a-a0daa50c,3168231.362302,0.000042,1,1,1491,1412,0,0
decode,chatcmpl-b29949d71321823a-a0daa50c,3168231.376116,0.000042,1,1,1493,1413,0,0
decode,chatcmpl-b29949d71321823a-a0daa50c,3168231.389910,0.000041,1,1,1495,1414,0,0
decode,chatcmpl-b29949d71321823a-a0daa50c,3168231.403720,0.000042,1,1,1497,1415,0,0
decode,chatcmpl-b29949d71321823a-a0daa50c,3168231.417543,0.000044,1,1,1499,1416,0,0
decode,chatcmpl-b29949d71321823a-a0daa50c,3168231.431359,0.000041,1,1,1501,1417,0,0
decode,chatcmpl-b29949d71321823a-a0daa50c,3168231.445174,0.000043,1,1,1503,1418,0,0
decode,chatcmpl-b29949d71321823a-a0daa50c,3168231.458991,0.000041,1,1,1505,1419,0,0
decode,chatcmpl-b29949d71321823a-a0daa50c,3168231.472807,0.000042,1,1,1507,1420,0,0
decode,chatcmpl-b29949d71321823a-a0daa50c,3168231.486617,0.000044,1,1,1509,1421,0,0
decode,chatcmpl-b29949d71321823a-a0daa50c,3168231.500433,0.000043,1,1,1511,1422,0,0
decode,chatcmpl-b29949d71321823a-a0daa50c,3168231.514364,0.000043,1,1,1513,1423,0,0
decode,chatcmpl-b29949d71321823a-a0daa50c,3168231.528148,0.000042,1,1,1515,1424,0,0
decode,chatcmpl-b29949d71321823a-a0daa50c,3168231.541955,0.000043,1,1,1517,1425,0,0
decode,chatcmpl-b29949d71321823a-a0daa50c,3168231.555755,0.000043,1,1,1519,1426,0,0
decode,chatcmpl-b29949d71321823a-a0daa50c,3168231.569573,0.000043,1,1,1521,1427,0,0
decode,chatcmpl-b29949d71321823a-a0daa50c,3168231.583410,0.000042,1,1,1523,1428,0,0
decode,chatcmpl-b29949d71321823a-a0daa50c,3168231.597218,0.000042,1,1,1525,1429,0,0
decode,chatcmpl-b29949d71321823a-a0daa50c,3168231.611020,0.000042,1,1,1527,1430,0,0
decode,chatcmpl-b29949d71321823a-a0daa50c,3168231.624841,0.000042,1,1,1529,1431,0,0
decode,chatcmpl-b29949d71321823a-a0daa50c,3168231.638667,0.000040,1,1,1531,1432,0,0
decode,chatcmpl-b29949d71321823a-a0daa50c,3168231.652490,0.000043,1,1,1533,1433,0,0
decode,chatcmpl-b29949d71321823a-a0daa50c,3168231.666440,0.000042,1,1,1535,1434,0,0
decode,,3168231.680258,0.000090,0,0,,,0,0
decode,,3168231.680642,0.000060,0,0,,,0,0
prefill,chatcmpl-855066b8aca8ed03-b4002b79,3168231.759952,0.000570,1,1367,1367,0,1,0
encoder,chatcmpl-855066b8aca8ed03-b4002b79,3168231.762109,0.375567,1,0,,, 1,0
decode,chatcmpl-855066b8aca8ed03-b4002b79,3168232.291690,0.000045,1,1,1368,1367,0,0
decode,chatcmpl-855066b8aca8ed03-b4002b79,3168232.305893,0.000042,1,1,1370,1368,0,0
decode,chatcmpl-855066b8aca8ed03-b4002b79,3168232.319770,0.000042,1,1,1372,1369,0,0
decode,chatcmpl-855066b8aca8ed03-b4002b79,3168232.333606,0.000043,1,1,1374,1370,0,0
decode,chatcmpl-855066b8aca8ed03-b4002b79,3168232.347457,0.000042,1,1,1376,1371,0,0
decode,chatcmpl-855066b8aca8ed03-b4002b79,3168232.361303,0.000044,1,1,1378,1372,0,0
decode,chatcmpl-855066b8aca8ed03-b4002b79,3168232.375108,0.000044,1,1,1380,1373,0,0
decode,chatcmpl-855066b8aca8ed03-b4002b79,3168232.388931,0.000045,1,1,1382,1374,0,0
decode,chatcmpl-855066b8aca8ed03-b4002b79,3168232.402753,0.000043,1,1,1384,1375,0,0
decode,chatcmpl-855066b8aca8ed03-b4002b79,3168232.416563,0.000045,1,1,1386,1376,0,0
decode,chatcmpl-855066b8aca8ed03-b4002b79,3168232.430370,0.000043,1,1,1388,1377,0,0
decode,chatcmpl-855066b8aca8ed03-b4002b79,3168232.444200,0.000043,1,1,1390,1378,0,0
decode,chatcmpl-855066b8aca8ed03-b4002b79,3168232.458023,0.000044,1,1,1392,1379,0,0
decode,chatcmpl-855066b8aca8ed03-b4002b79,3168232.471840,0.000042,1,1,1394,1380,0,0
decode,chatcmpl-855066b8aca8ed03-b4002b79,3168232.485660,0.000043,1,1,1396,1381,0,0
decode,chatcmpl-855066b8aca8ed03-b4002b79,3168232.499478,0.000043,1,1,1398,1382,0,0
decode,chatcmpl-855066b8aca8ed03-b4002b79,3168232.513307,0.000043,1,1,1400,1383,0,0
decode,chatcmpl-855066b8aca8ed03-b4002b79,3168232.527113,0.000044,1,1,1402,1384,0,0
decode,chatcmpl-855066b8aca8ed03-b4002b79,3168232.540976,0.000043,1,1,1404,1385,0,0
decode,chatcmpl-855066b8aca8ed03-b4002b79,3168232.554795,0.000042,1,1,1406,1386,0,0
decode,chatcmpl-855066b8aca8ed03-b4002b79,3168232.568644,0.000043,1,1,1408,1387,0,0
decode,chatcmpl-855066b8aca8ed03-b4002b79,3168232.582447,0.000041,1,1,1410,1388,0,0
decode,chatcmpl-855066b8aca8ed03-b4002b79,3168232.596264,0.000043,1,1,1412,1389,0,0
decode,chatcmpl-855066b8aca8ed03-b4002b79,3168232.610068,0.000040,1,1,1414,1390,0,0
decode,chatcmpl-855066b8aca8ed03-b4002b79,3168232.623890,0.000043,1,1,1416,1391,0,0
decode,chatcmpl-855066b8aca8ed03-b4002b79,3168232.637697,0.000044,1,1,1418,1392,0,0
decode,chatcmpl-855066b8aca8ed03-b4002b79,3168232.651564,0.000044,1,1,1420,1393,0,0
decode,chatcmpl-855066b8aca8ed03-b4002b79,3168232.665323,0.000043,1,1,1422,1394,0,0
decode,chatcmpl-855066b8aca8ed03-b4002b79,3168232.679124,0.000042,1,1,1424,1395,0,0
decode,chatcmpl-855066b8aca8ed03-b4002b79,3168232.692926,0.000041,1,1,1426,1396,0,0
decode,chatcmpl-855066b8aca8ed03-b4002b79,3168232.706720,0.000043,1,1,1428,1397,0,0
decode,chatcmpl-855066b8aca8ed03-b4002b79,3168232.720556,0.000042,1,1,1430,1398,0,0
decode,chatcmpl-855066b8aca8ed03-b4002b79,3168232.734343,0.000043,1,1,1432,1399,0,0
decode,chatcmpl-855066b8aca8ed03-b4002b79,3168232.748159,0.000043,1,1,1434,1400,0,0
decode,chatcmpl-855066b8aca8ed03-b4002b79,3168232.761976,0.000043,1,1,1436,1401,0,0
decode,chatcmpl-855066b8aca8ed03-b4002b79,3168232.775780,0.000043,1,1,1438,1402,0,0
decode,chatcmpl-855066b8aca8ed03-b4002b79,3168232.789589,0.000041,1,1,1440,1403,0,0
decode,chatcmpl-855066b8aca8ed03-b4002b79,3168232.803419,0.000042,1,1,1442,1404,0,0
decode,chatcmpl-855066b8aca8ed03-b4002b79,3168232.817245,0.000043,1,1,1444,1405,0,0
decode,chatcmpl-855066b8aca8ed03-b4002b79,3168232.831061,0.000043,1,1,1446,1406,0,0
decode,chatcmpl-855066b8aca8ed03-b4002b79,3168232.844897,0.000044,1,1,1448,1407,0,0
decode,chatcmpl-855066b8aca8ed03-b4002b79,3168232.858738,0.000053,1,1,1450,1408,0,0
decode,chatcmpl-855066b8aca8ed03-b4002b79,3168232.872556,0.000041,1,1,1452,1409,0,0
decode,chatcmpl-855066b8aca8ed03-b4002b79,3168232.886366,0.000042,1,1,1454,1410,0,0
decode,chatcmpl-855066b8aca8ed03-b4002b79,3168232.900179,0.000043,1,1,1456,1411,0,0
decode,chatcmpl-855066b8aca8ed03-b4002b79,3168232.913980,0.000043,1,1,1458,1412,0,0
decode,chatcmpl-855066b8aca8ed03-b4002b79,3168232.927793,0.000042,1,1,1460,1413,0,0
decode,chatcmpl-855066b8aca8ed03-b4002b79,3168232.941605,0.000041,1,1,1462,1414,0,0
decode,chatcmpl-855066b8aca8ed03-b4002b79,3168232.955410,0.000043,1,1,1464,1415,0,0
decode,chatcmpl-855066b8aca8ed03-b4002b79,3168232.969223,0.000042,1,1,1466,1416,0,0
decode,chatcmpl-855066b8aca8ed03-b4002b79,3168232.983030,0.000045,1,1,1468,1417,0,0
decode,chatcmpl-855066b8aca8ed03-b4002b79,3168232.996873,0.000043,1,1,1470,1418,0,0
decode,chatcmpl-855066b8aca8ed03-b4002b79,3168233.010692,0.000043,1,1,1472,1419,0,0
decode,chatcmpl-855066b8aca8ed03-b4002b79,3168233.024521,0.000042,1,1,1474,1420,0,0
decode,chatcmpl-855066b8aca8ed03-b4002b79,3168233.038325,0.000044,1,1,1476,1421,0,0
decode,chatcmpl-855066b8aca8ed03-b4002b79,3168233.052130,0.000043,1,1,1478,1422,0,0
decode,chatcmpl-855066b8aca8ed03-b4002b79,3168233.065955,0.000041,1,1,1480,1423,0,0
decode,chatcmpl-855066b8aca8ed03-b4002b79,3168233.079763,0.000043,1,1,1482,1424,0,0
decode,chatcmpl-855066b8aca8ed03-b4002b79,3168233.093567,0.000042,1,1,1484,1425,0,0
decode,chatcmpl-855066b8aca8ed03-b4002b79,3168233.107381,0.000042,1,1,1486,1426,0,0
decode,chatcmpl-855066b8aca8ed03-b4002b79,3168233.121205,0.000043,1,1,1488,1427,0,0
decode,chatcmpl-855066b8aca8ed03-b4002b79,3168233.134992,0.000043,1,1,1490,1428,0,0
decode,chatcmpl-855066b8aca8ed03-b4002b79,3168233.148828,0.000043,1,1,1492,1429,0,0
decode,chatcmpl-855066b8aca8ed03-b4002b79,3168233.162638,0.000042,1,1,1494,1430,0,0
decode,chatcmpl-855066b8aca8ed03-b4002b79,3168233.176482,0.000042,1,1,1496,1431,0,0
decode,chatcmpl-855066b8aca8ed03-b4002b79,3168233.190276,0.000044,1,1,1498,1432,0,0
decode,chatcmpl-855066b8aca8ed03-b4002b79,3168233.204105,0.000043,1,1,1500,1433,0,0
decode,chatcmpl-855066b8aca8ed03-b4002b79,3168233.217907,0.000045,1,1,1502,1434,0,0
decode,chatcmpl-855066b8aca8ed03-b4002b79,3168233.231741,0.000043,1,1,1504,1435,0,0
decode,chatcmpl-855066b8aca8ed03-b4002b79,3168233.245565,0.000044,1,1,1506,1436,0,0
decode,chatcmpl-855066b8aca8ed03-b4002b79,3168233.259385,0.000041,1,1,1508,1437,0,0
decode,chatcmpl-855066b8aca8ed03-b4002b79,3168233.273188,0.000042,1,1,1510,1438,0,0
decode,chatcmpl-855066b8aca8ed03-b4002b79,3168233.287002,0.000043,1,1,1512,1439,0,0
decode,chatcmpl-855066b8aca8ed03-b4002b79,3168233.300810,0.000043,1,1,1514,1440,0,0
decode,chatcmpl-855066b8aca8ed03-b4002b79,3168233.314623,0.000042,1,1,1516,1441,0,0
decode,chatcmpl-855066b8aca8ed03-b4002b79,3168233.328461,0.000043,1,1,1518,1442,0,0
decode,chatcmpl-855066b8aca8ed03-b4002b79,3168233.342282,0.000043,1,1,1520,1443,0,0
decode,chatcmpl-855066b8aca8ed03-b4002b79,3168233.356102,0.000043,1,1,1522,1444,0,0
decode,chatcmpl-855066b8aca8ed03-b4002b79,3168233.369927,0.000044,1,1,1524,1445,0,0
decode,chatcmpl-855066b8aca8ed03-b4002b79,3168233.383731,0.000043,1,1,1526,1446,0,0
decode,chatcmpl-855066b8aca8ed03-b4002b79,3168233.397549,0.000045,1,1,1528,1447,0,0
decode,chatcmpl-855066b8aca8ed03-b4002b79,3168233.411371,0.000043,1,1,1530,1448,0,0
decode,chatcmpl-855066b8aca8ed03-b4002b79,3168233.425195,0.000042,1,1,1532,1449,0,0
decode,chatcmpl-855066b8aca8ed03-b4002b79,3168233.439009,0.000042,1,1,1534,1450,0,0
decode,chatcmpl-855066b8aca8ed03-b4002b79,3168233.452814,0.000042,1,1,1536,1451,0,0
decode,chatcmpl-855066b8aca8ed03-b4002b79,3168233.466624,0.000043,1,1,1538,1452,0,0
decode,chatcmpl-855066b8aca8ed03-b4002b79,3168233.480445,0.000041,1,1,1540,1453,0,0
decode,chatcmpl-855066b8aca8ed03-b4002b79,3168233.494247,0.000042,1,1,1542,1454,0,0
decode,chatcmpl-855066b8aca8ed03-b4002b79,3168233.508168,0.000043,1,1,1544,1455,0,0
decode,chatcmpl-855066b8aca8ed03-b4002b79,3168233.521973,0.000042,1,1,1546,1456,0,0
decode,chatcmpl-855066b8aca8ed03-b4002b79,3168233.535757,0.000042,1,1,1548,1457,0,0
decode,chatcmpl-855066b8aca8ed03-b4002b79,3168233.549579,0.000041,1,1,1550,1458,0,0
decode,chatcmpl-855066b8aca8ed03-b4002b79,3168233.563395,0.000043,1,1,1552,1459,0,0
decode,chatcmpl-855066b8aca8ed03-b4002b79,3168233.577208,0.000042,1,1,1554,1460,0,0
decode,chatcmpl-855066b8aca8ed03-b4002b79,3168233.591005,0.000042,1,1,1556,1461,0,0
decode,chatcmpl-855066b8aca8ed03-b4002b79,3168233.604834,0.000042,1,1,1558,1462,0,0
decode,chatcmpl-855066b8aca8ed03-b4002b79,3168233.618645,0.000042,1,1,1560,1463,0,0
decode,chatcmpl-855066b8aca8ed03-b4002b79,3168233.632483,0.000043,1,1,1562,1464,0,0
decode,chatcmpl-855066b8aca8ed03-b4002b79,3168233.646284,0.000042,1,1,1564,1465,0,0
decode,chatcmpl-855066b8aca8ed03-b4002b79,3168233.660205,0.000043,1,1,1566,1466,0,0
decode,chatcmpl-855066b8aca8ed03-b4002b79,3168233.674036,0.000043,1,1,1568,1467,0,0
decode,chatcmpl-855066b8aca8ed03-b4002b79,3168233.687842,0.000042,1,1,1570,1468,0,0
decode,chatcmpl-855066b8aca8ed03-b4002b79,3168233.701672,0.000042,1,1,1572,1469,0,0
decode,chatcmpl-855066b8aca8ed03-b4002b79,3168233.715479,0.000043,1,1,1574,1470,0,0
decode,chatcmpl-855066b8aca8ed03-b4002b79,3168233.729300,0.000043,1,1,1576,1471,0,0
decode,chatcmpl-855066b8aca8ed03-b4002b79,3168233.743132,0.000043,1,1,1578,1472,0,0
decode,chatcmpl-855066b8aca8ed03-b4002b79,3168233.756950,0.000042,1,1,1580,1473,0,0
decode,chatcmpl-855066b8aca8ed03-b4002b79,3168233.770775,0.000042,1,1,1582,1474,0,0
decode,chatcmpl-855066b8aca8ed03-b4002b79,3168233.784632,0.000042,1,1,1584,1475,0,0
decode,chatcmpl-855066b8aca8ed03-b4002b79,3168233.798439,0.000042,1,1,1586,1476,0,0
decode,chatcmpl-855066b8aca8ed03-b4002b79,3168233.812375,0.000041,1,1,1588,1477,0,0
decode,chatcmpl-855066b8aca8ed03-b4002b79,3168233.826188,0.000042,1,1,1590,1478,0,0
decode,chatcmpl-855066b8aca8ed03-b4002b79,3168233.839980,0.000045,1,1,1592,1479,0,0
decode,chatcmpl-855066b8aca8ed03-b4002b79,3168233.853779,0.000042,1,1,1594,1480,0,0
decode,chatcmpl-855066b8aca8ed03-b4002b79,3168233.867593,0.000041,1,1,1596,1481,0,0
decode,chatcmpl-855066b8aca8ed03-b4002b79,3168233.881428,0.000044,1,1,1598,1482,0,0
decode,chatcmpl-855066b8aca8ed03-b4002b79,3168233.895220,0.000042,1,1,1600,1483,0,0
decode,chatcmpl-855066b8aca8ed03-b4002b79,3168233.909021,0.000042,1,1,1602,1484,0,0
decode,chatcmpl-855066b8aca8ed03-b4002b79,3168233.922837,0.000043,1,1,1604,1485,0,0
decode,chatcmpl-855066b8aca8ed03-b4002b79,3168233.936656,0.000043,1,1,1606,1486,0,0
decode,chatcmpl-855066b8aca8ed03-b4002b79,3168233.950462,0.000041,1,1,1608,1487,0,0
decode,chatcmpl-855066b8aca8ed03-b4002b79,3168233.964392,0.000044,1,1,1610,1488,0,0
decode,chatcmpl-855066b8aca8ed03-b4002b79,3168233.978210,0.000043,1,1,1612,1489,0,0
decode,chatcmpl-855066b8aca8ed03-b4002b79,3168233.992024,0.000044,1,1,1614,1490,0,0
decode,chatcmpl-855066b8aca8ed03-b4002b79,3168234.005847,0.000042,1,1,1616,1491,0,0
decode,,3168234.019662,0.000088,0,0,,,0,0
decode,,3168234.020048,0.000067,0,0,,,0,0
prefill,chatcmpl-ae5783ed2f5f3098-a1b07ca8,3168234.099491,0.000581,1,1359,1359,0,1,0
encoder,chatcmpl-ae5783ed2f5f3098-a1b07ca8,3168234.101751,0.375578,1,0,,, 1,0
decode,chatcmpl-ae5783ed2f5f3098-a1b07ca8,3168234.631282,0.000045,1,1,1360,1359,0,0
decode,chatcmpl-ae5783ed2f5f3098-a1b07ca8,3168234.645666,0.000045,1,1,1362,1360,0,0
decode,chatcmpl-ae5783ed2f5f3098-a1b07ca8,3168234.659539,0.000042,1,1,1364,1361,0,0
decode,chatcmpl-ae5783ed2f5f3098-a1b07ca8,3168234.673394,0.000043,1,1,1366,1362,0,0
decode,chatcmpl-ae5783ed2f5f3098-a1b07ca8,3168234.687200,0.000043,1,1,1368,1363,0,0
decode,chatcmpl-ae5783ed2f5f3098-a1b07ca8,3168234.701025,0.000044,1,1,1370,1364,0,0
decode,chatcmpl-ae5783ed2f5f3098-a1b07ca8,3168234.714858,0.000042,1,1,1372,1365,0,0
decode,chatcmpl-ae5783ed2f5f3098-a1b07ca8,3168234.728710,0.000041,1,1,1374,1366,0,0
decode,chatcmpl-ae5783ed2f5f3098-a1b07ca8,3168234.742519,0.000041,1,1,1376,1367,0,0
decode,chatcmpl-ae5783ed2f5f3098-a1b07ca8,3168234.756365,0.000044,1,1,1378,1368,0,0
decode,chatcmpl-ae5783ed2f5f3098-a1b07ca8,3168234.770178,0.000043,1,1,1380,1369,0,0
decode,chatcmpl-ae5783ed2f5f3098-a1b07ca8,3168234.784007,0.000042,1,1,1382,1370,0,0
decode,chatcmpl-ae5783ed2f5f3098-a1b07ca8,3168234.797963,0.000041,1,1,1384,1371,0,0
decode,chatcmpl-ae5783ed2f5f3098-a1b07ca8,3168234.811730,0.000044,1,1,1386,1372,0,0
decode,chatcmpl-ae5783ed2f5f3098-a1b07ca8,3168234.825546,0.000041,1,1,1388,1373,0,0
decode,chatcmpl-ae5783ed2f5f3098-a1b07ca8,3168234.839361,0.000044,1,1,1390,1374,0,0
decode,chatcmpl-ae5783ed2f5f3098-a1b07ca8,3168234.853179,0.000045,1,1,1392,1375,0,0
decode,chatcmpl-ae5783ed2f5f3098-a1b07ca8,3168234.866995,0.000042,1,1,1394,1376,0,0
decode,chatcmpl-ae5783ed2f5f3098-a1b07ca8,3168234.880815,0.000044,1,1,1396,1377,0,0
decode,chatcmpl-ae5783ed2f5f3098-a1b07ca8,3168234.894642,0.000043,1,1,1398,1378,0,0
decode,chatcmpl-ae5783ed2f5f3098-a1b07ca8,3168234.908464,0.000042,1,1,1400,1379,0,0
decode,chatcmpl-ae5783ed2f5f3098-a1b07ca8,3168234.922278,0.000043,1,1,1402,1380,0,0
decode,chatcmpl-ae5783ed2f5f3098-a1b07ca8,3168234.936086,0.000041,1,1,1404,1381,0,0
decode,chatcmpl-ae5783ed2f5f3098-a1b07ca8,3168234.949994,0.000040,1,1,1406,1382,0,0
decode,chatcmpl-ae5783ed2f5f3098-a1b07ca8,3168234.963813,0.000042,1,1,1408,1383,0,0
decode,chatcmpl-ae5783ed2f5f3098-a1b07ca8,3168234.977644,0.000043,1,1,1410,1384,0,0
decode,chatcmpl-ae5783ed2f5f3098-a1b07ca8,3168234.991448,0.000042,1,1,1412,1385,0,0
decode,chatcmpl-ae5783ed2f5f3098-a1b07ca8,3168235.005263,0.000044,1,1,1414,1386,0,0
decode,chatcmpl-ae5783ed2f5f3098-a1b07ca8,3168235.019075,0.000041,1,1,1416,1387,0,0
decode,chatcmpl-ae5783ed2f5f3098-a1b07ca8,3168235.032885,0.000041,1,1,1418,1388,0,0
decode,chatcmpl-ae5783ed2f5f3098-a1b07ca8,3168235.046699,0.000043,1,1,1420,1389,0,0
decode,chatcmpl-ae5783ed2f5f3098-a1b07ca8,3168235.060513,0.000041,1,1,1422,1390,0,0
decode,chatcmpl-ae5783ed2f5f3098-a1b07ca8,3168235.074322,0.000042,1,1,1424,1391,0,0
decode,chatcmpl-ae5783ed2f5f3098-a1b07ca8,3168235.088127,0.000041,1,1,1426,1392,0,0
decode,chatcmpl-ae5783ed2f5f3098-a1b07ca8,3168235.102022,0.000042,1,1,1428,1393,0,0
decode,chatcmpl-ae5783ed2f5f3098-a1b07ca8,3168235.115835,0.000041,1,1,1430,1394,0,0
decode,chatcmpl-ae5783ed2f5f3098-a1b07ca8,3168235.129673,0.000041,1,1,1432,1395,0,0
decode,chatcmpl-ae5783ed2f5f3098-a1b07ca8,3168235.143453,0.000041,1,1,1434,1396,0,0
decode,chatcmpl-ae5783ed2f5f3098-a1b07ca8,3168235.157263,0.000044,1,1,1436,1397,0,0
decode,chatcmpl-ae5783ed2f5f3098-a1b07ca8,3168235.171044,0.000042,1,1,1438,1398,0,0
decode,chatcmpl-ae5783ed2f5f3098-a1b07ca8,3168235.184867,0.000044,1,1,1440,1399,0,0
decode,chatcmpl-ae5783ed2f5f3098-a1b07ca8,3168235.198678,0.000043,1,1,1442,1400,0,0
decode,chatcmpl-ae5783ed2f5f3098-a1b07ca8,3168235.212510,0.000043,1,1,1444,1401,0,0
decode,chatcmpl-ae5783ed2f5f3098-a1b07ca8,3168235.226314,0.000042,1,1,1446,1402,0,0
decode,chatcmpl-ae5783ed2f5f3098-a1b07ca8,3168235.240125,0.000044,1,1,1448,1403,0,0
decode,chatcmpl-ae5783ed2f5f3098-a1b07ca8,3168235.253931,0.000041,1,1,1450,1404,0,0
decode,chatcmpl-ae5783ed2f5f3098-a1b07ca8,3168235.267742,0.000042,1,1,1452,1405,0,0
decode,chatcmpl-ae5783ed2f5f3098-a1b07ca8,3168235.281538,0.000044,1,1,1454,1406,0,0
decode,chatcmpl-ae5783ed2f5f3098-a1b07ca8,3168235.295332,0.000041,1,1,1456,1407,0,0
decode,chatcmpl-ae5783ed2f5f3098-a1b07ca8,3168235.309156,0.000052,1,1,1458,1408,0,0
decode,chatcmpl-ae5783ed2f5f3098-a1b07ca8,3168235.322974,0.000043,1,1,1460,1409,0,0
decode,chatcmpl-ae5783ed2f5f3098-a1b07ca8,3168235.336796,0.000041,1,1,1462,1410,0,0
decode,chatcmpl-ae5783ed2f5f3098-a1b07ca8,3168235.350604,0.000042,1,1,1464,1411,0,0
decode,chatcmpl-ae5783ed2f5f3098-a1b07ca8,3168235.364427,0.000042,1,1,1466,1412,0,0
decode,chatcmpl-ae5783ed2f5f3098-a1b07ca8,3168235.378232,0.000044,1,1,1468,1413,0,0
decode,chatcmpl-ae5783ed2f5f3098-a1b07ca8,3168235.392040,0.000042,1,1,1470,1414,0,0
decode,chatcmpl-ae5783ed2f5f3098-a1b07ca8,3168235.405842,0.000043,1,1,1472,1415,0,0
decode,chatcmpl-ae5783ed2f5f3098-a1b07ca8,3168235.419658,0.000041,1,1,1474,1416,0,0
decode,chatcmpl-ae5783ed2f5f3098-a1b07ca8,3168235.433469,0.000042,1,1,1476,1417,0,0
decode,chatcmpl-ae5783ed2f5f3098-a1b07ca8,3168235.447290,0.000041,1,1,1478,1418,0,0
decode,chatcmpl-ae5783ed2f5f3098-a1b07ca8,3168235.461097,0.000041,1,1,1480,1419,0,0
decode,chatcmpl-ae5783ed2f5f3098-a1b07ca8,3168235.474898,0.000042,1,1,1482,1420,0,0
decode,chatcmpl-ae5783ed2f5f3098-a1b07ca8,3168235.488735,0.000044,1,1,1484,1421,0,0
decode,chatcmpl-ae5783ed2f5f3098-a1b07ca8,3168235.502548,0.000044,1,1,1486,1422,0,0
decode,chatcmpl-ae5783ed2f5f3098-a1b07ca8,3168235.516364,0.000043,1,1,1488,1423,0,0
decode,chatcmpl-ae5783ed2f5f3098-a1b07ca8,3168235.530169,0.000041,1,1,1490,1424,0,0
decode,chatcmpl-ae5783ed2f5f3098-a1b07ca8,3168235.543961,0.000046,1,1,1492,1425,0,0
decode,chatcmpl-ae5783ed2f5f3098-a1b07ca8,3168235.557791,0.000041,1,1,1494,1426,0,0
decode,chatcmpl-ae5783ed2f5f3098-a1b07ca8,3168235.571614,0.000043,1,1,1496,1427,0,0
decode,chatcmpl-ae5783ed2f5f3098-a1b07ca8,3168235.585411,0.000043,1,1,1498,1428,0,0
decode,chatcmpl-ae5783ed2f5f3098-a1b07ca8,3168235.599215,0.000040,1,1,1500,1429,0,0
decode,chatcmpl-ae5783ed2f5f3098-a1b07ca8,3168235.613046,0.000043,1,1,1502,1430,0,0
decode,chatcmpl-ae5783ed2f5f3098-a1b07ca8,3168235.626858,0.000041,1,1,1504,1431,0,0
decode,chatcmpl-ae5783ed2f5f3098-a1b07ca8,3168235.640674,0.000041,1,1,1506,1432,0,0
decode,chatcmpl-ae5783ed2f5f3098-a1b07ca8,3168235.654471,0.000041,1,1,1508,1433,0,0
decode,chatcmpl-ae5783ed2f5f3098-a1b07ca8,3168235.668281,0.000042,1,1,1510,1434,0,0
decode,chatcmpl-ae5783ed2f5f3098-a1b07ca8,3168235.682087,0.000042,1,1,1512,1435,0,0
decode,chatcmpl-ae5783ed2f5f3098-a1b07ca8,3168235.695881,0.000041,1,1,1514,1436,0,0
decode,chatcmpl-ae5783ed2f5f3098-a1b07ca8,3168235.709700,0.000043,1,1,1516,1437,0,0
decode,chatcmpl-ae5783ed2f5f3098-a1b07ca8,3168235.723490,0.000042,1,1,1518,1438,0,0
decode,chatcmpl-ae5783ed2f5f3098-a1b07ca8,3168235.737301,0.000041,1,1,1520,1439,0,0
decode,chatcmpl-ae5783ed2f5f3098-a1b07ca8,3168235.751104,0.000043,1,1,1522,1440,0,0
decode,chatcmpl-ae5783ed2f5f3098-a1b07ca8,3168235.764912,0.000040,1,1,1524,1441,0,0
decode,chatcmpl-ae5783ed2f5f3098-a1b07ca8,3168235.778731,0.000043,1,1,1526,1442,0,0
decode,chatcmpl-ae5783ed2f5f3098-a1b07ca8,3168235.792547,0.000040,1,1,1528,1443,0,0
decode,chatcmpl-ae5783ed2f5f3098-a1b07ca8,3168235.806379,0.000041,1,1,1530,1444,0,0
decode,chatcmpl-ae5783ed2f5f3098-a1b07ca8,3168235.820214,0.000041,1,1,1532,1445,0,0
decode,chatcmpl-ae5783ed2f5f3098-a1b07ca8,3168235.834023,0.000042,1,1,1534,1446,0,0
decode,chatcmpl-ae5783ed2f5f3098-a1b07ca8,3168235.847828,0.000041,1,1,1536,1447,0,0
decode,chatcmpl-ae5783ed2f5f3098-a1b07ca8,3168235.861636,0.000042,1,1,1538,1448,0,0
decode,chatcmpl-ae5783ed2f5f3098-a1b07ca8,3168235.875433,0.000042,1,1,1540,1449,0,0
decode,chatcmpl-ae5783ed2f5f3098-a1b07ca8,3168235.889267,0.000041,1,1,1542,1450,0,0
decode,chatcmpl-ae5783ed2f5f3098-a1b07ca8,3168235.903055,0.000043,1,1,1544,1451,0,0
decode,chatcmpl-ae5783ed2f5f3098-a1b07ca8,3168235.916874,0.000043,1,1,1546,1452,0,0
decode,chatcmpl-ae5783ed2f5f3098-a1b07ca8,3168235.930666,0.000042,1,1,1548,1453,0,0
decode,chatcmpl-ae5783ed2f5f3098-a1b07ca8,3168235.944489,0.000042,1,1,1550,1454,0,0
decode,chatcmpl-ae5783ed2f5f3098-a1b07ca8,3168235.958291,0.000043,1,1,1552,1455,0,0
decode,chatcmpl-ae5783ed2f5f3098-a1b07ca8,3168235.972094,0.000041,1,1,1554,1456,0,0
decode,chatcmpl-ae5783ed2f5f3098-a1b07ca8,3168235.985930,0.000164,1,1,1556,1457,0,0
decode,chatcmpl-ae5783ed2f5f3098-a1b07ca8,3168236.000020,0.000042,1,1,1558,1458,0,0
decode,chatcmpl-ae5783ed2f5f3098-a1b07ca8,3168236.013881,0.000043,1,1,1560,1459,0,0
decode,chatcmpl-ae5783ed2f5f3098-a1b07ca8,3168236.027717,0.000042,1,1,1562,1460,0,0
decode,chatcmpl-ae5783ed2f5f3098-a1b07ca8,3168236.041553,0.000043,1,1,1564,1461,0,0
decode,chatcmpl-ae5783ed2f5f3098-a1b07ca8,3168236.055353,0.000041,1,1,1566,1462,0,0
decode,chatcmpl-ae5783ed2f5f3098-a1b07ca8,3168236.069155,0.000044,1,1,1568,1463,0,0
decode,chatcmpl-ae5783ed2f5f3098-a1b07ca8,3168236.082959,0.000041,1,1,1570,1464,0,0
decode,chatcmpl-ae5783ed2f5f3098-a1b07ca8,3168236.096780,0.000042,1,1,1572,1465,0,0
decode,chatcmpl-ae5783ed2f5f3098-a1b07ca8,3168236.110590,0.000040,1,1,1574,1466,0,0
decode,chatcmpl-ae5783ed2f5f3098-a1b07ca8,3168236.124411,0.000043,1,1,1576,1467,0,0
decode,chatcmpl-ae5783ed2f5f3098-a1b07ca8,3168236.138201,0.000044,1,1,1578,1468,0,0
decode,chatcmpl-ae5783ed2f5f3098-a1b07ca8,3168236.152021,0.000044,1,1,1580,1469,0,0
decode,chatcmpl-ae5783ed2f5f3098-a1b07ca8,3168236.165825,0.000044,1,1,1582,1470,0,0
decode,chatcmpl-ae5783ed2f5f3098-a1b07ca8,3168236.179609,0.000043,1,1,1584,1471,0,0
decode,chatcmpl-ae5783ed2f5f3098-a1b07ca8,3168236.193397,0.000043,1,1,1586,1472,0,0
decode,chatcmpl-ae5783ed2f5f3098-a1b07ca8,3168236.207192,0.000043,1,1,1588,1473,0,0
decode,chatcmpl-ae5783ed2f5f3098-a1b07ca8,3168236.221013,0.000044,1,1,1590,1474,0,0
decode,chatcmpl-ae5783ed2f5f3098-a1b07ca8,3168236.234821,0.000044,1,1,1592,1475,0,0
decode,chatcmpl-ae5783ed2f5f3098-a1b07ca8,3168236.248621,0.000042,1,1,1594,1476,0,0
decode,chatcmpl-ae5783ed2f5f3098-a1b07ca8,3168236.262422,0.000042,1,1,1596,1477,0,0
decode,chatcmpl-ae5783ed2f5f3098-a1b07ca8,3168236.276215,0.000043,1,1,1598,1478,0,0
decode,chatcmpl-ae5783ed2f5f3098-a1b07ca8,3168236.290015,0.000041,1,1,1600,1479,0,0
decode,chatcmpl-ae5783ed2f5f3098-a1b07ca8,3168236.303795,0.000045,1,1,1602,1480,0,0
decode,chatcmpl-ae5783ed2f5f3098-a1b07ca8,3168236.317609,0.000043,1,1,1604,1481,0,0
decode,chatcmpl-ae5783ed2f5f3098-a1b07ca8,3168236.331411,0.000041,1,1,1606,1482,0,0
decode,chatcmpl-ae5783ed2f5f3098-a1b07ca8,3168236.345213,0.000042,1,1,1608,1483,0,0
decode,chatcmpl-ae5783ed2f5f3098-a1b07ca8,3168236.358992,0.000042,1,1,1610,1484,0,0
decode,chatcmpl-ae5783ed2f5f3098-a1b07ca8,3168236.372809,0.000042,1,1,1612,1485,0,0
decode,chatcmpl-ae5783ed2f5f3098-a1b07ca8,3168236.386618,0.000043,1,1,1614,1486,0,0
decode,chatcmpl-ae5783ed2f5f3098-a1b07ca8,3168236.400425,0.000043,1,1,1616,1487,0,0
decode,chatcmpl-ae5783ed2f5f3098-a1b07ca8,3168236.414226,0.000042,1,1,1618,1488,0,0
decode,chatcmpl-ae5783ed2f5f3098-a1b07ca8,3168236.428018,0.000044,1,1,1620,1489,0,0
decode,chatcmpl-ae5783ed2f5f3098-a1b07ca8,3168236.441806,0.000041,1,1,1622,1490,0,0
decode,chatcmpl-ae5783ed2f5f3098-a1b07ca8,3168236.455593,0.000043,1,1,1624,1491,0,0
decode,chatcmpl-ae5783ed2f5f3098-a1b07ca8,3168236.469402,0.000043,1,1,1626,1492,0,0
decode,chatcmpl-ae5783ed2f5f3098-a1b07ca8,3168236.483185,0.000041,1,1,1628,1493,0,0
decode,chatcmpl-ae5783ed2f5f3098-a1b07ca8,3168236.496980,0.000042,1,1,1630,1494,0,0
decode,chatcmpl-ae5783ed2f5f3098-a1b07ca8,3168236.510767,0.000042,1,1,1632,1495,0,0
decode,chatcmpl-ae5783ed2f5f3098-a1b07ca8,3168236.524569,0.000042,1,1,1634,1496,0,0
decode,chatcmpl-ae5783ed2f5f3098-a1b07ca8,3168236.538382,0.000042,1,1,1636,1497,0,0
decode,chatcmpl-ae5783ed2f5f3098-a1b07ca8,3168236.552191,0.000044,1,1,1638,1498,0,0
decode,chatcmpl-ae5783ed2f5f3098-a1b07ca8,3168236.565974,0.000040,1,1,1640,1499,0,0
decode,,3168236.579761,0.000171,0,0,,,0,0
decode,,3168236.580246,0.000120,0,0,,,0,0
prefill,chatcmpl-98b8ab9890f771e0-9e5d33b1,3168236.659064,0.000463,1,1337,1337,0,1,0
encoder,chatcmpl-98b8ab9890f771e0-9e5d33b1,3168236.661172,0.375332,1,0,,, 1,0
decode,chatcmpl-98b8ab9890f771e0-9e5d33b1,3168237.187746,0.000044,1,1,1338,1337,0,0
decode,chatcmpl-98b8ab9890f771e0-9e5d33b1,3168237.202013,0.000042,1,1,1340,1338,0,0
decode,chatcmpl-98b8ab9890f771e0-9e5d33b1,3168237.215862,0.000043,1,1,1342,1339,0,0
decode,chatcmpl-98b8ab9890f771e0-9e5d33b1,3168237.229679,0.000043,1,1,1344,1340,0,0
decode,chatcmpl-98b8ab9890f771e0-9e5d33b1,3168237.243602,0.000043,1,1,1346,1341,0,0
decode,chatcmpl-98b8ab9890f771e0-9e5d33b1,3168237.257422,0.000044,1,1,1348,1342,0,0
decode,chatcmpl-98b8ab9890f771e0-9e5d33b1,3168237.271246,0.000043,1,1,1350,1343,0,0
decode,chatcmpl-98b8ab9890f771e0-9e5d33b1,3168237.285050,0.000041,1,1,1352,1344,0,0
decode,chatcmpl-98b8ab9890f771e0-9e5d33b1,3168237.298854,0.000042,1,1,1354,1345,0,0
decode,chatcmpl-98b8ab9890f771e0-9e5d33b1,3168237.312659,0.000040,1,1,1356,1346,0,0
decode,chatcmpl-98b8ab9890f771e0-9e5d33b1,3168237.326455,0.000042,1,1,1358,1347,0,0
decode,chatcmpl-98b8ab9890f771e0-9e5d33b1,3168237.340238,0.000042,1,1,1360,1348,0,0
decode,chatcmpl-98b8ab9890f771e0-9e5d33b1,3168237.354031,0.000045,1,1,1362,1349,0,0
decode,chatcmpl-98b8ab9890f771e0-9e5d33b1,3168237.367818,0.000044,1,1,1364,1350,0,0
decode,chatcmpl-98b8ab9890f771e0-9e5d33b1,3168237.381611,0.000042,1,1,1366,1351,0,0
decode,chatcmpl-98b8ab9890f771e0-9e5d33b1,3168237.395522,0.000044,1,1,1368,1352,0,0
decode,chatcmpl-98b8ab9890f771e0-9e5d33b1,3168237.409336,0.000042,1,1,1370,1353,0,0
decode,chatcmpl-98b8ab9890f771e0-9e5d33b1,3168237.423114,0.000044,1,1,1372,1354,0,0
decode,chatcmpl-98b8ab9890f771e0-9e5d33b1,3168237.436931,0.000041,1,1,1374,1355,0,0
decode,chatcmpl-98b8ab9890f771e0-9e5d33b1,3168237.450743,0.000041,1,1,1376,1356,0,0
decode,chatcmpl-98b8ab9890f771e0-9e5d33b1,3168237.464548,0.000043,1,1,1378,1357,0,0
decode,chatcmpl-98b8ab9890f771e0-9e5d33b1,3168237.478349,0.000044,1,1,1380,1358,0,0
decode,chatcmpl-98b8ab9890f771e0-9e5d33b1,3168237.492140,0.000041,1,1,1382,1359,0,0
decode,chatcmpl-98b8ab9890f771e0-9e5d33b1,3168237.505946,0.000043,1,1,1384,1360,0,0
decode,chatcmpl-98b8ab9890f771e0-9e5d33b1,3168237.519748,0.000043,1,1,1386,1361,0,0
decode,chatcmpl-98b8ab9890f771e0-9e5d33b1,3168237.533545,0.000042,1,1,1388,1362,0,0
decode,chatcmpl-98b8ab9890f771e0-9e5d33b1,3168237.547437,0.000042,1,1,1390,1363,0,0
decode,chatcmpl-98b8ab9890f771e0-9e5d33b1,3168237.561245,0.000043,1,1,1392,1364,0,0
decode,chatcmpl-98b8ab9890f771e0-9e5d33b1,3168237.575032,0.000044,1,1,1394,1365,0,0
decode,chatcmpl-98b8ab9890f771e0-9e5d33b1,3168237.588833,0.000043,1,1,1396,1366,0,0
decode,chatcmpl-98b8ab9890f771e0-9e5d33b1,3168237.602659,0.000041,1,1,1398,1367,0,0
decode,chatcmpl-98b8ab9890f771e0-9e5d33b1,3168237.616454,0.000044,1,1,1400,1368,0,0
decode,chatcmpl-98b8ab9890f771e0-9e5d33b1,3168237.630270,0.000043,1,1,1402,1369,0,0
decode,chatcmpl-98b8ab9890f771e0-9e5d33b1,3168237.644061,0.000042,1,1,1404,1370,0,0
decode,chatcmpl-98b8ab9890f771e0-9e5d33b1,3168237.657843,0.000041,1,1,1406,1371,0,0
decode,chatcmpl-98b8ab9890f771e0-9e5d33b1,3168237.671614,0.000042,1,1,1408,1372,0,0
decode,chatcmpl-98b8ab9890f771e0-9e5d33b1,3168237.685418,0.000042,1,1,1410,1373,0,0
decode,chatcmpl-98b8ab9890f771e0-9e5d33b1,3168237.699314,0.000044,1,1,1412,1374,0,0
decode,chatcmpl-98b8ab9890f771e0-9e5d33b1,3168237.713146,0.000042,1,1,1414,1375,0,0
decode,chatcmpl-98b8ab9890f771e0-9e5d33b1,3168237.726947,0.000042,1,1,1416,1376,0,0
decode,chatcmpl-98b8ab9890f771e0-9e5d33b1,3168237.740754,0.000043,1,1,1418,1377,0,0
decode,chatcmpl-98b8ab9890f771e0-9e5d33b1,3168237.754557,0.000043,1,1,1420,1378,0,0
decode,chatcmpl-98b8ab9890f771e0-9e5d33b1,3168237.768342,0.000043,1,1,1422,1379,0,0
decode,chatcmpl-98b8ab9890f771e0-9e5d33b1,3168237.782141,0.000044,1,1,1424,1380,0,0
decode,chatcmpl-98b8ab9890f771e0-9e5d33b1,3168237.795921,0.000043,1,1,1426,1381,0,0
decode,chatcmpl-98b8ab9890f771e0-9e5d33b1,3168237.809714,0.000041,1,1,1428,1382,0,0
decode,chatcmpl-98b8ab9890f771e0-9e5d33b1,3168237.823491,0.000042,1,1,1430,1383,0,0
decode,chatcmpl-98b8ab9890f771e0-9e5d33b1,3168237.837302,0.000043,1,1,1432,1384,0,0
decode,chatcmpl-98b8ab9890f771e0-9e5d33b1,3168237.851188,0.000043,1,1,1434,1385,0,0
decode,chatcmpl-98b8ab9890f771e0-9e5d33b1,3168237.865023,0.000043,1,1,1436,1386,0,0
decode,chatcmpl-98b8ab9890f771e0-9e5d33b1,3168237.878815,0.000044,1,1,1438,1387,0,0
decode,chatcmpl-98b8ab9890f771e0-9e5d33b1,3168237.892637,0.000043,1,1,1440,1388,0,0
decode,chatcmpl-98b8ab9890f771e0-9e5d33b1,3168237.906420,0.000042,1,1,1442,1389,0,0
decode,chatcmpl-98b8ab9890f771e0-9e5d33b1,3168237.920224,0.000042,1,1,1444,1390,0,0
decode,chatcmpl-98b8ab9890f771e0-9e5d33b1,3168237.934009,0.000043,1,1,1446,1391,0,0
decode,chatcmpl-98b8ab9890f771e0-9e5d33b1,3168237.947797,0.000043,1,1,1448,1392,0,0
decode,chatcmpl-98b8ab9890f771e0-9e5d33b1,3168237.961613,0.000043,1,1,1450,1393,0,0
decode,chatcmpl-98b8ab9890f771e0-9e5d33b1,3168237.975397,0.000042,1,1,1452,1394,0,0
decode,chatcmpl-98b8ab9890f771e0-9e5d33b1,3168237.989185,0.000043,1,1,1454,1395,0,0
decode,chatcmpl-98b8ab9890f771e0-9e5d33b1,3168238.003073,0.000044,1,1,1456,1396,0,0
decode,chatcmpl-98b8ab9890f771e0-9e5d33b1,3168238.016879,0.000042,1,1,1458,1397,0,0
decode,chatcmpl-98b8ab9890f771e0-9e5d33b1,3168238.030674,0.000044,1,1,1460,1398,0,0
decode,chatcmpl-98b8ab9890f771e0-9e5d33b1,3168238.044470,0.000042,1,1,1462,1399,0,0
decode,chatcmpl-98b8ab9890f771e0-9e5d33b1,3168238.058264,0.000042,1,1,1464,1400,0,0
decode,chatcmpl-98b8ab9890f771e0-9e5d33b1,3168238.072062,0.000040,1,1,1466,1401,0,0
decode,chatcmpl-98b8ab9890f771e0-9e5d33b1,3168238.085841,0.000041,1,1,1468,1402,0,0
decode,chatcmpl-98b8ab9890f771e0-9e5d33b1,3168238.099637,0.000042,1,1,1470,1403,0,0
decode,chatcmpl-98b8ab9890f771e0-9e5d33b1,3168238.113454,0.000043,1,1,1472,1404,0,0
decode,chatcmpl-98b8ab9890f771e0-9e5d33b1,3168238.127236,0.000045,1,1,1474,1405,0,0
decode,chatcmpl-98b8ab9890f771e0-9e5d33b1,3168238.141033,0.000042,1,1,1476,1406,0,0
decode,chatcmpl-98b8ab9890f771e0-9e5d33b1,3168238.154932,0.000044,1,1,1478,1407,0,0
decode,chatcmpl-98b8ab9890f771e0-9e5d33b1,3168238.168750,0.000053,1,1,1480,1408,0,0
decode,chatcmpl-98b8ab9890f771e0-9e5d33b1,3168238.182560,0.000041,1,1,1482,1409,0,0
decode,chatcmpl-98b8ab9890f771e0-9e5d33b1,3168238.196386,0.000043,1,1,1484,1410,0,0
decode,chatcmpl-98b8ab9890f771e0-9e5d33b1,3168238.210176,0.000042,1,1,1486,1411,0,0
decode,chatcmpl-98b8ab9890f771e0-9e5d33b1,3168238.223968,0.000097,1,1,1488,1412,0,0
decode,chatcmpl-98b8ab9890f771e0-9e5d33b1,3168238.237760,0.000042,1,1,1490,1413,0,0
decode,chatcmpl-98b8ab9890f771e0-9e5d33b1,3168238.251552,0.000044,1,1,1492,1414,0,0
decode,chatcmpl-98b8ab9890f771e0-9e5d33b1,3168238.265365,0.000044,1,1,1494,1415,0,0
decode,chatcmpl-98b8ab9890f771e0-9e5d33b1,3168238.279153,0.000043,1,1,1496,1416,0,0
decode,chatcmpl-98b8ab9890f771e0-9e5d33b1,3168238.292950,0.000045,1,1,1498,1417,0,0
decode,chatcmpl-98b8ab9890f771e0-9e5d33b1,3168238.306842,0.000041,1,1,1500,1418,0,0
decode,chatcmpl-98b8ab9890f771e0-9e5d33b1,3168238.320662,0.000043,1,1,1502,1419,0,0
decode,chatcmpl-98b8ab9890f771e0-9e5d33b1,3168238.334473,0.000042,1,1,1504,1420,0,0
decode,chatcmpl-98b8ab9890f771e0-9e5d33b1,3168238.348261,0.000042,1,1,1506,1421,0,0
decode,chatcmpl-98b8ab9890f771e0-9e5d33b1,3168238.362058,0.000041,1,1,1508,1422,0,0
decode,chatcmpl-98b8ab9890f771e0-9e5d33b1,3168238.375850,0.000040,1,1,1510,1423,0,0
decode,chatcmpl-98b8ab9890f771e0-9e5d33b1,3168238.389681,0.000042,1,1,1512,1424,0,0
decode,chatcmpl-98b8ab9890f771e0-9e5d33b1,3168238.403491,0.000044,1,1,1514,1425,0,0
decode,chatcmpl-98b8ab9890f771e0-9e5d33b1,3168238.417289,0.000042,1,1,1516,1426,0,0
decode,chatcmpl-98b8ab9890f771e0-9e5d33b1,3168238.431071,0.000044,1,1,1518,1427,0,0
decode,chatcmpl-98b8ab9890f771e0-9e5d33b1,3168238.444872,0.000042,1,1,1520,1428,0,0
decode,chatcmpl-98b8ab9890f771e0-9e5d33b1,3168238.458748,0.000043,1,1,1522,1429,0,0
decode,chatcmpl-98b8ab9890f771e0-9e5d33b1,3168238.472555,0.000043,1,1,1524,1430,0,0
decode,chatcmpl-98b8ab9890f771e0-9e5d33b1,3168238.486372,0.000043,1,1,1526,1431,0,0
decode,chatcmpl-98b8ab9890f771e0-9e5d33b1,3168238.500175,0.000043,1,1,1528,1432,0,0
decode,chatcmpl-98b8ab9890f771e0-9e5d33b1,3168238.513990,0.000041,1,1,1530,1433,0,0
decode,chatcmpl-98b8ab9890f771e0-9e5d33b1,3168238.527785,0.000043,1,1,1532,1434,0,0
decode,chatcmpl-98b8ab9890f771e0-9e5d33b1,3168238.541572,0.000041,1,1,1534,1435,0,0
decode,chatcmpl-98b8ab9890f771e0-9e5d33b1,3168238.555354,0.000041,1,1,1536,1436,0,0
decode,chatcmpl-98b8ab9890f771e0-9e5d33b1,3168238.569161,0.000043,1,1,1538,1437,0,0
decode,chatcmpl-98b8ab9890f771e0-9e5d33b1,3168238.582939,0.000041,1,1,1540,1438,0,0
decode,chatcmpl-98b8ab9890f771e0-9e5d33b1,3168238.596743,0.000042,1,1,1542,1439,0,0
decode,chatcmpl-98b8ab9890f771e0-9e5d33b1,3168238.610575,0.000043,1,1,1544,1440,0,0
decode,chatcmpl-98b8ab9890f771e0-9e5d33b1,3168238.624376,0.000043,1,1,1546,1441,0,0
decode,chatcmpl-98b8ab9890f771e0-9e5d33b1,3168238.638171,0.000042,1,1,1548,1442,0,0
decode,chatcmpl-98b8ab9890f771e0-9e5d33b1,3168238.651957,0.000042,1,1,1550,1443,0,0
decode,chatcmpl-98b8ab9890f771e0-9e5d33b1,3168238.665753,0.000044,1,1,1552,1444,0,0
decode,chatcmpl-98b8ab9890f771e0-9e5d33b1,3168238.679548,0.000042,1,1,1554,1445,0,0
decode,chatcmpl-98b8ab9890f771e0-9e5d33b1,3168238.693343,0.000042,1,1,1556,1446,0,0
decode,chatcmpl-98b8ab9890f771e0-9e5d33b1,3168238.707151,0.000041,1,1,1558,1447,0,0
decode,chatcmpl-98b8ab9890f771e0-9e5d33b1,3168238.720941,0.000045,1,1,1560,1448,0,0
decode,chatcmpl-98b8ab9890f771e0-9e5d33b1,3168238.734740,0.000043,1,1,1562,1449,0,0
decode,chatcmpl-98b8ab9890f771e0-9e5d33b1,3168238.748555,0.000043,1,1,1564,1450,0,0
decode,chatcmpl-98b8ab9890f771e0-9e5d33b1,3168238.762372,0.000043,1,1,1566,1451,0,0
decode,chatcmpl-98b8ab9890f771e0-9e5d33b1,3168238.776182,0.000042,1,1,1568,1452,0,0
decode,chatcmpl-98b8ab9890f771e0-9e5d33b1,3168238.789977,0.000041,1,1,1570,1453,0,0
decode,chatcmpl-98b8ab9890f771e0-9e5d33b1,3168238.803782,0.000043,1,1,1572,1454,0,0
decode,chatcmpl-98b8ab9890f771e0-9e5d33b1,3168238.817583,0.000044,1,1,1574,1455,0,0
decode,chatcmpl-98b8ab9890f771e0-9e5d33b1,3168238.831356,0.000042,1,1,1576,1456,0,0
decode,chatcmpl-98b8ab9890f771e0-9e5d33b1,3168238.845169,0.000044,1,1,1578,1457,0,0
decode,chatcmpl-98b8ab9890f771e0-9e5d33b1,3168238.858967,0.000040,1,1,1580,1458,0,0
decode,,3168238.872774,0.000088,0,0,,,0,0
decode,,3168238.873105,0.000082,0,0,,,0,0
prefill,chatcmpl-b14ba95add179e1c-a75df459,3168238.957203,0.000571,1,1325,1325,0,1,0
encoder,chatcmpl-b14ba95add179e1c-a75df459,3168238.959375,0.375418,1,0,,, 1,0
decode,chatcmpl-b14ba95add179e1c-a75df459,3168239.484519,0.000046,1,1,1326,1325,0,0
decode,chatcmpl-b14ba95add179e1c-a75df459,3168239.498785,0.000043,1,1,1328,1326,0,0
decode,chatcmpl-b14ba95add179e1c-a75df459,3168239.512676,0.000041,1,1,1330,1327,0,0
decode,chatcmpl-b14ba95add179e1c-a75df459,3168239.526468,0.000045,1,1,1332,1328,0,0
decode,chatcmpl-b14ba95add179e1c-a75df459,3168239.540388,0.000043,1,1,1334,1329,0,0
decode,chatcmpl-b14ba95add179e1c-a75df459,3168239.554202,0.000044,1,1,1336,1330,0,0
decode,chatcmpl-b14ba95add179e1c-a75df459,3168239.567997,0.000049,1,1,1338,1331,0,0
decode,chatcmpl-b14ba95add179e1c-a75df459,3168239.581799,0.000042,1,1,1340,1332,0,0
decode,chatcmpl-b14ba95add179e1c-a75df459,3168239.595589,0.000042,1,1,1342,1333,0,0
decode,chatcmpl-b14ba95add179e1c-a75df459,3168239.609400,0.000042,1,1,1344,1334,0,0
decode,chatcmpl-b14ba95add179e1c-a75df459,3168239.623177,0.000044,1,1,1346,1335,0,0
decode,chatcmpl-b14ba95add179e1c-a75df459,3168239.636998,0.000044,1,1,1348,1336,0,0
decode,chatcmpl-b14ba95add179e1c-a75df459,3168239.650807,0.000043,1,1,1350,1337,0,0
decode,chatcmpl-b14ba95add179e1c-a75df459,3168239.664600,0.000043,1,1,1352,1338,0,0
decode,chatcmpl-b14ba95add179e1c-a75df459,3168239.678385,0.000044,1,1,1354,1339,0,0
decode,chatcmpl-b14ba95add179e1c-a75df459,3168239.692299,0.000042,1,1,1356,1340,0,0
decode,chatcmpl-b14ba95add179e1c-a75df459,3168239.706102,0.000043,1,1,1358,1341,0,0
decode,chatcmpl-b14ba95add179e1c-a75df459,3168239.719886,0.000043,1,1,1360,1342,0,0
decode,chatcmpl-b14ba95add179e1c-a75df459,3168239.733684,0.000044,1,1,1362,1343,0,0
decode,chatcmpl-b14ba95add179e1c-a75df459,3168239.747470,0.000043,1,1,1364,1344,0,0
decode,chatcmpl-b14ba95add179e1c-a75df459,3168239.761270,0.000047,1,1,1366,1345,0,0
decode,chatcmpl-b14ba95add179e1c-a75df459,3168239.775073,0.000043,1,1,1368,1346,0,0
decode,chatcmpl-b14ba95add179e1c-a75df459,3168239.788888,0.000044,1,1,1370,1347,0,0
decode,chatcmpl-b14ba95add179e1c-a75df459,3168239.802659,0.000044,1,1,1372,1348,0,0
decode,chatcmpl-b14ba95add179e1c-a75df459,3168239.816459,0.000041,1,1,1374,1349,0,0
decode,chatcmpl-b14ba95add179e1c-a75df459,3168239.830226,0.000043,1,1,1376,1350,0,0
decode,chatcmpl-b14ba95add179e1c-a75df459,3168239.844134,0.000041,1,1,1378,1351,0,0
decode,chatcmpl-b14ba95add179e1c-a75df459,3168239.857921,0.000042,1,1,1380,1352,0,0
decode,chatcmpl-b14ba95add179e1c-a75df459,3168239.871689,0.000043,1,1,1382,1353,0,0
decode,chatcmpl-b14ba95add179e1c-a75df459,3168239.885487,0.000043,1,1,1384,1354,0,0
decode,chatcmpl-b14ba95add179e1c-a75df459,3168239.899289,0.000042,1,1,1386,1355,0,0
decode,chatcmpl-b14ba95add179e1c-a75df459,3168239.913092,0.000043,1,1,1388,1356,0,0
decode,chatcmpl-b14ba95add179e1c-a75df459,3168239.926872,0.000043,1,1,1390,1357,0,0
decode,chatcmpl-b14ba95add179e1c-a75df459,3168239.940687,0.000043,1,1,1392,1358,0,0
decode,chatcmpl-b14ba95add179e1c-a75df459,3168239.954478,0.000044,1,1,1394,1359,0,0
decode,chatcmpl-b14ba95add179e1c-a75df459,3168239.968275,0.000041,1,1,1396,1360,0,0
decode,chatcmpl-b14ba95add179e1c-a75df459,3168239.982055,0.000043,1,1,1398,1361,0,0
decode,chatcmpl-b14ba95add179e1c-a75df459,3168239.995940,0.000043,1,1,1400,1362,0,0
decode,chatcmpl-b14ba95add179e1c-a75df459,3168240.009734,0.000041,1,1,1402,1363,0,0
decode,chatcmpl-b14ba95add179e1c-a75df459,3168240.023515,0.000042,1,1,1404,1364,0,0
decode,chatcmpl-b14ba95add179e1c-a75df459,3168240.037328,0.000043,1,1,1406,1365,0,0
decode,chatcmpl-b14ba95add179e1c-a75df459,3168240.051109,0.000041,1,1,1408,1366,0,0
decode,chatcmpl-b14ba95add179e1c-a75df459,3168240.064907,0.000043,1,1,1410,1367,0,0
decode,chatcmpl-b14ba95add179e1c-a75df459,3168240.078680,0.000043,1,1,1412,1368,0,0
decode,chatcmpl-b14ba95add179e1c-a75df459,3168240.092478,0.000043,1,1,1414,1369,0,0
decode,chatcmpl-b14ba95add179e1c-a75df459,3168240.106267,0.000043,1,1,1416,1370,0,0
decode,chatcmpl-b14ba95add179e1c-a75df459,3168240.120049,0.000041,1,1,1418,1371,0,0
decode,chatcmpl-b14ba95add179e1c-a75df459,3168240.133824,0.000042,1,1,1420,1372,0,0
decode,chatcmpl-b14ba95add179e1c-a75df459,3168240.147697,0.000041,1,1,1422,1373,0,0
decode,chatcmpl-b14ba95add179e1c-a75df459,3168240.161493,0.000042,1,1,1424,1374,0,0
decode,chatcmpl-b14ba95add179e1c-a75df459,3168240.175274,0.000043,1,1,1426,1375,0,0
decode,chatcmpl-b14ba95add179e1c-a75df459,3168240.189081,0.000044,1,1,1428,1376,0,0
decode,chatcmpl-b14ba95add179e1c-a75df459,3168240.202874,0.000041,1,1,1430,1377,0,0
decode,chatcmpl-b14ba95add179e1c-a75df459,3168240.216703,0.000044,1,1,1432,1378,0,0
decode,chatcmpl-b14ba95add179e1c-a75df459,3168240.230501,0.000043,1,1,1434,1379,0,0
decode,chatcmpl-b14ba95add179e1c-a75df459,3168240.244283,0.000043,1,1,1436,1380,0,0
decode,chatcmpl-b14ba95add179e1c-a75df459,3168240.258070,0.000042,1,1,1438,1381,0,0
decode,chatcmpl-b14ba95add179e1c-a75df459,3168240.271858,0.000043,1,1,1440,1382,0,0
decode,chatcmpl-b14ba95add179e1c-a75df459,3168240.285642,0.000043,1,1,1442,1383,0,0
decode,chatcmpl-b14ba95add179e1c-a75df459,3168240.299531,0.000043,1,1,1444,1384,0,0
decode,chatcmpl-b14ba95add179e1c-a75df459,3168240.313344,0.000042,1,1,1446,1385,0,0
decode,chatcmpl-b14ba95add179e1c-a75df459,3168240.327114,0.000043,1,1,1448,1386,0,0
decode,chatcmpl-b14ba95add179e1c-a75df459,3168240.340926,0.000043,1,1,1450,1387,0,0
decode,chatcmpl-b14ba95add179e1c-a75df459,3168240.354720,0.000042,1,1,1452,1388,0,0
decode,chatcmpl-b14ba95add179e1c-a75df459,3168240.368507,0.000043,1,1,1454,1389,0,0
decode,chatcmpl-b14ba95add179e1c-a75df459,3168240.382288,0.000043,1,1,1456,1390,0,0
decode,chatcmpl-b14ba95add179e1c-a75df459,3168240.396067,0.000043,1,1,1458,1391,0,0
decode,chatcmpl-b14ba95add179e1c-a75df459,3168240.409839,0.000045,1,1,1460,1392,0,0
decode,chatcmpl-b14ba95add179e1c-a75df459,3168240.423622,0.000042,1,1,1462,1393,0,0
decode,chatcmpl-b14ba95add179e1c-a75df459,3168240.437428,0.000042,1,1,1464,1394,0,0
decode,chatcmpl-b14ba95add179e1c-a75df459,3168240.451320,0.000041,1,1,1466,1395,0,0
decode,chatcmpl-b14ba95add179e1c-a75df459,3168240.465130,0.000043,1,1,1468,1396,0,0
decode,chatcmpl-b14ba95add179e1c-a75df459,3168240.478927,0.000042,1,1,1470,1397,0,0
decode,chatcmpl-b14ba95add179e1c-a75df459,3168240.492708,0.000043,1,1,1472,1398,0,0
decode,chatcmpl-b14ba95add179e1c-a75df459,3168240.506487,0.000041,1,1,1474,1399,0,0
decode,chatcmpl-b14ba95add179e1c-a75df459,3168240.520269,0.000042,1,1,1476,1400,0,0
decode,chatcmpl-b14ba95add179e1c-a75df459,3168240.534066,0.000043,1,1,1478,1401,0,0
decode,chatcmpl-b14ba95add179e1c-a75df459,3168240.547849,0.000042,1,1,1480,1402,0,0
decode,chatcmpl-b14ba95add179e1c-a75df459,3168240.561632,0.000042,1,1,1482,1403,0,0
decode,chatcmpl-b14ba95add179e1c-a75df459,3168240.575412,0.000043,1,1,1484,1404,0,0
decode,chatcmpl-b14ba95add179e1c-a75df459,3168240.589198,0.000042,1,1,1486,1405,0,0
decode,chatcmpl-b14ba95add179e1c-a75df459,3168240.603087,0.000044,1,1,1488,1406,0,0
decode,chatcmpl-b14ba95add179e1c-a75df459,3168240.616895,0.000044,1,1,1490,1407,0,0
decode,chatcmpl-b14ba95add179e1c-a75df459,3168240.630662,0.000055,1,1,1492,1408,0,0
decode,chatcmpl-b14ba95add179e1c-a75df459,3168240.644476,0.000042,1,1,1494,1409,0,0
decode,chatcmpl-b14ba95add179e1c-a75df459,3168240.658271,0.000043,1,1,1496,1410,0,0
decode,chatcmpl-b14ba95add179e1c-a75df459,3168240.672060,0.000042,1,1,1498,1411,0,0
decode,chatcmpl-b14ba95add179e1c-a75df459,3168240.685842,0.000041,1,1,1500,1412,0,0
decode,chatcmpl-b14ba95add179e1c-a75df459,3168240.699633,0.000041,1,1,1502,1413,0,0
decode,chatcmpl-b14ba95add179e1c-a75df459,3168240.713410,0.000042,1,1,1504,1414,0,0
decode,chatcmpl-b14ba95add179e1c-a75df459,3168240.727189,0.000045,1,1,1506,1415,0,0
decode,chatcmpl-b14ba95add179e1c-a75df459,3168240.740983,0.000044,1,1,1508,1416,0,0
decode,chatcmpl-b14ba95add179e1c-a75df459,3168240.754878,0.000042,1,1,1510,1417,0,0
decode,chatcmpl-b14ba95add179e1c-a75df459,3168240.768692,0.000043,1,1,1512,1418,0,0
decode,chatcmpl-b14ba95add179e1c-a75df459,3168240.782465,0.000042,1,1,1514,1419,0,0
decode,chatcmpl-b14ba95add179e1c-a75df459,3168240.796261,0.000045,1,1,1516,1420,0,0
decode,chatcmpl-b14ba95add179e1c-a75df459,3168240.810062,0.000043,1,1,1518,1421,0,0
decode,chatcmpl-b14ba95add179e1c-a75df459,3168240.823850,0.000042,1,1,1520,1422,0,0
decode,chatcmpl-b14ba95add179e1c-a75df459,3168240.837634,0.000044,1,1,1522,1423,0,0
decode,chatcmpl-b14ba95add179e1c-a75df459,3168240.851414,0.000041,1,1,1524,1424,0,0
decode,chatcmpl-b14ba95add179e1c-a75df459,3168240.865234,0.000044,1,1,1526,1425,0,0
decode,chatcmpl-b14ba95add179e1c-a75df459,3168240.879034,0.000044,1,1,1528,1426,0,0
decode,chatcmpl-b14ba95add179e1c-a75df459,3168240.892841,0.000042,1,1,1530,1427,0,0
decode,chatcmpl-b14ba95add179e1c-a75df459,3168240.906727,0.000043,1,1,1532,1428,0,0
decode,chatcmpl-b14ba95add179e1c-a75df459,3168240.920529,0.000043,1,1,1534,1429,0,0
decode,chatcmpl-b14ba95add179e1c-a75df459,3168240.934318,0.000042,1,1,1536,1430,0,0
decode,chatcmpl-b14ba95add179e1c-a75df459,3168240.948098,0.000042,1,1,1538,1431,0,0
decode,chatcmpl-b14ba95add179e1c-a75df459,3168240.961872,0.000043,1,1,1540,1432,0,0
decode,chatcmpl-b14ba95add179e1c-a75df459,3168240.975692,0.000044,1,1,1542,1433,0,0
decode,chatcmpl-b14ba95add179e1c-a75df459,3168240.989486,0.000043,1,1,1544,1434,0,0
decode,chatcmpl-b14ba95add179e1c-a75df459,3168241.003271,0.000043,1,1,1546,1435,0,0
decode,chatcmpl-b14ba95add179e1c-a75df459,3168241.017079,0.000042,1,1,1548,1436,0,0
decode,chatcmpl-b14ba95add179e1c-a75df459,3168241.030861,0.000041,1,1,1550,1437,0,0
decode,chatcmpl-b14ba95add179e1c-a75df459,3168241.044653,0.000042,1,1,1552,1438,0,0
decode,chatcmpl-b14ba95add179e1c-a75df459,3168241.058525,0.000044,1,1,1554,1439,0,0
decode,chatcmpl-b14ba95add179e1c-a75df459,3168241.072325,0.000041,1,1,1556,1440,0,0
decode,chatcmpl-b14ba95add179e1c-a75df459,3168241.086089,0.000043,1,1,1558,1441,0,0
decode,chatcmpl-b14ba95add179e1c-a75df459,3168241.099872,0.000042,1,1,1560,1442,0,0
decode,chatcmpl-b14ba95add179e1c-a75df459,3168241.113686,0.000042,1,1,1562,1443,0,0
decode,chatcmpl-b14ba95add179e1c-a75df459,3168241.127485,0.000042,1,1,1564,1444,0,0
decode,chatcmpl-b14ba95add179e1c-a75df459,3168241.141287,0.000043,1,1,1566,1445,0,0
decode,chatcmpl-b14ba95add179e1c-a75df459,3168241.155072,0.000042,1,1,1568,1446,0,0
decode,chatcmpl-b14ba95add179e1c-a75df459,3168241.168849,0.000044,1,1,1570,1447,0,0
decode,chatcmpl-b14ba95add179e1c-a75df459,3168241.182662,0.000043,1,1,1572,1448,0,0
decode,chatcmpl-b14ba95add179e1c-a75df459,3168241.196465,0.000043,1,1,1574,1449,0,0
decode,chatcmpl-b14ba95add179e1c-a75df459,3168241.210347,0.000041,1,1,1576,1450,0,0
decode,chatcmpl-b14ba95add179e1c-a75df459,3168241.224139,0.000043,1,1,1578,1451,0,0
decode,chatcmpl-b14ba95add179e1c-a75df459,3168241.237930,0.000042,1,1,1580,1452,0,0
decode,chatcmpl-b14ba95add179e1c-a75df459,3168241.251719,0.000041,1,1,1582,1453,0,0
decode,chatcmpl-b14ba95add179e1c-a75df459,3168241.265513,0.000042,1,1,1584,1454,0,0
decode,chatcmpl-b14ba95add179e1c-a75df459,3168241.279291,0.000044,1,1,1586,1455,0,0
decode,chatcmpl-b14ba95add179e1c-a75df459,3168241.293100,0.000042,1,1,1588,1456,0,0
decode,chatcmpl-b14ba95add179e1c-a75df459,3168241.306891,0.000041,1,1,1590,1457,0,0
decode,chatcmpl-b14ba95add179e1c-a75df459,3168241.320712,0.000042,1,1,1592,1458,0,0
decode,chatcmpl-b14ba95add179e1c-a75df459,3168241.334496,0.000042,1,1,1594,1459,0,0
decode,chatcmpl-b14ba95add179e1c-a75df459,3168241.348288,0.000042,1,1,1596,1460,0,0
decode,chatcmpl-b14ba95add179e1c-a75df459,3168241.362165,0.000041,1,1,1598,1461,0,0
decode,chatcmpl-b14ba95add179e1c-a75df459,3168241.375941,0.000041,1,1,1600,1462,0,0
decode,chatcmpl-b14ba95add179e1c-a75df459,3168241.389730,0.000044,1,1,1602,1463,0,0
decode,chatcmpl-b14ba95add179e1c-a75df459,3168241.403535,0.000043,1,1,1604,1464,0,0
decode,chatcmpl-b14ba95add179e1c-a75df459,3168241.417348,0.000041,1,1,1606,1465,0,0
decode,chatcmpl-b14ba95add179e1c-a75df459,3168241.431126,0.000045,1,1,1608,1466,0,0
decode,chatcmpl-b14ba95add179e1c-a75df459,3168241.444940,0.000042,1,1,1610,1467,0,0
decode,chatcmpl-b14ba95add179e1c-a75df459,3168241.458746,0.000043,1,1,1612,1468,0,0
decode,chatcmpl-b14ba95add179e1c-a75df459,3168241.472554,0.000041,1,1,1614,1469,0,0
decode,chatcmpl-b14ba95add179e1c-a75df459,3168241.486337,0.000044,1,1,1616,1470,0,0
decode,chatcmpl-b14ba95add179e1c-a75df459,3168241.500116,0.000043,1,1,1618,1471,0,0
decode,chatcmpl-b14ba95add179e1c-a75df459,3168241.514013,0.000041,1,1,1620,1472,0,0
decode,chatcmpl-b14ba95add179e1c-a75df459,3168241.527788,0.000041,1,1,1622,1473,0,0
decode,chatcmpl-b14ba95add179e1c-a75df459,3168241.541592,0.000043,1,1,1624,1474,0,0
decode,chatcmpl-b14ba95add179e1c-a75df459,3168241.555394,0.000044,1,1,1626,1475,0,0
decode,chatcmpl-b14ba95add179e1c-a75df459,3168241.569204,0.000045,1,1,1628,1476,0,0
decode,,3168241.582992,0.000091,0,0,,,0,0
decode,,3168241.583320,0.000112,0,0,,,0,0
prefill,chatcmpl-9a7a886324c3d616-809bd481,3168241.663626,0.000529,1,1365,1365,0,1,0
encoder,chatcmpl-9a7a886324c3d616-809bd481,3168241.665843,0.375583,1,0,,, 1,0
decode,chatcmpl-9a7a886324c3d616-809bd481,3168242.195385,0.000046,1,1,1366,1365,0,0
decode,chatcmpl-9a7a886324c3d616-809bd481,3168242.209558,0.000045,1,1,1368,1366,0,0
decode,chatcmpl-9a7a886324c3d616-809bd481,3168242.223411,0.000044,1,1,1370,1367,0,0
decode,chatcmpl-9a7a886324c3d616-809bd481,3168242.237240,0.000043,1,1,1372,1368,0,0
decode,chatcmpl-9a7a886324c3d616-809bd481,3168242.251060,0.000042,1,1,1374,1369,0,0
decode,chatcmpl-9a7a886324c3d616-809bd481,3168242.264854,0.000042,1,1,1376,1370,0,0
decode,chatcmpl-9a7a886324c3d616-809bd481,3168242.278653,0.000041,1,1,1378,1371,0,0
decode,chatcmpl-9a7a886324c3d616-809bd481,3168242.292469,0.000041,1,1,1380,1372,0,0
decode,chatcmpl-9a7a886324c3d616-809bd481,3168242.306267,0.000042,1,1,1382,1373,0,0
decode,chatcmpl-9a7a886324c3d616-809bd481,3168242.320044,0.000045,1,1,1384,1374,0,0
decode,chatcmpl-9a7a886324c3d616-809bd481,3168242.333811,0.000043,1,1,1386,1375,0,0
decode,chatcmpl-9a7a886324c3d616-809bd481,3168242.347600,0.000042,1,1,1388,1376,0,0
decode,chatcmpl-9a7a886324c3d616-809bd481,3168242.361409,0.000043,1,1,1390,1377,0,0
decode,chatcmpl-9a7a886324c3d616-809bd481,3168242.375220,0.000041,1,1,1392,1378,0,0
decode,chatcmpl-9a7a886324c3d616-809bd481,3168242.389008,0.000043,1,1,1394,1379,0,0
decode,chatcmpl-9a7a886324c3d616-809bd481,3168242.402798,0.000041,1,1,1396,1380,0,0
decode,chatcmpl-9a7a886324c3d616-809bd481,3168242.416625,0.000041,1,1,1398,1381,0,0
decode,chatcmpl-9a7a886324c3d616-809bd481,3168242.430412,0.000043,1,1,1400,1382,0,0
decode,chatcmpl-9a7a886324c3d616-809bd481,3168242.444224,0.000043,1,1,1402,1383,0,0
decode,chatcmpl-9a7a886324c3d616-809bd481,3168242.458035,0.000044,1,1,1404,1384,0,0
decode,chatcmpl-9a7a886324c3d616-809bd481,3168242.471823,0.000043,1,1,1406,1385,0,0
decode,chatcmpl-9a7a886324c3d616-809bd481,3168242.485606,0.000042,1,1,1408,1386,0,0
decode,chatcmpl-9a7a886324c3d616-809bd481,3168242.499385,0.000042,1,1,1410,1387,0,0
decode,chatcmpl-9a7a886324c3d616-809bd481,3168242.513197,0.000042,1,1,1412,1388,0,0
decode,chatcmpl-9a7a886324c3d616-809bd481,3168242.527003,0.000043,1,1,1414,1389,0,0
decode,chatcmpl-9a7a886324c3d616-809bd481,3168242.540815,0.000043,1,1,1416,1390,0,0
decode,chatcmpl-9a7a886324c3d616-809bd481,3168242.554606,0.000043,1,1,1418,1391,0,0
decode,chatcmpl-9a7a886324c3d616-809bd481,3168242.568402,0.000041,1,1,1420,1392,0,0
decode,chatcmpl-9a7a886324c3d616-809bd481,3168242.582203,0.000043,1,1,1422,1393,0,0
decode,chatcmpl-9a7a886324c3d616-809bd481,3168242.596117,0.000043,1,1,1424,1394,0,0
decode,chatcmpl-9a7a886324c3d616-809bd481,3168242.609910,0.000042,1,1,1426,1395,0,0
decode,chatcmpl-9a7a886324c3d616-809bd481,3168242.623675,0.000042,1,1,1428,1396,0,0
decode,chatcmpl-9a7a886324c3d616-809bd481,3168242.637471,0.000043,1,1,1430,1397,0,0
decode,chatcmpl-9a7a886324c3d616-809bd481,3168242.651273,0.000042,1,1,1432,1398,0,0
decode,chatcmpl-9a7a886324c3d616-809bd481,3168242.665058,0.000042,1,1,1434,1399,0,0
decode,chatcmpl-9a7a886324c3d616-809bd481,3168242.678833,0.000044,1,1,1436,1400,0,0
decode,chatcmpl-9a7a886324c3d616-809bd481,3168242.692653,0.000043,1,1,1438,1401,0,0
decode,chatcmpl-9a7a886324c3d616-809bd481,3168242.706430,0.000042,1,1,1440,1402,0,0
decode,chatcmpl-9a7a886324c3d616-809bd481,3168242.720199,0.000042,1,1,1442,1403,0,0
decode,chatcmpl-9a7a886324c3d616-809bd481,3168242.733972,0.000043,1,1,1444,1404,0,0
decode,chatcmpl-9a7a886324c3d616-809bd481,3168242.747869,0.000040,1,1,1446,1405,0,0
decode,chatcmpl-9a7a886324c3d616-809bd481,3168242.761662,0.000041,1,1,1448,1406,0,0
decode,chatcmpl-9a7a886324c3d616-809bd481,3168242.775464,0.000042,1,1,1450,1407,0,0
decode,chatcmpl-9a7a886324c3d616-809bd481,3168242.789248,0.000052,1,1,1452,1408,0,0
decode,chatcmpl-9a7a886324c3d616-809bd481,3168242.803045,0.000042,1,1,1454,1409,0,0
decode,chatcmpl-9a7a886324c3d616-809bd481,3168242.816848,0.000041,1,1,1456,1410,0,0
decode,chatcmpl-9a7a886324c3d616-809bd481,3168242.830634,0.000043,1,1,1458,1411,0,0
decode,chatcmpl-9a7a886324c3d616-809bd481,3168242.844449,0.000042,1,1,1460,1412,0,0
decode,chatcmpl-9a7a886324c3d616-809bd481,3168242.858229,0.000044,1,1,1462,1413,0,0
decode,chatcmpl-9a7a886324c3d616-809bd481,3168242.872027,0.000044,1,1,1464,1414,0,0
decode,chatcmpl-9a7a886324c3d616-809bd481,3168242.885816,0.000040,1,1,1466,1415,0,0
decode,chatcmpl-9a7a886324c3d616-809bd481,3168242.899705,0.000043,1,1,1468,1416,0,0
decode,chatcmpl-9a7a886324c3d616-809bd481,3168242.913503,0.000045,1,1,1470,1417,0,0
decode,chatcmpl-9a7a886324c3d616-809bd481,3168242.927300,0.000042,1,1,1472,1418,0,0
decode,chatcmpl-9a7a886324c3d616-809bd481,3168242.941105,0.000042,1,1,1474,1419,0,0
decode,chatcmpl-9a7a886324c3d616-809bd481,3168242.954894,0.000041,1,1,1476,1420,0,0
decode,chatcmpl-9a7a886324c3d616-809bd481,3168242.968693,0.000041,1,1,1478,1421,0,0
decode,chatcmpl-9a7a886324c3d616-809bd481,3168242.982480,0.000041,1,1,1480,1422,0,0
decode,chatcmpl-9a7a886324c3d616-809bd481,3168242.996275,0.000043,1,1,1482,1423,0,0
decode,chatcmpl-9a7a886324c3d616-809bd481,3168243.010063,0.000043,1,1,1484,1424,0,0
decode,chatcmpl-9a7a886324c3d616-809bd481,3168243.023848,0.000042,1,1,1486,1425,0,0
decode,chatcmpl-9a7a886324c3d616-809bd481,3168243.037738,0.000042,1,1,1488,1426,0,0
decode,chatcmpl-9a7a886324c3d616-809bd481,3168243.051671,0.000042,1,1,1490,1427,0,0
decode,chatcmpl-9a7a886324c3d616-809bd481,3168243.065495,0.000043,1,1,1492,1428,0,0
decode,chatcmpl-9a7a886324c3d616-809bd481,3168243.079280,0.000041,1,1,1494,1429,0,0
decode,chatcmpl-9a7a886324c3d616-809bd481,3168243.093092,0.000043,1,1,1496,1430,0,0
decode,chatcmpl-9a7a886324c3d616-809bd481,3168243.106896,0.000043,1,1,1498,1431,0,0
decode,chatcmpl-9a7a886324c3d616-809bd481,3168243.120696,0.000041,1,1,1500,1432,0,0
decode,chatcmpl-9a7a886324c3d616-809bd481,3168243.134491,0.000043,1,1,1502,1433,0,0
decode,chatcmpl-9a7a886324c3d616-809bd481,3168243.148270,0.000042,1,1,1504,1434,0,0
decode,chatcmpl-9a7a886324c3d616-809bd481,3168243.162047,0.000042,1,1,1506,1435,0,0
decode,chatcmpl-9a7a886324c3d616-809bd481,3168243.175839,0.000042,1,1,1508,1436,0,0
decode,chatcmpl-9a7a886324c3d616-809bd481,3168243.189649,0.000042,1,1,1510,1437,0,0
decode,chatcmpl-9a7a886324c3d616-809bd481,3168243.203551,0.000043,1,1,1512,1438,0,0
decode,chatcmpl-9a7a886324c3d616-809bd481,3168243.217381,0.000043,1,1,1514,1439,0,0
decode,chatcmpl-9a7a886324c3d616-809bd481,3168243.231180,0.000042,1,1,1516,1440,0,0
decode,chatcmpl-9a7a886324c3d616-809bd481,3168243.244998,0.000041,1,1,1518,1441,0,0
decode,chatcmpl-9a7a886324c3d616-809bd481,3168243.258793,0.000042,1,1,1520,1442,0,0
decode,chatcmpl-9a7a886324c3d616-809bd481,3168243.272594,0.000043,1,1,1522,1443,0,0
decode,chatcmpl-9a7a886324c3d616-809bd481,3168243.286406,0.000042,1,1,1524,1444,0,0
decode,chatcmpl-9a7a886324c3d616-809bd481,3168243.300197,0.000043,1,1,1526,1445,0,0
decode,chatcmpl-9a7a886324c3d616-809bd481,3168243.314012,0.000042,1,1,1528,1446,0,0
decode,chatcmpl-9a7a886324c3d616-809bd481,3168243.327806,0.000042,1,1,1530,1447,0,0
decode,chatcmpl-9a7a886324c3d616-809bd481,3168243.341603,0.000042,1,1,1532,1448,0,0
decode,chatcmpl-9a7a886324c3d616-809bd481,3168243.355522,0.000042,1,1,1534,1449,0,0
decode,chatcmpl-9a7a886324c3d616-809bd481,3168243.369334,0.000044,1,1,1536,1450,0,0
decode,chatcmpl-9a7a886324c3d616-809bd481,3168243.383139,0.000043,1,1,1538,1451,0,0
decode,chatcmpl-9a7a886324c3d616-809bd481,3168243.396965,0.000043,1,1,1540,1452,0,0
decode,chatcmpl-9a7a886324c3d616-809bd481,3168243.410768,0.000044,1,1,1542,1453,0,0
decode,chatcmpl-9a7a886324c3d616-809bd481,3168243.424585,0.000043,1,1,1544,1454,0,0
decode,chatcmpl-9a7a886324c3d616-809bd481,3168243.438385,0.000042,1,1,1546,1455,0,0
decode,chatcmpl-9a7a886324c3d616-809bd481,3168243.452199,0.000042,1,1,1548,1456,0,0
decode,chatcmpl-9a7a886324c3d616-809bd481,3168243.465993,0.000044,1,1,1550,1457,0,0
decode,chatcmpl-9a7a886324c3d616-809bd481,3168243.479777,0.000042,1,1,1552,1458,0,0
decode,chatcmpl-9a7a886324c3d616-809bd481,3168243.493571,0.000044,1,1,1554,1459,0,0
decode,chatcmpl-9a7a886324c3d616-809bd481,3168243.507483,0.000042,1,1,1556,1460,0,0
decode,chatcmpl-9a7a886324c3d616-809bd481,3168243.521294,0.000042,1,1,1558,1461,0,0
decode,chatcmpl-9a7a886324c3d616-809bd481,3168243.535091,0.000042,1,1,1560,1462,0,0
decode,chatcmpl-9a7a886324c3d616-809bd481,3168243.548903,0.000043,1,1,1562,1463,0,0
decode,chatcmpl-9a7a886324c3d616-809bd481,3168243.562685,0.000042,1,1,1564,1464,0,0
decode,chatcmpl-9a7a886324c3d616-809bd481,3168243.576506,0.000043,1,1,1566,1465,0,0
decode,chatcmpl-9a7a886324c3d616-809bd481,3168243.590285,0.000043,1,1,1568,1466,0,0
decode,chatcmpl-9a7a886324c3d616-809bd481,3168243.604072,0.000042,1,1,1570,1467,0,0
decode,chatcmpl-9a7a886324c3d616-809bd481,3168243.617892,0.000043,1,1,1572,1468,0,0
decode,chatcmpl-9a7a886324c3d616-809bd481,3168243.631683,0.000043,1,1,1574,1469,0,0
decode,chatcmpl-9a7a886324c3d616-809bd481,3168243.645496,0.000043,1,1,1576,1470,0,0
decode,chatcmpl-9a7a886324c3d616-809bd481,3168243.659413,0.000043,1,1,1578,1471,0,0
decode,,3168243.673240,0.000089,0,0,,,0,0
decode,,3168243.673559,0.000118,0,0,,,0,0
prefill,chatcmpl-b1e721e84438afa1-a88fa68f,3168243.752479,0.000543,1,1336,1336,0,1,0
encoder,chatcmpl-b1e721e84438afa1-a88fa68f,3168243.754610,0.375618,1,0,,, 1,0
decode,chatcmpl-b1e721e84438afa1-a88fa68f,3168244.279909,0.000047,1,1,1337,1336,0,0
decode,chatcmpl-b1e721e84438afa1-a88fa68f,3168244.294093,0.000045,1,1,1339,1337,0,0
decode,chatcmpl-b1e721e84438afa1-a88fa68f,3168244.307925,0.000041,1,1,1341,1338,0,0
decode,chatcmpl-b1e721e84438afa1-a88fa68f,3168244.321740,0.000042,1,1,1343,1339,0,0
decode,chatcmpl-b1e721e84438afa1-a88fa68f,3168244.335557,0.000043,1,1,1345,1340,0,0
decode,chatcmpl-b1e721e84438afa1-a88fa68f,3168244.349374,0.000044,1,1,1347,1341,0,0
decode,chatcmpl-b1e721e84438afa1-a88fa68f,3168244.363185,0.000043,1,1,1349,1342,0,0
decode,chatcmpl-b1e721e84438afa1-a88fa68f,3168244.377011,0.000043,1,1,1351,1343,0,0
decode,chatcmpl-b1e721e84438afa1-a88fa68f,3168244.390846,0.000042,1,1,1353,1344,0,0
decode,chatcmpl-b1e721e84438afa1-a88fa68f,3168244.404665,0.000043,1,1,1355,1345,0,0
decode,chatcmpl-b1e721e84438afa1-a88fa68f,3168244.418466,0.000042,1,1,1357,1346,0,0
decode,chatcmpl-b1e721e84438afa1-a88fa68f,3168244.432260,0.000043,1,1,1359,1347,0,0
decode,chatcmpl-b1e721e84438afa1-a88fa68f,3168244.446054,0.000043,1,1,1361,1348,0,0
decode,chatcmpl-b1e721e84438afa1-a88fa68f,3168244.459844,0.000043,1,1,1363,1349,0,0
decode,chatcmpl-b1e721e84438afa1-a88fa68f,3168244.473649,0.000045,1,1,1365,1350,0,0
decode,chatcmpl-b1e721e84438afa1-a88fa68f,3168244.487440,0.000042,1,1,1367,1351,0,0
decode,chatcmpl-b1e721e84438afa1-a88fa68f,3168244.501261,0.000043,1,1,1369,1352,0,0
decode,chatcmpl-b1e721e84438afa1-a88fa68f,3168244.515050,0.000042,1,1,1371,1353,0,0
decode,chatcmpl-b1e721e84438afa1-a88fa68f,3168244.528851,0.000041,1,1,1373,1354,0,0
decode,chatcmpl-b1e721e84438afa1-a88fa68f,3168244.542651,0.000043,1,1,1375,1355,0,0
decode,chatcmpl-b1e721e84438afa1-a88fa68f,3168244.556454,0.000042,1,1,1377,1356,0,0
decode,chatcmpl-b1e721e84438afa1-a88fa68f,3168244.570253,0.000044,1,1,1379,1357,0,0
decode,chatcmpl-b1e721e84438afa1-a88fa68f,3168244.584052,0.000041,1,1,1381,1358,0,0
decode,chatcmpl-b1e721e84438afa1-a88fa68f,3168244.597835,0.000043,1,1,1383,1359,0,0
decode,chatcmpl-b1e721e84438afa1-a88fa68f,3168244.611621,0.000042,1,1,1385,1360,0,0
decode,chatcmpl-b1e721e84438afa1-a88fa68f,3168244.625424,0.000041,1,1,1387,1361,0,0
decode,chatcmpl-b1e721e84438afa1-a88fa68f,3168244.639213,0.000043,1,1,1389,1362,0,0
decode,chatcmpl-b1e721e84438afa1-a88fa68f,3168244.653010,0.000042,1,1,1391,1363,0,0
decode,chatcmpl-b1e721e84438afa1-a88fa68f,3168244.666786,0.000044,1,1,1393,1364,0,0
decode,chatcmpl-b1e721e84438afa1-a88fa68f,3168244.680617,0.000042,1,1,1395,1365,0,0
decode,chatcmpl-b1e721e84438afa1-a88fa68f,3168244.694423,0.000042,1,1,1397,1366,0,0
decode,chatcmpl-b1e721e84438afa1-a88fa68f,3168244.708228,0.000043,1,1,1399,1367,0,0
decode,chatcmpl-b1e721e84438afa1-a88fa68f,3168244.722022,0.000043,1,1,1401,1368,0,0
decode,chatcmpl-b1e721e84438afa1-a88fa68f,3168244.735830,0.000041,1,1,1403,1369,0,0
decode,chatcmpl-b1e721e84438afa1-a88fa68f,3168244.749611,0.000041,1,1,1405,1370,0,0
decode,chatcmpl-b1e721e84438afa1-a88fa68f,3168244.763393,0.000044,1,1,1407,1371,0,0
decode,chatcmpl-b1e721e84438afa1-a88fa68f,3168244.777194,0.000043,1,1,1409,1372,0,0
decode,chatcmpl-b1e721e84438afa1-a88fa68f,3168244.791008,0.000043,1,1,1411,1373,0,0
decode,chatcmpl-b1e721e84438afa1-a88fa68f,3168244.804805,0.000041,1,1,1413,1374,0,0
decode,chatcmpl-b1e721e84438afa1-a88fa68f,3168244.818605,0.000041,1,1,1415,1375,0,0
decode,chatcmpl-b1e721e84438afa1-a88fa68f,3168244.832413,0.000042,1,1,1417,1376,0,0
decode,chatcmpl-b1e721e84438afa1-a88fa68f,3168244.846204,0.000042,1,1,1419,1377,0,0
decode,chatcmpl-b1e721e84438afa1-a88fa68f,3168244.859975,0.000044,1,1,1421,1378,0,0
decode,chatcmpl-b1e721e84438afa1-a88fa68f,3168244.873762,0.000042,1,1,1423,1379,0,0
decode,chatcmpl-b1e721e84438afa1-a88fa68f,3168244.887553,0.000041,1,1,1425,1380,0,0
decode,chatcmpl-b1e721e84438afa1-a88fa68f,3168244.901371,0.000042,1,1,1427,1381,0,0
decode,chatcmpl-b1e721e84438afa1-a88fa68f,3168244.915158,0.000042,1,1,1429,1382,0,0
decode,chatcmpl-b1e721e84438afa1-a88fa68f,3168244.928950,0.000044,1,1,1431,1383,0,0
decode,chatcmpl-b1e721e84438afa1-a88fa68f,3168244.942741,0.000044,1,1,1433,1384,0,0
decode,chatcmpl-b1e721e84438afa1-a88fa68f,3168244.956560,0.000042,1,1,1435,1385,0,0
decode,chatcmpl-b1e721e84438afa1-a88fa68f,3168244.970334,0.000042,1,1,1437,1386,0,0
decode,chatcmpl-b1e721e84438afa1-a88fa68f,3168244.984142,0.000043,1,1,1439,1387,0,0
decode,chatcmpl-b1e721e84438afa1-a88fa68f,3168244.997935,0.000042,1,1,1441,1388,0,0
decode,chatcmpl-b1e721e84438afa1-a88fa68f,3168245.011748,0.000043,1,1,1443,1389,0,0
decode,chatcmpl-b1e721e84438afa1-a88fa68f,3168245.025545,0.000043,1,1,1445,1390,0,0
decode,chatcmpl-b1e721e84438afa1-a88fa68f,3168245.039355,0.000042,1,1,1447,1391,0,0
decode,chatcmpl-b1e721e84438afa1-a88fa68f,3168245.053158,0.000044,1,1,1449,1392,0,0
decode,chatcmpl-b1e721e84438afa1-a88fa68f,3168245.066948,0.000043,1,1,1451,1393,0,0
decode,chatcmpl-b1e721e84438afa1-a88fa68f,3168245.080751,0.000042,1,1,1453,1394,0,0
decode,chatcmpl-b1e721e84438afa1-a88fa68f,3168245.094538,0.000042,1,1,1455,1395,0,0
decode,chatcmpl-b1e721e84438afa1-a88fa68f,3168245.108345,0.000041,1,1,1457,1396,0,0
decode,chatcmpl-b1e721e84438afa1-a88fa68f,3168245.122133,0.000042,1,1,1459,1397,0,0
decode,chatcmpl-b1e721e84438afa1-a88fa68f,3168245.135983,0.000048,1,1,1461,1398,0,0
decode,chatcmpl-b1e721e84438afa1-a88fa68f,3168245.149733,0.000044,1,1,1463,1399,0,0
decode,chatcmpl-b1e721e84438afa1-a88fa68f,3168245.163548,0.000044,1,1,1465,1400,0,0
decode,chatcmpl-b1e721e84438afa1-a88fa68f,3168245.177345,0.000043,1,1,1467,1401,0,0
decode,chatcmpl-b1e721e84438afa1-a88fa68f,3168245.191111,0.000042,1,1,1469,1402,0,0
decode,chatcmpl-b1e721e84438afa1-a88fa68f,3168245.204931,0.000042,1,1,1471,1403,0,0
decode,chatcmpl-b1e721e84438afa1-a88fa68f,3168245.218709,0.000043,1,1,1473,1404,0,0
decode,chatcmpl-b1e721e84438afa1-a88fa68f,3168245.232523,0.000042,1,1,1475,1405,0,0
decode,chatcmpl-b1e721e84438afa1-a88fa68f,3168245.246336,0.000042,1,1,1477,1406,0,0
decode,chatcmpl-b1e721e84438afa1-a88fa68f,3168245.260120,0.000042,1,1,1479,1407,0,0
decode,chatcmpl-b1e721e84438afa1-a88fa68f,3168245.273899,0.000055,1,1,1481,1408,0,0
decode,chatcmpl-b1e721e84438afa1-a88fa68f,3168245.287703,0.000043,1,1,1483,1409,0,0
decode,chatcmpl-b1e721e84438afa1-a88fa68f,3168245.301504,0.000042,1,1,1485,1410,0,0
decode,chatcmpl-b1e721e84438afa1-a88fa68f,3168245.315292,0.000043,1,1,1487,1411,0,0
decode,chatcmpl-b1e721e84438afa1-a88fa68f,3168245.329087,0.000044,1,1,1489,1412,0,0
decode,chatcmpl-b1e721e84438afa1-a88fa68f,3168245.342913,0.000044,1,1,1491,1413,0,0
decode,chatcmpl-b1e721e84438afa1-a88fa68f,3168245.356711,0.000043,1,1,1493,1414,0,0
decode,chatcmpl-b1e721e84438afa1-a88fa68f,3168245.370507,0.000042,1,1,1495,1415,0,0
decode,chatcmpl-b1e721e84438afa1-a88fa68f,3168245.384311,0.000041,1,1,1497,1416,0,0
decode,chatcmpl-b1e721e84438afa1-a88fa68f,3168245.398103,0.000041,1,1,1499,1417,0,0
decode,chatcmpl-b1e721e84438afa1-a88fa68f,3168245.411898,0.000041,1,1,1501,1418,0,0
decode,chatcmpl-b1e721e84438afa1-a88fa68f,3168245.425714,0.000042,1,1,1503,1419,0,0
decode,chatcmpl-b1e721e84438afa1-a88fa68f,3168245.439506,0.000041,1,1,1505,1420,0,0
decode,chatcmpl-b1e721e84438afa1-a88fa68f,3168245.453322,0.000042,1,1,1507,1421,0,0
decode,chatcmpl-b1e721e84438afa1-a88fa68f,3168245.467138,0.000043,1,1,1509,1422,0,0
decode,chatcmpl-b1e721e84438afa1-a88fa68f,3168245.480959,0.000042,1,1,1511,1423,0,0
decode,chatcmpl-b1e721e84438afa1-a88fa68f,3168245.494769,0.000041,1,1,1513,1424,0,0
decode,chatcmpl-b1e721e84438afa1-a88fa68f,3168245.508584,0.000041,1,1,1515,1425,0,0
decode,chatcmpl-b1e721e84438afa1-a88fa68f,3168245.522362,0.000042,1,1,1517,1426,0,0
decode,chatcmpl-b1e721e84438afa1-a88fa68f,3168245.536162,0.000042,1,1,1519,1427,0,0
decode,chatcmpl-b1e721e84438afa1-a88fa68f,3168245.549950,0.000043,1,1,1521,1428,0,0
decode,chatcmpl-b1e721e84438afa1-a88fa68f,3168245.563740,0.000043,1,1,1523,1429,0,0
decode,chatcmpl-b1e721e84438afa1-a88fa68f,3168245.577528,0.000045,1,1,1525,1430,0,0
decode,chatcmpl-b1e721e84438afa1-a88fa68f,3168245.591321,0.000042,1,1,1527,1431,0,0
decode,chatcmpl-b1e721e84438afa1-a88fa68f,3168245.605127,0.000042,1,1,1529,1432,0,0
decode,chatcmpl-b1e721e84438afa1-a88fa68f,3168245.618909,0.000044,1,1,1531,1433,0,0
decode,chatcmpl-b1e721e84438afa1-a88fa68f,3168245.632707,0.000041,1,1,1533,1434,0,0
decode,chatcmpl-b1e721e84438afa1-a88fa68f,3168245.646503,0.000044,1,1,1535,1435,0,0
decode,chatcmpl-b1e721e84438afa1-a88fa68f,3168245.660308,0.000041,1,1,1537,1436,0,0
decode,chatcmpl-b1e721e84438afa1-a88fa68f,3168245.674100,0.000043,1,1,1539,1437,0,0
decode,chatcmpl-b1e721e84438afa1-a88fa68f,3168245.687875,0.000043,1,1,1541,1438,0,0
decode,chatcmpl-b1e721e84438afa1-a88fa68f,3168245.701692,0.000044,1,1,1543,1439,0,0
decode,chatcmpl-b1e721e84438afa1-a88fa68f,3168245.715485,0.000042,1,1,1545,1440,0,0
decode,chatcmpl-b1e721e84438afa1-a88fa68f,3168245.729288,0.000042,1,1,1547,1441,0,0
decode,chatcmpl-b1e721e84438afa1-a88fa68f,3168245.743063,0.000041,1,1,1549,1442,0,0
decode,chatcmpl-b1e721e84438afa1-a88fa68f,3168245.756874,0.000042,1,1,1551,1443,0,0
decode,chatcmpl-b1e721e84438afa1-a88fa68f,3168245.770667,0.000042,1,1,1553,1444,0,0
decode,chatcmpl-b1e721e84438afa1-a88fa68f,3168245.784471,0.000043,1,1,1555,1445,0,0
decode,chatcmpl-b1e721e84438afa1-a88fa68f,3168245.798283,0.000042,1,1,1557,1446,0,0
decode,chatcmpl-b1e721e84438afa1-a88fa68f,3168245.812062,0.000043,1,1,1559,1447,0,0
decode,chatcmpl-b1e721e84438afa1-a88fa68f,3168245.825842,0.000041,1,1,1561,1448,0,0
decode,chatcmpl-b1e721e84438afa1-a88fa68f,3168245.839643,0.000043,1,1,1563,1449,0,0
decode,chatcmpl-b1e721e84438afa1-a88fa68f,3168245.853443,0.000043,1,1,1565,1450,0,0
decode,chatcmpl-b1e721e84438afa1-a88fa68f,3168245.867235,0.000042,1,1,1567,1451,0,0
decode,chatcmpl-b1e721e84438afa1-a88fa68f,3168245.881040,0.000043,1,1,1569,1452,0,0
decode,chatcmpl-b1e721e84438afa1-a88fa68f,3168245.894832,0.000043,1,1,1571,1453,0,0
decode,chatcmpl-b1e721e84438afa1-a88fa68f,3168245.908674,0.000044,1,1,1573,1454,0,0
decode,chatcmpl-b1e721e84438afa1-a88fa68f,3168245.922471,0.000042,1,1,1575,1455,0,0
decode,chatcmpl-b1e721e84438afa1-a88fa68f,3168245.936290,0.000041,1,1,1577,1456,0,0
decode,chatcmpl-b1e721e84438afa1-a88fa68f,3168245.950209,0.000040,1,1,1579,1457,0,0
decode,chatcmpl-b1e721e84438afa1-a88fa68f,3168245.964006,0.000041,1,1,1581,1458,0,0
decode,chatcmpl-b1e721e84438afa1-a88fa68f,3168245.977781,0.000044,1,1,1583,1459,0,0
decode,chatcmpl-b1e721e84438afa1-a88fa68f,3168245.991577,0.000042,1,1,1585,1460,0,0
decode,chatcmpl-b1e721e84438afa1-a88fa68f,3168246.005414,0.000043,1,1,1587,1461,0,0
decode,chatcmpl-b1e721e84438afa1-a88fa68f,3168246.019218,0.000043,1,1,1589,1462,0,0
decode,chatcmpl-b1e721e84438afa1-a88fa68f,3168246.033021,0.000043,1,1,1591,1463,0,0
decode,chatcmpl-b1e721e84438afa1-a88fa68f,3168246.046823,0.000043,1,1,1593,1464,0,0
decode,chatcmpl-b1e721e84438afa1-a88fa68f,3168246.060629,0.000041,1,1,1595,1465,0,0
decode,chatcmpl-b1e721e84438afa1-a88fa68f,3168246.074416,0.000043,1,1,1597,1466,0,0
decode,chatcmpl-b1e721e84438afa1-a88fa68f,3168246.088198,0.000042,1,1,1599,1467,0,0
decode,chatcmpl-b1e721e84438afa1-a88fa68f,3168246.102085,0.000043,1,1,1601,1468,0,0
decode,chatcmpl-b1e721e84438afa1-a88fa68f,3168246.115874,0.000043,1,1,1603,1469,0,0
decode,chatcmpl-b1e721e84438afa1-a88fa68f,3168246.129683,0.000043,1,1,1605,1470,0,0
decode,chatcmpl-b1e721e84438afa1-a88fa68f,3168246.143485,0.000043,1,1,1607,1471,0,0
decode,chatcmpl-b1e721e84438afa1-a88fa68f,3168246.157308,0.000041,1,1,1609,1472,0,0
decode,chatcmpl-b1e721e84438afa1-a88fa68f,3168246.171088,0.000041,1,1,1611,1473,0,0
decode,chatcmpl-b1e721e84438afa1-a88fa68f,3168246.184877,0.000043,1,1,1613,1474,0,0
decode,,3168246.198661,0.000091,0,0,,,0,0
decode,,3168246.198981,0.000132,0,0,,,0,0
prefill,chatcmpl-afb5e0f1226f0731-95b25f99,3168246.277726,0.000515,1,1336,1336,0,1,0
encoder,chatcmpl-afb5e0f1226f0731-95b25f99,3168246.279753,0.375616,1,0,,, 1,0
decode,chatcmpl-afb5e0f1226f0731-95b25f99,3168246.805106,0.000044,1,1,1337,1336,0,0
decode,chatcmpl-afb5e0f1226f0731-95b25f99,3168246.819311,0.000042,1,1,1339,1337,0,0
decode,chatcmpl-afb5e0f1226f0731-95b25f99,3168246.833188,0.000042,1,1,1341,1338,0,0
decode,chatcmpl-afb5e0f1226f0731-95b25f99,3168246.846987,0.000042,1,1,1343,1339,0,0
decode,chatcmpl-afb5e0f1226f0731-95b25f99,3168246.860815,0.000042,1,1,1345,1340,0,0
decode,chatcmpl-afb5e0f1226f0731-95b25f99,3168246.874623,0.000043,1,1,1347,1341,0,0
decode,chatcmpl-afb5e0f1226f0731-95b25f99,3168246.888436,0.000043,1,1,1349,1342,0,0
decode,chatcmpl-afb5e0f1226f0731-95b25f99,3168246.902233,0.000041,1,1,1351,1343,0,0
decode,chatcmpl-afb5e0f1226f0731-95b25f99,3168246.916019,0.000042,1,1,1353,1344,0,0
decode,chatcmpl-afb5e0f1226f0731-95b25f99,3168246.929910,0.000041,1,1,1355,1345,0,0
decode,chatcmpl-afb5e0f1226f0731-95b25f99,3168246.943708,0.000042,1,1,1357,1346,0,0
decode,chatcmpl-afb5e0f1226f0731-95b25f99,3168246.957519,0.000043,1,1,1359,1347,0,0
decode,chatcmpl-afb5e0f1226f0731-95b25f99,3168246.971307,0.000043,1,1,1361,1348,0,0
decode,chatcmpl-afb5e0f1226f0731-95b25f99,3168246.985142,0.000042,1,1,1363,1349,0,0
decode,chatcmpl-afb5e0f1226f0731-95b25f99,3168246.998939,0.000043,1,1,1365,1350,0,0
decode,chatcmpl-afb5e0f1226f0731-95b25f99,3168247.012744,0.000043,1,1,1367,1351,0,0
decode,chatcmpl-afb5e0f1226f0731-95b25f99,3168247.026546,0.000044,1,1,1369,1352,0,0
decode,chatcmpl-afb5e0f1226f0731-95b25f99,3168247.040368,0.000042,1,1,1371,1353,0,0
decode,chatcmpl-afb5e0f1226f0731-95b25f99,3168247.054166,0.000044,1,1,1373,1354,0,0
decode,chatcmpl-afb5e0f1226f0731-95b25f99,3168247.067975,0.000045,1,1,1375,1355,0,0
decode,chatcmpl-afb5e0f1226f0731-95b25f99,3168247.081896,0.000043,1,1,1377,1356,0,0
decode,chatcmpl-afb5e0f1226f0731-95b25f99,3168247.095705,0.000044,1,1,1379,1357,0,0
decode,chatcmpl-afb5e0f1226f0731-95b25f99,3168247.109513,0.000042,1,1,1381,1358,0,0
decode,chatcmpl-afb5e0f1226f0731-95b25f99,3168247.123301,0.000043,1,1,1383,1359,0,0
decode,chatcmpl-afb5e0f1226f0731-95b25f99,3168247.137125,0.000042,1,1,1385,1360,0,0
decode,chatcmpl-afb5e0f1226f0731-95b25f99,3168247.150910,0.000043,1,1,1387,1361,0,0
decode,chatcmpl-afb5e0f1226f0731-95b25f99,3168247.164728,0.000041,1,1,1389,1362,0,0
decode,chatcmpl-afb5e0f1226f0731-95b25f99,3168247.178512,0.000042,1,1,1391,1363,0,0
decode,chatcmpl-afb5e0f1226f0731-95b25f99,3168247.192327,0.000042,1,1,1393,1364,0,0
decode,chatcmpl-afb5e0f1226f0731-95b25f99,3168247.206101,0.000044,1,1,1395,1365,0,0
decode,chatcmpl-afb5e0f1226f0731-95b25f99,3168247.219886,0.000043,1,1,1397,1366,0,0
decode,chatcmpl-afb5e0f1226f0731-95b25f99,3168247.233799,0.000044,1,1,1399,1367,0,0
decode,chatcmpl-afb5e0f1226f0731-95b25f99,3168247.247592,0.000044,1,1,1401,1368,0,0
decode,chatcmpl-afb5e0f1226f0731-95b25f99,3168247.261370,0.000044,1,1,1403,1369,0,0
decode,chatcmpl-afb5e0f1226f0731-95b25f99,3168247.275150,0.000042,1,1,1405,1370,0,0
decode,chatcmpl-afb5e0f1226f0731-95b25f99,3168247.288956,0.000043,1,1,1407,1371,0,0
decode,chatcmpl-afb5e0f1226f0731-95b25f99,3168247.302777,0.000044,1,1,1409,1372,0,0
decode,chatcmpl-afb5e0f1226f0731-95b25f99,3168247.316571,0.000043,1,1,1411,1373,0,0
decode,chatcmpl-afb5e0f1226f0731-95b25f99,3168247.330377,0.000041,1,1,1413,1374,0,0
decode,chatcmpl-afb5e0f1226f0731-95b25f99,3168247.344166,0.000042,1,1,1415,1375,0,0
decode,chatcmpl-afb5e0f1226f0731-95b25f99,3168247.357957,0.000041,1,1,1417,1376,0,0
decode,chatcmpl-afb5e0f1226f0731-95b25f99,3168247.371735,0.000041,1,1,1419,1377,0,0
decode,chatcmpl-afb5e0f1226f0731-95b25f99,3168247.385637,0.000044,1,1,1421,1378,0,0
decode,chatcmpl-afb5e0f1226f0731-95b25f99,3168247.399447,0.000042,1,1,1423,1379,0,0
decode,chatcmpl-afb5e0f1226f0731-95b25f99,3168247.413241,0.000043,1,1,1425,1380,0,0
decode,chatcmpl-afb5e0f1226f0731-95b25f99,3168247.427019,0.000042,1,1,1427,1381,0,0
decode,chatcmpl-afb5e0f1226f0731-95b25f99,3168247.440815,0.000042,1,1,1429,1382,0,0
decode,chatcmpl-afb5e0f1226f0731-95b25f99,3168247.454629,0.000042,1,1,1431,1383,0,0
decode,chatcmpl-afb5e0f1226f0731-95b25f99,3168247.468405,0.000042,1,1,1433,1384,0,0
decode,chatcmpl-afb5e0f1226f0731-95b25f99,3168247.482194,0.000044,1,1,1435,1385,0,0
decode,chatcmpl-afb5e0f1226f0731-95b25f99,3168247.496017,0.000087,1,1,1437,1386,0,0
decode,chatcmpl-afb5e0f1226f0731-95b25f99,3168247.509796,0.000044,1,1,1439,1387,0,0
decode,chatcmpl-afb5e0f1226f0731-95b25f99,3168247.523607,0.000043,1,1,1441,1388,0,0
decode,chatcmpl-afb5e0f1226f0731-95b25f99,3168247.537491,0.000041,1,1,1443,1389,0,0
decode,chatcmpl-afb5e0f1226f0731-95b25f99,3168247.551277,0.000042,1,1,1445,1390,0,0
decode,chatcmpl-afb5e0f1226f0731-95b25f99,3168247.565076,0.000040,1,1,1447,1391,0,0
decode,chatcmpl-afb5e0f1226f0731-95b25f99,3168247.578864,0.000042,1,1,1449,1392,0,0
decode,chatcmpl-afb5e0f1226f0731-95b25f99,3168247.592676,0.000043,1,1,1451,1393,0,0
decode,chatcmpl-afb5e0f1226f0731-95b25f99,3168247.606458,0.000041,1,1,1453,1394,0,0
decode,chatcmpl-afb5e0f1226f0731-95b25f99,3168247.620248,0.000042,1,1,1455,1395,0,0
decode,chatcmpl-afb5e0f1226f0731-95b25f99,3168247.634045,0.000043,1,1,1457,1396,0,0
decode,chatcmpl-afb5e0f1226f0731-95b25f99,3168247.647830,0.000042,1,1,1459,1397,0,0
decode,chatcmpl-afb5e0f1226f0731-95b25f99,3168247.661628,0.000046,1,1,1461,1398,0,0
decode,chatcmpl-afb5e0f1226f0731-95b25f99,3168247.675415,0.000043,1,1,1463,1399,0,0
decode,chatcmpl-afb5e0f1226f0731-95b25f99,3168247.689229,0.000043,1,1,1465,1400,0,0
decode,chatcmpl-afb5e0f1226f0731-95b25f99,3168247.703027,0.000042,1,1,1467,1401,0,0
decode,chatcmpl-afb5e0f1226f0731-95b25f99,3168247.716820,0.000043,1,1,1469,1402,0,0
decode,chatcmpl-afb5e0f1226f0731-95b25f99,3168247.730616,0.000044,1,1,1471,1403,0,0
decode,chatcmpl-afb5e0f1226f0731-95b25f99,3168247.744444,0.000042,1,1,1473,1404,0,0
decode,chatcmpl-afb5e0f1226f0731-95b25f99,3168247.758215,0.000042,1,1,1475,1405,0,0
decode,chatcmpl-afb5e0f1226f0731-95b25f99,3168247.772007,0.000043,1,1,1477,1406,0,0
decode,chatcmpl-afb5e0f1226f0731-95b25f99,3168247.785796,0.000043,1,1,1479,1407,0,0
decode,chatcmpl-afb5e0f1226f0731-95b25f99,3168247.799585,0.000054,1,1,1481,1408,0,0
decode,chatcmpl-afb5e0f1226f0731-95b25f99,3168247.813377,0.000043,1,1,1483,1409,0,0
decode,chatcmpl-afb5e0f1226f0731-95b25f99,3168247.827165,0.000042,1,1,1485,1410,0,0
decode,chatcmpl-afb5e0f1226f0731-95b25f99,3168247.840962,0.000043,1,1,1487,1411,0,0
decode,chatcmpl-afb5e0f1226f0731-95b25f99,3168247.854762,0.000043,1,1,1489,1412,0,0
decode,chatcmpl-afb5e0f1226f0731-95b25f99,3168247.868553,0.000042,1,1,1491,1413,0,0
decode,chatcmpl-afb5e0f1226f0731-95b25f99,3168247.882338,0.000043,1,1,1493,1414,0,0
decode,chatcmpl-afb5e0f1226f0731-95b25f99,3168247.896138,0.000041,1,1,1495,1415,0,0
decode,chatcmpl-afb5e0f1226f0731-95b25f99,3168247.909920,0.000042,1,1,1497,1416,0,0
decode,chatcmpl-afb5e0f1226f0731-95b25f99,3168247.923689,0.000041,1,1,1499,1417,0,0
decode,chatcmpl-afb5e0f1226f0731-95b25f99,3168247.937505,0.000045,1,1,1501,1418,0,0
decode,chatcmpl-afb5e0f1226f0731-95b25f99,3168247.951302,0.000040,1,1,1503,1419,0,0
decode,chatcmpl-afb5e0f1226f0731-95b25f99,3168247.965121,0.000041,1,1,1505,1420,0,0
decode,chatcmpl-afb5e0f1226f0731-95b25f99,3168247.978905,0.000042,1,1,1507,1421,0,0
decode,chatcmpl-afb5e0f1226f0731-95b25f99,3168247.992720,0.000044,1,1,1509,1422,0,0
decode,chatcmpl-afb5e0f1226f0731-95b25f99,3168248.006507,0.000042,1,1,1511,1423,0,0
decode,chatcmpl-afb5e0f1226f0731-95b25f99,3168248.020296,0.000043,1,1,1513,1424,0,0
decode,chatcmpl-afb5e0f1226f0731-95b25f99,3168248.034065,0.000043,1,1,1515,1425,0,0
decode,chatcmpl-afb5e0f1226f0731-95b25f99,3168248.047841,0.000042,1,1,1517,1426,0,0
decode,chatcmpl-afb5e0f1226f0731-95b25f99,3168248.061647,0.000044,1,1,1519,1427,0,0
decode,chatcmpl-afb5e0f1226f0731-95b25f99,3168248.075474,0.000042,1,1,1521,1428,0,0
decode,chatcmpl-afb5e0f1226f0731-95b25f99,3168248.089301,0.000044,1,1,1523,1429,0,0
decode,chatcmpl-afb5e0f1226f0731-95b25f99,3168248.103112,0.000042,1,1,1525,1430,0,0
decode,chatcmpl-afb5e0f1226f0731-95b25f99,3168248.116910,0.000044,1,1,1527,1431,0,0
decode,chatcmpl-afb5e0f1226f0731-95b25f99,3168248.130700,0.000043,1,1,1529,1432,0,0
decode,chatcmpl-afb5e0f1226f0731-95b25f99,3168248.144516,0.000042,1,1,1531,1433,0,0
decode,chatcmpl-afb5e0f1226f0731-95b25f99,3168248.158308,0.000042,1,1,1533,1434,0,0
decode,chatcmpl-afb5e0f1226f0731-95b25f99,3168248.172095,0.000042,1,1,1535,1435,0,0
decode,chatcmpl-afb5e0f1226f0731-95b25f99,3168248.185896,0.000042,1,1,1537,1436,0,0
decode,chatcmpl-afb5e0f1226f0731-95b25f99,3168248.199696,0.000041,1,1,1539,1437,0,0
decode,chatcmpl-afb5e0f1226f0731-95b25f99,3168248.213487,0.000043,1,1,1541,1438,0,0
decode,chatcmpl-afb5e0f1226f0731-95b25f99,3168248.227253,0.000042,1,1,1543,1439,0,0
decode,chatcmpl-afb5e0f1226f0731-95b25f99,3168248.241067,0.000041,1,1,1545,1440,0,0
decode,chatcmpl-afb5e0f1226f0731-95b25f99,3168248.254838,0.000043,1,1,1547,1441,0,0
decode,chatcmpl-afb5e0f1226f0731-95b25f99,3168248.268635,0.000041,1,1,1549,1442,0,0
decode,chatcmpl-afb5e0f1226f0731-95b25f99,3168248.282410,0.000041,1,1,1551,1443,0,0
decode,chatcmpl-afb5e0f1226f0731-95b25f99,3168248.296221,0.000041,1,1,1553,1444,0,0
decode,chatcmpl-afb5e0f1226f0731-95b25f99,3168248.310012,0.000043,1,1,1555,1445,0,0
decode,chatcmpl-afb5e0f1226f0731-95b25f99,3168248.323781,0.000041,1,1,1557,1446,0,0
decode,chatcmpl-afb5e0f1226f0731-95b25f99,3168248.337592,0.000042,1,1,1559,1447,0,0
decode,chatcmpl-afb5e0f1226f0731-95b25f99,3168248.351385,0.000043,1,1,1561,1448,0,0
decode,chatcmpl-afb5e0f1226f0731-95b25f99,3168248.365175,0.000044,1,1,1563,1449,0,0
decode,chatcmpl-afb5e0f1226f0731-95b25f99,3168248.378974,0.000043,1,1,1565,1450,0,0
decode,chatcmpl-afb5e0f1226f0731-95b25f99,3168248.392779,0.000043,1,1,1567,1451,0,0
decode,chatcmpl-afb5e0f1226f0731-95b25f99,3168248.406581,0.000044,1,1,1569,1452,0,0
decode,chatcmpl-afb5e0f1226f0731-95b25f99,3168248.420384,0.000042,1,1,1571,1453,0,0
decode,chatcmpl-afb5e0f1226f0731-95b25f99,3168248.434176,0.000043,1,1,1573,1454,0,0
decode,chatcmpl-afb5e0f1226f0731-95b25f99,3168248.447943,0.000041,1,1,1575,1455,0,0
decode,chatcmpl-afb5e0f1226f0731-95b25f99,3168248.461743,0.000043,1,1,1577,1456,0,0
decode,chatcmpl-afb5e0f1226f0731-95b25f99,3168248.475528,0.000042,1,1,1579,1457,0,0
decode,chatcmpl-afb5e0f1226f0731-95b25f99,3168248.489316,0.000043,1,1,1581,1458,0,0
decode,chatcmpl-afb5e0f1226f0731-95b25f99,3168248.503112,0.000042,1,1,1583,1459,0,0
decode,chatcmpl-afb5e0f1226f0731-95b25f99,3168248.516917,0.000043,1,1,1585,1460,0,0
decode,chatcmpl-afb5e0f1226f0731-95b25f99,3168248.530690,0.000041,1,1,1587,1461,0,0
decode,chatcmpl-afb5e0f1226f0731-95b25f99,3168248.544497,0.000040,1,1,1589,1462,0,0
decode,chatcmpl-afb5e0f1226f0731-95b25f99,3168248.558283,0.000042,1,1,1591,1463,0,0
decode,chatcmpl-afb5e0f1226f0731-95b25f99,3168248.572045,0.000043,1,1,1593,1464,0,0
decode,chatcmpl-afb5e0f1226f0731-95b25f99,3168248.585830,0.000041,1,1,1595,1465,0,0
decode,chatcmpl-afb5e0f1226f0731-95b25f99,3168248.599619,0.000043,1,1,1597,1466,0,0
decode,chatcmpl-afb5e0f1226f0731-95b25f99,3168248.613412,0.000041,1,1,1599,1467,0,0
decode,chatcmpl-afb5e0f1226f0731-95b25f99,3168248.627216,0.000042,1,1,1601,1468,0,0
decode,chatcmpl-afb5e0f1226f0731-95b25f99,3168248.641012,0.000041,1,1,1603,1469,0,0
decode,chatcmpl-afb5e0f1226f0731-95b25f99,3168248.654782,0.000043,1,1,1605,1470,0,0
decode,chatcmpl-afb5e0f1226f0731-95b25f99,3168248.668582,0.000042,1,1,1607,1471,0,0
decode,chatcmpl-afb5e0f1226f0731-95b25f99,3168248.682369,0.000041,1,1,1609,1472,0,0
decode,chatcmpl-afb5e0f1226f0731-95b25f99,3168248.696152,0.000043,1,1,1611,1473,0,0
decode,chatcmpl-afb5e0f1226f0731-95b25f99,3168248.709945,0.000043,1,1,1613,1474,0,0
decode,chatcmpl-afb5e0f1226f0731-95b25f99,3168248.723740,0.000043,1,1,1615,1475,0,0
decode,chatcmpl-afb5e0f1226f0731-95b25f99,3168248.737566,0.000042,1,1,1617,1476,0,0
decode,chatcmpl-afb5e0f1226f0731-95b25f99,3168248.751362,0.000044,1,1,1619,1477,0,0
decode,chatcmpl-afb5e0f1226f0731-95b25f99,3168248.765151,0.000042,1,1,1621,1478,0,0
decode,chatcmpl-afb5e0f1226f0731-95b25f99,3168248.778926,0.000043,1,1,1623,1479,0,0
decode,chatcmpl-afb5e0f1226f0731-95b25f99,3168248.792727,0.000043,1,1,1625,1480,0,0
decode,chatcmpl-afb5e0f1226f0731-95b25f99,3168248.806513,0.000041,1,1,1627,1481,0,0
decode,chatcmpl-afb5e0f1226f0731-95b25f99,3168248.820314,0.000042,1,1,1629,1482,0,0
decode,chatcmpl-afb5e0f1226f0731-95b25f99,3168248.834093,0.000041,1,1,1631,1483,0,0
decode,chatcmpl-afb5e0f1226f0731-95b25f99,3168248.847886,0.000044,1,1,1633,1484,0,0
decode,,3168248.861691,0.000090,0,0,,,0,0
decode,,3168248.862012,0.000117,0,0,,,0,0
prefill,chatcmpl-be2a795267364571-87421560,3168248.941406,0.000480,1,1352,1352,0,1,0
encoder,chatcmpl-be2a795267364571-87421560,3168248.943512,0.375536,1,0,,, 1,0
decode,chatcmpl-be2a795267364571-87421560,3168249.471106,0.000047,1,1,1353,1352,0,0
decode,chatcmpl-be2a795267364571-87421560,3168249.485322,0.000044,1,1,1355,1353,0,0
decode,chatcmpl-be2a795267364571-87421560,3168249.499156,0.000043,1,1,1357,1354,0,0
decode,chatcmpl-be2a795267364571-87421560,3168249.512978,0.000044,1,1,1359,1355,0,0
decode,chatcmpl-be2a795267364571-87421560,3168249.526912,0.000042,1,1,1361,1356,0,0
decode,chatcmpl-be2a795267364571-87421560,3168249.540746,0.000042,1,1,1363,1357,0,0
decode,chatcmpl-be2a795267364571-87421560,3168249.554544,0.000044,1,1,1365,1358,0,0
decode,chatcmpl-be2a795267364571-87421560,3168249.568358,0.000044,1,1,1367,1359,0,0
decode,chatcmpl-be2a795267364571-87421560,3168249.582156,0.000041,1,1,1369,1360,0,0
decode,chatcmpl-be2a795267364571-87421560,3168249.595945,0.000044,1,1,1371,1361,0,0
decode,chatcmpl-be2a795267364571-87421560,3168249.609751,0.000042,1,1,1373,1362,0,0
decode,chatcmpl-be2a795267364571-87421560,3168249.623562,0.000044,1,1,1375,1363,0,0
decode,chatcmpl-be2a795267364571-87421560,3168249.637375,0.000042,1,1,1377,1364,0,0
decode,chatcmpl-be2a795267364571-87421560,3168249.651170,0.000042,1,1,1379,1365,0,0
decode,chatcmpl-be2a795267364571-87421560,3168249.664988,0.000041,1,1,1381,1366,0,0
decode,chatcmpl-be2a795267364571-87421560,3168249.678902,0.000042,1,1,1383,1367,0,0
decode,chatcmpl-be2a795267364571-87421560,3168249.692710,0.000043,1,1,1385,1368,0,0
decode,chatcmpl-be2a795267364571-87421560,3168249.706511,0.000044,1,1,1387,1369,0,0
decode,chatcmpl-be2a795267364571-87421560,3168249.720319,0.000043,1,1,1389,1370,0,0
decode,chatcmpl-be2a795267364571-87421560,3168249.734117,0.000044,1,1,1391,1371,0,0
decode,chatcmpl-be2a795267364571-87421560,3168249.747930,0.000043,1,1,1393,1372,0,0
decode,chatcmpl-be2a795267364571-87421560,3168249.761730,0.000042,1,1,1395,1373,0,0
decode,chatcmpl-be2a795267364571-87421560,3168249.775558,0.000043,1,1,1397,1374,0,0
decode,chatcmpl-be2a795267364571-87421560,3168249.789374,0.000043,1,1,1399,1375,0,0
decode,chatcmpl-be2a795267364571-87421560,3168249.803160,0.000042,1,1,1401,1376,0,0
decode,chatcmpl-be2a795267364571-87421560,3168249.816950,0.000044,1,1,1403,1377,0,0
decode,chatcmpl-be2a795267364571-87421560,3168249.830859,0.000042,1,1,1405,1378,0,0
decode,chatcmpl-be2a795267364571-87421560,3168249.844678,0.000041,1,1,1407,1379,0,0
decode,chatcmpl-be2a795267364571-87421560,3168249.858470,0.000042,1,1,1409,1380,0,0
decode,chatcmpl-be2a795267364571-87421560,3168249.872266,0.000042,1,1,1411,1381,0,0
decode,chatcmpl-be2a795267364571-87421560,3168249.886061,0.000044,1,1,1413,1382,0,0
decode,chatcmpl-be2a795267364571-87421560,3168249.899856,0.000044,1,1,1415,1383,0,0
decode,chatcmpl-be2a795267364571-87421560,3168249.913667,0.000043,1,1,1417,1384,0,0
decode,chatcmpl-be2a795267364571-87421560,3168249.927473,0.000043,1,1,1419,1385,0,0
decode,chatcmpl-be2a795267364571-87421560,3168249.941278,0.000044,1,1,1421,1386,0,0
decode,chatcmpl-be2a795267364571-87421560,3168249.955081,0.000042,1,1,1423,1387,0,0
decode,chatcmpl-be2a795267364571-87421560,3168249.968908,0.000044,1,1,1425,1388,0,0
decode,chatcmpl-be2a795267364571-87421560,3168249.982842,0.000042,1,1,1427,1389,0,0
decode,chatcmpl-be2a795267364571-87421560,3168249.996653,0.000042,1,1,1429,1390,0,0
decode,chatcmpl-be2a795267364571-87421560,3168250.010449,0.000044,1,1,1431,1391,0,0
decode,chatcmpl-be2a795267364571-87421560,3168250.024244,0.000042,1,1,1433,1392,0,0
decode,chatcmpl-be2a795267364571-87421560,3168250.038043,0.000042,1,1,1435,1393,0,0
decode,chatcmpl-be2a795267364571-87421560,3168250.051845,0.000042,1,1,1437,1394,0,0
decode,chatcmpl-be2a795267364571-87421560,3168250.065649,0.000041,1,1,1439,1395,0,0
decode,chatcmpl-be2a795267364571-87421560,3168250.079452,0.000043,1,1,1441,1396,0,0
decode,chatcmpl-be2a795267364571-87421560,3168250.093257,0.000043,1,1,1443,1397,0,0
decode,chatcmpl-be2a795267364571-87421560,3168250.107055,0.000044,1,1,1445,1398,0,0
decode,chatcmpl-be2a795267364571-87421560,3168250.120859,0.000045,1,1,1447,1399,0,0
decode,chatcmpl-be2a795267364571-87421560,3168250.134749,0.000043,1,1,1449,1400,0,0
decode,chatcmpl-be2a795267364571-87421560,3168250.148554,0.000044,1,1,1451,1401,0,0
decode,chatcmpl-be2a795267364571-87421560,3168250.162365,0.000043,1,1,1453,1402,0,0
decode,chatcmpl-be2a795267364571-87421560,3168250.176168,0.000044,1,1,1455,1403,0,0
decode,chatcmpl-be2a795267364571-87421560,3168250.189962,0.000043,1,1,1457,1404,0,0
decode,chatcmpl-be2a795267364571-87421560,3168250.203748,0.000043,1,1,1459,1405,0,0
decode,chatcmpl-be2a795267364571-87421560,3168250.217535,0.000043,1,1,1461,1406,0,0
decode,chatcmpl-be2a795267364571-87421560,3168250.231349,0.000042,1,1,1463,1407,0,0
decode,chatcmpl-be2a795267364571-87421560,3168250.245172,0.000055,1,1,1465,1408,0,0
decode,chatcmpl-be2a795267364571-87421560,3168250.258960,0.000042,1,1,1467,1409,0,0
decode,chatcmpl-be2a795267364571-87421560,3168250.272759,0.000044,1,1,1469,1410,0,0
decode,chatcmpl-be2a795267364571-87421560,3168250.286662,0.000043,1,1,1471,1411,0,0
decode,chatcmpl-be2a795267364571-87421560,3168250.300482,0.000043,1,1,1473,1412,0,0
decode,chatcmpl-be2a795267364571-87421560,3168250.314272,0.000043,1,1,1475,1413,0,0
decode,chatcmpl-be2a795267364571-87421560,3168250.328059,0.000042,1,1,1477,1414,0,0
decode,chatcmpl-be2a795267364571-87421560,3168250.341864,0.000042,1,1,1479,1415,0,0
decode,chatcmpl-be2a795267364571-87421560,3168250.355654,0.000043,1,1,1481,1416,0,0
decode,chatcmpl-be2a795267364571-87421560,3168250.369467,0.000043,1,1,1483,1417,0,0
decode,chatcmpl-be2a795267364571-87421560,3168250.383266,0.000043,1,1,1485,1418,0,0
decode,chatcmpl-be2a795267364571-87421560,3168250.397077,0.000043,1,1,1487,1419,0,0
decode,chatcmpl-be2a795267364571-87421560,3168250.410859,0.000043,1,1,1489,1420,0,0
decode,chatcmpl-be2a795267364571-87421560,3168250.424664,0.000043,1,1,1491,1421,0,0
decode,chatcmpl-be2a795267364571-87421560,3168250.438574,0.000043,1,1,1493,1422,0,0
decode,chatcmpl-be2a795267364571-87421560,3168250.452410,0.000043,1,1,1495,1423,0,0
decode,chatcmpl-be2a795267364571-87421560,3168250.466210,0.000043,1,1,1497,1424,0,0
decode,chatcmpl-be2a795267364571-87421560,3168250.480014,0.000043,1,1,1499,1425,0,0
decode,chatcmpl-be2a795267364571-87421560,3168250.493816,0.000044,1,1,1501,1426,0,0
decode,chatcmpl-be2a795267364571-87421560,3168250.507608,0.000042,1,1,1503,1427,0,0
decode,chatcmpl-be2a795267364571-87421560,3168250.521417,0.000043,1,1,1505,1428,0,0
decode,chatcmpl-be2a795267364571-87421560,3168250.535217,0.000042,1,1,1507,1429,0,0
decode,chatcmpl-be2a795267364571-87421560,3168250.549020,0.000044,1,1,1509,1430,0,0
decode,chatcmpl-be2a795267364571-87421560,3168250.562805,0.000042,1,1,1511,1431,0,0
decode,chatcmpl-be2a795267364571-87421560,3168250.576611,0.000043,1,1,1513,1432,0,0
decode,chatcmpl-be2a795267364571-87421560,3168250.590505,0.000044,1,1,1515,1433,0,0
decode,chatcmpl-be2a795267364571-87421560,3168250.604331,0.000040,1,1,1517,1434,0,0
decode,chatcmpl-be2a795267364571-87421560,3168250.618111,0.000042,1,1,1519,1435,0,0
decode,chatcmpl-be2a795267364571-87421560,3168250.631899,0.000043,1,1,1521,1436,0,0
decode,chatcmpl-be2a795267364571-87421560,3168250.645693,0.000043,1,1,1523,1437,0,0
decode,chatcmpl-be2a795267364571-87421560,3168250.659496,0.000042,1,1,1525,1438,0,0
decode,chatcmpl-be2a795267364571-87421560,3168250.673277,0.000043,1,1,1527,1439,0,0
decode,chatcmpl-be2a795267364571-87421560,3168250.687067,0.000044,1,1,1529,1440,0,0
decode,chatcmpl-be2a795267364571-87421560,3168250.700879,0.000043,1,1,1531,1441,0,0
decode,chatcmpl-be2a795267364571-87421560,3168250.714658,0.000043,1,1,1533,1442,0,0
decode,chatcmpl-be2a795267364571-87421560,3168250.728455,0.000042,1,1,1535,1443,0,0
decode,chatcmpl-be2a795267364571-87421560,3168250.742340,0.000043,1,1,1537,1444,0,0
decode,chatcmpl-be2a795267364571-87421560,3168250.756131,0.000044,1,1,1539,1445,0,0
decode,chatcmpl-be2a795267364571-87421560,3168250.769918,0.000043,1,1,1541,1446,0,0
decode,chatcmpl-be2a795267364571-87421560,3168250.783706,0.000044,1,1,1543,1447,0,0
decode,chatcmpl-be2a795267364571-87421560,3168250.797516,0.000042,1,1,1545,1448,0,0
decode,chatcmpl-be2a795267364571-87421560,3168250.811321,0.000043,1,1,1547,1449,0,0
decode,chatcmpl-be2a795267364571-87421560,3168250.825124,0.000045,1,1,1549,1450,0,0
decode,chatcmpl-be2a795267364571-87421560,3168250.838934,0.000042,1,1,1551,1451,0,0
decode,chatcmpl-be2a795267364571-87421560,3168250.852733,0.000042,1,1,1553,1452,0,0
decode,chatcmpl-be2a795267364571-87421560,3168250.866509,0.000043,1,1,1555,1453,0,0
decode,chatcmpl-be2a795267364571-87421560,3168250.880339,0.000042,1,1,1557,1454,0,0
decode,chatcmpl-be2a795267364571-87421560,3168250.894240,0.000045,1,1,1559,1455,0,0
decode,chatcmpl-be2a795267364571-87421560,3168250.908049,0.000042,1,1,1561,1456,0,0
decode,chatcmpl-be2a795267364571-87421560,3168250.921845,0.000044,1,1,1563,1457,0,0
decode,chatcmpl-be2a795267364571-87421560,3168250.935654,0.000041,1,1,1565,1458,0,0
decode,chatcmpl-be2a795267364571-87421560,3168250.949460,0.000043,1,1,1567,1459,0,0
decode,chatcmpl-be2a795267364571-87421560,3168250.963259,0.000044,1,1,1569,1460,0,0
decode,chatcmpl-be2a795267364571-87421560,3168250.977066,0.000043,1,1,1571,1461,0,0
decode,chatcmpl-be2a795267364571-87421560,3168250.990857,0.000043,1,1,1573,1462,0,0
decode,chatcmpl-be2a795267364571-87421560,3168251.004678,0.000043,1,1,1575,1463,0,0
decode,chatcmpl-be2a795267364571-87421560,3168251.018471,0.000044,1,1,1577,1464,0,0
decode,chatcmpl-be2a795267364571-87421560,3168251.032277,0.000042,1,1,1579,1465,0,0
decode,chatcmpl-be2a795267364571-87421560,3168251.046083,0.000042,1,1,1581,1466,0,0
decode,chatcmpl-be2a795267364571-87421560,3168251.059873,0.000043,1,1,1583,1467,0,0
decode,chatcmpl-be2a795267364571-87421560,3168251.073657,0.000043,1,1,1585,1468,0,0
decode,chatcmpl-be2a795267364571-87421560,3168251.087454,0.000042,1,1,1587,1469,0,0
decode,chatcmpl-be2a795267364571-87421560,3168251.101242,0.000043,1,1,1589,1470,0,0
decode,chatcmpl-be2a795267364571-87421560,3168251.115058,0.000044,1,1,1591,1471,0,0
decode,chatcmpl-be2a795267364571-87421560,3168251.128866,0.000043,1,1,1593,1472,0,0
decode,chatcmpl-be2a795267364571-87421560,3168251.142655,0.000043,1,1,1595,1473,0,0
decode,chatcmpl-be2a795267364571-87421560,3168251.156457,0.000042,1,1,1597,1474,0,0
decode,chatcmpl-be2a795267364571-87421560,3168251.170263,0.000044,1,1,1599,1475,0,0
decode,chatcmpl-be2a795267364571-87421560,3168251.184042,0.000043,1,1,1601,1476,0,0
decode,chatcmpl-be2a795267364571-87421560,3168251.197832,0.000041,1,1,1603,1477,0,0
decode,chatcmpl-be2a795267364571-87421560,3168251.211642,0.000044,1,1,1605,1478,0,0
decode,chatcmpl-be2a795267364571-87421560,3168251.225432,0.000043,1,1,1607,1479,0,0
decode,chatcmpl-be2a795267364571-87421560,3168251.239225,0.000042,1,1,1609,1480,0,0
decode,chatcmpl-be2a795267364571-87421560,3168251.253040,0.000042,1,1,1611,1481,0,0
decode,chatcmpl-be2a795267364571-87421560,3168251.266833,0.000044,1,1,1613,1482,0,0
decode,chatcmpl-be2a795267364571-87421560,3168251.280622,0.000042,1,1,1615,1483,0,0
decode,chatcmpl-be2a795267364571-87421560,3168251.294410,0.000043,1,1,1617,1484,0,0
decode,chatcmpl-be2a795267364571-87421560,3168251.308199,0.000043,1,1,1619,1485,0,0
decode,chatcmpl-be2a795267364571-87421560,3168251.321997,0.000041,1,1,1621,1486,0,0
decode,chatcmpl-be2a795267364571-87421560,3168251.335798,0.000044,1,1,1623,1487,0,0
decode,chatcmpl-be2a795267364571-87421560,3168251.349592,0.000041,1,1,1625,1488,0,0
decode,chatcmpl-be2a795267364571-87421560,3168251.363389,0.000043,1,1,1627,1489,0,0
decode,chatcmpl-be2a795267364571-87421560,3168251.377213,0.000041,1,1,1629,1490,0,0
decode,chatcmpl-be2a795267364571-87421560,3168251.391015,0.000042,1,1,1631,1491,0,0
decode,chatcmpl-be2a795267364571-87421560,3168251.404819,0.000042,1,1,1633,1492,0,0
decode,chatcmpl-be2a795267364571-87421560,3168251.418620,0.000044,1,1,1635,1493,0,0
decode,chatcmpl-be2a795267364571-87421560,3168251.432418,0.000043,1,1,1637,1494,0,0
decode,,3168251.446198,0.000096,0,0,,,0,0
decode,,3168251.446518,0.000113,0,0,,,0,0
prefill,chatcmpl-a93fec5986902bbf-b95dbb39,3168251.525269,0.000600,1,1363,1363,0,1,0
encoder,chatcmpl-a93fec5986902bbf-b95dbb39,3168251.527426,0.375289,1,0,,, 1,0
decode,chatcmpl-a93fec5986902bbf-b95dbb39,3168252.056662,0.000045,1,1,1364,1363,0,0
decode,chatcmpl-a93fec5986902bbf-b95dbb39,3168252.070854,0.000043,1,1,1366,1364,0,0
decode,chatcmpl-a93fec5986902bbf-b95dbb39,3168252.084737,0.000042,1,1,1368,1365,0,0
decode,chatcmpl-a93fec5986902bbf-b95dbb39,3168252.098552,0.000041,1,1,1370,1366,0,0
decode,chatcmpl-a93fec5986902bbf-b95dbb39,3168252.112392,0.000043,1,1,1372,1367,0,0
decode,chatcmpl-a93fec5986902bbf-b95dbb39,3168252.126329,0.000043,1,1,1374,1368,0,0
decode,chatcmpl-a93fec5986902bbf-b95dbb39,3168252.140153,0.000040,1,1,1376,1369,0,0
decode,chatcmpl-a93fec5986902bbf-b95dbb39,3168252.153953,0.000040,1,1,1378,1370,0,0
decode,chatcmpl-a93fec5986902bbf-b95dbb39,3168252.167750,0.000042,1,1,1380,1371,0,0
decode,chatcmpl-a93fec5986902bbf-b95dbb39,3168252.181560,0.000042,1,1,1382,1372,0,0
decode,chatcmpl-a93fec5986902bbf-b95dbb39,3168252.195365,0.000040,1,1,1384,1373,0,0
decode,chatcmpl-a93fec5986902bbf-b95dbb39,3168252.209162,0.000043,1,1,1386,1374,0,0
decode,chatcmpl-a93fec5986902bbf-b95dbb39,3168252.222944,0.000043,1,1,1388,1375,0,0
decode,chatcmpl-a93fec5986902bbf-b95dbb39,3168252.236777,0.000042,1,1,1390,1376,0,0
decode,chatcmpl-a93fec5986902bbf-b95dbb39,3168252.250593,0.000044,1,1,1392,1377,0,0
decode,chatcmpl-a93fec5986902bbf-b95dbb39,3168252.264411,0.000043,1,1,1394,1378,0,0
decode,chatcmpl-a93fec5986902bbf-b95dbb39,3168252.278313,0.000042,1,1,1396,1379,0,0
decode,chatcmpl-a93fec5986902bbf-b95dbb39,3168252.292116,0.000044,1,1,1398,1380,0,0
decode,chatcmpl-a93fec5986902bbf-b95dbb39,3168252.305916,0.000043,1,1,1400,1381,0,0
decode,chatcmpl-a93fec5986902bbf-b95dbb39,3168252.319720,0.000042,1,1,1402,1382,0,0
decode,chatcmpl-a93fec5986902bbf-b95dbb39,3168252.333520,0.000040,1,1,1404,1383,0,0
decode,chatcmpl-a93fec5986902bbf-b95dbb39,3168252.347322,0.000044,1,1,1406,1384,0,0
decode,chatcmpl-a93fec5986902bbf-b95dbb39,3168252.361139,0.000043,1,1,1408,1385,0,0
decode,chatcmpl-a93fec5986902bbf-b95dbb39,3168252.374930,0.000043,1,1,1410,1386,0,0
decode,chatcmpl-a93fec5986902bbf-b95dbb39,3168252.388761,0.000043,1,1,1412,1387,0,0
decode,chatcmpl-a93fec5986902bbf-b95dbb39,3168252.402563,0.000043,1,1,1414,1388,0,0
decode,chatcmpl-a93fec5986902bbf-b95dbb39,3168252.416387,0.000044,1,1,1416,1389,0,0
decode,chatcmpl-a93fec5986902bbf-b95dbb39,3168252.430296,0.000042,1,1,1418,1390,0,0
decode,chatcmpl-a93fec5986902bbf-b95dbb39,3168252.444097,0.000043,1,1,1420,1391,0,0
decode,chatcmpl-a93fec5986902bbf-b95dbb39,3168252.457882,0.000044,1,1,1422,1392,0,0
decode,chatcmpl-a93fec5986902bbf-b95dbb39,3168252.471667,0.000041,1,1,1424,1393,0,0
decode,chatcmpl-a93fec5986902bbf-b95dbb39,3168252.485474,0.000043,1,1,1426,1394,0,0
decode,chatcmpl-a93fec5986902bbf-b95dbb39,3168252.499272,0.000042,1,1,1428,1395,0,0
decode,chatcmpl-a93fec5986902bbf-b95dbb39,3168252.513072,0.000043,1,1,1430,1396,0,0
decode,chatcmpl-a93fec5986902bbf-b95dbb39,3168252.526883,0.000043,1,1,1432,1397,0,0
decode,chatcmpl-a93fec5986902bbf-b95dbb39,3168252.540690,0.000042,1,1,1434,1398,0,0
decode,chatcmpl-a93fec5986902bbf-b95dbb39,3168252.554474,0.000042,1,1,1436,1399,0,0
decode,chatcmpl-a93fec5986902bbf-b95dbb39,3168252.568276,0.000042,1,1,1438,1400,0,0
decode,chatcmpl-a93fec5986902bbf-b95dbb39,3168252.582196,0.000042,1,1,1440,1401,0,0
decode,chatcmpl-a93fec5986902bbf-b95dbb39,3168252.596008,0.000044,1,1,1442,1402,0,0
decode,chatcmpl-a93fec5986902bbf-b95dbb39,3168252.609788,0.000043,1,1,1444,1403,0,0
decode,chatcmpl-a93fec5986902bbf-b95dbb39,3168252.623572,0.000042,1,1,1446,1404,0,0
decode,chatcmpl-a93fec5986902bbf-b95dbb39,3168252.637381,0.000042,1,1,1448,1405,0,0
decode,chatcmpl-a93fec5986902bbf-b95dbb39,3168252.651176,0.000042,1,1,1450,1406,0,0
decode,chatcmpl-a93fec5986902bbf-b95dbb39,3168252.664982,0.000042,1,1,1452,1407,0,0
decode,chatcmpl-a93fec5986902bbf-b95dbb39,3168252.678772,0.000053,1,1,1454,1408,0,0
decode,chatcmpl-a93fec5986902bbf-b95dbb39,3168252.692601,0.000044,1,1,1456,1409,0,0
decode,chatcmpl-a93fec5986902bbf-b95dbb39,3168252.706398,0.000041,1,1,1458,1410,0,0
decode,chatcmpl-a93fec5986902bbf-b95dbb39,3168252.720186,0.000043,1,1,1460,1411,0,0
decode,chatcmpl-a93fec5986902bbf-b95dbb39,3168252.734074,0.000043,1,1,1462,1412,0,0
decode,chatcmpl-a93fec5986902bbf-b95dbb39,3168252.747886,0.000042,1,1,1464,1413,0,0
decode,chatcmpl-a93fec5986902bbf-b95dbb39,3168252.761667,0.000043,1,1,1466,1414,0,0
decode,chatcmpl-a93fec5986902bbf-b95dbb39,3168252.775465,0.000043,1,1,1468,1415,0,0
decode,chatcmpl-a93fec5986902bbf-b95dbb39,3168252.789269,0.000043,1,1,1470,1416,0,0
decode,chatcmpl-a93fec5986902bbf-b95dbb39,3168252.803073,0.000043,1,1,1472,1417,0,0
decode,chatcmpl-a93fec5986902bbf-b95dbb39,3168252.816888,0.000043,1,1,1474,1418,0,0
decode,chatcmpl-a93fec5986902bbf-b95dbb39,3168252.830686,0.000042,1,1,1476,1419,0,0
decode,chatcmpl-a93fec5986902bbf-b95dbb39,3168252.844502,0.000043,1,1,1478,1420,0,0
decode,chatcmpl-a93fec5986902bbf-b95dbb39,3168252.858299,0.000042,1,1,1480,1421,0,0
decode,chatcmpl-a93fec5986902bbf-b95dbb39,3168252.872072,0.000042,1,1,1482,1422,0,0
decode,chatcmpl-a93fec5986902bbf-b95dbb39,3168252.885992,0.000042,1,1,1484,1423,0,0
decode,chatcmpl-a93fec5986902bbf-b95dbb39,3168252.899789,0.000041,1,1,1486,1424,0,0
decode,chatcmpl-a93fec5986902bbf-b95dbb39,3168252.913590,0.000041,1,1,1488,1425,0,0
decode,chatcmpl-a93fec5986902bbf-b95dbb39,3168252.927383,0.000043,1,1,1490,1426,0,0
decode,chatcmpl-a93fec5986902bbf-b95dbb39,3168252.941199,0.000044,1,1,1492,1427,0,0
decode,chatcmpl-a93fec5986902bbf-b95dbb39,3168252.955010,0.000043,1,1,1494,1428,0,0
decode,chatcmpl-a93fec5986902bbf-b95dbb39,3168252.968832,0.000041,1,1,1496,1429,0,0
decode,chatcmpl-a93fec5986902bbf-b95dbb39,3168252.982638,0.000043,1,1,1498,1430,0,0
decode,chatcmpl-a93fec5986902bbf-b95dbb39,3168252.996452,0.000041,1,1,1500,1431,0,0
decode,chatcmpl-a93fec5986902bbf-b95dbb39,3168253.010271,0.000043,1,1,1502,1432,0,0
decode,chatcmpl-a93fec5986902bbf-b95dbb39,3168253.024055,0.000042,1,1,1504,1433,0,0
decode,chatcmpl-a93fec5986902bbf-b95dbb39,3168253.037958,0.000043,1,1,1506,1434,0,0
decode,chatcmpl-a93fec5986902bbf-b95dbb39,3168253.051753,0.000043,1,1,1508,1435,0,0
decode,chatcmpl-a93fec5986902bbf-b95dbb39,3168253.065563,0.000041,1,1,1510,1436,0,0
decode,chatcmpl-a93fec5986902bbf-b95dbb39,3168253.079345,0.000043,1,1,1512,1437,0,0
decode,chatcmpl-a93fec5986902bbf-b95dbb39,3168253.093148,0.000043,1,1,1514,1438,0,0
decode,chatcmpl-a93fec5986902bbf-b95dbb39,3168253.106954,0.000043,1,1,1516,1439,0,0
decode,chatcmpl-a93fec5986902bbf-b95dbb39,3168253.120764,0.000041,1,1,1518,1440,0,0
decode,chatcmpl-a93fec5986902bbf-b95dbb39,3168253.134564,0.000043,1,1,1520,1441,0,0
decode,chatcmpl-a93fec5986902bbf-b95dbb39,3168253.148375,0.000044,1,1,1522,1442,0,0
decode,chatcmpl-a93fec5986902bbf-b95dbb39,3168253.162192,0.000044,1,1,1524,1443,0,0
decode,chatcmpl-a93fec5986902bbf-b95dbb39,3168253.175981,0.000048,1,1,1526,1444,0,0
decode,chatcmpl-a93fec5986902bbf-b95dbb39,3168253.189891,0.000043,1,1,1528,1445,0,0
decode,chatcmpl-a93fec5986902bbf-b95dbb39,3168253.203676,0.000043,1,1,1530,1446,0,0
decode,chatcmpl-a93fec5986902bbf-b95dbb39,3168253.217466,0.000042,1,1,1532,1447,0,0
decode,chatcmpl-a93fec5986902bbf-b95dbb39,3168253.231253,0.000042,1,1,1534,1448,0,0
decode,chatcmpl-a93fec5986902bbf-b95dbb39,3168253.245074,0.000041,1,1,1536,1449,0,0
decode,chatcmpl-a93fec5986902bbf-b95dbb39,3168253.258882,0.000043,1,1,1538,1450,0,0
decode,chatcmpl-a93fec5986902bbf-b95dbb39,3168253.272697,0.000043,1,1,1540,1451,0,0
decode,chatcmpl-a93fec5986902bbf-b95dbb39,3168253.286507,0.000041,1,1,1542,1452,0,0
decode,chatcmpl-a93fec5986902bbf-b95dbb39,3168253.300295,0.000043,1,1,1544,1453,0,0
decode,chatcmpl-a93fec5986902bbf-b95dbb39,3168253.314096,0.000042,1,1,1546,1454,0,0
decode,chatcmpl-a93fec5986902bbf-b95dbb39,3168253.327888,0.000042,1,1,1548,1455,0,0
decode,chatcmpl-a93fec5986902bbf-b95dbb39,3168253.341785,0.000042,1,1,1550,1456,0,0
decode,chatcmpl-a93fec5986902bbf-b95dbb39,3168253.355597,0.000042,1,1,1552,1457,0,0
decode,chatcmpl-a93fec5986902bbf-b95dbb39,3168253.369408,0.000043,1,1,1554,1458,0,0
decode,chatcmpl-a93fec5986902bbf-b95dbb39,3168253.383191,0.000043,1,1,1556,1459,0,0
decode,chatcmpl-a93fec5986902bbf-b95dbb39,3168253.397006,0.000043,1,1,1558,1460,0,0
decode,chatcmpl-a93fec5986902bbf-b95dbb39,3168253.410808,0.000041,1,1,1560,1461,0,0
decode,chatcmpl-a93fec5986902bbf-b95dbb39,3168253.424608,0.000042,1,1,1562,1462,0,0
decode,chatcmpl-a93fec5986902bbf-b95dbb39,3168253.438409,0.000042,1,1,1564,1463,0,0
decode,chatcmpl-a93fec5986902bbf-b95dbb39,3168253.452217,0.000041,1,1,1566,1464,0,0
decode,chatcmpl-a93fec5986902bbf-b95dbb39,3168253.466015,0.000042,1,1,1568,1465,0,0
decode,chatcmpl-a93fec5986902bbf-b95dbb39,3168253.479801,0.000042,1,1,1570,1466,0,0
decode,chatcmpl-a93fec5986902bbf-b95dbb39,3168253.493704,0.000043,1,1,1572,1467,0,0
decode,chatcmpl-a93fec5986902bbf-b95dbb39,3168253.507495,0.000043,1,1,1574,1468,0,0
decode,chatcmpl-a93fec5986902bbf-b95dbb39,3168253.521296,0.000042,1,1,1576,1469,0,0
decode,chatcmpl-a93fec5986902bbf-b95dbb39,3168253.535080,0.000042,1,1,1578,1470,0,0
decode,chatcmpl-a93fec5986902bbf-b95dbb39,3168253.548893,0.000041,1,1,1580,1471,0,0
decode,chatcmpl-a93fec5986902bbf-b95dbb39,3168253.562680,0.000042,1,1,1582,1472,0,0
decode,chatcmpl-a93fec5986902bbf-b95dbb39,3168253.576486,0.000041,1,1,1584,1473,0,0
decode,chatcmpl-a93fec5986902bbf-b95dbb39,3168253.590270,0.000043,1,1,1586,1474,0,0
decode,chatcmpl-a93fec5986902bbf-b95dbb39,3168253.604069,0.000043,1,1,1588,1475,0,0
decode,chatcmpl-a93fec5986902bbf-b95dbb39,3168253.617869,0.000042,1,1,1590,1476,0,0
decode,chatcmpl-a93fec5986902bbf-b95dbb39,3168253.631666,0.000043,1,1,1592,1477,0,0
decode,chatcmpl-a93fec5986902bbf-b95dbb39,3168253.645559,0.000042,1,1,1594,1478,0,0
decode,chatcmpl-a93fec5986902bbf-b95dbb39,3168253.659359,0.000041,1,1,1596,1479,0,0
decode,chatcmpl-a93fec5986902bbf-b95dbb39,3168253.673161,0.000043,1,1,1598,1480,0,0
decode,chatcmpl-a93fec5986902bbf-b95dbb39,3168253.686952,0.000043,1,1,1600,1481,0,0
decode,chatcmpl-a93fec5986902bbf-b95dbb39,3168253.700768,0.000042,1,1,1602,1482,0,0
decode,chatcmpl-a93fec5986902bbf-b95dbb39,3168253.714558,0.000042,1,1,1604,1483,0,0
decode,chatcmpl-a93fec5986902bbf-b95dbb39,3168253.728351,0.000042,1,1,1606,1484,0,0
decode,chatcmpl-a93fec5986902bbf-b95dbb39,3168253.742151,0.000042,1,1,1608,1485,0,0
decode,chatcmpl-a93fec5986902bbf-b95dbb39,3168253.755941,0.000043,1,1,1610,1486,0,0
decode,chatcmpl-a93fec5986902bbf-b95dbb39,3168253.769750,0.000042,1,1,1612,1487,0,0
decode,chatcmpl-a93fec5986902bbf-b95dbb39,3168253.783551,0.000042,1,1,1614,1488,0,0
decode,chatcmpl-a93fec5986902bbf-b95dbb39,3168253.797456,0.000042,1,1,1616,1489,0,0
decode,chatcmpl-a93fec5986902bbf-b95dbb39,3168253.811274,0.000043,1,1,1618,1490,0,0
decode,chatcmpl-a93fec5986902bbf-b95dbb39,3168253.825080,0.000041,1,1,1620,1491,0,0
decode,chatcmpl-a93fec5986902bbf-b95dbb39,3168253.838876,0.000042,1,1,1622,1492,0,0
decode,chatcmpl-a93fec5986902bbf-b95dbb39,3168253.852694,0.000043,1,1,1624,1493,0,0
decode,chatcmpl-a93fec5986902bbf-b95dbb39,3168253.866479,0.000042,1,1,1626,1494,0,0
decode,chatcmpl-a93fec5986902bbf-b95dbb39,3168253.880271,0.000041,1,1,1628,1495,0,0
decode,chatcmpl-a93fec5986902bbf-b95dbb39,3168253.894067,0.000041,1,1,1630,1496,0,0
decode,chatcmpl-a93fec5986902bbf-b95dbb39,3168253.907873,0.000043,1,1,1632,1497,0,0
decode,chatcmpl-a93fec5986902bbf-b95dbb39,3168253.921693,0.000042,1,1,1634,1498,0,0
decode,chatcmpl-a93fec5986902bbf-b95dbb39,3168253.935504,0.000042,1,1,1636,1499,0,0
decode,chatcmpl-a93fec5986902bbf-b95dbb39,3168253.949410,0.000041,1,1,1638,1500,0,0
decode,chatcmpl-a93fec5986902bbf-b95dbb39,3168253.963202,0.000041,1,1,1640,1501,0,0
decode,,3168253.977002,0.000092,0,0,,,0,0
decode,,3168253.977384,0.000057,0,0,,,0,0
prefill,chatcmpl-9478398dcd56a12c-8e8d58a3,3168254.056143,0.000614,1,1371,1371,0,1,0
encoder,chatcmpl-9478398dcd56a12c-8e8d58a3,3168254.058392,0.375300,1,0,,, 1,0
decode,chatcmpl-9478398dcd56a12c-8e8d58a3,3168254.587673,0.000046,1,1,1372,1371,0,0
decode,chatcmpl-9478398dcd56a12c-8e8d58a3,3168254.601863,0.000041,1,1,1374,1372,0,0
decode,chatcmpl-9478398dcd56a12c-8e8d58a3,3168254.615757,0.000042,1,1,1376,1373,0,0
decode,chatcmpl-9478398dcd56a12c-8e8d58a3,3168254.629584,0.000044,1,1,1378,1374,0,0
decode,chatcmpl-9478398dcd56a12c-8e8d58a3,3168254.643413,0.000042,1,1,1380,1375,0,0
decode,chatcmpl-9478398dcd56a12c-8e8d58a3,3168254.657228,0.000043,1,1,1382,1376,0,0
decode,chatcmpl-9478398dcd56a12c-8e8d58a3,3168254.671017,0.000042,1,1,1384,1377,0,0
decode,chatcmpl-9478398dcd56a12c-8e8d58a3,3168254.684839,0.000042,1,1,1386,1378,0,0
decode,chatcmpl-9478398dcd56a12c-8e8d58a3,3168254.698663,0.000043,1,1,1388,1379,0,0
decode,chatcmpl-9478398dcd56a12c-8e8d58a3,3168254.712471,0.000042,1,1,1390,1380,0,0
decode,chatcmpl-9478398dcd56a12c-8e8d58a3,3168254.726289,0.000042,1,1,1392,1381,0,0
decode,chatcmpl-9478398dcd56a12c-8e8d58a3,3168254.740083,0.000043,1,1,1394,1382,0,0
decode,chatcmpl-9478398dcd56a12c-8e8d58a3,3168254.753863,0.000043,1,1,1396,1383,0,0
decode,chatcmpl-9478398dcd56a12c-8e8d58a3,3168254.767661,0.000043,1,1,1398,1384,0,0
decode,chatcmpl-9478398dcd56a12c-8e8d58a3,3168254.781455,0.000043,1,1,1400,1385,0,0
decode,chatcmpl-9478398dcd56a12c-8e8d58a3,3168254.795250,0.000043,1,1,1402,1386,0,0
decode,chatcmpl-9478398dcd56a12c-8e8d58a3,3168254.809067,0.000043,1,1,1404,1387,0,0
decode,chatcmpl-9478398dcd56a12c-8e8d58a3,3168254.822850,0.000043,1,1,1406,1388,0,0
decode,chatcmpl-9478398dcd56a12c-8e8d58a3,3168254.836678,0.000043,1,1,1408,1389,0,0
decode,chatcmpl-9478398dcd56a12c-8e8d58a3,3168254.850472,0.000042,1,1,1410,1390,0,0
decode,chatcmpl-9478398dcd56a12c-8e8d58a3,3168254.864265,0.000043,1,1,1412,1391,0,0
decode,chatcmpl-9478398dcd56a12c-8e8d58a3,3168254.878052,0.000043,1,1,1414,1392,0,0
decode,chatcmpl-9478398dcd56a12c-8e8d58a3,3168254.891854,0.000042,1,1,1416,1393,0,0
decode,chatcmpl-9478398dcd56a12c-8e8d58a3,3168254.905634,0.000042,1,1,1418,1394,0,0
decode,chatcmpl-9478398dcd56a12c-8e8d58a3,3168254.919417,0.000043,1,1,1420,1395,0,0
decode,chatcmpl-9478398dcd56a12c-8e8d58a3,3168254.933227,0.000042,1,1,1422,1396,0,0
decode,chatcmpl-9478398dcd56a12c-8e8d58a3,3168254.947019,0.000042,1,1,1424,1397,0,0
decode,chatcmpl-9478398dcd56a12c-8e8d58a3,3168254.960846,0.000043,1,1,1426,1398,0,0
decode,chatcmpl-9478398dcd56a12c-8e8d58a3,3168254.974635,0.000043,1,1,1428,1399,0,0
decode,chatcmpl-9478398dcd56a12c-8e8d58a3,3168254.988425,0.000045,1,1,1430,1400,0,0
decode,chatcmpl-9478398dcd56a12c-8e8d58a3,3168255.002228,0.000043,1,1,1432,1401,0,0
decode,chatcmpl-9478398dcd56a12c-8e8d58a3,3168255.016045,0.000042,1,1,1434,1402,0,0
decode,chatcmpl-9478398dcd56a12c-8e8d58a3,3168255.029949,0.000041,1,1,1436,1403,0,0
decode,chatcmpl-9478398dcd56a12c-8e8d58a3,3168255.043753,0.000041,1,1,1438,1404,0,0
decode,chatcmpl-9478398dcd56a12c-8e8d58a3,3168255.057556,0.000042,1,1,1440,1405,0,0
decode,chatcmpl-9478398dcd56a12c-8e8d58a3,3168255.071357,0.000042,1,1,1442,1406,0,0
decode,chatcmpl-9478398dcd56a12c-8e8d58a3,3168255.085162,0.000043,1,1,1444,1407,0,0
decode,chatcmpl-9478398dcd56a12c-8e8d58a3,3168255.098965,0.000054,1,1,1446,1408,0,0
decode,chatcmpl-9478398dcd56a12c-8e8d58a3,3168255.112770,0.000041,1,1,1448,1409,0,0
decode,chatcmpl-9478398dcd56a12c-8e8d58a3,3168255.126565,0.000043,1,1,1450,1410,0,0
decode,chatcmpl-9478398dcd56a12c-8e8d58a3,3168255.140378,0.000043,1,1,1452,1411,0,0
decode,chatcmpl-9478398dcd56a12c-8e8d58a3,3168255.154163,0.000043,1,1,1454,1412,0,0
decode,chatcmpl-9478398dcd56a12c-8e8d58a3,3168255.167966,0.000044,1,1,1456,1413,0,0
decode,chatcmpl-9478398dcd56a12c-8e8d58a3,3168255.181868,0.000041,1,1,1458,1414,0,0
decode,chatcmpl-9478398dcd56a12c-8e8d58a3,3168255.195649,0.000042,1,1,1460,1415,0,0
decode,chatcmpl-9478398dcd56a12c-8e8d58a3,3168255.209445,0.000043,1,1,1462,1416,0,0
decode,chatcmpl-9478398dcd56a12c-8e8d58a3,3168255.223234,0.000041,1,1,1464,1417,0,0
decode,chatcmpl-9478398dcd56a12c-8e8d58a3,3168255.237052,0.000045,1,1,1466,1418,0,0
decode,chatcmpl-9478398dcd56a12c-8e8d58a3,3168255.250855,0.000041,1,1,1468,1419,0,0
decode,chatcmpl-9478398dcd56a12c-8e8d58a3,3168255.264664,0.000042,1,1,1470,1420,0,0
decode,chatcmpl-9478398dcd56a12c-8e8d58a3,3168255.278466,0.000042,1,1,1472,1421,0,0
decode,chatcmpl-9478398dcd56a12c-8e8d58a3,3168255.292241,0.000041,1,1,1474,1422,0,0
decode,chatcmpl-9478398dcd56a12c-8e8d58a3,3168255.306035,0.000043,1,1,1476,1423,0,0
decode,chatcmpl-9478398dcd56a12c-8e8d58a3,3168255.319820,0.000041,1,1,1478,1424,0,0
decode,chatcmpl-9478398dcd56a12c-8e8d58a3,3168255.333707,0.000044,1,1,1480,1425,0,0
decode,chatcmpl-9478398dcd56a12c-8e8d58a3,3168255.347484,0.000042,1,1,1482,1426,0,0
decode,chatcmpl-9478398dcd56a12c-8e8d58a3,3168255.361273,0.000043,1,1,1484,1427,0,0
decode,chatcmpl-9478398dcd56a12c-8e8d58a3,3168255.375045,0.000043,1,1,1486,1428,0,0
decode,chatcmpl-9478398dcd56a12c-8e8d58a3,3168255.388865,0.000042,1,1,1488,1429,0,0
decode,chatcmpl-9478398dcd56a12c-8e8d58a3,3168255.402656,0.000043,1,1,1490,1430,0,0
decode,chatcmpl-9478398dcd56a12c-8e8d58a3,3168255.416461,0.000044,1,1,1492,1431,0,0
decode,chatcmpl-9478398dcd56a12c-8e8d58a3,3168255.430246,0.000043,1,1,1494,1432,0,0
decode,chatcmpl-9478398dcd56a12c-8e8d58a3,3168255.444049,0.000055,1,1,1496,1433,0,0
decode,chatcmpl-9478398dcd56a12c-8e8d58a3,3168255.457902,0.000043,1,1,1498,1434,0,0
decode,chatcmpl-9478398dcd56a12c-8e8d58a3,3168255.471703,0.000041,1,1,1500,1435,0,0
decode,chatcmpl-9478398dcd56a12c-8e8d58a3,3168255.485624,0.000042,1,1,1502,1436,0,0
decode,chatcmpl-9478398dcd56a12c-8e8d58a3,3168255.499431,0.000041,1,1,1504,1437,0,0
decode,chatcmpl-9478398dcd56a12c-8e8d58a3,3168255.513208,0.000043,1,1,1506,1438,0,0
decode,chatcmpl-9478398dcd56a12c-8e8d58a3,3168255.526990,0.000042,1,1,1508,1439,0,0
decode,chatcmpl-9478398dcd56a12c-8e8d58a3,3168255.540790,0.000043,1,1,1510,1440,0,0
decode,chatcmpl-9478398dcd56a12c-8e8d58a3,3168255.554590,0.000043,1,1,1512,1441,0,0
decode,chatcmpl-9478398dcd56a12c-8e8d58a3,3168255.568404,0.000043,1,1,1514,1442,0,0
decode,chatcmpl-9478398dcd56a12c-8e8d58a3,3168255.582188,0.000043,1,1,1516,1443,0,0
decode,chatcmpl-9478398dcd56a12c-8e8d58a3,3168255.595980,0.000049,1,1,1518,1444,0,0
decode,chatcmpl-9478398dcd56a12c-8e8d58a3,3168255.609775,0.000041,1,1,1520,1445,0,0
decode,chatcmpl-9478398dcd56a12c-8e8d58a3,3168255.623553,0.000044,1,1,1522,1446,0,0
decode,chatcmpl-9478398dcd56a12c-8e8d58a3,3168255.637456,0.000042,1,1,1524,1447,0,0
decode,chatcmpl-9478398dcd56a12c-8e8d58a3,3168255.651245,0.000042,1,1,1526,1448,0,0
decode,chatcmpl-9478398dcd56a12c-8e8d58a3,3168255.665042,0.000042,1,1,1528,1449,0,0
decode,chatcmpl-9478398dcd56a12c-8e8d58a3,3168255.678820,0.000042,1,1,1530,1450,0,0
decode,chatcmpl-9478398dcd56a12c-8e8d58a3,3168255.692620,0.000043,1,1,1532,1451,0,0
decode,chatcmpl-9478398dcd56a12c-8e8d58a3,3168255.706405,0.000042,1,1,1534,1452,0,0
decode,chatcmpl-9478398dcd56a12c-8e8d58a3,3168255.720191,0.000043,1,1,1536,1453,0,0
decode,chatcmpl-9478398dcd56a12c-8e8d58a3,3168255.733974,0.000043,1,1,1538,1454,0,0
decode,chatcmpl-9478398dcd56a12c-8e8d58a3,3168255.747771,0.000042,1,1,1540,1455,0,0
decode,chatcmpl-9478398dcd56a12c-8e8d58a3,3168255.761569,0.000043,1,1,1542,1456,0,0
decode,chatcmpl-9478398dcd56a12c-8e8d58a3,3168255.775340,0.000043,1,1,1544,1457,0,0
decode,chatcmpl-9478398dcd56a12c-8e8d58a3,3168255.789234,0.000043,1,1,1546,1458,0,0
decode,chatcmpl-9478398dcd56a12c-8e8d58a3,3168255.803033,0.000043,1,1,1548,1459,0,0
decode,chatcmpl-9478398dcd56a12c-8e8d58a3,3168255.816834,0.000042,1,1,1550,1460,0,0
decode,chatcmpl-9478398dcd56a12c-8e8d58a3,3168255.830642,0.000043,1,1,1552,1461,0,0
decode,chatcmpl-9478398dcd56a12c-8e8d58a3,3168255.844466,0.000042,1,1,1554,1462,0,0
decode,chatcmpl-9478398dcd56a12c-8e8d58a3,3168255.858260,0.000041,1,1,1556,1463,0,0
decode,chatcmpl-9478398dcd56a12c-8e8d58a3,3168255.872038,0.000043,1,1,1558,1464,0,0
decode,chatcmpl-9478398dcd56a12c-8e8d58a3,3168255.885844,0.000043,1,1,1560,1465,0,0
decode,chatcmpl-9478398dcd56a12c-8e8d58a3,3168255.899645,0.000041,1,1,1562,1466,0,0
decode,chatcmpl-9478398dcd56a12c-8e8d58a3,3168255.913440,0.000043,1,1,1564,1467,0,0
decode,chatcmpl-9478398dcd56a12c-8e8d58a3,3168255.927234,0.000043,1,1,1566,1468,0,0
decode,chatcmpl-9478398dcd56a12c-8e8d58a3,3168255.941158,0.000040,1,1,1568,1469,0,0
decode,chatcmpl-9478398dcd56a12c-8e8d58a3,3168255.954975,0.000043,1,1,1570,1470,0,0
decode,chatcmpl-9478398dcd56a12c-8e8d58a3,3168255.968797,0.000044,1,1,1572,1471,0,0
decode,chatcmpl-9478398dcd56a12c-8e8d58a3,3168255.982579,0.000043,1,1,1574,1472,0,0
decode,,3168255.996399,0.000091,0,0,,,0,0
decode,,3168255.996780,0.000055,0,0,,,0,0
prefill,chatcmpl-ac82659cd04c10c1-9c665d3b,3168256.077503,0.000629,1,1330,1330,0,1,0
encoder,chatcmpl-ac82659cd04c10c1-9c665d3b,3168256.079786,0.376019,1,0,,, 1,0
decode,chatcmpl-ac82659cd04c10c1-9c665d3b,3168256.605528,0.000045,1,1,1331,1330,0,0
decode,chatcmpl-ac82659cd04c10c1-9c665d3b,3168256.619698,0.000043,1,1,1333,1331,0,0
decode,chatcmpl-ac82659cd04c10c1-9c665d3b,3168256.633579,0.000041,1,1,1335,1332,0,0
decode,chatcmpl-ac82659cd04c10c1-9c665d3b,3168256.647399,0.000042,1,1,1337,1333,0,0
decode,chatcmpl-ac82659cd04c10c1-9c665d3b,3168256.661220,0.000048,1,1,1339,1334,0,0
decode,chatcmpl-ac82659cd04c10c1-9c665d3b,3168256.675233,0.000040,1,1,1341,1335,0,0
decode,chatcmpl-ac82659cd04c10c1-9c665d3b,3168256.689035,0.000042,1,1,1343,1336,0,0
decode,chatcmpl-ac82659cd04c10c1-9c665d3b,3168256.702820,0.000043,1,1,1345,1337,0,0
decode,chatcmpl-ac82659cd04c10c1-9c665d3b,3168256.716642,0.000041,1,1,1347,1338,0,0
decode,chatcmpl-ac82659cd04c10c1-9c665d3b,3168256.730430,0.000043,1,1,1349,1339,0,0
decode,chatcmpl-ac82659cd04c10c1-9c665d3b,3168256.744244,0.000042,1,1,1351,1340,0,0
decode,chatcmpl-ac82659cd04c10c1-9c665d3b,3168256.758055,0.000042,1,1,1353,1341,0,0
decode,chatcmpl-ac82659cd04c10c1-9c665d3b,3168256.771874,0.000044,1,1,1355,1342,0,0
decode,chatcmpl-ac82659cd04c10c1-9c665d3b,3168256.785667,0.000043,1,1,1357,1343,0,0
decode,chatcmpl-ac82659cd04c10c1-9c665d3b,3168256.799459,0.000043,1,1,1359,1344,0,0
decode,chatcmpl-ac82659cd04c10c1-9c665d3b,3168256.813276,0.000041,1,1,1361,1345,0,0
decode,chatcmpl-ac82659cd04c10c1-9c665d3b,3168256.827076,0.000043,1,1,1363,1346,0,0
decode,chatcmpl-ac82659cd04c10c1-9c665d3b,3168256.840893,0.000043,1,1,1365,1347,0,0
decode,chatcmpl-ac82659cd04c10c1-9c665d3b,3168256.854700,0.000044,1,1,1367,1348,0,0
decode,chatcmpl-ac82659cd04c10c1-9c665d3b,3168256.868508,0.000044,1,1,1369,1349,0,0
decode,chatcmpl-ac82659cd04c10c1-9c665d3b,3168256.882293,0.000044,1,1,1371,1350,0,0
decode,chatcmpl-ac82659cd04c10c1-9c665d3b,3168256.896074,0.000044,1,1,1373,1351,0,0
decode,chatcmpl-ac82659cd04c10c1-9c665d3b,3168256.909887,0.000042,1,1,1375,1352,0,0
decode,chatcmpl-ac82659cd04c10c1-9c665d3b,3168256.923683,0.000043,1,1,1377,1353,0,0
decode,chatcmpl-ac82659cd04c10c1-9c665d3b,3168256.937499,0.000042,1,1,1379,1354,0,0
decode,chatcmpl-ac82659cd04c10c1-9c665d3b,3168256.951295,0.000042,1,1,1381,1355,0,0
decode,chatcmpl-ac82659cd04c10c1-9c665d3b,3168256.965108,0.000042,1,1,1383,1356,0,0
decode,chatcmpl-ac82659cd04c10c1-9c665d3b,3168256.978902,0.000041,1,1,1385,1357,0,0
decode,chatcmpl-ac82659cd04c10c1-9c665d3b,3168256.992699,0.000043,1,1,1387,1358,0,0
decode,chatcmpl-ac82659cd04c10c1-9c665d3b,3168257.006479,0.000043,1,1,1389,1359,0,0
decode,chatcmpl-ac82659cd04c10c1-9c665d3b,3168257.020271,0.000041,1,1,1391,1360,0,0
decode,chatcmpl-ac82659cd04c10c1-9c665d3b,3168257.034058,0.000042,1,1,1393,1361,0,0
decode,chatcmpl-ac82659cd04c10c1-9c665d3b,3168257.047843,0.000042,1,1,1395,1362,0,0
decode,chatcmpl-ac82659cd04c10c1-9c665d3b,3168257.061630,0.000042,1,1,1397,1363,0,0
decode,chatcmpl-ac82659cd04c10c1-9c665d3b,3168257.075432,0.000042,1,1,1399,1364,0,0
decode,chatcmpl-ac82659cd04c10c1-9c665d3b,3168257.089252,0.000041,1,1,1401,1365,0,0
decode,chatcmpl-ac82659cd04c10c1-9c665d3b,3168257.103052,0.000044,1,1,1403,1366,0,0
decode,chatcmpl-ac82659cd04c10c1-9c665d3b,3168257.116885,0.000042,1,1,1405,1367,0,0
decode,chatcmpl-ac82659cd04c10c1-9c665d3b,3168257.130676,0.000043,1,1,1407,1368,0,0
decode,chatcmpl-ac82659cd04c10c1-9c665d3b,3168257.144491,0.000043,1,1,1409,1369,0,0
decode,chatcmpl-ac82659cd04c10c1-9c665d3b,3168257.158283,0.000043,1,1,1411,1370,0,0
decode,chatcmpl-ac82659cd04c10c1-9c665d3b,3168257.172146,0.000041,1,1,1413,1371,0,0
decode,chatcmpl-ac82659cd04c10c1-9c665d3b,3168257.185885,0.000042,1,1,1415,1372,0,0
decode,chatcmpl-ac82659cd04c10c1-9c665d3b,3168257.199702,0.000042,1,1,1417,1373,0,0
decode,chatcmpl-ac82659cd04c10c1-9c665d3b,3168257.213499,0.000041,1,1,1419,1374,0,0
decode,chatcmpl-ac82659cd04c10c1-9c665d3b,3168257.227312,0.000043,1,1,1421,1375,0,0
decode,chatcmpl-ac82659cd04c10c1-9c665d3b,3168257.241117,0.000043,1,1,1423,1376,0,0
decode,chatcmpl-ac82659cd04c10c1-9c665d3b,3168257.254910,0.000042,1,1,1425,1377,0,0
decode,chatcmpl-ac82659cd04c10c1-9c665d3b,3168257.268716,0.000042,1,1,1427,1378,0,0
decode,chatcmpl-ac82659cd04c10c1-9c665d3b,3168257.282512,0.000041,1,1,1429,1379,0,0
decode,chatcmpl-ac82659cd04c10c1-9c665d3b,3168257.296303,0.000043,1,1,1431,1380,0,0
decode,chatcmpl-ac82659cd04c10c1-9c665d3b,3168257.310088,0.000044,1,1,1433,1381,0,0
decode,chatcmpl-ac82659cd04c10c1-9c665d3b,3168257.323885,0.000042,1,1,1435,1382,0,0
decode,chatcmpl-ac82659cd04c10c1-9c665d3b,3168257.337690,0.000042,1,1,1437,1383,0,0
decode,chatcmpl-ac82659cd04c10c1-9c665d3b,3168257.351479,0.000042,1,1,1439,1384,0,0
decode,chatcmpl-ac82659cd04c10c1-9c665d3b,3168257.365260,0.000043,1,1,1441,1385,0,0
decode,chatcmpl-ac82659cd04c10c1-9c665d3b,3168257.379062,0.000042,1,1,1443,1386,0,0
decode,chatcmpl-ac82659cd04c10c1-9c665d3b,3168257.392865,0.000041,1,1,1445,1387,0,0
decode,chatcmpl-ac82659cd04c10c1-9c665d3b,3168257.406668,0.000042,1,1,1447,1388,0,0
decode,chatcmpl-ac82659cd04c10c1-9c665d3b,3168257.420483,0.000042,1,1,1449,1389,0,0
decode,chatcmpl-ac82659cd04c10c1-9c665d3b,3168257.434278,0.000042,1,1,1451,1390,0,0
decode,chatcmpl-ac82659cd04c10c1-9c665d3b,3168257.448044,0.000043,1,1,1453,1391,0,0
decode,chatcmpl-ac82659cd04c10c1-9c665d3b,3168257.461830,0.000041,1,1,1455,1392,0,0
decode,chatcmpl-ac82659cd04c10c1-9c665d3b,3168257.475621,0.000042,1,1,1457,1393,0,0
decode,chatcmpl-ac82659cd04c10c1-9c665d3b,3168257.489425,0.000044,1,1,1459,1394,0,0
decode,chatcmpl-ac82659cd04c10c1-9c665d3b,3168257.503206,0.000041,1,1,1461,1395,0,0
decode,chatcmpl-ac82659cd04c10c1-9c665d3b,3168257.516984,0.000042,1,1,1463,1396,0,0
decode,chatcmpl-ac82659cd04c10c1-9c665d3b,3168257.530780,0.000040,1,1,1465,1397,0,0
decode,chatcmpl-ac82659cd04c10c1-9c665d3b,3168257.544587,0.000044,1,1,1467,1398,0,0
decode,chatcmpl-ac82659cd04c10c1-9c665d3b,3168257.558385,0.000044,1,1,1469,1399,0,0
decode,chatcmpl-ac82659cd04c10c1-9c665d3b,3168257.572173,0.000041,1,1,1471,1400,0,0
decode,chatcmpl-ac82659cd04c10c1-9c665d3b,3168257.585962,0.000044,1,1,1473,1401,0,0
decode,chatcmpl-ac82659cd04c10c1-9c665d3b,3168257.599766,0.000041,1,1,1475,1402,0,0
decode,chatcmpl-ac82659cd04c10c1-9c665d3b,3168257.613568,0.000043,1,1,1477,1403,0,0
decode,chatcmpl-ac82659cd04c10c1-9c665d3b,3168257.627351,0.000043,1,1,1479,1404,0,0
decode,chatcmpl-ac82659cd04c10c1-9c665d3b,3168257.641172,0.000042,1,1,1481,1405,0,0
decode,chatcmpl-ac82659cd04c10c1-9c665d3b,3168257.654943,0.000042,1,1,1483,1406,0,0
decode,chatcmpl-ac82659cd04c10c1-9c665d3b,3168257.668757,0.000043,1,1,1485,1407,0,0
decode,chatcmpl-ac82659cd04c10c1-9c665d3b,3168257.682570,0.000055,1,1,1487,1408,0,0
decode,chatcmpl-ac82659cd04c10c1-9c665d3b,3168257.696383,0.000043,1,1,1489,1409,0,0
decode,chatcmpl-ac82659cd04c10c1-9c665d3b,3168257.710171,0.000042,1,1,1491,1410,0,0
decode,chatcmpl-ac82659cd04c10c1-9c665d3b,3168257.723958,0.000049,1,1,1493,1411,0,0
decode,chatcmpl-ac82659cd04c10c1-9c665d3b,3168257.737761,0.000043,1,1,1495,1412,0,0
decode,chatcmpl-ac82659cd04c10c1-9c665d3b,3168257.751559,0.000042,1,1,1497,1413,0,0
decode,chatcmpl-ac82659cd04c10c1-9c665d3b,3168257.765355,0.000043,1,1,1499,1414,0,0
decode,chatcmpl-ac82659cd04c10c1-9c665d3b,3168257.779154,0.000044,1,1,1501,1415,0,0
decode,chatcmpl-ac82659cd04c10c1-9c665d3b,3168257.792949,0.000041,1,1,1503,1416,0,0
decode,chatcmpl-ac82659cd04c10c1-9c665d3b,3168257.806729,0.000042,1,1,1505,1417,0,0
decode,chatcmpl-ac82659cd04c10c1-9c665d3b,3168257.820535,0.000044,1,1,1507,1418,0,0
decode,chatcmpl-ac82659cd04c10c1-9c665d3b,3168257.834342,0.000042,1,1,1509,1419,0,0
decode,chatcmpl-ac82659cd04c10c1-9c665d3b,3168257.848156,0.000042,1,1,1511,1420,0,0
decode,chatcmpl-ac82659cd04c10c1-9c665d3b,3168257.861950,0.000041,1,1,1513,1421,0,0
decode,chatcmpl-ac82659cd04c10c1-9c665d3b,3168257.875739,0.000041,1,1,1515,1422,0,0
decode,chatcmpl-ac82659cd04c10c1-9c665d3b,3168257.889524,0.000044,1,1,1517,1423,0,0
decode,chatcmpl-ac82659cd04c10c1-9c665d3b,3168257.903305,0.000041,1,1,1519,1424,0,0
decode,chatcmpl-ac82659cd04c10c1-9c665d3b,3168257.917110,0.000042,1,1,1521,1425,0,0
decode,chatcmpl-ac82659cd04c10c1-9c665d3b,3168257.930899,0.000043,1,1,1523,1426,0,0
decode,chatcmpl-ac82659cd04c10c1-9c665d3b,3168257.944719,0.000041,1,1,1525,1427,0,0
decode,chatcmpl-ac82659cd04c10c1-9c665d3b,3168257.958495,0.000043,1,1,1527,1428,0,0
decode,chatcmpl-ac82659cd04c10c1-9c665d3b,3168257.972296,0.000044,1,1,1529,1429,0,0
decode,chatcmpl-ac82659cd04c10c1-9c665d3b,3168257.986099,0.000042,1,1,1531,1430,0,0
decode,chatcmpl-ac82659cd04c10c1-9c665d3b,3168257.999919,0.000043,1,1,1533,1431,0,0
decode,chatcmpl-ac82659cd04c10c1-9c665d3b,3168258.013724,0.000043,1,1,1535,1432,0,0
decode,chatcmpl-ac82659cd04c10c1-9c665d3b,3168258.027516,0.000042,1,1,1537,1433,0,0
decode,chatcmpl-ac82659cd04c10c1-9c665d3b,3168258.041328,0.000043,1,1,1539,1434,0,0
decode,chatcmpl-ac82659cd04c10c1-9c665d3b,3168258.055123,0.000041,1,1,1541,1435,0,0
decode,chatcmpl-ac82659cd04c10c1-9c665d3b,3168258.068942,0.000041,1,1,1543,1436,0,0
decode,chatcmpl-ac82659cd04c10c1-9c665d3b,3168258.082740,0.000043,1,1,1545,1437,0,0
decode,,3168258.096547,0.000092,0,0,,,0,0
decode,,3168258.096861,0.000114,0,0,,,0,0
prefill,chatcmpl-a6bc1df28d2e1a37-ac16a271,3168258.177213,0.000494,1,1351,1351,0,1,0
encoder,chatcmpl-a6bc1df28d2e1a37-ac16a271,3168258.179359,0.375510,1,0,,, 1,0
decode,chatcmpl-a6bc1df28d2e1a37-ac16a271,3168258.706985,0.000047,1,1,1352,1351,0,0
decode,chatcmpl-a6bc1df28d2e1a37-ac16a271,3168258.721212,0.000042,1,1,1354,1352,0,0
decode,chatcmpl-a6bc1df28d2e1a37-ac16a271,3168258.735062,0.000041,1,1,1356,1353,0,0
decode,chatcmpl-a6bc1df28d2e1a37-ac16a271,3168258.748902,0.000042,1,1,1358,1354,0,0
decode,chatcmpl-a6bc1df28d2e1a37-ac16a271,3168258.762836,0.000044,1,1,1360,1355,0,0
decode,chatcmpl-a6bc1df28d2e1a37-ac16a271,3168258.776672,0.000041,1,1,1362,1356,0,0
decode,chatcmpl-a6bc1df28d2e1a37-ac16a271,3168258.790466,0.000044,1,1,1364,1357,0,0
decode,chatcmpl-a6bc1df28d2e1a37-ac16a271,3168258.804267,0.000041,1,1,1366,1358,0,0
decode,chatcmpl-a6bc1df28d2e1a37-ac16a271,3168258.818086,0.000042,1,1,1368,1359,0,0
decode,chatcmpl-a6bc1df28d2e1a37-ac16a271,3168258.831895,0.000043,1,1,1370,1360,0,0
decode,chatcmpl-a6bc1df28d2e1a37-ac16a271,3168258.845702,0.000042,1,1,1372,1361,0,0
decode,chatcmpl-a6bc1df28d2e1a37-ac16a271,3168258.859498,0.000042,1,1,1374,1362,0,0
decode,chatcmpl-a6bc1df28d2e1a37-ac16a271,3168258.873293,0.000042,1,1,1376,1363,0,0
decode,chatcmpl-a6bc1df28d2e1a37-ac16a271,3168258.887091,0.000041,1,1,1378,1364,0,0
decode,chatcmpl-a6bc1df28d2e1a37-ac16a271,3168258.900908,0.000042,1,1,1380,1365,0,0
decode,chatcmpl-a6bc1df28d2e1a37-ac16a271,3168258.914830,0.000044,1,1,1382,1366,0,0
decode,chatcmpl-a6bc1df28d2e1a37-ac16a271,3168258.928637,0.000042,1,1,1384,1367,0,0
decode,chatcmpl-a6bc1df28d2e1a37-ac16a271,3168258.942423,0.000041,1,1,1386,1368,0,0
decode,chatcmpl-a6bc1df28d2e1a37-ac16a271,3168258.956212,0.000044,1,1,1388,1369,0,0
decode,chatcmpl-a6bc1df28d2e1a37-ac16a271,3168258.970017,0.000044,1,1,1390,1370,0,0
decode,chatcmpl-a6bc1df28d2e1a37-ac16a271,3168258.983810,0.000044,1,1,1392,1371,0,0
decode,chatcmpl-a6bc1df28d2e1a37-ac16a271,3168258.997636,0.000044,1,1,1394,1372,0,0
decode,chatcmpl-a6bc1df28d2e1a37-ac16a271,3168259.011420,0.000041,1,1,1396,1373,0,0
decode,chatcmpl-a6bc1df28d2e1a37-ac16a271,3168259.025224,0.000041,1,1,1398,1374,0,0
decode,chatcmpl-a6bc1df28d2e1a37-ac16a271,3168259.039022,0.000044,1,1,1400,1375,0,0
decode,chatcmpl-a6bc1df28d2e1a37-ac16a271,3168259.052843,0.000041,1,1,1402,1376,0,0
decode,chatcmpl-a6bc1df28d2e1a37-ac16a271,3168259.066731,0.000041,1,1,1404,1377,0,0
decode,chatcmpl-a6bc1df28d2e1a37-ac16a271,3168259.080541,0.000041,1,1,1406,1378,0,0
decode,chatcmpl-a6bc1df28d2e1a37-ac16a271,3168259.094317,0.000045,1,1,1408,1379,0,0
decode,chatcmpl-a6bc1df28d2e1a37-ac16a271,3168259.108096,0.000041,1,1,1410,1380,0,0
decode,chatcmpl-a6bc1df28d2e1a37-ac16a271,3168259.121886,0.000042,1,1,1412,1381,0,0
decode,chatcmpl-a6bc1df28d2e1a37-ac16a271,3168259.135676,0.000043,1,1,1414,1382,0,0
decode,chatcmpl-a6bc1df28d2e1a37-ac16a271,3168259.149464,0.000042,1,1,1416,1383,0,0
decode,chatcmpl-a6bc1df28d2e1a37-ac16a271,3168259.163265,0.000041,1,1,1418,1384,0,0
decode,chatcmpl-a6bc1df28d2e1a37-ac16a271,3168259.177057,0.000043,1,1,1420,1385,0,0
decode,chatcmpl-a6bc1df28d2e1a37-ac16a271,3168259.190854,0.000043,1,1,1422,1386,0,0
decode,chatcmpl-a6bc1df28d2e1a37-ac16a271,3168259.204678,0.000043,1,1,1424,1387,0,0
decode,chatcmpl-a6bc1df28d2e1a37-ac16a271,3168259.218556,0.000043,1,1,1426,1388,0,0
decode,chatcmpl-a6bc1df28d2e1a37-ac16a271,3168259.232332,0.000042,1,1,1428,1389,0,0
decode,chatcmpl-a6bc1df28d2e1a37-ac16a271,3168259.246122,0.000042,1,1,1430,1390,0,0
decode,chatcmpl-a6bc1df28d2e1a37-ac16a271,3168259.259905,0.000043,1,1,1432,1391,0,0
decode,chatcmpl-a6bc1df28d2e1a37-ac16a271,3168259.273702,0.000042,1,1,1434,1392,0,0
decode,chatcmpl-a6bc1df28d2e1a37-ac16a271,3168259.287506,0.000043,1,1,1436,1393,0,0
decode,chatcmpl-a6bc1df28d2e1a37-ac16a271,3168259.301294,0.000041,1,1,1438,1394,0,0
decode,chatcmpl-a6bc1df28d2e1a37-ac16a271,3168259.315084,0.000042,1,1,1440,1395,0,0
decode,chatcmpl-a6bc1df28d2e1a37-ac16a271,3168259.328909,0.000041,1,1,1442,1396,0,0
decode,chatcmpl-a6bc1df28d2e1a37-ac16a271,3168259.342713,0.000043,1,1,1444,1397,0,0
decode,chatcmpl-a6bc1df28d2e1a37-ac16a271,3168259.356520,0.000041,1,1,1446,1398,0,0
decode,chatcmpl-a6bc1df28d2e1a37-ac16a271,3168259.370418,0.000042,1,1,1448,1399,0,0
decode,chatcmpl-a6bc1df28d2e1a37-ac16a271,3168259.384218,0.000042,1,1,1450,1400,0,0
decode,chatcmpl-a6bc1df28d2e1a37-ac16a271,3168259.397992,0.000043,1,1,1452,1401,0,0
decode,chatcmpl-a6bc1df28d2e1a37-ac16a271,3168259.411789,0.000043,1,1,1454,1402,0,0
decode,chatcmpl-a6bc1df28d2e1a37-ac16a271,3168259.425588,0.000042,1,1,1456,1403,0,0
decode,chatcmpl-a6bc1df28d2e1a37-ac16a271,3168259.439366,0.000042,1,1,1458,1404,0,0
decode,chatcmpl-a6bc1df28d2e1a37-ac16a271,3168259.453164,0.000042,1,1,1460,1405,0,0
decode,chatcmpl-a6bc1df28d2e1a37-ac16a271,3168259.466959,0.000042,1,1,1462,1406,0,0
decode,chatcmpl-a6bc1df28d2e1a37-ac16a271,3168259.480761,0.000042,1,1,1464,1407,0,0
decode,chatcmpl-a6bc1df28d2e1a37-ac16a271,3168259.494562,0.000054,1,1,1466,1408,0,0
decode,chatcmpl-a6bc1df28d2e1a37-ac16a271,3168259.508379,0.000042,1,1,1468,1409,0,0
decode,chatcmpl-a6bc1df28d2e1a37-ac16a271,3168259.522277,0.000042,1,1,1470,1410,0,0
decode,chatcmpl-a6bc1df28d2e1a37-ac16a271,3168259.536069,0.000043,1,1,1472,1411,0,0
decode,chatcmpl-a6bc1df28d2e1a37-ac16a271,3168259.549858,0.000045,1,1,1474,1412,0,0
decode,chatcmpl-a6bc1df28d2e1a37-ac16a271,3168259.563650,0.000043,1,1,1476,1413,0,0
decode,chatcmpl-a6bc1df28d2e1a37-ac16a271,3168259.577442,0.000043,1,1,1478,1414,0,0
decode,chatcmpl-a6bc1df28d2e1a37-ac16a271,3168259.591237,0.000041,1,1,1480,1415,0,0
decode,chatcmpl-a6bc1df28d2e1a37-ac16a271,3168259.605042,0.000044,1,1,1482,1416,0,0
decode,chatcmpl-a6bc1df28d2e1a37-ac16a271,3168259.618831,0.000042,1,1,1484,1417,0,0
decode,chatcmpl-a6bc1df28d2e1a37-ac16a271,3168259.632632,0.000042,1,1,1486,1418,0,0
decode,chatcmpl-a6bc1df28d2e1a37-ac16a271,3168259.646415,0.000043,1,1,1488,1419,0,0
decode,chatcmpl-a6bc1df28d2e1a37-ac16a271,3168259.660214,0.000042,1,1,1490,1420,0,0
decode,chatcmpl-a6bc1df28d2e1a37-ac16a271,3168259.674112,0.000045,1,1,1492,1421,0,0
decode,chatcmpl-a6bc1df28d2e1a37-ac16a271,3168259.687909,0.000043,1,1,1494,1422,0,0
decode,chatcmpl-a6bc1df28d2e1a37-ac16a271,3168259.701688,0.000043,1,1,1496,1423,0,0
decode,chatcmpl-a6bc1df28d2e1a37-ac16a271,3168259.715480,0.000043,1,1,1498,1424,0,0
decode,chatcmpl-a6bc1df28d2e1a37-ac16a271,3168259.729284,0.000043,1,1,1500,1425,0,0
decode,chatcmpl-a6bc1df28d2e1a37-ac16a271,3168259.743070,0.000041,1,1,1502,1426,0,0
decode,chatcmpl-a6bc1df28d2e1a37-ac16a271,3168259.756883,0.000043,1,1,1504,1427,0,0
decode,chatcmpl-a6bc1df28d2e1a37-ac16a271,3168259.770685,0.000042,1,1,1506,1428,0,0
decode,chatcmpl-a6bc1df28d2e1a37-ac16a271,3168259.784493,0.000042,1,1,1508,1429,0,0
decode,chatcmpl-a6bc1df28d2e1a37-ac16a271,3168259.798273,0.000042,1,1,1510,1430,0,0
decode,chatcmpl-a6bc1df28d2e1a37-ac16a271,3168259.812066,0.000042,1,1,1512,1431,0,0
decode,chatcmpl-a6bc1df28d2e1a37-ac16a271,3168259.825957,0.000042,1,1,1514,1432,0,0
decode,chatcmpl-a6bc1df28d2e1a37-ac16a271,3168259.839751,0.000042,1,1,1516,1433,0,0
decode,chatcmpl-a6bc1df28d2e1a37-ac16a271,3168259.853601,0.000043,1,1,1518,1434,0,0
decode,chatcmpl-a6bc1df28d2e1a37-ac16a271,3168259.867385,0.000041,1,1,1520,1435,0,0
decode,chatcmpl-a6bc1df28d2e1a37-ac16a271,3168259.881200,0.000043,1,1,1522,1436,0,0
decode,chatcmpl-a6bc1df28d2e1a37-ac16a271,3168259.894989,0.000042,1,1,1524,1437,0,0
decode,chatcmpl-a6bc1df28d2e1a37-ac16a271,3168259.908789,0.000041,1,1,1526,1438,0,0
decode,chatcmpl-a6bc1df28d2e1a37-ac16a271,3168259.922573,0.000041,1,1,1528,1439,0,0
decode,chatcmpl-a6bc1df28d2e1a37-ac16a271,3168259.936384,0.000043,1,1,1530,1440,0,0
decode,chatcmpl-a6bc1df28d2e1a37-ac16a271,3168259.950177,0.000044,1,1,1532,1441,0,0
decode,chatcmpl-a6bc1df28d2e1a37-ac16a271,3168259.963973,0.000049,1,1,1534,1442,0,0
decode,chatcmpl-a6bc1df28d2e1a37-ac16a271,3168259.977864,0.000042,1,1,1536,1443,0,0
decode,chatcmpl-a6bc1df28d2e1a37-ac16a271,3168259.991634,0.000044,1,1,1538,1444,0,0
decode,chatcmpl-a6bc1df28d2e1a37-ac16a271,3168260.005432,0.000042,1,1,1540,1445,0,0
decode,chatcmpl-a6bc1df28d2e1a37-ac16a271,3168260.019209,0.000042,1,1,1542,1446,0,0
decode,chatcmpl-a6bc1df28d2e1a37-ac16a271,3168260.033033,0.000042,1,1,1544,1447,0,0
decode,chatcmpl-a6bc1df28d2e1a37-ac16a271,3168260.046846,0.000042,1,1,1546,1448,0,0
decode,chatcmpl-a6bc1df28d2e1a37-ac16a271,3168260.060633,0.000044,1,1,1548,1449,0,0
decode,chatcmpl-a6bc1df28d2e1a37-ac16a271,3168260.074411,0.000042,1,1,1550,1450,0,0
decode,chatcmpl-a6bc1df28d2e1a37-ac16a271,3168260.088223,0.000042,1,1,1552,1451,0,0
decode,chatcmpl-a6bc1df28d2e1a37-ac16a271,3168260.102019,0.000043,1,1,1554,1452,0,0
decode,chatcmpl-a6bc1df28d2e1a37-ac16a271,3168260.115808,0.000043,1,1,1556,1453,0,0
decode,chatcmpl-a6bc1df28d2e1a37-ac16a271,3168260.129626,0.000042,1,1,1558,1454,0,0
decode,chatcmpl-a6bc1df28d2e1a37-ac16a271,3168260.143430,0.000043,1,1,1560,1455,0,0
decode,chatcmpl-a6bc1df28d2e1a37-ac16a271,3168260.157236,0.000044,1,1,1562,1456,0,0
decode,chatcmpl-a6bc1df28d2e1a37-ac16a271,3168260.171037,0.000042,1,1,1564,1457,0,0
decode,chatcmpl-a6bc1df28d2e1a37-ac16a271,3168260.184866,0.000041,1,1,1566,1458,0,0
decode,chatcmpl-a6bc1df28d2e1a37-ac16a271,3168260.198656,0.000042,1,1,1568,1459,0,0
decode,chatcmpl-a6bc1df28d2e1a37-ac16a271,3168260.212449,0.000042,1,1,1570,1460,0,0
decode,chatcmpl-a6bc1df28d2e1a37-ac16a271,3168260.226267,0.000043,1,1,1572,1461,0,0
decode,chatcmpl-a6bc1df28d2e1a37-ac16a271,3168260.240050,0.000042,1,1,1574,1462,0,0
decode,chatcmpl-a6bc1df28d2e1a37-ac16a271,3168260.253839,0.000045,1,1,1576,1463,0,0
decode,chatcmpl-a6bc1df28d2e1a37-ac16a271,3168260.267637,0.000043,1,1,1578,1464,0,0
decode,chatcmpl-a6bc1df28d2e1a37-ac16a271,3168260.281449,0.000042,1,1,1580,1465,0,0
decode,chatcmpl-a6bc1df28d2e1a37-ac16a271,3168260.295245,0.000042,1,1,1582,1466,0,0
decode,chatcmpl-a6bc1df28d2e1a37-ac16a271,3168260.309044,0.000042,1,1,1584,1467,0,0
decode,chatcmpl-a6bc1df28d2e1a37-ac16a271,3168260.322837,0.000042,1,1,1586,1468,0,0
decode,chatcmpl-a6bc1df28d2e1a37-ac16a271,3168260.336647,0.000041,1,1,1588,1469,0,0
decode,,3168260.350456,0.000089,0,0,,,0,0
decode,,3168260.350832,0.000062,0,0,,,0,0
prefill,chatcmpl-8d94051195e5bb88-92d5b5f8,3168260.431750,0.000556,1,1346,1346,0,1,0
encoder,chatcmpl-8d94051195e5bb88-92d5b5f8,3168260.433906,0.375529,1,0,,, 1,0
decode,chatcmpl-8d94051195e5bb88-92d5b5f8,3168260.961535,0.000044,1,1,1347,1346,0,0
decode,chatcmpl-8d94051195e5bb88-92d5b5f8,3168260.975784,0.000043,1,1,1349,1347,0,0
decode,chatcmpl-8d94051195e5bb88-92d5b5f8,3168260.989624,0.000043,1,1,1351,1348,0,0
decode,chatcmpl-8d94051195e5bb88-92d5b5f8,3168261.003429,0.000041,1,1,1353,1349,0,0
decode,chatcmpl-8d94051195e5bb88-92d5b5f8,3168261.017257,0.000041,1,1,1355,1350,0,0
decode,chatcmpl-8d94051195e5bb88-92d5b5f8,3168261.031073,0.000043,1,1,1357,1351,0,0
decode,chatcmpl-8d94051195e5bb88-92d5b5f8,3168261.044882,0.000043,1,1,1359,1352,0,0
decode,chatcmpl-8d94051195e5bb88-92d5b5f8,3168261.058774,0.000042,1,1,1361,1353,0,0
decode,chatcmpl-8d94051195e5bb88-92d5b5f8,3168261.072608,0.000043,1,1,1363,1354,0,0
decode,chatcmpl-8d94051195e5bb88-92d5b5f8,3168261.086409,0.000044,1,1,1365,1355,0,0
decode,chatcmpl-8d94051195e5bb88-92d5b5f8,3168261.100211,0.000044,1,1,1367,1356,0,0
decode,chatcmpl-8d94051195e5bb88-92d5b5f8,3168261.114033,0.000042,1,1,1369,1357,0,0
decode,chatcmpl-8d94051195e5bb88-92d5b5f8,3168261.127829,0.000043,1,1,1371,1358,0,0
decode,chatcmpl-8d94051195e5bb88-92d5b5f8,3168261.141628,0.000042,1,1,1373,1359,0,0
decode,chatcmpl-8d94051195e5bb88-92d5b5f8,3168261.155403,0.000043,1,1,1375,1360,0,0
decode,chatcmpl-8d94051195e5bb88-92d5b5f8,3168261.169206,0.000044,1,1,1377,1361,0,0
decode,chatcmpl-8d94051195e5bb88-92d5b5f8,3168261.183002,0.000042,1,1,1379,1362,0,0
decode,chatcmpl-8d94051195e5bb88-92d5b5f8,3168261.196803,0.000042,1,1,1381,1363,0,0
decode,chatcmpl-8d94051195e5bb88-92d5b5f8,3168261.210683,0.000043,1,1,1383,1364,0,0
decode,chatcmpl-8d94051195e5bb88-92d5b5f8,3168261.224488,0.000040,1,1,1385,1365,0,0
decode,chatcmpl-8d94051195e5bb88-92d5b5f8,3168261.238328,0.000041,1,1,1387,1366,0,0
decode,chatcmpl-8d94051195e5bb88-92d5b5f8,3168261.252046,0.000042,1,1,1389,1367,0,0
decode,chatcmpl-8d94051195e5bb88-92d5b5f8,3168261.265874,0.000042,1,1,1391,1368,0,0
decode,chatcmpl-8d94051195e5bb88-92d5b5f8,3168261.279686,0.000042,1,1,1393,1369,0,0
decode,chatcmpl-8d94051195e5bb88-92d5b5f8,3168261.293480,0.000041,1,1,1395,1370,0,0
decode,chatcmpl-8d94051195e5bb88-92d5b5f8,3168261.307284,0.000042,1,1,1397,1371,0,0
decode,chatcmpl-8d94051195e5bb88-92d5b5f8,3168261.321087,0.000040,1,1,1399,1372,0,0
decode,chatcmpl-8d94051195e5bb88-92d5b5f8,3168261.334866,0.000042,1,1,1401,1373,0,0
decode,chatcmpl-8d94051195e5bb88-92d5b5f8,3168261.348687,0.000044,1,1,1403,1374,0,0
decode,chatcmpl-8d94051195e5bb88-92d5b5f8,3168261.362585,0.000043,1,1,1405,1375,0,0
decode,chatcmpl-8d94051195e5bb88-92d5b5f8,3168261.376402,0.000042,1,1,1407,1376,0,0
decode,chatcmpl-8d94051195e5bb88-92d5b5f8,3168261.390186,0.000043,1,1,1409,1377,0,0
decode,chatcmpl-8d94051195e5bb88-92d5b5f8,3168261.403980,0.000047,1,1,1411,1378,0,0
decode,chatcmpl-8d94051195e5bb88-92d5b5f8,3168261.417784,0.000043,1,1,1413,1379,0,0
decode,chatcmpl-8d94051195e5bb88-92d5b5f8,3168261.431568,0.000042,1,1,1415,1380,0,0
decode,chatcmpl-8d94051195e5bb88-92d5b5f8,3168261.445354,0.000042,1,1,1417,1381,0,0
decode,chatcmpl-8d94051195e5bb88-92d5b5f8,3168261.459134,0.000043,1,1,1419,1382,0,0
decode,chatcmpl-8d94051195e5bb88-92d5b5f8,3168261.472920,0.000043,1,1,1421,1383,0,0
decode,chatcmpl-8d94051195e5bb88-92d5b5f8,3168261.486719,0.000042,1,1,1423,1384,0,0
decode,chatcmpl-8d94051195e5bb88-92d5b5f8,3168261.500528,0.000042,1,1,1425,1385,0,0
decode,chatcmpl-8d94051195e5bb88-92d5b5f8,3168261.514447,0.000043,1,1,1427,1386,0,0
decode,chatcmpl-8d94051195e5bb88-92d5b5f8,3168261.528245,0.000043,1,1,1429,1387,0,0
decode,chatcmpl-8d94051195e5bb88-92d5b5f8,3168261.542031,0.000043,1,1,1431,1388,0,0
decode,chatcmpl-8d94051195e5bb88-92d5b5f8,3168261.555819,0.000040,1,1,1433,1389,0,0
decode,chatcmpl-8d94051195e5bb88-92d5b5f8,3168261.569616,0.000041,1,1,1435,1390,0,0
decode,chatcmpl-8d94051195e5bb88-92d5b5f8,3168261.583421,0.000043,1,1,1437,1391,0,0
decode,chatcmpl-8d94051195e5bb88-92d5b5f8,3168261.597205,0.000042,1,1,1439,1392,0,0
decode,chatcmpl-8d94051195e5bb88-92d5b5f8,3168261.610984,0.000042,1,1,1441,1393,0,0
decode,chatcmpl-8d94051195e5bb88-92d5b5f8,3168261.624784,0.000043,1,1,1443,1394,0,0
decode,chatcmpl-8d94051195e5bb88-92d5b5f8,3168261.638559,0.000043,1,1,1445,1395,0,0
decode,chatcmpl-8d94051195e5bb88-92d5b5f8,3168261.652358,0.000043,1,1,1447,1396,0,0
decode,chatcmpl-8d94051195e5bb88-92d5b5f8,3168261.666249,0.000040,1,1,1449,1397,0,0
decode,chatcmpl-8d94051195e5bb88-92d5b5f8,3168261.680036,0.000044,1,1,1451,1398,0,0
decode,chatcmpl-8d94051195e5bb88-92d5b5f8,3168261.693811,0.000042,1,1,1453,1399,0,0
decode,chatcmpl-8d94051195e5bb88-92d5b5f8,3168261.707641,0.000041,1,1,1455,1400,0,0
decode,chatcmpl-8d94051195e5bb88-92d5b5f8,3168261.721426,0.000042,1,1,1457,1401,0,0
decode,chatcmpl-8d94051195e5bb88-92d5b5f8,3168261.735243,0.000043,1,1,1459,1402,0,0
decode,chatcmpl-8d94051195e5bb88-92d5b5f8,3168261.749061,0.000042,1,1,1461,1403,0,0
decode,chatcmpl-8d94051195e5bb88-92d5b5f8,3168261.762866,0.000042,1,1,1463,1404,0,0
decode,chatcmpl-8d94051195e5bb88-92d5b5f8,3168261.776685,0.000040,1,1,1465,1405,0,0
decode,chatcmpl-8d94051195e5bb88-92d5b5f8,3168261.790483,0.000043,1,1,1467,1406,0,0
decode,chatcmpl-8d94051195e5bb88-92d5b5f8,3168261.804261,0.000044,1,1,1469,1407,0,0
decode,chatcmpl-8d94051195e5bb88-92d5b5f8,3168261.818149,0.000054,1,1,1471,1408,0,0
decode,chatcmpl-8d94051195e5bb88-92d5b5f8,3168261.831958,0.000049,1,1,1473,1409,0,0
decode,chatcmpl-8d94051195e5bb88-92d5b5f8,3168261.845780,0.000042,1,1,1475,1410,0,0
decode,chatcmpl-8d94051195e5bb88-92d5b5f8,3168261.859564,0.000044,1,1,1477,1411,0,0
decode,chatcmpl-8d94051195e5bb88-92d5b5f8,3168261.873371,0.000043,1,1,1479,1412,0,0
decode,chatcmpl-8d94051195e5bb88-92d5b5f8,3168261.887167,0.000043,1,1,1481,1413,0,0
decode,chatcmpl-8d94051195e5bb88-92d5b5f8,3168261.900967,0.000043,1,1,1483,1414,0,0
decode,chatcmpl-8d94051195e5bb88-92d5b5f8,3168261.914767,0.000042,1,1,1485,1415,0,0
decode,chatcmpl-8d94051195e5bb88-92d5b5f8,3168261.928566,0.000044,1,1,1487,1416,0,0
decode,chatcmpl-8d94051195e5bb88-92d5b5f8,3168261.942387,0.000042,1,1,1489,1417,0,0
decode,chatcmpl-8d94051195e5bb88-92d5b5f8,3168261.956167,0.000042,1,1,1491,1418,0,0
decode,chatcmpl-8d94051195e5bb88-92d5b5f8,3168261.970088,0.000043,1,1,1493,1419,0,0
decode,chatcmpl-8d94051195e5bb88-92d5b5f8,3168261.983870,0.000043,1,1,1495,1420,0,0
decode,chatcmpl-8d94051195e5bb88-92d5b5f8,3168261.997668,0.000044,1,1,1497,1421,0,0
decode,chatcmpl-8d94051195e5bb88-92d5b5f8,3168262.011456,0.000044,1,1,1499,1422,0,0
decode,chatcmpl-8d94051195e5bb88-92d5b5f8,3168262.025248,0.000043,1,1,1501,1423,0,0
decode,chatcmpl-8d94051195e5bb88-92d5b5f8,3168262.039024,0.000042,1,1,1503,1424,0,0
decode,chatcmpl-8d94051195e5bb88-92d5b5f8,3168262.052829,0.000043,1,1,1505,1425,0,0
decode,chatcmpl-8d94051195e5bb88-92d5b5f8,3168262.066622,0.000043,1,1,1507,1426,0,0
decode,chatcmpl-8d94051195e5bb88-92d5b5f8,3168262.080440,0.000042,1,1,1509,1427,0,0
decode,chatcmpl-8d94051195e5bb88-92d5b5f8,3168262.094223,0.000043,1,1,1511,1428,0,0
decode,chatcmpl-8d94051195e5bb88-92d5b5f8,3168262.108031,0.000044,1,1,1513,1429,0,0
decode,chatcmpl-8d94051195e5bb88-92d5b5f8,3168262.121941,0.000042,1,1,1515,1430,0,0
decode,chatcmpl-8d94051195e5bb88-92d5b5f8,3168262.135727,0.000043,1,1,1517,1431,0,0
decode,chatcmpl-8d94051195e5bb88-92d5b5f8,3168262.149551,0.000042,1,1,1519,1432,0,0
decode,chatcmpl-8d94051195e5bb88-92d5b5f8,3168262.163349,0.000041,1,1,1521,1433,0,0
decode,chatcmpl-8d94051195e5bb88-92d5b5f8,3168262.177156,0.000042,1,1,1523,1434,0,0
decode,chatcmpl-8d94051195e5bb88-92d5b5f8,3168262.190942,0.000042,1,1,1525,1435,0,0
decode,chatcmpl-8d94051195e5bb88-92d5b5f8,3168262.204766,0.000042,1,1,1527,1436,0,0
decode,chatcmpl-8d94051195e5bb88-92d5b5f8,3168262.218568,0.000042,1,1,1529,1437,0,0
decode,chatcmpl-8d94051195e5bb88-92d5b5f8,3168262.232381,0.000043,1,1,1531,1438,0,0
decode,chatcmpl-8d94051195e5bb88-92d5b5f8,3168262.246170,0.000040,1,1,1533,1439,0,0
decode,chatcmpl-8d94051195e5bb88-92d5b5f8,3168262.259962,0.000047,1,1,1535,1440,0,0
decode,chatcmpl-8d94051195e5bb88-92d5b5f8,3168262.273877,0.000043,1,1,1537,1441,0,0
decode,chatcmpl-8d94051195e5bb88-92d5b5f8,3168262.287679,0.000042,1,1,1539,1442,0,0
decode,chatcmpl-8d94051195e5bb88-92d5b5f8,3168262.301490,0.000042,1,1,1541,1443,0,0
decode,chatcmpl-8d94051195e5bb88-92d5b5f8,3168262.315271,0.000043,1,1,1543,1444,0,0
decode,chatcmpl-8d94051195e5bb88-92d5b5f8,3168262.329076,0.000041,1,1,1545,1445,0,0
decode,chatcmpl-8d94051195e5bb88-92d5b5f8,3168262.342863,0.000041,1,1,1547,1446,0,0
decode,chatcmpl-8d94051195e5bb88-92d5b5f8,3168262.356654,0.000042,1,1,1549,1447,0,0
decode,chatcmpl-8d94051195e5bb88-92d5b5f8,3168262.370437,0.000041,1,1,1551,1448,0,0
decode,chatcmpl-8d94051195e5bb88-92d5b5f8,3168262.384236,0.000043,1,1,1553,1449,0,0
decode,chatcmpl-8d94051195e5bb88-92d5b5f8,3168262.398015,0.000044,1,1,1555,1450,0,0
decode,chatcmpl-8d94051195e5bb88-92d5b5f8,3168262.411796,0.000043,1,1,1557,1451,0,0
decode,chatcmpl-8d94051195e5bb88-92d5b5f8,3168262.425696,0.000042,1,1,1559,1452,0,0
decode,chatcmpl-8d94051195e5bb88-92d5b5f8,3168262.439485,0.000042,1,1,1561,1453,0,0
decode,chatcmpl-8d94051195e5bb88-92d5b5f8,3168262.453269,0.000042,1,1,1563,1454,0,0
decode,chatcmpl-8d94051195e5bb88-92d5b5f8,3168262.467050,0.000042,1,1,1565,1455,0,0
decode,chatcmpl-8d94051195e5bb88-92d5b5f8,3168262.480850,0.000041,1,1,1567,1456,0,0
decode,chatcmpl-8d94051195e5bb88-92d5b5f8,3168262.494631,0.000043,1,1,1569,1457,0,0
decode,chatcmpl-8d94051195e5bb88-92d5b5f8,3168262.508443,0.000043,1,1,1571,1458,0,0
decode,chatcmpl-8d94051195e5bb88-92d5b5f8,3168262.522244,0.000043,1,1,1573,1459,0,0
decode,chatcmpl-8d94051195e5bb88-92d5b5f8,3168262.536037,0.000043,1,1,1575,1460,0,0
decode,chatcmpl-8d94051195e5bb88-92d5b5f8,3168262.549828,0.000040,1,1,1577,1461,0,0
decode,chatcmpl-8d94051195e5bb88-92d5b5f8,3168262.563600,0.000041,1,1,1579,1462,0,0
decode,,3168262.577508,0.000088,0,0,,,0,0
decode,,3168262.577882,0.000056,0,0,,,0,0
prefill,chatcmpl-8bbd9a93cb8332e8-900c93a5,3168262.658493,0.000576,1,1403,1403,0,1,0
encoder,chatcmpl-8bbd9a93cb8332e8-900c93a5,3168262.660783,0.375710,1,0,,, 1,0
decode,chatcmpl-8bbd9a93cb8332e8-900c93a5,3168263.195062,0.000046,1,1,1404,1403,0,0
decode,chatcmpl-8bbd9a93cb8332e8-900c93a5,3168263.209278,0.000045,1,1,1406,1404,0,0
decode,chatcmpl-8bbd9a93cb8332e8-900c93a5,3168263.223125,0.000043,1,1,1408,1405,0,0
decode,chatcmpl-8bbd9a93cb8332e8-900c93a5,3168263.236948,0.000043,1,1,1410,1406,0,0
decode,chatcmpl-8bbd9a93cb8332e8-900c93a5,3168263.250783,0.000042,1,1,1412,1407,0,0
decode,chatcmpl-8bbd9a93cb8332e8-900c93a5,3168263.264608,0.000054,1,1,1414,1408,0,0
decode,chatcmpl-8bbd9a93cb8332e8-900c93a5,3168263.278423,0.000044,1,1,1416,1409,0,0
decode,chatcmpl-8bbd9a93cb8332e8-900c93a5,3168263.292235,0.000042,1,1,1418,1410,0,0
decode,chatcmpl-8bbd9a93cb8332e8-900c93a5,3168263.306040,0.000043,1,1,1420,1411,0,0
decode,chatcmpl-8bbd9a93cb8332e8-900c93a5,3168263.319862,0.000044,1,1,1422,1412,0,0
decode,chatcmpl-8bbd9a93cb8332e8-900c93a5,3168263.333677,0.000044,1,1,1424,1413,0,0
decode,chatcmpl-8bbd9a93cb8332e8-900c93a5,3168263.347493,0.000041,1,1,1426,1414,0,0
decode,chatcmpl-8bbd9a93cb8332e8-900c93a5,3168263.361308,0.000042,1,1,1428,1415,0,0
decode,chatcmpl-8bbd9a93cb8332e8-900c93a5,3168263.375107,0.000043,1,1,1430,1416,0,0
decode,chatcmpl-8bbd9a93cb8332e8-900c93a5,3168263.388914,0.000042,1,1,1432,1417,0,0
decode,chatcmpl-8bbd9a93cb8332e8-900c93a5,3168263.402715,0.000044,1,1,1434,1418,0,0
decode,chatcmpl-8bbd9a93cb8332e8-900c93a5,3168263.416557,0.000044,1,1,1436,1419,0,0
decode,chatcmpl-8bbd9a93cb8332e8-900c93a5,3168263.430359,0.000043,1,1,1438,1420,0,0
decode,chatcmpl-8bbd9a93cb8332e8-900c93a5,3168263.444165,0.000042,1,1,1440,1421,0,0
decode,chatcmpl-8bbd9a93cb8332e8-900c93a5,3168263.457966,0.000043,1,1,1442,1422,0,0
decode,chatcmpl-8bbd9a93cb8332e8-900c93a5,3168263.471790,0.000042,1,1,1444,1423,0,0
decode,chatcmpl-8bbd9a93cb8332e8-900c93a5,3168263.485582,0.000041,1,1,1446,1424,0,0
decode,chatcmpl-8bbd9a93cb8332e8-900c93a5,3168263.499378,0.000043,1,1,1448,1425,0,0
decode,chatcmpl-8bbd9a93cb8332e8-900c93a5,3168263.513192,0.000044,1,1,1450,1426,0,0
decode,chatcmpl-8bbd9a93cb8332e8-900c93a5,3168263.526974,0.000044,1,1,1452,1427,0,0
decode,chatcmpl-8bbd9a93cb8332e8-900c93a5,3168263.540783,0.000044,1,1,1454,1428,0,0
decode,chatcmpl-8bbd9a93cb8332e8-900c93a5,3168263.554560,0.000041,1,1,1456,1429,0,0
decode,chatcmpl-8bbd9a93cb8332e8-900c93a5,3168263.568389,0.000041,1,1,1458,1430,0,0
decode,chatcmpl-8bbd9a93cb8332e8-900c93a5,3168263.582187,0.000043,1,1,1460,1431,0,0
decode,chatcmpl-8bbd9a93cb8332e8-900c93a5,3168263.595981,0.000047,1,1,1462,1432,0,0
decode,chatcmpl-8bbd9a93cb8332e8-900c93a5,3168263.609793,0.000043,1,1,1464,1433,0,0
decode,chatcmpl-8bbd9a93cb8332e8-900c93a5,3168263.623599,0.000044,1,1,1466,1434,0,0
decode,chatcmpl-8bbd9a93cb8332e8-900c93a5,3168263.637400,0.000043,1,1,1468,1435,0,0
decode,chatcmpl-8bbd9a93cb8332e8-900c93a5,3168263.651201,0.000041,1,1,1470,1436,0,0
decode,chatcmpl-8bbd9a93cb8332e8-900c93a5,3168263.665012,0.000043,1,1,1472,1437,0,0
decode,chatcmpl-8bbd9a93cb8332e8-900c93a5,3168263.678806,0.000042,1,1,1474,1438,0,0
decode,chatcmpl-8bbd9a93cb8332e8-900c93a5,3168263.692622,0.000042,1,1,1476,1439,0,0
decode,chatcmpl-8bbd9a93cb8332e8-900c93a5,3168263.706432,0.000044,1,1,1478,1440,0,0
decode,chatcmpl-8bbd9a93cb8332e8-900c93a5,3168263.720243,0.000043,1,1,1480,1441,0,0
decode,chatcmpl-8bbd9a93cb8332e8-900c93a5,3168263.734035,0.000041,1,1,1482,1442,0,0
decode,chatcmpl-8bbd9a93cb8332e8-900c93a5,3168263.747837,0.000041,1,1,1484,1443,0,0
decode,chatcmpl-8bbd9a93cb8332e8-900c93a5,3168263.761648,0.000042,1,1,1486,1444,0,0
decode,chatcmpl-8bbd9a93cb8332e8-900c93a5,3168263.775452,0.000041,1,1,1488,1445,0,0
decode,chatcmpl-8bbd9a93cb8332e8-900c93a5,3168263.789263,0.000042,1,1,1490,1446,0,0
decode,chatcmpl-8bbd9a93cb8332e8-900c93a5,3168263.803062,0.000042,1,1,1492,1447,0,0
decode,chatcmpl-8bbd9a93cb8332e8-900c93a5,3168263.816875,0.000040,1,1,1494,1448,0,0
decode,chatcmpl-8bbd9a93cb8332e8-900c93a5,3168263.830689,0.000044,1,1,1496,1449,0,0
decode,chatcmpl-8bbd9a93cb8332e8-900c93a5,3168263.844498,0.000043,1,1,1498,1450,0,0
decode,chatcmpl-8bbd9a93cb8332e8-900c93a5,3168263.858300,0.000042,1,1,1500,1451,0,0
decode,chatcmpl-8bbd9a93cb8332e8-900c93a5,3168263.872108,0.000044,1,1,1502,1452,0,0
decode,chatcmpl-8bbd9a93cb8332e8-900c93a5,3168263.885917,0.000043,1,1,1504,1453,0,0
decode,chatcmpl-8bbd9a93cb8332e8-900c93a5,3168263.899692,0.000042,1,1,1506,1454,0,0
decode,chatcmpl-8bbd9a93cb8332e8-900c93a5,3168263.913490,0.000042,1,1,1508,1455,0,0
decode,chatcmpl-8bbd9a93cb8332e8-900c93a5,3168263.927273,0.000042,1,1,1510,1456,0,0
decode,chatcmpl-8bbd9a93cb8332e8-900c93a5,3168263.941094,0.000043,1,1,1512,1457,0,0
decode,chatcmpl-8bbd9a93cb8332e8-900c93a5,3168263.954883,0.000043,1,1,1514,1458,0,0
decode,chatcmpl-8bbd9a93cb8332e8-900c93a5,3168263.968690,0.000043,1,1,1516,1459,0,0
decode,chatcmpl-8bbd9a93cb8332e8-900c93a5,3168263.982499,0.000045,1,1,1518,1460,0,0
decode,chatcmpl-8bbd9a93cb8332e8-900c93a5,3168263.996311,0.000043,1,1,1520,1461,0,0
decode,chatcmpl-8bbd9a93cb8332e8-900c93a5,3168264.010087,0.000043,1,1,1522,1462,0,0
decode,chatcmpl-8bbd9a93cb8332e8-900c93a5,3168264.023913,0.000043,1,1,1524,1463,0,0
decode,chatcmpl-8bbd9a93cb8332e8-900c93a5,3168264.037700,0.000043,1,1,1526,1464,0,0
decode,chatcmpl-8bbd9a93cb8332e8-900c93a5,3168264.051498,0.000043,1,1,1528,1465,0,0
decode,chatcmpl-8bbd9a93cb8332e8-900c93a5,3168264.065302,0.000043,1,1,1530,1466,0,0
decode,chatcmpl-8bbd9a93cb8332e8-900c93a5,3168264.079096,0.000043,1,1,1532,1467,0,0
decode,chatcmpl-8bbd9a93cb8332e8-900c93a5,3168264.092914,0.000044,1,1,1534,1468,0,0
decode,chatcmpl-8bbd9a93cb8332e8-900c93a5,3168264.106702,0.000043,1,1,1536,1469,0,0
decode,chatcmpl-8bbd9a93cb8332e8-900c93a5,3168264.120626,0.000041,1,1,1538,1470,0,0
decode,chatcmpl-8bbd9a93cb8332e8-900c93a5,3168264.134433,0.000043,1,1,1540,1471,0,0
decode,chatcmpl-8bbd9a93cb8332e8-900c93a5,3168264.148213,0.000043,1,1,1542,1472,0,0
decode,chatcmpl-8bbd9a93cb8332e8-900c93a5,3168264.161994,0.000043,1,1,1544,1473,0,0
decode,chatcmpl-8bbd9a93cb8332e8-900c93a5,3168264.175787,0.000044,1,1,1546,1474,0,0
decode,chatcmpl-8bbd9a93cb8332e8-900c93a5,3168264.189617,0.000044,1,1,1548,1475,0,0
decode,chatcmpl-8bbd9a93cb8332e8-900c93a5,3168264.203395,0.000044,1,1,1550,1476,0,0
decode,chatcmpl-8bbd9a93cb8332e8-900c93a5,3168264.217201,0.000042,1,1,1552,1477,0,0
decode,chatcmpl-8bbd9a93cb8332e8-900c93a5,3168264.231007,0.000042,1,1,1554,1478,0,0
decode,chatcmpl-8bbd9a93cb8332e8-900c93a5,3168264.244824,0.000042,1,1,1556,1479,0,0
decode,chatcmpl-8bbd9a93cb8332e8-900c93a5,3168264.258636,0.000041,1,1,1558,1480,0,0
decode,chatcmpl-8bbd9a93cb8332e8-900c93a5,3168264.272557,0.000043,1,1,1560,1481,0,0
decode,chatcmpl-8bbd9a93cb8332e8-900c93a5,3168264.286368,0.000043,1,1,1562,1482,0,0
decode,chatcmpl-8bbd9a93cb8332e8-900c93a5,3168264.300159,0.000042,1,1,1564,1483,0,0
decode,chatcmpl-8bbd9a93cb8332e8-900c93a5,3168264.313954,0.000043,1,1,1566,1484,0,0
decode,chatcmpl-8bbd9a93cb8332e8-900c93a5,3168264.327753,0.000043,1,1,1568,1485,0,0
decode,chatcmpl-8bbd9a93cb8332e8-900c93a5,3168264.341541,0.000043,1,1,1570,1486,0,0
decode,chatcmpl-8bbd9a93cb8332e8-900c93a5,3168264.355326,0.000042,1,1,1572,1487,0,0
decode,chatcmpl-8bbd9a93cb8332e8-900c93a5,3168264.369134,0.000042,1,1,1574,1488,0,0
decode,chatcmpl-8bbd9a93cb8332e8-900c93a5,3168264.382926,0.000043,1,1,1576,1489,0,0
decode,chatcmpl-8bbd9a93cb8332e8-900c93a5,3168264.396744,0.000041,1,1,1578,1490,0,0
decode,chatcmpl-8bbd9a93cb8332e8-900c93a5,3168264.410526,0.000042,1,1,1580,1491,0,0
decode,chatcmpl-8bbd9a93cb8332e8-900c93a5,3168264.424432,0.000041,1,1,1582,1492,0,0
decode,chatcmpl-8bbd9a93cb8332e8-900c93a5,3168264.438221,0.000043,1,1,1584,1493,0,0
decode,chatcmpl-8bbd9a93cb8332e8-900c93a5,3168264.451995,0.000051,1,1,1586,1494,0,0
decode,chatcmpl-8bbd9a93cb8332e8-900c93a5,3168264.465773,0.000042,1,1,1588,1495,0,0
decode,chatcmpl-8bbd9a93cb8332e8-900c93a5,3168264.479573,0.000043,1,1,1590,1496,0,0
decode,chatcmpl-8bbd9a93cb8332e8-900c93a5,3168264.493374,0.000042,1,1,1592,1497,0,0
decode,chatcmpl-8bbd9a93cb8332e8-900c93a5,3168264.507155,0.000043,1,1,1594,1498,0,0
decode,chatcmpl-8bbd9a93cb8332e8-900c93a5,3168264.520948,0.000042,1,1,1596,1499,0,0
decode,chatcmpl-8bbd9a93cb8332e8-900c93a5,3168264.534750,0.000042,1,1,1598,1500,0,0
decode,chatcmpl-8bbd9a93cb8332e8-900c93a5,3168264.548552,0.000044,1,1,1600,1501,0,0
decode,chatcmpl-8bbd9a93cb8332e8-900c93a5,3168264.562341,0.000046,1,1,1602,1502,0,0
decode,chatcmpl-8bbd9a93cb8332e8-900c93a5,3168264.576263,0.000043,1,1,1604,1503,0,0
decode,chatcmpl-8bbd9a93cb8332e8-900c93a5,3168264.590058,0.000043,1,1,1606,1504,0,0
decode,chatcmpl-8bbd9a93cb8332e8-900c93a5,3168264.603837,0.000044,1,1,1608,1505,0,0
decode,chatcmpl-8bbd9a93cb8332e8-900c93a5,3168264.617629,0.000042,1,1,1610,1506,0,0
decode,chatcmpl-8bbd9a93cb8332e8-900c93a5,3168264.631426,0.000042,1,1,1612,1507,0,0
decode,chatcmpl-8bbd9a93cb8332e8-900c93a5,3168264.645260,0.000042,1,1,1614,1508,0,0
decode,chatcmpl-8bbd9a93cb8332e8-900c93a5,3168264.659052,0.000043,1,1,1616,1509,0,0
decode,chatcmpl-8bbd9a93cb8332e8-900c93a5,3168264.672863,0.000044,1,1,1618,1510,0,0
decode,chatcmpl-8bbd9a93cb8332e8-900c93a5,3168264.686679,0.000043,1,1,1620,1511,0,0
decode,chatcmpl-8bbd9a93cb8332e8-900c93a5,3168264.700496,0.000044,1,1,1622,1512,0,0
decode,chatcmpl-8bbd9a93cb8332e8-900c93a5,3168264.714302,0.000043,1,1,1624,1513,0,0
decode,chatcmpl-8bbd9a93cb8332e8-900c93a5,3168264.728206,0.000044,1,1,1626,1514,0,0
decode,chatcmpl-8bbd9a93cb8332e8-900c93a5,3168264.742008,0.000043,1,1,1628,1515,0,0
decode,chatcmpl-8bbd9a93cb8332e8-900c93a5,3168264.755803,0.000043,1,1,1630,1516,0,0
decode,chatcmpl-8bbd9a93cb8332e8-900c93a5,3168264.769594,0.000043,1,1,1632,1517,0,0
decode,chatcmpl-8bbd9a93cb8332e8-900c93a5,3168264.783391,0.000044,1,1,1634,1518,0,0
decode,chatcmpl-8bbd9a93cb8332e8-900c93a5,3168264.797190,0.000043,1,1,1636,1519,0,0
decode,chatcmpl-8bbd9a93cb8332e8-900c93a5,3168264.810988,0.000042,1,1,1638,1520,0,0
decode,chatcmpl-8bbd9a93cb8332e8-900c93a5,3168264.824776,0.000044,1,1,1640,1521,0,0
decode,chatcmpl-8bbd9a93cb8332e8-900c93a5,3168264.838578,0.000043,1,1,1642,1522,0,0
decode,chatcmpl-8bbd9a93cb8332e8-900c93a5,3168264.852395,0.000043,1,1,1644,1523,0,0
decode,chatcmpl-8bbd9a93cb8332e8-900c93a5,3168264.866201,0.000042,1,1,1646,1524,0,0
decode,,3168264.880081,0.000092,0,0,,,0,0
decode,,3168264.880453,0.000057,0,0,,,0,0
prefill,chatcmpl-80c7994e6f31bb51-8524ab33,3168271.602888,0.000591,1,1369,1369,0,1,0
encoder,chatcmpl-80c7994e6f31bb51-8524ab33,3168271.605096,0.375814,1,0,,, 1,0
decode,chatcmpl-80c7994e6f31bb51-8524ab33,3168272.134906,0.000045,1,1,1370,1369,0,0
decode,chatcmpl-80c7994e6f31bb51-8524ab33,3168272.149155,0.000044,1,1,1372,1370,0,0
decode,chatcmpl-80c7994e6f31bb51-8524ab33,3168272.163007,0.000042,1,1,1374,1371,0,0
decode,chatcmpl-80c7994e6f31bb51-8524ab33,3168272.176897,0.000043,1,1,1376,1372,0,0
decode,chatcmpl-80c7994e6f31bb51-8524ab33,3168272.190642,0.000043,1,1,1378,1373,0,0
decode,chatcmpl-80c7994e6f31bb51-8524ab33,3168272.204558,0.000041,1,1,1380,1374,0,0
decode,chatcmpl-80c7994e6f31bb51-8524ab33,3168272.218365,0.000045,1,1,1382,1375,0,0
decode,chatcmpl-80c7994e6f31bb51-8524ab33,3168272.232180,0.000041,1,1,1384,1376,0,0
decode,chatcmpl-80c7994e6f31bb51-8524ab33,3168272.245993,0.000042,1,1,1386,1377,0,0
decode,chatcmpl-80c7994e6f31bb51-8524ab33,3168272.259803,0.000041,1,1,1388,1378,0,0
decode,chatcmpl-80c7994e6f31bb51-8524ab33,3168272.273615,0.000042,1,1,1390,1379,0,0
decode,chatcmpl-80c7994e6f31bb51-8524ab33,3168272.287409,0.000042,1,1,1392,1380,0,0
decode,chatcmpl-80c7994e6f31bb51-8524ab33,3168272.301223,0.000042,1,1,1394,1381,0,0
decode,chatcmpl-80c7994e6f31bb51-8524ab33,3168272.315000,0.000042,1,1,1396,1382,0,0
decode,chatcmpl-80c7994e6f31bb51-8524ab33,3168272.328802,0.000043,1,1,1398,1383,0,0
decode,chatcmpl-80c7994e6f31bb51-8524ab33,3168272.342597,0.000043,1,1,1400,1384,0,0
decode,chatcmpl-80c7994e6f31bb51-8524ab33,3168272.356397,0.000041,1,1,1402,1385,0,0
decode,chatcmpl-80c7994e6f31bb51-8524ab33,3168272.370210,0.000042,1,1,1404,1386,0,0
decode,chatcmpl-80c7994e6f31bb51-8524ab33,3168272.384009,0.000043,1,1,1406,1387,0,0
decode,chatcmpl-80c7994e6f31bb51-8524ab33,3168272.397803,0.000042,1,1,1408,1388,0,0
decode,chatcmpl-80c7994e6f31bb51-8524ab33,3168272.411605,0.000042,1,1,1410,1389,0,0
decode,chatcmpl-80c7994e6f31bb51-8524ab33,3168272.425409,0.000043,1,1,1412,1390,0,0
decode,chatcmpl-80c7994e6f31bb51-8524ab33,3168272.439204,0.000042,1,1,1414,1391,0,0
decode,chatcmpl-80c7994e6f31bb51-8524ab33,3168272.453007,0.000041,1,1,1416,1392,0,0
decode,chatcmpl-80c7994e6f31bb51-8524ab33,3168272.466787,0.000043,1,1,1418,1393,0,0
decode,chatcmpl-80c7994e6f31bb51-8524ab33,3168272.480578,0.000042,1,1,1420,1394,0,0
decode,chatcmpl-80c7994e6f31bb51-8524ab33,3168272.494359,0.000041,1,1,1422,1395,0,0
decode,chatcmpl-80c7994e6f31bb51-8524ab33,3168272.508147,0.000041,1,1,1424,1396,0,0
decode,chatcmpl-80c7994e6f31bb51-8524ab33,3168272.521938,0.000041,1,1,1426,1397,0,0
decode,chatcmpl-80c7994e6f31bb51-8524ab33,3168272.535736,0.000041,1,1,1428,1398,0,0
decode,chatcmpl-80c7994e6f31bb51-8524ab33,3168272.549539,0.000043,1,1,1430,1399,0,0
decode,chatcmpl-80c7994e6f31bb51-8524ab33,3168272.563337,0.000044,1,1,1432,1400,0,0
decode,chatcmpl-80c7994e6f31bb51-8524ab33,3168272.577138,0.000043,1,1,1434,1401,0,0
decode,chatcmpl-80c7994e6f31bb51-8524ab33,3168272.590947,0.000042,1,1,1436,1402,0,0
decode,chatcmpl-80c7994e6f31bb51-8524ab33,3168272.604735,0.000043,1,1,1438,1403,0,0
decode,chatcmpl-80c7994e6f31bb51-8524ab33,3168272.618538,0.000042,1,1,1440,1404,0,0
decode,chatcmpl-80c7994e6f31bb51-8524ab33,3168272.632333,0.000042,1,1,1442,1405,0,0
decode,chatcmpl-80c7994e6f31bb51-8524ab33,3168272.646125,0.000042,1,1,1444,1406,0,0
decode,chatcmpl-80c7994e6f31bb51-8524ab33,3168272.659917,0.000044,1,1,1446,1407,0,0
decode,chatcmpl-80c7994e6f31bb51-8524ab33,3168272.673726,0.000054,1,1,1448,1408,0,0
decode,chatcmpl-80c7994e6f31bb51-8524ab33,3168272.687535,0.000043,1,1,1450,1409,0,0
decode,chatcmpl-80c7994e6f31bb51-8524ab33,3168272.701339,0.000040,1,1,1452,1410,0,0
decode,chatcmpl-80c7994e6f31bb51-8524ab33,3168272.715134,0.000042,1,1,1454,1411,0,0
decode,chatcmpl-80c7994e6f31bb51-8524ab33,3168272.728989,0.000043,1,1,1456,1412,0,0
decode,chatcmpl-80c7994e6f31bb51-8524ab33,3168272.742810,0.000042,1,1,1458,1413,0,0
decode,chatcmpl-80c7994e6f31bb51-8524ab33,3168272.756636,0.000041,1,1,1460,1414,0,0
decode,chatcmpl-80c7994e6f31bb51-8524ab33,3168272.770423,0.000044,1,1,1462,1415,0,0
decode,chatcmpl-80c7994e6f31bb51-8524ab33,3168272.784209,0.000043,1,1,1464,1416,0,0
decode,chatcmpl-80c7994e6f31bb51-8524ab33,3168272.798114,0.000042,1,1,1466,1417,0,0
decode,chatcmpl-80c7994e6f31bb51-8524ab33,3168272.811929,0.000041,1,1,1468,1418,0,0
decode,chatcmpl-80c7994e6f31bb51-8524ab33,3168272.825752,0.000041,1,1,1470,1419,0,0
decode,chatcmpl-80c7994e6f31bb51-8524ab33,3168272.839560,0.000042,1,1,1472,1420,0,0
decode,chatcmpl-80c7994e6f31bb51-8524ab33,3168272.853347,0.000042,1,1,1474,1421,0,0
decode,chatcmpl-80c7994e6f31bb51-8524ab33,3168272.867166,0.000042,1,1,1476,1422,0,0
decode,chatcmpl-80c7994e6f31bb51-8524ab33,3168272.880975,0.000041,1,1,1478,1423,0,0
decode,chatcmpl-80c7994e6f31bb51-8524ab33,3168272.894776,0.000042,1,1,1480,1424,0,0
decode,chatcmpl-80c7994e6f31bb51-8524ab33,3168272.908590,0.000042,1,1,1482,1425,0,0
decode,chatcmpl-80c7994e6f31bb51-8524ab33,3168272.922383,0.000042,1,1,1484,1426,0,0
decode,chatcmpl-80c7994e6f31bb51-8524ab33,3168272.936172,0.000043,1,1,1486,1427,0,0
decode,chatcmpl-80c7994e6f31bb51-8524ab33,3168272.949974,0.000042,1,1,1488,1428,0,0
decode,chatcmpl-80c7994e6f31bb51-8524ab33,3168272.963778,0.000043,1,1,1490,1429,0,0
decode,chatcmpl-80c7994e6f31bb51-8524ab33,3168272.977584,0.000043,1,1,1492,1430,0,0
decode,chatcmpl-80c7994e6f31bb51-8524ab33,3168272.991374,0.000044,1,1,1494,1431,0,0
decode,chatcmpl-80c7994e6f31bb51-8524ab33,3168273.005186,0.000043,1,1,1496,1432,0,0
decode,chatcmpl-80c7994e6f31bb51-8524ab33,3168273.018993,0.000044,1,1,1498,1433,0,0
decode,chatcmpl-80c7994e6f31bb51-8524ab33,3168273.032807,0.000041,1,1,1500,1434,0,0
decode,chatcmpl-80c7994e6f31bb51-8524ab33,3168273.046592,0.000043,1,1,1502,1435,0,0
decode,chatcmpl-80c7994e6f31bb51-8524ab33,3168273.060392,0.000040,1,1,1504,1436,0,0
decode,chatcmpl-80c7994e6f31bb51-8524ab33,3168273.074183,0.000041,1,1,1506,1437,0,0
decode,chatcmpl-80c7994e6f31bb51-8524ab33,3168273.087970,0.000044,1,1,1508,1438,0,0
decode,chatcmpl-80c7994e6f31bb51-8524ab33,3168273.101755,0.000044,1,1,1510,1439,0,0
decode,chatcmpl-80c7994e6f31bb51-8524ab33,3168273.115548,0.000044,1,1,1512,1440,0,0
decode,chatcmpl-80c7994e6f31bb51-8524ab33,3168273.129352,0.000042,1,1,1514,1441,0,0
decode,chatcmpl-80c7994e6f31bb51-8524ab33,3168273.143154,0.000044,1,1,1516,1442,0,0
decode,chatcmpl-80c7994e6f31bb51-8524ab33,3168273.156951,0.000040,1,1,1518,1443,0,0
decode,chatcmpl-80c7994e6f31bb51-8524ab33,3168273.170762,0.000044,1,1,1520,1444,0,0
decode,chatcmpl-80c7994e6f31bb51-8524ab33,3168273.184546,0.000041,1,1,1522,1445,0,0
decode,chatcmpl-80c7994e6f31bb51-8524ab33,3168273.198325,0.000042,1,1,1524,1446,0,0
decode,chatcmpl-80c7994e6f31bb51-8524ab33,3168273.212115,0.000042,1,1,1526,1447,0,0
decode,chatcmpl-80c7994e6f31bb51-8524ab33,3168273.225901,0.000042,1,1,1528,1448,0,0
decode,chatcmpl-80c7994e6f31bb51-8524ab33,3168273.239683,0.000041,1,1,1530,1449,0,0
decode,chatcmpl-80c7994e6f31bb51-8524ab33,3168273.253494,0.000042,1,1,1532,1450,0,0
decode,chatcmpl-80c7994e6f31bb51-8524ab33,3168273.267290,0.000042,1,1,1534,1451,0,0
decode,chatcmpl-80c7994e6f31bb51-8524ab33,3168273.281095,0.000043,1,1,1536,1452,0,0
decode,chatcmpl-80c7994e6f31bb51-8524ab33,3168273.294886,0.000043,1,1,1538,1453,0,0
decode,chatcmpl-80c7994e6f31bb51-8524ab33,3168273.308693,0.000042,1,1,1540,1454,0,0
decode,chatcmpl-80c7994e6f31bb51-8524ab33,3168273.322483,0.000041,1,1,1542,1455,0,0
decode,chatcmpl-80c7994e6f31bb51-8524ab33,3168273.336268,0.000043,1,1,1544,1456,0,0
decode,chatcmpl-80c7994e6f31bb51-8524ab33,3168273.350071,0.000042,1,1,1546,1457,0,0
decode,chatcmpl-80c7994e6f31bb51-8524ab33,3168273.363858,0.000043,1,1,1548,1458,0,0
decode,chatcmpl-80c7994e6f31bb51-8524ab33,3168273.377653,0.000044,1,1,1550,1459,0,0
decode,chatcmpl-80c7994e6f31bb51-8524ab33,3168273.391461,0.000041,1,1,1552,1460,0,0
decode,chatcmpl-80c7994e6f31bb51-8524ab33,3168273.405258,0.000041,1,1,1554,1461,0,0
decode,chatcmpl-80c7994e6f31bb51-8524ab33,3168273.419047,0.000041,1,1,1556,1462,0,0
decode,chatcmpl-80c7994e6f31bb51-8524ab33,3168273.432851,0.000043,1,1,1558,1463,0,0
decode,chatcmpl-80c7994e6f31bb51-8524ab33,3168273.446651,0.000044,1,1,1560,1464,0,0
decode,chatcmpl-80c7994e6f31bb51-8524ab33,3168273.460464,0.000042,1,1,1562,1465,0,0
decode,chatcmpl-80c7994e6f31bb51-8524ab33,3168273.474263,0.000042,1,1,1564,1466,0,0
decode,chatcmpl-80c7994e6f31bb51-8524ab33,3168273.488054,0.000043,1,1,1566,1467,0,0
decode,chatcmpl-80c7994e6f31bb51-8524ab33,3168273.501852,0.000043,1,1,1568,1468,0,0
decode,chatcmpl-80c7994e6f31bb51-8524ab33,3168273.515668,0.000043,1,1,1570,1469,0,0
decode,chatcmpl-80c7994e6f31bb51-8524ab33,3168273.529470,0.000042,1,1,1572,1470,0,0
decode,chatcmpl-80c7994e6f31bb51-8524ab33,3168273.543253,0.000043,1,1,1574,1471,0,0
decode,chatcmpl-80c7994e6f31bb51-8524ab33,3168273.557049,0.000041,1,1,1576,1472,0,0
decode,chatcmpl-80c7994e6f31bb51-8524ab33,3168273.570853,0.000041,1,1,1578,1473,0,0
decode,chatcmpl-80c7994e6f31bb51-8524ab33,3168273.584656,0.000041,1,1,1580,1474,0,0
decode,chatcmpl-80c7994e6f31bb51-8524ab33,3168273.598448,0.000042,1,1,1582,1475,0,0
decode,chatcmpl-80c7994e6f31bb51-8524ab33,3168273.612269,0.000041,1,1,1584,1476,0,0
decode,chatcmpl-80c7994e6f31bb51-8524ab33,3168273.626041,0.000042,1,1,1586,1477,0,0
decode,chatcmpl-80c7994e6f31bb51-8524ab33,3168273.639831,0.000040,1,1,1588,1478,0,0
decode,chatcmpl-80c7994e6f31bb51-8524ab33,3168273.653629,0.000043,1,1,1590,1479,0,0
decode,chatcmpl-80c7994e6f31bb51-8524ab33,3168273.667417,0.000044,1,1,1592,1480,0,0
decode,chatcmpl-80c7994e6f31bb51-8524ab33,3168273.681223,0.000042,1,1,1594,1481,0,0
decode,chatcmpl-80c7994e6f31bb51-8524ab33,3168273.695000,0.000043,1,1,1596,1482,0,0
decode,chatcmpl-80c7994e6f31bb51-8524ab33,3168273.708795,0.000041,1,1,1598,1483,0,0
decode,chatcmpl-80c7994e6f31bb51-8524ab33,3168273.722589,0.000042,1,1,1600,1484,0,0
decode,chatcmpl-80c7994e6f31bb51-8524ab33,3168273.736405,0.000042,1,1,1602,1485,0,0
decode,chatcmpl-80c7994e6f31bb51-8524ab33,3168273.750222,0.000042,1,1,1604,1486,0,0
decode,chatcmpl-80c7994e6f31bb51-8524ab33,3168273.764030,0.000042,1,1,1606,1487,0,0
decode,chatcmpl-80c7994e6f31bb51-8524ab33,3168273.777822,0.000042,1,1,1608,1488,0,0
decode,chatcmpl-80c7994e6f31bb51-8524ab33,3168273.791596,0.000042,1,1,1610,1489,0,0
decode,chatcmpl-80c7994e6f31bb51-8524ab33,3168273.805393,0.000041,1,1,1612,1490,0,0
decode,chatcmpl-80c7994e6f31bb51-8524ab33,3168273.819189,0.000041,1,1,1614,1491,0,0
decode,chatcmpl-80c7994e6f31bb51-8524ab33,3168273.832993,0.000041,1,1,1616,1492,0,0
decode,chatcmpl-80c7994e6f31bb51-8524ab33,3168273.846790,0.000044,1,1,1618,1493,0,0
decode,chatcmpl-80c7994e6f31bb51-8524ab33,3168273.860588,0.000043,1,1,1620,1494,0,0
decode,chatcmpl-80c7994e6f31bb51-8524ab33,3168273.874377,0.000043,1,1,1622,1495,0,0
decode,chatcmpl-80c7994e6f31bb51-8524ab33,3168273.888174,0.000043,1,1,1624,1496,0,0
decode,chatcmpl-80c7994e6f31bb51-8524ab33,3168273.901951,0.000042,1,1,1626,1497,0,0
decode,chatcmpl-80c7994e6f31bb51-8524ab33,3168273.915759,0.000042,1,1,1628,1498,0,0
decode,,3168273.929550,0.000089,0,0,,,0,0
decode,,3168273.929879,0.000115,0,0,,,0,0
prefill,chatcmpl-ac5a8ce835ccab5f-ba52f385,3168274.012389,0.000633,1,1369,1369,0,1,0
encoder,chatcmpl-ac5a8ce835ccab5f-ba52f385,3168274.014633,0.375575,1,0,,, 1,0
decode,chatcmpl-ac5a8ce835ccab5f-ba52f385,3168274.544192,0.000044,1,1,1370,1369,0,0
decode,chatcmpl-ac5a8ce835ccab5f-ba52f385,3168274.558395,0.000045,1,1,1372,1370,0,0
decode,chatcmpl-ac5a8ce835ccab5f-ba52f385,3168274.572268,0.000045,1,1,1374,1371,0,0
decode,chatcmpl-ac5a8ce835ccab5f-ba52f385,3168274.586094,0.000043,1,1,1376,1372,0,0
decode,chatcmpl-ac5a8ce835ccab5f-ba52f385,3168274.599907,0.000042,1,1,1378,1373,0,0
decode,chatcmpl-ac5a8ce835ccab5f-ba52f385,3168274.613717,0.000042,1,1,1380,1374,0,0
decode,chatcmpl-ac5a8ce835ccab5f-ba52f385,3168274.627517,0.000042,1,1,1382,1375,0,0
decode,chatcmpl-ac5a8ce835ccab5f-ba52f385,3168274.641316,0.000043,1,1,1384,1376,0,0
decode,chatcmpl-ac5a8ce835ccab5f-ba52f385,3168274.655225,0.000042,1,1,1386,1377,0,0
decode,chatcmpl-ac5a8ce835ccab5f-ba52f385,3168274.669057,0.000042,1,1,1388,1378,0,0
decode,chatcmpl-ac5a8ce835ccab5f-ba52f385,3168274.682860,0.000043,1,1,1390,1379,0,0
decode,chatcmpl-ac5a8ce835ccab5f-ba52f385,3168274.696676,0.000041,1,1,1392,1380,0,0
decode,chatcmpl-ac5a8ce835ccab5f-ba52f385,3168274.710477,0.000044,1,1,1394,1381,0,0
decode,chatcmpl-ac5a8ce835ccab5f-ba52f385,3168274.724272,0.000042,1,1,1396,1382,0,0
decode,chatcmpl-ac5a8ce835ccab5f-ba52f385,3168274.738044,0.000044,1,1,1398,1383,0,0
decode,chatcmpl-ac5a8ce835ccab5f-ba52f385,3168274.751826,0.000040,1,1,1400,1384,0,0
decode,chatcmpl-ac5a8ce835ccab5f-ba52f385,3168274.765643,0.000044,1,1,1402,1385,0,0
decode,chatcmpl-ac5a8ce835ccab5f-ba52f385,3168274.779423,0.000040,1,1,1404,1386,0,0
decode,chatcmpl-ac5a8ce835ccab5f-ba52f385,3168274.793211,0.000042,1,1,1406,1387,0,0
decode,chatcmpl-ac5a8ce835ccab5f-ba52f385,3168274.807121,0.000042,1,1,1408,1388,0,0
decode,chatcmpl-ac5a8ce835ccab5f-ba52f385,3168274.820930,0.000043,1,1,1410,1389,0,0
decode,chatcmpl-ac5a8ce835ccab5f-ba52f385,3168274.834725,0.000044,1,1,1412,1390,0,0
decode,chatcmpl-ac5a8ce835ccab5f-ba52f385,3168274.848549,0.000043,1,1,1414,1391,0,0
decode,chatcmpl-ac5a8ce835ccab5f-ba52f385,3168274.862355,0.000043,1,1,1416,1392,0,0
decode,chatcmpl-ac5a8ce835ccab5f-ba52f385,3168274.876130,0.000043,1,1,1418,1393,0,0
decode,chatcmpl-ac5a8ce835ccab5f-ba52f385,3168274.889919,0.000044,1,1,1420,1394,0,0
decode,chatcmpl-ac5a8ce835ccab5f-ba52f385,3168274.903752,0.000042,1,1,1422,1395,0,0
decode,chatcmpl-ac5a8ce835ccab5f-ba52f385,3168274.917496,0.000042,1,1,1424,1396,0,0
decode,chatcmpl-ac5a8ce835ccab5f-ba52f385,3168274.931307,0.000044,1,1,1426,1397,0,0
decode,chatcmpl-ac5a8ce835ccab5f-ba52f385,3168274.945101,0.000043,1,1,1428,1398,0,0
decode,chatcmpl-ac5a8ce835ccab5f-ba52f385,3168274.959011,0.000042,1,1,1430,1399,0,0
decode,chatcmpl-ac5a8ce835ccab5f-ba52f385,3168274.972835,0.000043,1,1,1432,1400,0,0
decode,chatcmpl-ac5a8ce835ccab5f-ba52f385,3168274.986620,0.000042,1,1,1434,1401,0,0
decode,chatcmpl-ac5a8ce835ccab5f-ba52f385,3168275.000443,0.000041,1,1,1436,1402,0,0
decode,chatcmpl-ac5a8ce835ccab5f-ba52f385,3168275.014253,0.000042,1,1,1438,1403,0,0
decode,chatcmpl-ac5a8ce835ccab5f-ba52f385,3168275.028054,0.000042,1,1,1440,1404,0,0
decode,chatcmpl-ac5a8ce835ccab5f-ba52f385,3168275.041843,0.000043,1,1,1442,1405,0,0
decode,chatcmpl-ac5a8ce835ccab5f-ba52f385,3168275.055633,0.000041,1,1,1444,1406,0,0
decode,chatcmpl-ac5a8ce835ccab5f-ba52f385,3168275.069433,0.000042,1,1,1446,1407,0,0
decode,chatcmpl-ac5a8ce835ccab5f-ba52f385,3168275.083226,0.000054,1,1,1448,1408,0,0
decode,chatcmpl-ac5a8ce835ccab5f-ba52f385,3168275.097025,0.000042,1,1,1450,1409,0,0
decode,chatcmpl-ac5a8ce835ccab5f-ba52f385,3168275.110918,0.000042,1,1,1452,1410,0,0
decode,chatcmpl-ac5a8ce835ccab5f-ba52f385,3168275.124724,0.000042,1,1,1454,1411,0,0
decode,chatcmpl-ac5a8ce835ccab5f-ba52f385,3168275.138520,0.000043,1,1,1456,1412,0,0
decode,chatcmpl-ac5a8ce835ccab5f-ba52f385,3168275.152331,0.000043,1,1,1458,1413,0,0
decode,chatcmpl-ac5a8ce835ccab5f-ba52f385,3168275.166135,0.000043,1,1,1460,1414,0,0
decode,chatcmpl-ac5a8ce835ccab5f-ba52f385,3168275.179986,0.000048,1,1,1462,1415,0,0
decode,chatcmpl-ac5a8ce835ccab5f-ba52f385,3168275.193731,0.000041,1,1,1464,1416,0,0
decode,chatcmpl-ac5a8ce835ccab5f-ba52f385,3168275.207509,0.000042,1,1,1466,1417,0,0
decode,chatcmpl-ac5a8ce835ccab5f-ba52f385,3168275.221299,0.000042,1,1,1468,1418,0,0
decode,chatcmpl-ac5a8ce835ccab5f-ba52f385,3168275.235105,0.000043,1,1,1470,1419,0,0
decode,chatcmpl-ac5a8ce835ccab5f-ba52f385,3168275.248907,0.000043,1,1,1472,1420,0,0
decode,chatcmpl-ac5a8ce835ccab5f-ba52f385,3168275.262796,0.000042,1,1,1474,1421,0,0
decode,chatcmpl-ac5a8ce835ccab5f-ba52f385,3168275.276601,0.000042,1,1,1476,1422,0,0
decode,chatcmpl-ac5a8ce835ccab5f-ba52f385,3168275.290394,0.000042,1,1,1478,1423,0,0
decode,chatcmpl-ac5a8ce835ccab5f-ba52f385,3168275.304192,0.000042,1,1,1480,1424,0,0
decode,chatcmpl-ac5a8ce835ccab5f-ba52f385,3168275.317997,0.000044,1,1,1482,1425,0,0
decode,chatcmpl-ac5a8ce835ccab5f-ba52f385,3168275.331777,0.000042,1,1,1484,1426,0,0
decode,chatcmpl-ac5a8ce835ccab5f-ba52f385,3168275.345590,0.000041,1,1,1486,1427,0,0
decode,chatcmpl-ac5a8ce835ccab5f-ba52f385,3168275.359380,0.000040,1,1,1488,1428,0,0
decode,chatcmpl-ac5a8ce835ccab5f-ba52f385,3168275.373176,0.000043,1,1,1490,1429,0,0
decode,chatcmpl-ac5a8ce835ccab5f-ba52f385,3168275.386968,0.000041,1,1,1492,1430,0,0
decode,chatcmpl-ac5a8ce835ccab5f-ba52f385,3168275.400763,0.000042,1,1,1494,1431,0,0
decode,chatcmpl-ac5a8ce835ccab5f-ba52f385,3168275.414664,0.000042,1,1,1496,1432,0,0
decode,chatcmpl-ac5a8ce835ccab5f-ba52f385,3168275.428464,0.000042,1,1,1498,1433,0,0
decode,chatcmpl-ac5a8ce835ccab5f-ba52f385,3168275.442251,0.000044,1,1,1500,1434,0,0
decode,chatcmpl-ac5a8ce835ccab5f-ba52f385,3168275.456032,0.000043,1,1,1502,1435,0,0
decode,chatcmpl-ac5a8ce835ccab5f-ba52f385,3168275.469834,0.000043,1,1,1504,1436,0,0
decode,chatcmpl-ac5a8ce835ccab5f-ba52f385,3168275.483641,0.000042,1,1,1506,1437,0,0
decode,chatcmpl-ac5a8ce835ccab5f-ba52f385,3168275.497452,0.000041,1,1,1508,1438,0,0
decode,chatcmpl-ac5a8ce835ccab5f-ba52f385,3168275.511243,0.000041,1,1,1510,1439,0,0
decode,chatcmpl-ac5a8ce835ccab5f-ba52f385,3168275.525048,0.000043,1,1,1512,1440,0,0
decode,chatcmpl-ac5a8ce835ccab5f-ba52f385,3168275.538831,0.000043,1,1,1514,1441,0,0
decode,chatcmpl-ac5a8ce835ccab5f-ba52f385,3168275.552630,0.000041,1,1,1516,1442,0,0
decode,chatcmpl-ac5a8ce835ccab5f-ba52f385,3168275.566525,0.000043,1,1,1518,1443,0,0
decode,chatcmpl-ac5a8ce835ccab5f-ba52f385,3168275.580333,0.000043,1,1,1520,1444,0,0
decode,chatcmpl-ac5a8ce835ccab5f-ba52f385,3168275.594128,0.000041,1,1,1522,1445,0,0
decode,chatcmpl-ac5a8ce835ccab5f-ba52f385,3168275.607928,0.000042,1,1,1524,1446,0,0
decode,chatcmpl-ac5a8ce835ccab5f-ba52f385,3168275.621715,0.000042,1,1,1526,1447,0,0
decode,chatcmpl-ac5a8ce835ccab5f-ba52f385,3168275.635496,0.000042,1,1,1528,1448,0,0
decode,chatcmpl-ac5a8ce835ccab5f-ba52f385,3168275.649279,0.000043,1,1,1530,1449,0,0
decode,chatcmpl-ac5a8ce835ccab5f-ba52f385,3168275.663048,0.000041,1,1,1532,1450,0,0
decode,chatcmpl-ac5a8ce835ccab5f-ba52f385,3168275.676859,0.000043,1,1,1534,1451,0,0
decode,chatcmpl-ac5a8ce835ccab5f-ba52f385,3168275.690652,0.000043,1,1,1536,1452,0,0
decode,chatcmpl-ac5a8ce835ccab5f-ba52f385,3168275.704450,0.000041,1,1,1538,1453,0,0
decode,chatcmpl-ac5a8ce835ccab5f-ba52f385,3168275.718254,0.000042,1,1,1540,1454,0,0
decode,chatcmpl-ac5a8ce835ccab5f-ba52f385,3168275.732056,0.000043,1,1,1542,1455,0,0
decode,chatcmpl-ac5a8ce835ccab5f-ba52f385,3168275.745838,0.000042,1,1,1544,1456,0,0
decode,chatcmpl-ac5a8ce835ccab5f-ba52f385,3168275.759610,0.000043,1,1,1546,1457,0,0
decode,chatcmpl-ac5a8ce835ccab5f-ba52f385,3168275.773430,0.000043,1,1,1548,1458,0,0
decode,chatcmpl-ac5a8ce835ccab5f-ba52f385,3168275.787218,0.000043,1,1,1550,1459,0,0
decode,chatcmpl-ac5a8ce835ccab5f-ba52f385,3168275.801020,0.000042,1,1,1552,1460,0,0
decode,chatcmpl-ac5a8ce835ccab5f-ba52f385,3168275.814794,0.000043,1,1,1554,1461,0,0
decode,chatcmpl-ac5a8ce835ccab5f-ba52f385,3168275.828605,0.000042,1,1,1556,1462,0,0
decode,chatcmpl-ac5a8ce835ccab5f-ba52f385,3168275.842397,0.000042,1,1,1558,1463,0,0
decode,chatcmpl-ac5a8ce835ccab5f-ba52f385,3168275.856199,0.000041,1,1,1560,1464,0,0
decode,chatcmpl-ac5a8ce835ccab5f-ba52f385,3168275.869987,0.000043,1,1,1562,1465,0,0
decode,chatcmpl-ac5a8ce835ccab5f-ba52f385,3168275.883783,0.000043,1,1,1564,1466,0,0
decode,chatcmpl-ac5a8ce835ccab5f-ba52f385,3168275.897570,0.000044,1,1,1566,1467,0,0
decode,chatcmpl-ac5a8ce835ccab5f-ba52f385,3168275.911382,0.000043,1,1,1568,1468,0,0
decode,chatcmpl-ac5a8ce835ccab5f-ba52f385,3168275.925190,0.000042,1,1,1570,1469,0,0
decode,chatcmpl-ac5a8ce835ccab5f-ba52f385,3168275.938975,0.000040,1,1,1572,1470,0,0
decode,chatcmpl-ac5a8ce835ccab5f-ba52f385,3168275.952785,0.000044,1,1,1574,1471,0,0
decode,chatcmpl-ac5a8ce835ccab5f-ba52f385,3168275.966572,0.000043,1,1,1576,1472,0,0
decode,chatcmpl-ac5a8ce835ccab5f-ba52f385,3168275.980390,0.000043,1,1,1578,1473,0,0
decode,chatcmpl-ac5a8ce835ccab5f-ba52f385,3168275.994193,0.000041,1,1,1580,1474,0,0
decode,chatcmpl-ac5a8ce835ccab5f-ba52f385,3168276.007993,0.000046,1,1,1582,1475,0,0
decode,chatcmpl-ac5a8ce835ccab5f-ba52f385,3168276.021797,0.000042,1,1,1584,1476,0,0
decode,chatcmpl-ac5a8ce835ccab5f-ba52f385,3168276.035592,0.000042,1,1,1586,1477,0,0
decode,chatcmpl-ac5a8ce835ccab5f-ba52f385,3168276.049385,0.000042,1,1,1588,1478,0,0
decode,chatcmpl-ac5a8ce835ccab5f-ba52f385,3168276.063170,0.000043,1,1,1590,1479,0,0
decode,chatcmpl-ac5a8ce835ccab5f-ba52f385,3168276.076954,0.000043,1,1,1592,1480,0,0
decode,chatcmpl-ac5a8ce835ccab5f-ba52f385,3168276.090748,0.000042,1,1,1594,1481,0,0
decode,chatcmpl-ac5a8ce835ccab5f-ba52f385,3168276.104554,0.000043,1,1,1596,1482,0,0
decode,chatcmpl-ac5a8ce835ccab5f-ba52f385,3168276.118351,0.000044,1,1,1598,1483,0,0
decode,chatcmpl-ac5a8ce835ccab5f-ba52f385,3168276.132154,0.000043,1,1,1600,1484,0,0
decode,chatcmpl-ac5a8ce835ccab5f-ba52f385,3168276.145939,0.000044,1,1,1602,1485,0,0
decode,chatcmpl-ac5a8ce835ccab5f-ba52f385,3168276.159727,0.000042,1,1,1604,1486,0,0
decode,chatcmpl-ac5a8ce835ccab5f-ba52f385,3168276.173532,0.000043,1,1,1606,1487,0,0
decode,chatcmpl-ac5a8ce835ccab5f-ba52f385,3168276.187321,0.000044,1,1,1608,1488,0,0
decode,chatcmpl-ac5a8ce835ccab5f-ba52f385,3168276.201098,0.000042,1,1,1610,1489,0,0
decode,chatcmpl-ac5a8ce835ccab5f-ba52f385,3168276.214888,0.000041,1,1,1612,1490,0,0
decode,chatcmpl-ac5a8ce835ccab5f-ba52f385,3168276.228698,0.000045,1,1,1614,1491,0,0
decode,chatcmpl-ac5a8ce835ccab5f-ba52f385,3168276.242501,0.000042,1,1,1616,1492,0,0
decode,chatcmpl-ac5a8ce835ccab5f-ba52f385,3168276.256283,0.000041,1,1,1618,1493,0,0
decode,chatcmpl-ac5a8ce835ccab5f-ba52f385,3168276.270067,0.000043,1,1,1620,1494,0,0
decode,chatcmpl-ac5a8ce835ccab5f-ba52f385,3168276.283854,0.000043,1,1,1622,1495,0,0
decode,chatcmpl-ac5a8ce835ccab5f-ba52f385,3168276.297656,0.000042,1,1,1624,1496,0,0
decode,chatcmpl-ac5a8ce835ccab5f-ba52f385,3168276.311441,0.000042,1,1,1626,1497,0,0
decode,chatcmpl-ac5a8ce835ccab5f-ba52f385,3168276.325256,0.000043,1,1,1628,1498,0,0
decode,,3168276.339061,0.000088,0,0,,,0,0
decode,,3168276.339384,0.000139,0,0,,,0,0
prefill,chatcmpl-bb7c8165f4120630-a5265c3d,3168276.422444,0.000568,1,1334,1334,0,1,0
encoder,chatcmpl-bb7c8165f4120630-a5265c3d,3168276.424645,0.375665,1,0,,, 1,0
decode,chatcmpl-bb7c8165f4120630-a5265c3d,3168276.950054,0.000044,1,1,1335,1334,0,0
decode,chatcmpl-bb7c8165f4120630-a5265c3d,3168276.964243,0.000040,1,1,1337,1335,0,0
decode,chatcmpl-bb7c8165f4120630-a5265c3d,3168276.978088,0.000043,1,1,1339,1336,0,0
decode,chatcmpl-bb7c8165f4120630-a5265c3d,3168276.991901,0.000043,1,1,1341,1337,0,0
decode,chatcmpl-bb7c8165f4120630-a5265c3d,3168277.005726,0.000042,1,1,1343,1338,0,0
decode,chatcmpl-bb7c8165f4120630-a5265c3d,3168277.019535,0.000044,1,1,1345,1339,0,0
decode,chatcmpl-bb7c8165f4120630-a5265c3d,3168277.033337,0.000043,1,1,1347,1340,0,0
decode,chatcmpl-bb7c8165f4120630-a5265c3d,3168277.047115,0.000043,1,1,1349,1341,0,0
decode,chatcmpl-bb7c8165f4120630-a5265c3d,3168277.060937,0.000043,1,1,1351,1342,0,0
decode,chatcmpl-bb7c8165f4120630-a5265c3d,3168277.074737,0.000042,1,1,1353,1343,0,0
decode,chatcmpl-bb7c8165f4120630-a5265c3d,3168277.088536,0.000044,1,1,1355,1344,0,0
decode,chatcmpl-bb7c8165f4120630-a5265c3d,3168277.102460,0.000042,1,1,1357,1345,0,0
decode,chatcmpl-bb7c8165f4120630-a5265c3d,3168277.116267,0.000043,1,1,1359,1346,0,0
decode,chatcmpl-bb7c8165f4120630-a5265c3d,3168277.130069,0.000044,1,1,1361,1347,0,0
decode,chatcmpl-bb7c8165f4120630-a5265c3d,3168277.143880,0.000043,1,1,1363,1348,0,0
decode,chatcmpl-bb7c8165f4120630-a5265c3d,3168277.157690,0.000041,1,1,1365,1349,0,0
decode,chatcmpl-bb7c8165f4120630-a5265c3d,3168277.171479,0.000041,1,1,1367,1350,0,0
decode,chatcmpl-bb7c8165f4120630-a5265c3d,3168277.185282,0.000043,1,1,1369,1351,0,0
decode,chatcmpl-bb7c8165f4120630-a5265c3d,3168277.199077,0.000041,1,1,1371,1352,0,0
decode,chatcmpl-bb7c8165f4120630-a5265c3d,3168277.212870,0.000042,1,1,1373,1353,0,0
decode,chatcmpl-bb7c8165f4120630-a5265c3d,3168277.226662,0.000043,1,1,1375,1354,0,0
decode,chatcmpl-bb7c8165f4120630-a5265c3d,3168277.240479,0.000042,1,1,1377,1355,0,0
decode,chatcmpl-bb7c8165f4120630-a5265c3d,3168277.254419,0.000043,1,1,1379,1356,0,0
decode,chatcmpl-bb7c8165f4120630-a5265c3d,3168277.268227,0.000040,1,1,1381,1357,0,0
decode,chatcmpl-bb7c8165f4120630-a5265c3d,3168277.281983,0.000044,1,1,1383,1358,0,0
decode,chatcmpl-bb7c8165f4120630-a5265c3d,3168277.295757,0.000043,1,1,1385,1359,0,0
decode,chatcmpl-bb7c8165f4120630-a5265c3d,3168277.309559,0.000042,1,1,1387,1360,0,0
decode,chatcmpl-bb7c8165f4120630-a5265c3d,3168277.323342,0.000043,1,1,1389,1361,0,0
decode,chatcmpl-bb7c8165f4120630-a5265c3d,3168277.337132,0.000042,1,1,1391,1362,0,0
decode,chatcmpl-bb7c8165f4120630-a5265c3d,3168277.350904,0.000043,1,1,1393,1363,0,0
decode,chatcmpl-bb7c8165f4120630-a5265c3d,3168277.364716,0.000041,1,1,1395,1364,0,0
decode,chatcmpl-bb7c8165f4120630-a5265c3d,3168277.378525,0.000044,1,1,1397,1365,0,0
decode,chatcmpl-bb7c8165f4120630-a5265c3d,3168277.392315,0.000044,1,1,1399,1366,0,0
decode,chatcmpl-bb7c8165f4120630-a5265c3d,3168277.406227,0.000045,1,1,1401,1367,0,0
decode,chatcmpl-bb7c8165f4120630-a5265c3d,3168277.420024,0.000045,1,1,1403,1368,0,0
decode,chatcmpl-bb7c8165f4120630-a5265c3d,3168277.433805,0.000041,1,1,1405,1369,0,0
decode,chatcmpl-bb7c8165f4120630-a5265c3d,3168277.447593,0.000041,1,1,1407,1370,0,0
decode,chatcmpl-bb7c8165f4120630-a5265c3d,3168277.461407,0.000042,1,1,1409,1371,0,0
decode,chatcmpl-bb7c8165f4120630-a5265c3d,3168277.475190,0.000041,1,1,1411,1372,0,0
decode,chatcmpl-bb7c8165f4120630-a5265c3d,3168277.488983,0.000044,1,1,1413,1373,0,0
decode,chatcmpl-bb7c8165f4120630-a5265c3d,3168277.502778,0.000042,1,1,1415,1374,0,0
decode,chatcmpl-bb7c8165f4120630-a5265c3d,3168277.516574,0.000042,1,1,1417,1375,0,0
decode,chatcmpl-bb7c8165f4120630-a5265c3d,3168277.530370,0.000043,1,1,1419,1376,0,0
decode,chatcmpl-bb7c8165f4120630-a5265c3d,3168277.544167,0.000042,1,1,1421,1377,0,0
decode,chatcmpl-bb7c8165f4120630-a5265c3d,3168277.558077,0.000044,1,1,1423,1378,0,0
decode,chatcmpl-bb7c8165f4120630-a5265c3d,3168277.571880,0.000041,1,1,1425,1379,0,0
decode,chatcmpl-bb7c8165f4120630-a5265c3d,3168277.585659,0.000044,1,1,1427,1380,0,0
decode,chatcmpl-bb7c8165f4120630-a5265c3d,3168277.599471,0.000043,1,1,1429,1381,0,0
decode,chatcmpl-bb7c8165f4120630-a5265c3d,3168277.613284,0.000042,1,1,1431,1382,0,0
decode,chatcmpl-bb7c8165f4120630-a5265c3d,3168277.627082,0.000041,1,1,1433,1383,0,0
decode,chatcmpl-bb7c8165f4120630-a5265c3d,3168277.640880,0.000042,1,1,1435,1384,0,0
decode,chatcmpl-bb7c8165f4120630-a5265c3d,3168277.654665,0.000042,1,1,1437,1385,0,0
decode,chatcmpl-bb7c8165f4120630-a5265c3d,3168277.668485,0.000042,1,1,1439,1386,0,0
decode,chatcmpl-bb7c8165f4120630-a5265c3d,3168277.682279,0.000042,1,1,1441,1387,0,0
decode,chatcmpl-bb7c8165f4120630-a5265c3d,3168277.696054,0.000041,1,1,1443,1388,0,0
decode,chatcmpl-bb7c8165f4120630-a5265c3d,3168277.709958,0.000042,1,1,1445,1389,0,0
decode,chatcmpl-bb7c8165f4120630-a5265c3d,3168277.723743,0.000042,1,1,1447,1390,0,0
decode,chatcmpl-bb7c8165f4120630-a5265c3d,3168277.737546,0.000043,1,1,1449,1391,0,0
decode,chatcmpl-bb7c8165f4120630-a5265c3d,3168277.751339,0.000043,1,1,1451,1392,0,0
decode,chatcmpl-bb7c8165f4120630-a5265c3d,3168277.765136,0.000043,1,1,1453,1393,0,0
decode,chatcmpl-bb7c8165f4120630-a5265c3d,3168277.778925,0.000042,1,1,1455,1394,0,0
decode,chatcmpl-bb7c8165f4120630-a5265c3d,3168277.792718,0.000043,1,1,1457,1395,0,0
decode,chatcmpl-bb7c8165f4120630-a5265c3d,3168277.806517,0.000043,1,1,1459,1396,0,0
decode,chatcmpl-bb7c8165f4120630-a5265c3d,3168277.820333,0.000042,1,1,1461,1397,0,0
decode,chatcmpl-bb7c8165f4120630-a5265c3d,3168277.834118,0.000042,1,1,1463,1398,0,0
decode,chatcmpl-bb7c8165f4120630-a5265c3d,3168277.847900,0.000044,1,1,1465,1399,0,0
decode,chatcmpl-bb7c8165f4120630-a5265c3d,3168277.861821,0.000042,1,1,1467,1400,0,0
decode,chatcmpl-bb7c8165f4120630-a5265c3d,3168277.875608,0.000044,1,1,1469,1401,0,0
decode,chatcmpl-bb7c8165f4120630-a5265c3d,3168277.889414,0.000042,1,1,1471,1402,0,0
decode,chatcmpl-bb7c8165f4120630-a5265c3d,3168277.903206,0.000041,1,1,1473,1403,0,0
decode,chatcmpl-bb7c8165f4120630-a5265c3d,3168277.917006,0.000042,1,1,1475,1404,0,0
decode,chatcmpl-bb7c8165f4120630-a5265c3d,3168277.930805,0.000043,1,1,1477,1405,0,0
decode,chatcmpl-bb7c8165f4120630-a5265c3d,3168277.944613,0.000042,1,1,1479,1406,0,0
decode,chatcmpl-bb7c8165f4120630-a5265c3d,3168277.958417,0.000041,1,1,1481,1407,0,0
decode,chatcmpl-bb7c8165f4120630-a5265c3d,3168277.972235,0.000055,1,1,1483,1408,0,0
decode,chatcmpl-bb7c8165f4120630-a5265c3d,3168277.986044,0.000042,1,1,1485,1409,0,0
decode,chatcmpl-bb7c8165f4120630-a5265c3d,3168277.999832,0.000042,1,1,1487,1410,0,0
decode,chatcmpl-bb7c8165f4120630-a5265c3d,3168278.013727,0.000042,1,1,1489,1411,0,0
decode,chatcmpl-bb7c8165f4120630-a5265c3d,3168278.027515,0.000043,1,1,1491,1412,0,0
decode,chatcmpl-bb7c8165f4120630-a5265c3d,3168278.041323,0.000042,1,1,1493,1413,0,0
decode,chatcmpl-bb7c8165f4120630-a5265c3d,3168278.055116,0.000042,1,1,1495,1414,0,0
decode,chatcmpl-bb7c8165f4120630-a5265c3d,3168278.068930,0.000044,1,1,1497,1415,0,0
decode,chatcmpl-bb7c8165f4120630-a5265c3d,3168278.082708,0.000041,1,1,1499,1416,0,0
decode,chatcmpl-bb7c8165f4120630-a5265c3d,3168278.096516,0.000042,1,1,1501,1417,0,0
decode,chatcmpl-bb7c8165f4120630-a5265c3d,3168278.110312,0.000044,1,1,1503,1418,0,0
decode,chatcmpl-bb7c8165f4120630-a5265c3d,3168278.124102,0.000041,1,1,1505,1419,0,0
decode,chatcmpl-bb7c8165f4120630-a5265c3d,3168278.137900,0.000042,1,1,1507,1420,0,0
decode,chatcmpl-bb7c8165f4120630-a5265c3d,3168278.151670,0.000041,1,1,1509,1421,0,0
decode,chatcmpl-bb7c8165f4120630-a5265c3d,3168278.165551,0.000043,1,1,1511,1422,0,0
decode,chatcmpl-bb7c8165f4120630-a5265c3d,3168278.179331,0.000044,1,1,1513,1423,0,0
decode,chatcmpl-bb7c8165f4120630-a5265c3d,3168278.193124,0.000043,1,1,1515,1424,0,0
decode,chatcmpl-bb7c8165f4120630-a5265c3d,3168278.206912,0.000042,1,1,1517,1425,0,0
decode,chatcmpl-bb7c8165f4120630-a5265c3d,3168278.220727,0.000043,1,1,1519,1426,0,0
decode,chatcmpl-bb7c8165f4120630-a5265c3d,3168278.234507,0.000043,1,1,1521,1427,0,0
decode,chatcmpl-bb7c8165f4120630-a5265c3d,3168278.248292,0.000042,1,1,1523,1428,0,0
decode,chatcmpl-bb7c8165f4120630-a5265c3d,3168278.262084,0.000041,1,1,1525,1429,0,0
decode,chatcmpl-bb7c8165f4120630-a5265c3d,3168278.275857,0.000043,1,1,1527,1430,0,0
decode,chatcmpl-bb7c8165f4120630-a5265c3d,3168278.289673,0.000041,1,1,1529,1431,0,0
decode,chatcmpl-bb7c8165f4120630-a5265c3d,3168278.303442,0.000041,1,1,1531,1432,0,0
decode,chatcmpl-bb7c8165f4120630-a5265c3d,3168278.317332,0.000042,1,1,1533,1433,0,0
decode,chatcmpl-bb7c8165f4120630-a5265c3d,3168278.331138,0.000043,1,1,1535,1434,0,0
decode,,3168278.344937,0.000085,0,0,,,0,0
decode,,3168278.345252,0.000117,0,0,,,0,0
prefill,chatcmpl-8bdb37b9e48f5670-b09b4dda,3168278.428744,0.000637,1,1367,1367,0,1,0
encoder,chatcmpl-8bdb37b9e48f5670-b09b4dda,3168278.431032,0.375667,1,0,,, 1,0
decode,chatcmpl-8bdb37b9e48f5670-b09b4dda,3168278.960689,0.000044,1,1,1368,1367,0,0
decode,chatcmpl-8bdb37b9e48f5670-b09b4dda,3168278.974871,0.000043,1,1,1370,1368,0,0
decode,chatcmpl-8bdb37b9e48f5670-b09b4dda,3168278.988735,0.000040,1,1,1372,1369,0,0
decode,chatcmpl-8bdb37b9e48f5670-b09b4dda,3168279.002543,0.000045,1,1,1374,1370,0,0
decode,chatcmpl-8bdb37b9e48f5670-b09b4dda,3168279.016359,0.000042,1,1,1376,1371,0,0
decode,chatcmpl-8bdb37b9e48f5670-b09b4dda,3168279.030162,0.000042,1,1,1378,1372,0,0
decode,chatcmpl-8bdb37b9e48f5670-b09b4dda,3168279.043959,0.000048,1,1,1380,1373,0,0
decode,chatcmpl-8bdb37b9e48f5670-b09b4dda,3168279.057758,0.000042,1,1,1382,1374,0,0
decode,chatcmpl-8bdb37b9e48f5670-b09b4dda,3168279.071558,0.000044,1,1,1384,1375,0,0
decode,chatcmpl-8bdb37b9e48f5670-b09b4dda,3168279.085379,0.000042,1,1,1386,1376,0,0
decode,chatcmpl-8bdb37b9e48f5670-b09b4dda,3168279.099179,0.000042,1,1,1388,1377,0,0
decode,chatcmpl-8bdb37b9e48f5670-b09b4dda,3168279.112997,0.000043,1,1,1390,1378,0,0
decode,chatcmpl-8bdb37b9e48f5670-b09b4dda,3168279.126786,0.000043,1,1,1392,1379,0,0
decode,chatcmpl-8bdb37b9e48f5670-b09b4dda,3168279.140595,0.000042,1,1,1394,1380,0,0
decode,chatcmpl-8bdb37b9e48f5670-b09b4dda,3168279.154369,0.000042,1,1,1396,1381,0,0
decode,chatcmpl-8bdb37b9e48f5670-b09b4dda,3168279.168163,0.000043,1,1,1398,1382,0,0
decode,chatcmpl-8bdb37b9e48f5670-b09b4dda,3168279.181982,0.000042,1,1,1400,1383,0,0
decode,chatcmpl-8bdb37b9e48f5670-b09b4dda,3168279.195794,0.000042,1,1,1402,1384,0,0
decode,chatcmpl-8bdb37b9e48f5670-b09b4dda,3168279.209603,0.000043,1,1,1404,1385,0,0
decode,chatcmpl-8bdb37b9e48f5670-b09b4dda,3168279.223409,0.000043,1,1,1406,1386,0,0
decode,chatcmpl-8bdb37b9e48f5670-b09b4dda,3168279.237236,0.000042,1,1,1408,1387,0,0
decode,chatcmpl-8bdb37b9e48f5670-b09b4dda,3168279.251036,0.000041,1,1,1410,1388,0,0
decode,chatcmpl-8bdb37b9e48f5670-b09b4dda,3168279.264848,0.000043,1,1,1412,1389,0,0
decode,chatcmpl-8bdb37b9e48f5670-b09b4dda,3168279.278628,0.000041,1,1,1414,1390,0,0
decode,chatcmpl-8bdb37b9e48f5670-b09b4dda,3168279.292430,0.000041,1,1,1416,1391,0,0
decode,chatcmpl-8bdb37b9e48f5670-b09b4dda,3168279.306225,0.000042,1,1,1418,1392,0,0
decode,chatcmpl-8bdb37b9e48f5670-b09b4dda,3168279.320031,0.000044,1,1,1420,1393,0,0
decode,chatcmpl-8bdb37b9e48f5670-b09b4dda,3168279.333815,0.000041,1,1,1422,1394,0,0
decode,chatcmpl-8bdb37b9e48f5670-b09b4dda,3168279.347597,0.000042,1,1,1424,1395,0,0
decode,chatcmpl-8bdb37b9e48f5670-b09b4dda,3168279.361411,0.000043,1,1,1426,1396,0,0
decode,chatcmpl-8bdb37b9e48f5670-b09b4dda,3168279.375212,0.000042,1,1,1428,1397,0,0
decode,chatcmpl-8bdb37b9e48f5670-b09b4dda,3168279.389000,0.000044,1,1,1430,1398,0,0
decode,chatcmpl-8bdb37b9e48f5670-b09b4dda,3168279.402782,0.000043,1,1,1432,1399,0,0
decode,chatcmpl-8bdb37b9e48f5670-b09b4dda,3168279.416590,0.000042,1,1,1434,1400,0,0
decode,chatcmpl-8bdb37b9e48f5670-b09b4dda,3168279.430378,0.000043,1,1,1436,1401,0,0
decode,chatcmpl-8bdb37b9e48f5670-b09b4dda,3168279.444164,0.000044,1,1,1438,1402,0,0
decode,chatcmpl-8bdb37b9e48f5670-b09b4dda,3168279.457978,0.000043,1,1,1440,1403,0,0
decode,chatcmpl-8bdb37b9e48f5670-b09b4dda,3168279.471788,0.000043,1,1,1442,1404,0,0
decode,chatcmpl-8bdb37b9e48f5670-b09b4dda,3168279.485581,0.000043,1,1,1444,1405,0,0
decode,chatcmpl-8bdb37b9e48f5670-b09b4dda,3168279.499367,0.000042,1,1,1446,1406,0,0
decode,chatcmpl-8bdb37b9e48f5670-b09b4dda,3168279.513160,0.000042,1,1,1448,1407,0,0
decode,chatcmpl-8bdb37b9e48f5670-b09b4dda,3168279.526967,0.000054,1,1,1450,1408,0,0
decode,chatcmpl-8bdb37b9e48f5670-b09b4dda,3168279.540793,0.000043,1,1,1452,1409,0,0
decode,chatcmpl-8bdb37b9e48f5670-b09b4dda,3168279.554578,0.000043,1,1,1454,1410,0,0
decode,chatcmpl-8bdb37b9e48f5670-b09b4dda,3168279.568397,0.000042,1,1,1456,1411,0,0
decode,chatcmpl-8bdb37b9e48f5670-b09b4dda,3168279.582176,0.000043,1,1,1458,1412,0,0
decode,chatcmpl-8bdb37b9e48f5670-b09b4dda,3168279.595967,0.000047,1,1,1460,1413,0,0
decode,chatcmpl-8bdb37b9e48f5670-b09b4dda,3168279.609764,0.000043,1,1,1462,1414,0,0
decode,chatcmpl-8bdb37b9e48f5670-b09b4dda,3168279.623572,0.000043,1,1,1464,1415,0,0
decode,chatcmpl-8bdb37b9e48f5670-b09b4dda,3168279.637372,0.000044,1,1,1466,1416,0,0
decode,chatcmpl-8bdb37b9e48f5670-b09b4dda,3168279.651148,0.000043,1,1,1468,1417,0,0
decode,chatcmpl-8bdb37b9e48f5670-b09b4dda,3168279.664957,0.000044,1,1,1470,1418,0,0
decode,chatcmpl-8bdb37b9e48f5670-b09b4dda,3168279.678748,0.000042,1,1,1472,1419,0,0
decode,chatcmpl-8bdb37b9e48f5670-b09b4dda,3168279.692561,0.000042,1,1,1474,1420,0,0
decode,chatcmpl-8bdb37b9e48f5670-b09b4dda,3168279.706456,0.000042,1,1,1476,1421,0,0
decode,chatcmpl-8bdb37b9e48f5670-b09b4dda,3168279.720259,0.000042,1,1,1478,1422,0,0
decode,chatcmpl-8bdb37b9e48f5670-b09b4dda,3168279.734043,0.000042,1,1,1480,1423,0,0
decode,chatcmpl-8bdb37b9e48f5670-b09b4dda,3168279.747852,0.000044,1,1,1482,1424,0,0
decode,chatcmpl-8bdb37b9e48f5670-b09b4dda,3168279.761641,0.000042,1,1,1484,1425,0,0
decode,chatcmpl-8bdb37b9e48f5670-b09b4dda,3168279.775420,0.000042,1,1,1486,1426,0,0
decode,chatcmpl-8bdb37b9e48f5670-b09b4dda,3168279.789232,0.000043,1,1,1488,1427,0,0
decode,chatcmpl-8bdb37b9e48f5670-b09b4dda,3168279.803027,0.000043,1,1,1490,1428,0,0
decode,chatcmpl-8bdb37b9e48f5670-b09b4dda,3168279.816846,0.000040,1,1,1492,1429,0,0
decode,chatcmpl-8bdb37b9e48f5670-b09b4dda,3168279.830634,0.000042,1,1,1494,1430,0,0
decode,chatcmpl-8bdb37b9e48f5670-b09b4dda,3168279.844451,0.000043,1,1,1496,1431,0,0
decode,chatcmpl-8bdb37b9e48f5670-b09b4dda,3168279.858357,0.000042,1,1,1498,1432,0,0
decode,chatcmpl-8bdb37b9e48f5670-b09b4dda,3168279.872144,0.000042,1,1,1500,1433,0,0
decode,chatcmpl-8bdb37b9e48f5670-b09b4dda,3168279.885941,0.000043,1,1,1502,1434,0,0
decode,chatcmpl-8bdb37b9e48f5670-b09b4dda,3168279.899741,0.000042,1,1,1504,1435,0,0
decode,chatcmpl-8bdb37b9e48f5670-b09b4dda,3168279.913539,0.000043,1,1,1506,1436,0,0
decode,chatcmpl-8bdb37b9e48f5670-b09b4dda,3168279.927336,0.000043,1,1,1508,1437,0,0
decode,chatcmpl-8bdb37b9e48f5670-b09b4dda,3168279.941144,0.000044,1,1,1510,1438,0,0
decode,chatcmpl-8bdb37b9e48f5670-b09b4dda,3168279.954912,0.000044,1,1,1512,1439,0,0
decode,chatcmpl-8bdb37b9e48f5670-b09b4dda,3168279.968725,0.000042,1,1,1514,1440,0,0
decode,chatcmpl-8bdb37b9e48f5670-b09b4dda,3168279.982517,0.000042,1,1,1516,1441,0,0
decode,chatcmpl-8bdb37b9e48f5670-b09b4dda,3168279.996290,0.000042,1,1,1518,1442,0,0
decode,chatcmpl-8bdb37b9e48f5670-b09b4dda,3168280.010207,0.000041,1,1,1520,1443,0,0
decode,chatcmpl-8bdb37b9e48f5670-b09b4dda,3168280.024016,0.000043,1,1,1522,1444,0,0
decode,chatcmpl-8bdb37b9e48f5670-b09b4dda,3168280.037800,0.000044,1,1,1524,1445,0,0
decode,chatcmpl-8bdb37b9e48f5670-b09b4dda,3168280.051589,0.000044,1,1,1526,1446,0,0
decode,chatcmpl-8bdb37b9e48f5670-b09b4dda,3168280.065426,0.000042,1,1,1528,1447,0,0
decode,chatcmpl-8bdb37b9e48f5670-b09b4dda,3168280.079229,0.000042,1,1,1530,1448,0,0
decode,chatcmpl-8bdb37b9e48f5670-b09b4dda,3168280.093038,0.000043,1,1,1532,1449,0,0
decode,chatcmpl-8bdb37b9e48f5670-b09b4dda,3168280.106825,0.000043,1,1,1534,1450,0,0
decode,chatcmpl-8bdb37b9e48f5670-b09b4dda,3168280.120634,0.000044,1,1,1536,1451,0,0
decode,chatcmpl-8bdb37b9e48f5670-b09b4dda,3168280.134428,0.000045,1,1,1538,1452,0,0
decode,chatcmpl-8bdb37b9e48f5670-b09b4dda,3168280.148216,0.000042,1,1,1540,1453,0,0
decode,chatcmpl-8bdb37b9e48f5670-b09b4dda,3168280.162103,0.000043,1,1,1542,1454,0,0
decode,chatcmpl-8bdb37b9e48f5670-b09b4dda,3168280.175883,0.000044,1,1,1544,1455,0,0
decode,chatcmpl-8bdb37b9e48f5670-b09b4dda,3168280.189682,0.000043,1,1,1546,1456,0,0
decode,chatcmpl-8bdb37b9e48f5670-b09b4dda,3168280.203477,0.000042,1,1,1548,1457,0,0
decode,chatcmpl-8bdb37b9e48f5670-b09b4dda,3168280.217278,0.000044,1,1,1550,1458,0,0
decode,chatcmpl-8bdb37b9e48f5670-b09b4dda,3168280.231073,0.000043,1,1,1552,1459,0,0
decode,chatcmpl-8bdb37b9e48f5670-b09b4dda,3168280.244870,0.000043,1,1,1554,1460,0,0
decode,chatcmpl-8bdb37b9e48f5670-b09b4dda,3168280.258677,0.000042,1,1,1556,1461,0,0
decode,chatcmpl-8bdb37b9e48f5670-b09b4dda,3168280.272475,0.000042,1,1,1558,1462,0,0
decode,chatcmpl-8bdb37b9e48f5670-b09b4dda,3168280.286263,0.000044,1,1,1560,1463,0,0
decode,chatcmpl-8bdb37b9e48f5670-b09b4dda,3168280.300059,0.000042,1,1,1562,1464,0,0
decode,chatcmpl-8bdb37b9e48f5670-b09b4dda,3168280.313965,0.000042,1,1,1564,1465,0,0
decode,chatcmpl-8bdb37b9e48f5670-b09b4dda,3168280.327752,0.000042,1,1,1566,1466,0,0
decode,chatcmpl-8bdb37b9e48f5670-b09b4dda,3168280.341545,0.000043,1,1,1568,1467,0,0
decode,chatcmpl-8bdb37b9e48f5670-b09b4dda,3168280.355339,0.000043,1,1,1570,1468,0,0
decode,chatcmpl-8bdb37b9e48f5670-b09b4dda,3168280.369152,0.000043,1,1,1572,1469,0,0
decode,chatcmpl-8bdb37b9e48f5670-b09b4dda,3168280.382936,0.000043,1,1,1574,1470,0,0
decode,chatcmpl-8bdb37b9e48f5670-b09b4dda,3168280.396725,0.000042,1,1,1576,1471,0,0
decode,chatcmpl-8bdb37b9e48f5670-b09b4dda,3168280.410544,0.000044,1,1,1578,1472,0,0
decode,chatcmpl-8bdb37b9e48f5670-b09b4dda,3168280.424368,0.000042,1,1,1580,1473,0,0
decode,chatcmpl-8bdb37b9e48f5670-b09b4dda,3168280.438164,0.000042,1,1,1582,1474,0,0
decode,chatcmpl-8bdb37b9e48f5670-b09b4dda,3168280.451950,0.000041,1,1,1584,1475,0,0
decode,chatcmpl-8bdb37b9e48f5670-b09b4dda,3168280.465867,0.000043,1,1,1586,1476,0,0
decode,chatcmpl-8bdb37b9e48f5670-b09b4dda,3168280.479660,0.000042,1,1,1588,1477,0,0
decode,chatcmpl-8bdb37b9e48f5670-b09b4dda,3168280.493459,0.000041,1,1,1590,1478,0,0
decode,chatcmpl-8bdb37b9e48f5670-b09b4dda,3168280.507246,0.000044,1,1,1592,1479,0,0
decode,chatcmpl-8bdb37b9e48f5670-b09b4dda,3168280.521072,0.000043,1,1,1594,1480,0,0
decode,chatcmpl-8bdb37b9e48f5670-b09b4dda,3168280.534856,0.000043,1,1,1596,1481,0,0
decode,chatcmpl-8bdb37b9e48f5670-b09b4dda,3168280.548683,0.000043,1,1,1598,1482,0,0
decode,chatcmpl-8bdb37b9e48f5670-b09b4dda,3168280.562483,0.000041,1,1,1600,1483,0,0
decode,chatcmpl-8bdb37b9e48f5670-b09b4dda,3168280.576258,0.000042,1,1,1602,1484,0,0
decode,chatcmpl-8bdb37b9e48f5670-b09b4dda,3168280.590045,0.000042,1,1,1604,1485,0,0
decode,chatcmpl-8bdb37b9e48f5670-b09b4dda,3168280.603845,0.000042,1,1,1606,1486,0,0
decode,chatcmpl-8bdb37b9e48f5670-b09b4dda,3168280.617761,0.000042,1,1,1608,1487,0,0
decode,chatcmpl-8bdb37b9e48f5670-b09b4dda,3168280.631548,0.000043,1,1,1610,1488,0,0
decode,chatcmpl-8bdb37b9e48f5670-b09b4dda,3168280.645333,0.000041,1,1,1612,1489,0,0
decode,chatcmpl-8bdb37b9e48f5670-b09b4dda,3168280.659116,0.000041,1,1,1614,1490,0,0
decode,chatcmpl-8bdb37b9e48f5670-b09b4dda,3168280.672941,0.000040,1,1,1616,1491,0,0
decode,,3168280.686725,0.000089,0,0,,,0,0
decode,,3168280.687052,0.000128,0,0,,,0,0
prefill,chatcmpl-b99db8875deff1b0-ae1afcf1,3168280.770093,0.000491,1,1359,1359,0,1,0
encoder,chatcmpl-b99db8875deff1b0-ae1afcf1,3168280.772160,0.375409,1,0,,, 1,0
decode,chatcmpl-b99db8875deff1b0-ae1afcf1,3168281.301509,0.000044,1,1,1360,1359,0,0
decode,chatcmpl-b99db8875deff1b0-ae1afcf1,3168281.315741,0.000093,1,1,1362,1360,0,0
decode,chatcmpl-b99db8875deff1b0-ae1afcf1,3168281.329602,0.000043,1,1,1364,1361,0,0
decode,chatcmpl-b99db8875deff1b0-ae1afcf1,3168281.343424,0.000042,1,1,1366,1362,0,0
decode,chatcmpl-b99db8875deff1b0-ae1afcf1,3168281.357248,0.000044,1,1,1368,1363,0,0
decode,chatcmpl-b99db8875deff1b0-ae1afcf1,3168281.371059,0.000042,1,1,1370,1364,0,0
decode,chatcmpl-b99db8875deff1b0-ae1afcf1,3168281.384869,0.000044,1,1,1372,1365,0,0
decode,chatcmpl-b99db8875deff1b0-ae1afcf1,3168281.398666,0.000042,1,1,1374,1366,0,0
decode,chatcmpl-b99db8875deff1b0-ae1afcf1,3168281.412478,0.000042,1,1,1376,1367,0,0
decode,chatcmpl-b99db8875deff1b0-ae1afcf1,3168281.426275,0.000042,1,1,1378,1368,0,0
decode,chatcmpl-b99db8875deff1b0-ae1afcf1,3168281.440082,0.000042,1,1,1380,1369,0,0
decode,chatcmpl-b99db8875deff1b0-ae1afcf1,3168281.453900,0.000042,1,1,1382,1370,0,0
decode,chatcmpl-b99db8875deff1b0-ae1afcf1,3168281.467711,0.000042,1,1,1384,1371,0,0
decode,chatcmpl-b99db8875deff1b0-ae1afcf1,3168281.481514,0.000042,1,1,1386,1372,0,0
decode,chatcmpl-b99db8875deff1b0-ae1afcf1,3168281.495326,0.000042,1,1,1388,1373,0,0
decode,chatcmpl-b99db8875deff1b0-ae1afcf1,3168281.509151,0.000042,1,1,1390,1374,0,0
decode,chatcmpl-b99db8875deff1b0-ae1afcf1,3168281.522943,0.000044,1,1,1392,1375,0,0
decode,chatcmpl-b99db8875deff1b0-ae1afcf1,3168281.536753,0.000042,1,1,1394,1376,0,0
decode,chatcmpl-b99db8875deff1b0-ae1afcf1,3168281.550552,0.000042,1,1,1396,1377,0,0
decode,chatcmpl-b99db8875deff1b0-ae1afcf1,3168281.564355,0.000043,1,1,1398,1378,0,0
decode,chatcmpl-b99db8875deff1b0-ae1afcf1,3168281.578143,0.000044,1,1,1400,1379,0,0
decode,chatcmpl-b99db8875deff1b0-ae1afcf1,3168281.591928,0.000043,1,1,1402,1380,0,0
decode,chatcmpl-b99db8875deff1b0-ae1afcf1,3168281.605733,0.000042,1,1,1404,1381,0,0
decode,chatcmpl-b99db8875deff1b0-ae1afcf1,3168281.619540,0.000044,1,1,1406,1382,0,0
decode,chatcmpl-b99db8875deff1b0-ae1afcf1,3168281.633345,0.000042,1,1,1408,1383,0,0
decode,chatcmpl-b99db8875deff1b0-ae1afcf1,3168281.647123,0.000043,1,1,1410,1384,0,0
decode,chatcmpl-b99db8875deff1b0-ae1afcf1,3168281.660930,0.000042,1,1,1412,1385,0,0
decode,chatcmpl-b99db8875deff1b0-ae1afcf1,3168281.674733,0.000043,1,1,1414,1386,0,0
decode,chatcmpl-b99db8875deff1b0-ae1afcf1,3168281.688530,0.000043,1,1,1416,1387,0,0
decode,chatcmpl-b99db8875deff1b0-ae1afcf1,3168281.702336,0.000042,1,1,1418,1388,0,0
decode,chatcmpl-b99db8875deff1b0-ae1afcf1,3168281.716126,0.000041,1,1,1420,1389,0,0
decode,chatcmpl-b99db8875deff1b0-ae1afcf1,3168281.729915,0.000042,1,1,1422,1390,0,0
decode,chatcmpl-b99db8875deff1b0-ae1afcf1,3168281.743704,0.000043,1,1,1424,1391,0,0
decode,chatcmpl-b99db8875deff1b0-ae1afcf1,3168281.757525,0.000044,1,1,1426,1392,0,0
decode,chatcmpl-b99db8875deff1b0-ae1afcf1,3168281.771347,0.000042,1,1,1428,1393,0,0
decode,chatcmpl-b99db8875deff1b0-ae1afcf1,3168281.785164,0.000042,1,1,1430,1394,0,0
decode,chatcmpl-b99db8875deff1b0-ae1afcf1,3168281.798946,0.000041,1,1,1432,1395,0,0
decode,chatcmpl-b99db8875deff1b0-ae1afcf1,3168281.812743,0.000042,1,1,1434,1396,0,0
decode,chatcmpl-b99db8875deff1b0-ae1afcf1,3168281.826525,0.000041,1,1,1436,1397,0,0
decode,chatcmpl-b99db8875deff1b0-ae1afcf1,3168281.840310,0.000042,1,1,1438,1398,0,0
decode,chatcmpl-b99db8875deff1b0-ae1afcf1,3168281.854088,0.000043,1,1,1440,1399,0,0
decode,chatcmpl-b99db8875deff1b0-ae1afcf1,3168281.867895,0.000043,1,1,1442,1400,0,0
decode,chatcmpl-b99db8875deff1b0-ae1afcf1,3168281.881703,0.000042,1,1,1444,1401,0,0
decode,chatcmpl-b99db8875deff1b0-ae1afcf1,3168281.895499,0.000043,1,1,1446,1402,0,0
decode,chatcmpl-b99db8875deff1b0-ae1afcf1,3168281.909292,0.000043,1,1,1448,1403,0,0
decode,chatcmpl-b99db8875deff1b0-ae1afcf1,3168281.923088,0.000044,1,1,1450,1404,0,0
decode,chatcmpl-b99db8875deff1b0-ae1afcf1,3168281.936892,0.000043,1,1,1452,1405,0,0
decode,chatcmpl-b99db8875deff1b0-ae1afcf1,3168281.950689,0.000044,1,1,1454,1406,0,0
decode,chatcmpl-b99db8875deff1b0-ae1afcf1,3168281.964510,0.000042,1,1,1456,1407,0,0
decode,chatcmpl-b99db8875deff1b0-ae1afcf1,3168281.978297,0.000054,1,1,1458,1408,0,0
decode,chatcmpl-b99db8875deff1b0-ae1afcf1,3168281.992098,0.000043,1,1,1460,1409,0,0
decode,chatcmpl-b99db8875deff1b0-ae1afcf1,3168282.005897,0.000042,1,1,1462,1410,0,0
decode,chatcmpl-b99db8875deff1b0-ae1afcf1,3168282.019694,0.000042,1,1,1464,1411,0,0
decode,chatcmpl-b99db8875deff1b0-ae1afcf1,3168282.033493,0.000042,1,1,1466,1412,0,0
decode,chatcmpl-b99db8875deff1b0-ae1afcf1,3168282.047290,0.000044,1,1,1468,1413,0,0
decode,chatcmpl-b99db8875deff1b0-ae1afcf1,3168282.061107,0.000043,1,1,1470,1414,0,0
decode,chatcmpl-b99db8875deff1b0-ae1afcf1,3168282.074900,0.000041,1,1,1472,1415,0,0
decode,chatcmpl-b99db8875deff1b0-ae1afcf1,3168282.088704,0.000041,1,1,1474,1416,0,0
decode,chatcmpl-b99db8875deff1b0-ae1afcf1,3168282.102484,0.000041,1,1,1476,1417,0,0
decode,chatcmpl-b99db8875deff1b0-ae1afcf1,3168282.116287,0.000042,1,1,1478,1418,0,0
decode,chatcmpl-b99db8875deff1b0-ae1afcf1,3168282.130091,0.000042,1,1,1480,1419,0,0
decode,chatcmpl-b99db8875deff1b0-ae1afcf1,3168282.143889,0.000042,1,1,1482,1420,0,0
decode,chatcmpl-b99db8875deff1b0-ae1afcf1,3168282.157705,0.000043,1,1,1484,1421,0,0
decode,chatcmpl-b99db8875deff1b0-ae1afcf1,3168282.171521,0.000043,1,1,1486,1422,0,0
decode,chatcmpl-b99db8875deff1b0-ae1afcf1,3168282.185318,0.000044,1,1,1488,1423,0,0
decode,chatcmpl-b99db8875deff1b0-ae1afcf1,3168282.199106,0.000040,1,1,1490,1424,0,0
decode,chatcmpl-b99db8875deff1b0-ae1afcf1,3168282.212913,0.000040,1,1,1492,1425,0,0
decode,chatcmpl-b99db8875deff1b0-ae1afcf1,3168282.226727,0.000043,1,1,1494,1426,0,0
decode,chatcmpl-b99db8875deff1b0-ae1afcf1,3168282.240538,0.000041,1,1,1496,1427,0,0
decode,chatcmpl-b99db8875deff1b0-ae1afcf1,3168282.254325,0.000043,1,1,1498,1428,0,0
decode,chatcmpl-b99db8875deff1b0-ae1afcf1,3168282.268120,0.000043,1,1,1500,1429,0,0
decode,chatcmpl-b99db8875deff1b0-ae1afcf1,3168282.281911,0.000041,1,1,1502,1430,0,0
decode,chatcmpl-b99db8875deff1b0-ae1afcf1,3168282.295717,0.000041,1,1,1504,1431,0,0
decode,chatcmpl-b99db8875deff1b0-ae1afcf1,3168282.309526,0.000044,1,1,1506,1432,0,0
decode,chatcmpl-b99db8875deff1b0-ae1afcf1,3168282.323330,0.000042,1,1,1508,1433,0,0
decode,chatcmpl-b99db8875deff1b0-ae1afcf1,3168282.337142,0.000044,1,1,1510,1434,0,0
decode,chatcmpl-b99db8875deff1b0-ae1afcf1,3168282.350924,0.000042,1,1,1512,1435,0,0
decode,chatcmpl-b99db8875deff1b0-ae1afcf1,3168282.364740,0.000043,1,1,1514,1436,0,0
decode,chatcmpl-b99db8875deff1b0-ae1afcf1,3168282.378525,0.000042,1,1,1516,1437,0,0
decode,chatcmpl-b99db8875deff1b0-ae1afcf1,3168282.392325,0.000041,1,1,1518,1438,0,0
decode,chatcmpl-b99db8875deff1b0-ae1afcf1,3168282.406130,0.000042,1,1,1520,1439,0,0
decode,chatcmpl-b99db8875deff1b0-ae1afcf1,3168282.419931,0.000043,1,1,1522,1440,0,0
decode,chatcmpl-b99db8875deff1b0-ae1afcf1,3168282.433726,0.000043,1,1,1524,1441,0,0
decode,chatcmpl-b99db8875deff1b0-ae1afcf1,3168282.447514,0.000043,1,1,1526,1442,0,0
decode,chatcmpl-b99db8875deff1b0-ae1afcf1,3168282.461323,0.000043,1,1,1528,1443,0,0
decode,chatcmpl-b99db8875deff1b0-ae1afcf1,3168282.475121,0.000041,1,1,1530,1444,0,0
decode,chatcmpl-b99db8875deff1b0-ae1afcf1,3168282.488937,0.000041,1,1,1532,1445,0,0
decode,chatcmpl-b99db8875deff1b0-ae1afcf1,3168282.502737,0.000041,1,1,1534,1446,0,0
decode,chatcmpl-b99db8875deff1b0-ae1afcf1,3168282.516543,0.000041,1,1,1536,1447,0,0
decode,chatcmpl-b99db8875deff1b0-ae1afcf1,3168282.530347,0.000041,1,1,1538,1448,0,0
decode,chatcmpl-b99db8875deff1b0-ae1afcf1,3168282.544128,0.000042,1,1,1540,1449,0,0
decode,chatcmpl-b99db8875deff1b0-ae1afcf1,3168282.557917,0.000042,1,1,1542,1450,0,0
decode,chatcmpl-b99db8875deff1b0-ae1afcf1,3168282.571731,0.000042,1,1,1544,1451,0,0
decode,chatcmpl-b99db8875deff1b0-ae1afcf1,3168282.585548,0.000042,1,1,1546,1452,0,0
decode,chatcmpl-b99db8875deff1b0-ae1afcf1,3168282.599345,0.000043,1,1,1548,1453,0,0
decode,chatcmpl-b99db8875deff1b0-ae1afcf1,3168282.613168,0.000042,1,1,1550,1454,0,0
decode,chatcmpl-b99db8875deff1b0-ae1afcf1,3168282.626981,0.000041,1,1,1552,1455,0,0
decode,chatcmpl-b99db8875deff1b0-ae1afcf1,3168282.640788,0.000042,1,1,1554,1456,0,0
decode,chatcmpl-b99db8875deff1b0-ae1afcf1,3168282.654585,0.000042,1,1,1556,1457,0,0
decode,chatcmpl-b99db8875deff1b0-ae1afcf1,3168282.668401,0.000042,1,1,1558,1458,0,0
decode,chatcmpl-b99db8875deff1b0-ae1afcf1,3168282.682182,0.000043,1,1,1560,1459,0,0
decode,chatcmpl-b99db8875deff1b0-ae1afcf1,3168282.695978,0.000050,1,1,1562,1460,0,0
decode,chatcmpl-b99db8875deff1b0-ae1afcf1,3168282.709770,0.000042,1,1,1564,1461,0,0
decode,chatcmpl-b99db8875deff1b0-ae1afcf1,3168282.723572,0.000042,1,1,1566,1462,0,0
decode,chatcmpl-b99db8875deff1b0-ae1afcf1,3168282.737363,0.000042,1,1,1568,1463,0,0
decode,chatcmpl-b99db8875deff1b0-ae1afcf1,3168282.751156,0.000043,1,1,1570,1464,0,0
decode,chatcmpl-b99db8875deff1b0-ae1afcf1,3168282.764960,0.000042,1,1,1572,1465,0,0
decode,chatcmpl-b99db8875deff1b0-ae1afcf1,3168282.778766,0.000042,1,1,1574,1466,0,0
decode,chatcmpl-b99db8875deff1b0-ae1afcf1,3168282.792566,0.000042,1,1,1576,1467,0,0
decode,chatcmpl-b99db8875deff1b0-ae1afcf1,3168282.806361,0.000043,1,1,1578,1468,0,0
decode,chatcmpl-b99db8875deff1b0-ae1afcf1,3168282.820138,0.000042,1,1,1580,1469,0,0
decode,chatcmpl-b99db8875deff1b0-ae1afcf1,3168282.833943,0.000043,1,1,1582,1470,0,0
decode,chatcmpl-b99db8875deff1b0-ae1afcf1,3168282.847756,0.000042,1,1,1584,1471,0,0
decode,chatcmpl-b99db8875deff1b0-ae1afcf1,3168282.861564,0.000042,1,1,1586,1472,0,0
decode,chatcmpl-b99db8875deff1b0-ae1afcf1,3168282.875366,0.000042,1,1,1588,1473,0,0
decode,chatcmpl-b99db8875deff1b0-ae1afcf1,3168282.889181,0.000042,1,1,1590,1474,0,0
decode,chatcmpl-b99db8875deff1b0-ae1afcf1,3168282.902989,0.000043,1,1,1592,1475,0,0
decode,chatcmpl-b99db8875deff1b0-ae1afcf1,3168282.916788,0.000043,1,1,1594,1476,0,0
decode,chatcmpl-b99db8875deff1b0-ae1afcf1,3168282.930569,0.000043,1,1,1596,1477,0,0
decode,chatcmpl-b99db8875deff1b0-ae1afcf1,3168282.944374,0.000042,1,1,1598,1478,0,0
decode,chatcmpl-b99db8875deff1b0-ae1afcf1,3168282.958151,0.000042,1,1,1600,1479,0,0
decode,chatcmpl-b99db8875deff1b0-ae1afcf1,3168282.971936,0.000042,1,1,1602,1480,0,0
decode,chatcmpl-b99db8875deff1b0-ae1afcf1,3168282.985735,0.000042,1,1,1604,1481,0,0
decode,chatcmpl-b99db8875deff1b0-ae1afcf1,3168282.999536,0.000042,1,1,1606,1482,0,0
decode,chatcmpl-b99db8875deff1b0-ae1afcf1,3168283.013353,0.000043,1,1,1608,1483,0,0
decode,chatcmpl-b99db8875deff1b0-ae1afcf1,3168283.027171,0.000043,1,1,1610,1484,0,0
decode,chatcmpl-b99db8875deff1b0-ae1afcf1,3168283.040986,0.000043,1,1,1612,1485,0,0
decode,chatcmpl-b99db8875deff1b0-ae1afcf1,3168283.054787,0.000040,1,1,1614,1486,0,0
decode,chatcmpl-b99db8875deff1b0-ae1afcf1,3168283.068601,0.000041,1,1,1616,1487,0,0
decode,chatcmpl-b99db8875deff1b0-ae1afcf1,3168283.082398,0.000042,1,1,1618,1488,0,0
decode,chatcmpl-b99db8875deff1b0-ae1afcf1,3168283.096187,0.000041,1,1,1620,1489,0,0
decode,chatcmpl-b99db8875deff1b0-ae1afcf1,3168283.109988,0.000042,1,1,1622,1490,0,0
decode,chatcmpl-b99db8875deff1b0-ae1afcf1,3168283.123812,0.000041,1,1,1624,1491,0,0
decode,chatcmpl-b99db8875deff1b0-ae1afcf1,3168283.137618,0.000042,1,1,1626,1492,0,0
decode,chatcmpl-b99db8875deff1b0-ae1afcf1,3168283.151411,0.000042,1,1,1628,1493,0,0
decode,chatcmpl-b99db8875deff1b0-ae1afcf1,3168283.165217,0.000042,1,1,1630,1494,0,0
decode,chatcmpl-b99db8875deff1b0-ae1afcf1,3168283.179013,0.000041,1,1,1632,1495,0,0
decode,chatcmpl-b99db8875deff1b0-ae1afcf1,3168283.192810,0.000042,1,1,1634,1496,0,0
decode,chatcmpl-b99db8875deff1b0-ae1afcf1,3168283.206590,0.000041,1,1,1636,1497,0,0
decode,chatcmpl-b99db8875deff1b0-ae1afcf1,3168283.220494,0.000043,1,1,1638,1498,0,0
decode,chatcmpl-b99db8875deff1b0-ae1afcf1,3168283.234287,0.000042,1,1,1640,1499,0,0
decode,,3168283.248085,0.000088,0,0,,,0,0
decode,,3168283.248407,0.000130,0,0,,,0,0
prefill,chatcmpl-88d517f85fb81ebf-917a3783,3168283.332499,0.000530,1,1337,1337,0,1,0
encoder,chatcmpl-88d517f85fb81ebf-917a3783,3168283.334568,0.375538,1,0,,, 1,0
decode,chatcmpl-88d517f85fb81ebf-917a3783,3168283.861337,0.000045,1,1,1338,1337,0,0
decode,chatcmpl-88d517f85fb81ebf-917a3783,3168283.875539,0.000043,1,1,1340,1338,0,0
decode,chatcmpl-88d517f85fb81ebf-917a3783,3168283.889411,0.000043,1,1,1342,1339,0,0
decode,chatcmpl-88d517f85fb81ebf-917a3783,3168283.903336,0.000042,1,1,1344,1340,0,0
decode,chatcmpl-88d517f85fb81ebf-917a3783,3168283.917179,0.000044,1,1,1346,1341,0,0
decode,chatcmpl-88d517f85fb81ebf-917a3783,3168283.930992,0.000042,1,1,1348,1342,0,0
decode,chatcmpl-88d517f85fb81ebf-917a3783,3168283.944810,0.000043,1,1,1350,1343,0,0
decode,chatcmpl-88d517f85fb81ebf-917a3783,3168283.958610,0.000043,1,1,1352,1344,0,0
decode,chatcmpl-88d517f85fb81ebf-917a3783,3168283.972432,0.000043,1,1,1354,1345,0,0
decode,chatcmpl-88d517f85fb81ebf-917a3783,3168283.986225,0.000042,1,1,1356,1346,0,0
decode,chatcmpl-88d517f85fb81ebf-917a3783,3168284.000024,0.000044,1,1,1358,1347,0,0
decode,chatcmpl-88d517f85fb81ebf-917a3783,3168284.013900,0.000043,1,1,1360,1348,0,0
decode,chatcmpl-88d517f85fb81ebf-917a3783,3168284.027648,0.000042,1,1,1362,1349,0,0
decode,chatcmpl-88d517f85fb81ebf-917a3783,3168284.041467,0.000043,1,1,1364,1350,0,0
decode,chatcmpl-88d517f85fb81ebf-917a3783,3168284.055362,0.000040,1,1,1366,1351,0,0
decode,chatcmpl-88d517f85fb81ebf-917a3783,3168284.069168,0.000042,1,1,1368,1352,0,0
decode,chatcmpl-88d517f85fb81ebf-917a3783,3168284.082967,0.000044,1,1,1370,1353,0,0
decode,chatcmpl-88d517f85fb81ebf-917a3783,3168284.096783,0.000042,1,1,1372,1354,0,0
decode,chatcmpl-88d517f85fb81ebf-917a3783,3168284.110585,0.000041,1,1,1374,1355,0,0
decode,chatcmpl-88d517f85fb81ebf-917a3783,3168284.124385,0.000042,1,1,1376,1356,0,0
decode,chatcmpl-88d517f85fb81ebf-917a3783,3168284.138177,0.000045,1,1,1378,1357,0,0
decode,chatcmpl-88d517f85fb81ebf-917a3783,3168284.151960,0.000047,1,1,1380,1358,0,0
decode,chatcmpl-88d517f85fb81ebf-917a3783,3168284.165754,0.000044,1,1,1382,1359,0,0
decode,chatcmpl-88d517f85fb81ebf-917a3783,3168284.179552,0.000042,1,1,1384,1360,0,0
decode,chatcmpl-88d517f85fb81ebf-917a3783,3168284.193360,0.000042,1,1,1386,1361,0,0
decode,chatcmpl-88d517f85fb81ebf-917a3783,3168284.207249,0.000042,1,1,1388,1362,0,0
decode,chatcmpl-88d517f85fb81ebf-917a3783,3168284.221081,0.000042,1,1,1390,1363,0,0
decode,chatcmpl-88d517f85fb81ebf-917a3783,3168284.234886,0.000041,1,1,1392,1364,0,0
decode,chatcmpl-88d517f85fb81ebf-917a3783,3168284.248700,0.000043,1,1,1394,1365,0,0
decode,chatcmpl-88d517f85fb81ebf-917a3783,3168284.262496,0.000043,1,1,1396,1366,0,0
decode,chatcmpl-88d517f85fb81ebf-917a3783,3168284.276299,0.000042,1,1,1398,1367,0,0
decode,chatcmpl-88d517f85fb81ebf-917a3783,3168284.290102,0.000041,1,1,1400,1368,0,0
decode,chatcmpl-88d517f85fb81ebf-917a3783,3168284.303905,0.000041,1,1,1402,1369,0,0
decode,chatcmpl-88d517f85fb81ebf-917a3783,3168284.317702,0.000044,1,1,1404,1370,0,0
decode,chatcmpl-88d517f85fb81ebf-917a3783,3168284.331485,0.000043,1,1,1406,1371,0,0
decode,chatcmpl-88d517f85fb81ebf-917a3783,3168284.345290,0.000045,1,1,1408,1372,0,0
decode,chatcmpl-88d517f85fb81ebf-917a3783,3168284.359220,0.000043,1,1,1410,1373,0,0
decode,chatcmpl-88d517f85fb81ebf-917a3783,3168284.373060,0.000042,1,1,1412,1374,0,0
decode,chatcmpl-88d517f85fb81ebf-917a3783,3168284.386843,0.000043,1,1,1414,1375,0,0
decode,chatcmpl-88d517f85fb81ebf-917a3783,3168284.400673,0.000044,1,1,1416,1376,0,0
decode,chatcmpl-88d517f85fb81ebf-917a3783,3168284.414465,0.000043,1,1,1418,1377,0,0
decode,chatcmpl-88d517f85fb81ebf-917a3783,3168284.428267,0.000045,1,1,1420,1378,0,0
decode,chatcmpl-88d517f85fb81ebf-917a3783,3168284.442056,0.000044,1,1,1422,1379,0,0
decode,chatcmpl-88d517f85fb81ebf-917a3783,3168284.455903,0.000042,1,1,1424,1380,0,0
decode,chatcmpl-88d517f85fb81ebf-917a3783,3168284.469640,0.000043,1,1,1426,1381,0,0
decode,chatcmpl-88d517f85fb81ebf-917a3783,3168284.483435,0.000044,1,1,1428,1382,0,0
decode,chatcmpl-88d517f85fb81ebf-917a3783,3168284.497227,0.000042,1,1,1430,1383,0,0
decode,chatcmpl-88d517f85fb81ebf-917a3783,3168284.511113,0.000041,1,1,1432,1384,0,0
decode,chatcmpl-88d517f85fb81ebf-917a3783,3168284.524929,0.000043,1,1,1434,1385,0,0
decode,chatcmpl-88d517f85fb81ebf-917a3783,3168284.538733,0.000042,1,1,1436,1386,0,0
decode,chatcmpl-88d517f85fb81ebf-917a3783,3168284.552543,0.000041,1,1,1438,1387,0,0
decode,chatcmpl-88d517f85fb81ebf-917a3783,3168284.566360,0.000043,1,1,1440,1388,0,0
decode,chatcmpl-88d517f85fb81ebf-917a3783,3168284.580149,0.000043,1,1,1442,1389,0,0
decode,chatcmpl-88d517f85fb81ebf-917a3783,3168284.593940,0.000041,1,1,1444,1390,0,0
decode,chatcmpl-88d517f85fb81ebf-917a3783,3168284.607727,0.000041,1,1,1446,1391,0,0
decode,chatcmpl-88d517f85fb81ebf-917a3783,3168284.621526,0.000043,1,1,1448,1392,0,0
decode,chatcmpl-88d517f85fb81ebf-917a3783,3168284.635315,0.000042,1,1,1450,1393,0,0
decode,chatcmpl-88d517f85fb81ebf-917a3783,3168284.649137,0.000042,1,1,1452,1394,0,0
decode,chatcmpl-88d517f85fb81ebf-917a3783,3168284.663053,0.000041,1,1,1454,1395,0,0
decode,chatcmpl-88d517f85fb81ebf-917a3783,3168284.676851,0.000045,1,1,1456,1396,0,0
decode,chatcmpl-88d517f85fb81ebf-917a3783,3168284.690642,0.000041,1,1,1458,1397,0,0
decode,chatcmpl-88d517f85fb81ebf-917a3783,3168284.704451,0.000044,1,1,1460,1398,0,0
decode,chatcmpl-88d517f85fb81ebf-917a3783,3168284.718334,0.000040,1,1,1462,1399,0,0
decode,chatcmpl-88d517f85fb81ebf-917a3783,3168284.732085,0.000041,1,1,1464,1400,0,0
decode,chatcmpl-88d517f85fb81ebf-917a3783,3168284.745827,0.000040,1,1,1466,1401,0,0
decode,chatcmpl-88d517f85fb81ebf-917a3783,3168284.759575,0.000044,1,1,1468,1402,0,0
decode,chatcmpl-88d517f85fb81ebf-917a3783,3168284.773312,0.000042,1,1,1470,1403,0,0
decode,chatcmpl-88d517f85fb81ebf-917a3783,3168284.787073,0.000041,1,1,1472,1404,0,0
decode,chatcmpl-88d517f85fb81ebf-917a3783,3168284.800827,0.000043,1,1,1474,1405,0,0
decode,chatcmpl-88d517f85fb81ebf-917a3783,3168284.814579,0.000041,1,1,1476,1406,0,0
decode,chatcmpl-88d517f85fb81ebf-917a3783,3168284.828353,0.000043,1,1,1478,1407,0,0
decode,chatcmpl-88d517f85fb81ebf-917a3783,3168284.842109,0.000052,1,1,1480,1408,0,0
decode,chatcmpl-88d517f85fb81ebf-917a3783,3168284.855862,0.000041,1,1,1482,1409,0,0
decode,chatcmpl-88d517f85fb81ebf-917a3783,3168284.869616,0.000041,1,1,1484,1410,0,0
decode,chatcmpl-88d517f85fb81ebf-917a3783,3168284.883370,0.000043,1,1,1486,1411,0,0
decode,chatcmpl-88d517f85fb81ebf-917a3783,3168284.897138,0.000042,1,1,1488,1412,0,0
decode,chatcmpl-88d517f85fb81ebf-917a3783,3168284.910900,0.000040,1,1,1490,1413,0,0
decode,chatcmpl-88d517f85fb81ebf-917a3783,3168284.924656,0.000040,1,1,1492,1414,0,0
decode,chatcmpl-88d517f85fb81ebf-917a3783,3168284.938397,0.000043,1,1,1494,1415,0,0
decode,chatcmpl-88d517f85fb81ebf-917a3783,3168284.952148,0.000041,1,1,1496,1416,0,0
decode,chatcmpl-88d517f85fb81ebf-917a3783,3168284.965880,0.000041,1,1,1498,1417,0,0
decode,chatcmpl-88d517f85fb81ebf-917a3783,3168284.979634,0.000040,1,1,1500,1418,0,0
decode,chatcmpl-88d517f85fb81ebf-917a3783,3168284.993374,0.000041,1,1,1502,1419,0,0
decode,chatcmpl-88d517f85fb81ebf-917a3783,3168285.007127,0.000040,1,1,1504,1420,0,0
decode,chatcmpl-88d517f85fb81ebf-917a3783,3168285.020881,0.000042,1,1,1506,1421,0,0
decode,chatcmpl-88d517f85fb81ebf-917a3783,3168285.034639,0.000043,1,1,1508,1422,0,0
decode,chatcmpl-88d517f85fb81ebf-917a3783,3168285.048380,0.000042,1,1,1510,1423,0,0
decode,chatcmpl-88d517f85fb81ebf-917a3783,3168285.062136,0.000042,1,1,1512,1424,0,0
decode,chatcmpl-88d517f85fb81ebf-917a3783,3168285.075884,0.000041,1,1,1514,1425,0,0
decode,chatcmpl-88d517f85fb81ebf-917a3783,3168285.089623,0.000039,1,1,1516,1426,0,0
decode,chatcmpl-88d517f85fb81ebf-917a3783,3168285.103379,0.000041,1,1,1518,1427,0,0
decode,chatcmpl-88d517f85fb81ebf-917a3783,3168285.117145,0.000042,1,1,1520,1428,0,0
decode,chatcmpl-88d517f85fb81ebf-917a3783,3168285.130892,0.000042,1,1,1522,1429,0,0
decode,chatcmpl-88d517f85fb81ebf-917a3783,3168285.144658,0.000041,1,1,1524,1430,0,0
decode,chatcmpl-88d517f85fb81ebf-917a3783,3168285.158407,0.000041,1,1,1526,1431,0,0
decode,chatcmpl-88d517f85fb81ebf-917a3783,3168285.172165,0.000040,1,1,1528,1432,0,0
decode,chatcmpl-88d517f85fb81ebf-917a3783,3168285.185911,0.000042,1,1,1530,1433,0,0
decode,chatcmpl-88d517f85fb81ebf-917a3783,3168285.199654,0.000041,1,1,1532,1434,0,0
decode,chatcmpl-88d517f85fb81ebf-917a3783,3168285.213433,0.000043,1,1,1534,1435,0,0
decode,chatcmpl-88d517f85fb81ebf-917a3783,3168285.227168,0.000041,1,1,1536,1436,0,0
decode,chatcmpl-88d517f85fb81ebf-917a3783,3168285.240931,0.000041,1,1,1538,1437,0,0
decode,chatcmpl-88d517f85fb81ebf-917a3783,3168285.254686,0.000043,1,1,1540,1438,0,0
decode,chatcmpl-88d517f85fb81ebf-917a3783,3168285.268456,0.000041,1,1,1542,1439,0,0
decode,chatcmpl-88d517f85fb81ebf-917a3783,3168285.282209,0.000041,1,1,1544,1440,0,0
decode,chatcmpl-88d517f85fb81ebf-917a3783,3168285.295957,0.000048,1,1,1546,1441,0,0
decode,chatcmpl-88d517f85fb81ebf-917a3783,3168285.309694,0.000041,1,1,1548,1442,0,0
decode,chatcmpl-88d517f85fb81ebf-917a3783,3168285.323426,0.000042,1,1,1550,1443,0,0
decode,chatcmpl-88d517f85fb81ebf-917a3783,3168285.337180,0.000043,1,1,1552,1444,0,0
decode,chatcmpl-88d517f85fb81ebf-917a3783,3168285.350914,0.000042,1,1,1554,1445,0,0
decode,chatcmpl-88d517f85fb81ebf-917a3783,3168285.364680,0.000039,1,1,1556,1446,0,0
decode,chatcmpl-88d517f85fb81ebf-917a3783,3168285.378408,0.000041,1,1,1558,1447,0,0
decode,chatcmpl-88d517f85fb81ebf-917a3783,3168285.392153,0.000042,1,1,1560,1448,0,0
decode,chatcmpl-88d517f85fb81ebf-917a3783,3168285.405895,0.000041,1,1,1562,1449,0,0
decode,chatcmpl-88d517f85fb81ebf-917a3783,3168285.419650,0.000042,1,1,1564,1450,0,0
decode,chatcmpl-88d517f85fb81ebf-917a3783,3168285.433385,0.000040,1,1,1566,1451,0,0
decode,chatcmpl-88d517f85fb81ebf-917a3783,3168285.447127,0.000041,1,1,1568,1452,0,0
decode,chatcmpl-88d517f85fb81ebf-917a3783,3168285.460887,0.000040,1,1,1570,1453,0,0
decode,chatcmpl-88d517f85fb81ebf-917a3783,3168285.474633,0.000042,1,1,1572,1454,0,0
decode,chatcmpl-88d517f85fb81ebf-917a3783,3168285.488403,0.000042,1,1,1574,1455,0,0
decode,chatcmpl-88d517f85fb81ebf-917a3783,3168285.502141,0.000042,1,1,1576,1456,0,0
decode,chatcmpl-88d517f85fb81ebf-917a3783,3168285.515893,0.000042,1,1,1578,1457,0,0
decode,chatcmpl-88d517f85fb81ebf-917a3783,3168285.529651,0.000042,1,1,1580,1458,0,0
decode,,3168285.543405,0.000086,0,0,,,0,0
decode,,3168285.543779,0.000055,0,0,,,0,0
prefill,chatcmpl-90418ba688db4532-a878ef6e,3168285.625707,0.000472,1,1325,1325,0,1,0
encoder,chatcmpl-90418ba688db4532-a878ef6e,3168285.627672,0.375216,1,0,,, 1,0
decode,chatcmpl-90418ba688db4532-a878ef6e,3168286.152557,0.000043,1,1,1326,1325,0,0
decode,chatcmpl-90418ba688db4532-a878ef6e,3168286.166697,0.000042,1,1,1328,1326,0,0
decode,chatcmpl-90418ba688db4532-a878ef6e,3168286.180512,0.000040,1,1,1330,1327,0,0
decode,chatcmpl-90418ba688db4532-a878ef6e,3168286.194370,0.000042,1,1,1332,1328,0,0
decode,chatcmpl-90418ba688db4532-a878ef6e,3168286.208128,0.000043,1,1,1334,1329,0,0
decode,chatcmpl-90418ba688db4532-a878ef6e,3168286.221891,0.000041,1,1,1336,1330,0,0
decode,chatcmpl-90418ba688db4532-a878ef6e,3168286.235647,0.000041,1,1,1338,1331,0,0
decode,chatcmpl-90418ba688db4532-a878ef6e,3168286.249400,0.000040,1,1,1340,1332,0,0
decode,chatcmpl-90418ba688db4532-a878ef6e,3168286.263168,0.000042,1,1,1342,1333,0,0
decode,chatcmpl-90418ba688db4532-a878ef6e,3168286.276936,0.000043,1,1,1344,1334,0,0
decode,chatcmpl-90418ba688db4532-a878ef6e,3168286.290708,0.000041,1,1,1346,1335,0,0
decode,chatcmpl-90418ba688db4532-a878ef6e,3168286.304490,0.000042,1,1,1348,1336,0,0
decode,chatcmpl-90418ba688db4532-a878ef6e,3168286.318249,0.000044,1,1,1350,1337,0,0
decode,chatcmpl-90418ba688db4532-a878ef6e,3168286.332009,0.000041,1,1,1352,1338,0,0
decode,chatcmpl-90418ba688db4532-a878ef6e,3168286.345882,0.000042,1,1,1354,1339,0,0
decode,chatcmpl-90418ba688db4532-a878ef6e,3168286.359631,0.000042,1,1,1356,1340,0,0
decode,chatcmpl-90418ba688db4532-a878ef6e,3168286.373396,0.000043,1,1,1358,1341,0,0
decode,chatcmpl-90418ba688db4532-a878ef6e,3168286.387146,0.000042,1,1,1360,1342,0,0
decode,chatcmpl-90418ba688db4532-a878ef6e,3168286.400910,0.000042,1,1,1362,1343,0,0
decode,chatcmpl-90418ba688db4532-a878ef6e,3168286.414677,0.000042,1,1,1364,1344,0,0
decode,chatcmpl-90418ba688db4532-a878ef6e,3168286.428439,0.000040,1,1,1366,1345,0,0
decode,chatcmpl-90418ba688db4532-a878ef6e,3168286.442189,0.000042,1,1,1368,1346,0,0
decode,chatcmpl-90418ba688db4532-a878ef6e,3168286.455951,0.000041,1,1,1370,1347,0,0
decode,chatcmpl-90418ba688db4532-a878ef6e,3168286.469703,0.000042,1,1,1372,1348,0,0
decode,chatcmpl-90418ba688db4532-a878ef6e,3168286.483445,0.000040,1,1,1374,1349,0,0
decode,chatcmpl-90418ba688db4532-a878ef6e,3168286.497313,0.000041,1,1,1376,1350,0,0
decode,chatcmpl-90418ba688db4532-a878ef6e,3168286.511063,0.000042,1,1,1378,1351,0,0
decode,chatcmpl-90418ba688db4532-a878ef6e,3168286.524805,0.000043,1,1,1380,1352,0,0
decode,chatcmpl-90418ba688db4532-a878ef6e,3168286.538543,0.000042,1,1,1382,1353,0,0
decode,chatcmpl-90418ba688db4532-a878ef6e,3168286.552356,0.000042,1,1,1384,1354,0,0
decode,chatcmpl-90418ba688db4532-a878ef6e,3168286.566074,0.000042,1,1,1386,1355,0,0
decode,chatcmpl-90418ba688db4532-a878ef6e,3168286.579815,0.000040,1,1,1388,1356,0,0
decode,chatcmpl-90418ba688db4532-a878ef6e,3168286.593572,0.000042,1,1,1390,1357,0,0
decode,chatcmpl-90418ba688db4532-a878ef6e,3168286.607342,0.000042,1,1,1392,1358,0,0
decode,chatcmpl-90418ba688db4532-a878ef6e,3168286.621109,0.000041,1,1,1394,1359,0,0
decode,chatcmpl-90418ba688db4532-a878ef6e,3168286.634844,0.000042,1,1,1396,1360,0,0
decode,chatcmpl-90418ba688db4532-a878ef6e,3168286.648705,0.000042,1,1,1398,1361,0,0
decode,chatcmpl-90418ba688db4532-a878ef6e,3168286.662455,0.000042,1,1,1400,1362,0,0
decode,chatcmpl-90418ba688db4532-a878ef6e,3168286.676195,0.000041,1,1,1402,1363,0,0
decode,chatcmpl-90418ba688db4532-a878ef6e,3168286.689936,0.000041,1,1,1404,1364,0,0
decode,chatcmpl-90418ba688db4532-a878ef6e,3168286.703717,0.000042,1,1,1406,1365,0,0
decode,chatcmpl-90418ba688db4532-a878ef6e,3168286.717471,0.000040,1,1,1408,1366,0,0
decode,chatcmpl-90418ba688db4532-a878ef6e,3168286.731227,0.000042,1,1,1410,1367,0,0
decode,chatcmpl-90418ba688db4532-a878ef6e,3168286.744982,0.000042,1,1,1412,1368,0,0
decode,chatcmpl-90418ba688db4532-a878ef6e,3168286.758729,0.000040,1,1,1414,1369,0,0
decode,chatcmpl-90418ba688db4532-a878ef6e,3168286.772494,0.000042,1,1,1416,1370,0,0
decode,chatcmpl-90418ba688db4532-a878ef6e,3168286.786235,0.000040,1,1,1418,1371,0,0
decode,chatcmpl-90418ba688db4532-a878ef6e,3168286.800092,0.000042,1,1,1420,1372,0,0
decode,chatcmpl-90418ba688db4532-a878ef6e,3168286.814003,0.000041,1,1,1422,1373,0,0
decode,chatcmpl-90418ba688db4532-a878ef6e,3168286.827738,0.000042,1,1,1424,1374,0,0
decode,chatcmpl-90418ba688db4532-a878ef6e,3168286.841491,0.000042,1,1,1426,1375,0,0
decode,chatcmpl-90418ba688db4532-a878ef6e,3168286.855264,0.000041,1,1,1428,1376,0,0
decode,chatcmpl-90418ba688db4532-a878ef6e,3168286.869030,0.000042,1,1,1430,1377,0,0
decode,chatcmpl-90418ba688db4532-a878ef6e,3168286.882760,0.000041,1,1,1432,1378,0,0
decode,chatcmpl-90418ba688db4532-a878ef6e,3168286.896510,0.000039,1,1,1434,1379,0,0
decode,chatcmpl-90418ba688db4532-a878ef6e,3168286.910252,0.000042,1,1,1436,1380,0,0
decode,chatcmpl-90418ba688db4532-a878ef6e,3168286.923999,0.000048,1,1,1438,1381,0,0
decode,chatcmpl-90418ba688db4532-a878ef6e,3168286.937740,0.000043,1,1,1440,1382,0,0
decode,chatcmpl-90418ba688db4532-a878ef6e,3168286.951607,0.000042,1,1,1442,1383,0,0
decode,chatcmpl-90418ba688db4532-a878ef6e,3168286.965384,0.000042,1,1,1444,1384,0,0
decode,chatcmpl-90418ba688db4532-a878ef6e,3168286.979126,0.000041,1,1,1446,1385,0,0
decode,chatcmpl-90418ba688db4532-a878ef6e,3168286.992883,0.000041,1,1,1448,1386,0,0
decode,chatcmpl-90418ba688db4532-a878ef6e,3168287.006647,0.000041,1,1,1450,1387,0,0
decode,chatcmpl-90418ba688db4532-a878ef6e,3168287.020419,0.000040,1,1,1452,1388,0,0
decode,chatcmpl-90418ba688db4532-a878ef6e,3168287.034161,0.000041,1,1,1454,1389,0,0
decode,chatcmpl-90418ba688db4532-a878ef6e,3168287.047912,0.000040,1,1,1456,1390,0,0
decode,chatcmpl-90418ba688db4532-a878ef6e,3168287.061644,0.000041,1,1,1458,1391,0,0
decode,chatcmpl-90418ba688db4532-a878ef6e,3168287.075393,0.000042,1,1,1460,1392,0,0
decode,chatcmpl-90418ba688db4532-a878ef6e,3168287.089158,0.000043,1,1,1462,1393,0,0
decode,chatcmpl-90418ba688db4532-a878ef6e,3168287.103013,0.000043,1,1,1464,1394,0,0
decode,chatcmpl-90418ba688db4532-a878ef6e,3168287.116782,0.000041,1,1,1466,1395,0,0
decode,chatcmpl-90418ba688db4532-a878ef6e,3168287.130514,0.000041,1,1,1468,1396,0,0
decode,chatcmpl-90418ba688db4532-a878ef6e,3168287.144284,0.000042,1,1,1470,1397,0,0
decode,chatcmpl-90418ba688db4532-a878ef6e,3168287.158027,0.000043,1,1,1472,1398,0,0
decode,chatcmpl-90418ba688db4532-a878ef6e,3168287.171783,0.000040,1,1,1474,1399,0,0
decode,chatcmpl-90418ba688db4532-a878ef6e,3168287.185542,0.000042,1,1,1476,1400,0,0
decode,chatcmpl-90418ba688db4532-a878ef6e,3168287.199290,0.000041,1,1,1478,1401,0,0
decode,chatcmpl-90418ba688db4532-a878ef6e,3168287.213061,0.000042,1,1,1480,1402,0,0
decode,chatcmpl-90418ba688db4532-a878ef6e,3168287.226806,0.000042,1,1,1482,1403,0,0
decode,chatcmpl-90418ba688db4532-a878ef6e,3168287.240561,0.000041,1,1,1484,1404,0,0
decode,chatcmpl-90418ba688db4532-a878ef6e,3168287.254468,0.000040,1,1,1486,1405,0,0
decode,chatcmpl-90418ba688db4532-a878ef6e,3168287.268164,0.000043,1,1,1488,1406,0,0
decode,chatcmpl-90418ba688db4532-a878ef6e,3168287.281920,0.000042,1,1,1490,1407,0,0
decode,chatcmpl-90418ba688db4532-a878ef6e,3168287.295683,0.000052,1,1,1492,1408,0,0
decode,chatcmpl-90418ba688db4532-a878ef6e,3168287.309449,0.000041,1,1,1494,1409,0,0
decode,chatcmpl-90418ba688db4532-a878ef6e,3168287.323194,0.000040,1,1,1496,1410,0,0
decode,chatcmpl-90418ba688db4532-a878ef6e,3168287.336957,0.000042,1,1,1498,1411,0,0
decode,chatcmpl-90418ba688db4532-a878ef6e,3168287.350694,0.000041,1,1,1500,1412,0,0
decode,chatcmpl-90418ba688db4532-a878ef6e,3168287.364462,0.000041,1,1,1502,1413,0,0
decode,chatcmpl-90418ba688db4532-a878ef6e,3168287.378207,0.000042,1,1,1504,1414,0,0
decode,chatcmpl-90418ba688db4532-a878ef6e,3168287.391957,0.000042,1,1,1506,1415,0,0
decode,chatcmpl-90418ba688db4532-a878ef6e,3168287.405797,0.000039,1,1,1508,1416,0,0
decode,chatcmpl-90418ba688db4532-a878ef6e,3168287.419559,0.000042,1,1,1510,1417,0,0
decode,chatcmpl-90418ba688db4532-a878ef6e,3168287.433309,0.000042,1,1,1512,1418,0,0
decode,chatcmpl-90418ba688db4532-a878ef6e,3168287.447062,0.000041,1,1,1514,1419,0,0
decode,chatcmpl-90418ba688db4532-a878ef6e,3168287.460815,0.000042,1,1,1516,1420,0,0
decode,chatcmpl-90418ba688db4532-a878ef6e,3168287.474553,0.000041,1,1,1518,1421,0,0
decode,chatcmpl-90418ba688db4532-a878ef6e,3168287.488327,0.000042,1,1,1520,1422,0,0
decode,chatcmpl-90418ba688db4532-a878ef6e,3168287.502082,0.000043,1,1,1522,1423,0,0
decode,chatcmpl-90418ba688db4532-a878ef6e,3168287.515833,0.000040,1,1,1524,1424,0,0
decode,chatcmpl-90418ba688db4532-a878ef6e,3168287.529585,0.000041,1,1,1526,1425,0,0
decode,chatcmpl-90418ba688db4532-a878ef6e,3168287.543338,0.000041,1,1,1528,1426,0,0
decode,chatcmpl-90418ba688db4532-a878ef6e,3168287.557180,0.000041,1,1,1530,1427,0,0
decode,chatcmpl-90418ba688db4532-a878ef6e,3168287.570927,0.000041,1,1,1532,1428,0,0
decode,chatcmpl-90418ba688db4532-a878ef6e,3168287.584679,0.000041,1,1,1534,1429,0,0
decode,chatcmpl-90418ba688db4532-a878ef6e,3168287.598453,0.000041,1,1,1536,1430,0,0
decode,chatcmpl-90418ba688db4532-a878ef6e,3168287.612221,0.000041,1,1,1538,1431,0,0
decode,chatcmpl-90418ba688db4532-a878ef6e,3168287.625970,0.000042,1,1,1540,1432,0,0
decode,chatcmpl-90418ba688db4532-a878ef6e,3168287.639706,0.000040,1,1,1542,1433,0,0
decode,chatcmpl-90418ba688db4532-a878ef6e,3168287.653468,0.000041,1,1,1544,1434,0,0
decode,chatcmpl-90418ba688db4532-a878ef6e,3168287.667214,0.000041,1,1,1546,1435,0,0
decode,chatcmpl-90418ba688db4532-a878ef6e,3168287.680964,0.000040,1,1,1548,1436,0,0
decode,chatcmpl-90418ba688db4532-a878ef6e,3168287.694716,0.000041,1,1,1550,1437,0,0
decode,chatcmpl-90418ba688db4532-a878ef6e,3168287.708569,0.000041,1,1,1552,1438,0,0
decode,chatcmpl-90418ba688db4532-a878ef6e,3168287.722330,0.000040,1,1,1554,1439,0,0
decode,chatcmpl-90418ba688db4532-a878ef6e,3168287.736078,0.000041,1,1,1556,1440,0,0
decode,chatcmpl-90418ba688db4532-a878ef6e,3168287.749830,0.000040,1,1,1558,1441,0,0
decode,chatcmpl-90418ba688db4532-a878ef6e,3168287.763569,0.000041,1,1,1560,1442,0,0
decode,chatcmpl-90418ba688db4532-a878ef6e,3168287.777308,0.000041,1,1,1562,1443,0,0
decode,chatcmpl-90418ba688db4532-a878ef6e,3168287.791037,0.000040,1,1,1564,1444,0,0
decode,chatcmpl-90418ba688db4532-a878ef6e,3168287.804793,0.000041,1,1,1566,1445,0,0
decode,chatcmpl-90418ba688db4532-a878ef6e,3168287.818530,0.000042,1,1,1568,1446,0,0
decode,chatcmpl-90418ba688db4532-a878ef6e,3168287.832288,0.000042,1,1,1570,1447,0,0
decode,chatcmpl-90418ba688db4532-a878ef6e,3168287.846027,0.000042,1,1,1572,1448,0,0
decode,chatcmpl-90418ba688db4532-a878ef6e,3168287.859877,0.000042,1,1,1574,1449,0,0
decode,chatcmpl-90418ba688db4532-a878ef6e,3168287.873622,0.000042,1,1,1576,1450,0,0
decode,chatcmpl-90418ba688db4532-a878ef6e,3168287.887376,0.000042,1,1,1578,1451,0,0
decode,chatcmpl-90418ba688db4532-a878ef6e,3168287.901126,0.000042,1,1,1580,1452,0,0
decode,chatcmpl-90418ba688db4532-a878ef6e,3168287.914877,0.000043,1,1,1582,1453,0,0
decode,chatcmpl-90418ba688db4532-a878ef6e,3168287.928654,0.000042,1,1,1584,1454,0,0
decode,chatcmpl-90418ba688db4532-a878ef6e,3168287.942394,0.000040,1,1,1586,1455,0,0
decode,chatcmpl-90418ba688db4532-a878ef6e,3168287.956147,0.000041,1,1,1588,1456,0,0
decode,chatcmpl-90418ba688db4532-a878ef6e,3168287.969893,0.000041,1,1,1590,1457,0,0
decode,chatcmpl-90418ba688db4532-a878ef6e,3168287.983647,0.000041,1,1,1592,1458,0,0
decode,chatcmpl-90418ba688db4532-a878ef6e,3168287.997406,0.000042,1,1,1594,1459,0,0
decode,chatcmpl-90418ba688db4532-a878ef6e,3168288.011240,0.000041,1,1,1596,1460,0,0
decode,chatcmpl-90418ba688db4532-a878ef6e,3168288.024994,0.000042,1,1,1598,1461,0,0
decode,chatcmpl-90418ba688db4532-a878ef6e,3168288.038733,0.000041,1,1,1600,1462,0,0
decode,chatcmpl-90418ba688db4532-a878ef6e,3168288.052488,0.000041,1,1,1602,1463,0,0
decode,chatcmpl-90418ba688db4532-a878ef6e,3168288.066236,0.000040,1,1,1604,1464,0,0
decode,chatcmpl-90418ba688db4532-a878ef6e,3168288.079984,0.000047,1,1,1606,1465,0,0
decode,chatcmpl-90418ba688db4532-a878ef6e,3168288.093744,0.000042,1,1,1608,1466,0,0
decode,chatcmpl-90418ba688db4532-a878ef6e,3168288.107509,0.000040,1,1,1610,1467,0,0
decode,chatcmpl-90418ba688db4532-a878ef6e,3168288.121275,0.000041,1,1,1612,1468,0,0
decode,chatcmpl-90418ba688db4532-a878ef6e,3168288.135038,0.000042,1,1,1614,1469,0,0
decode,chatcmpl-90418ba688db4532-a878ef6e,3168288.148803,0.000040,1,1,1616,1470,0,0
decode,chatcmpl-90418ba688db4532-a878ef6e,3168288.162567,0.000041,1,1,1618,1471,0,0
decode,chatcmpl-90418ba688db4532-a878ef6e,3168288.176341,0.000042,1,1,1620,1472,0,0
decode,chatcmpl-90418ba688db4532-a878ef6e,3168288.190093,0.000041,1,1,1622,1473,0,0
decode,chatcmpl-90418ba688db4532-a878ef6e,3168288.203845,0.000041,1,1,1624,1474,0,0
decode,chatcmpl-90418ba688db4532-a878ef6e,3168288.217599,0.000042,1,1,1626,1475,0,0
decode,chatcmpl-90418ba688db4532-a878ef6e,3168288.231357,0.000040,1,1,1628,1476,0,0
decode,,3168288.245121,0.000086,0,0,,,0,0
decode,,3168288.245428,0.000112,0,0,,,0,0
prefill,chatcmpl-87cbec3078d7b538-8a73d414,3168288.325370,0.000616,1,1365,1365,0,1,0
encoder,chatcmpl-87cbec3078d7b538-8a73d414,3168288.327573,0.375238,1,0,,, 1,0
decode,chatcmpl-87cbec3078d7b538-8a73d414,3168288.856800,0.000047,1,1,1366,1365,0,0
decode,chatcmpl-87cbec3078d7b538-8a73d414,3168288.870957,0.000044,1,1,1368,1366,0,0
decode,chatcmpl-87cbec3078d7b538-8a73d414,3168288.884774,0.000043,1,1,1370,1367,0,0
decode,chatcmpl-87cbec3078d7b538-8a73d414,3168288.898545,0.000042,1,1,1372,1368,0,0
decode,chatcmpl-87cbec3078d7b538-8a73d414,3168288.912326,0.000042,1,1,1374,1369,0,0
decode,chatcmpl-87cbec3078d7b538-8a73d414,3168288.926100,0.000041,1,1,1376,1370,0,0
decode,chatcmpl-87cbec3078d7b538-8a73d414,3168288.939951,0.000041,1,1,1378,1371,0,0
decode,chatcmpl-87cbec3078d7b538-8a73d414,3168288.953705,0.000041,1,1,1380,1372,0,0
decode,chatcmpl-87cbec3078d7b538-8a73d414,3168288.967449,0.000042,1,1,1382,1373,0,0
decode,chatcmpl-87cbec3078d7b538-8a73d414,3168288.981212,0.000041,1,1,1384,1374,0,0
decode,chatcmpl-87cbec3078d7b538-8a73d414,3168288.994980,0.000042,1,1,1386,1375,0,0
decode,chatcmpl-87cbec3078d7b538-8a73d414,3168289.008743,0.000041,1,1,1388,1376,0,0
decode,chatcmpl-87cbec3078d7b538-8a73d414,3168289.022496,0.000043,1,1,1390,1377,0,0
decode,chatcmpl-87cbec3078d7b538-8a73d414,3168289.036241,0.000043,1,1,1392,1378,0,0
decode,chatcmpl-87cbec3078d7b538-8a73d414,3168289.050015,0.000042,1,1,1394,1379,0,0
decode,chatcmpl-87cbec3078d7b538-8a73d414,3168289.063767,0.000042,1,1,1396,1380,0,0
decode,chatcmpl-87cbec3078d7b538-8a73d414,3168289.077513,0.000041,1,1,1398,1381,0,0
decode,chatcmpl-87cbec3078d7b538-8a73d414,3168289.091366,0.000043,1,1,1400,1382,0,0
decode,chatcmpl-87cbec3078d7b538-8a73d414,3168289.105134,0.000041,1,1,1402,1383,0,0
decode,chatcmpl-87cbec3078d7b538-8a73d414,3168289.118876,0.000043,1,1,1404,1384,0,0
decode,chatcmpl-87cbec3078d7b538-8a73d414,3168289.132630,0.000043,1,1,1406,1385,0,0
decode,chatcmpl-87cbec3078d7b538-8a73d414,3168289.146371,0.000041,1,1,1408,1386,0,0
decode,chatcmpl-87cbec3078d7b538-8a73d414,3168289.160130,0.000043,1,1,1410,1387,0,0
decode,chatcmpl-87cbec3078d7b538-8a73d414,3168289.173870,0.000042,1,1,1412,1388,0,0
decode,chatcmpl-87cbec3078d7b538-8a73d414,3168289.187608,0.000041,1,1,1414,1389,0,0
decode,chatcmpl-87cbec3078d7b538-8a73d414,3168289.201366,0.000041,1,1,1416,1390,0,0
decode,chatcmpl-87cbec3078d7b538-8a73d414,3168289.215111,0.000042,1,1,1418,1391,0,0
decode,chatcmpl-87cbec3078d7b538-8a73d414,3168289.228872,0.000042,1,1,1420,1392,0,0
decode,chatcmpl-87cbec3078d7b538-8a73d414,3168289.242713,0.000044,1,1,1422,1393,0,0
decode,chatcmpl-87cbec3078d7b538-8a73d414,3168289.256484,0.000042,1,1,1424,1394,0,0
decode,chatcmpl-87cbec3078d7b538-8a73d414,3168289.270228,0.000042,1,1,1426,1395,0,0
decode,chatcmpl-87cbec3078d7b538-8a73d414,3168289.283973,0.000092,1,1,1428,1396,0,0
decode,chatcmpl-87cbec3078d7b538-8a73d414,3168289.297741,0.000040,1,1,1430,1397,0,0
decode,chatcmpl-87cbec3078d7b538-8a73d414,3168289.311489,0.000041,1,1,1432,1398,0,0
decode,chatcmpl-87cbec3078d7b538-8a73d414,3168289.325242,0.000042,1,1,1434,1399,0,0
decode,chatcmpl-87cbec3078d7b538-8a73d414,3168289.338990,0.000041,1,1,1436,1400,0,0
decode,chatcmpl-87cbec3078d7b538-8a73d414,3168289.352741,0.000043,1,1,1438,1401,0,0
decode,chatcmpl-87cbec3078d7b538-8a73d414,3168289.366485,0.000042,1,1,1440,1402,0,0
decode,chatcmpl-87cbec3078d7b538-8a73d414,3168289.380225,0.000042,1,1,1442,1403,0,0
decode,chatcmpl-87cbec3078d7b538-8a73d414,3168289.394061,0.000042,1,1,1444,1404,0,0
decode,chatcmpl-87cbec3078d7b538-8a73d414,3168289.407825,0.000042,1,1,1446,1405,0,0
decode,chatcmpl-87cbec3078d7b538-8a73d414,3168289.421589,0.000041,1,1,1448,1406,0,0
decode,chatcmpl-87cbec3078d7b538-8a73d414,3168289.435333,0.000040,1,1,1450,1407,0,0
decode,chatcmpl-87cbec3078d7b538-8a73d414,3168289.449082,0.000052,1,1,1452,1408,0,0
decode,chatcmpl-87cbec3078d7b538-8a73d414,3168289.462835,0.000041,1,1,1454,1409,0,0
decode,chatcmpl-87cbec3078d7b538-8a73d414,3168289.476587,0.000042,1,1,1456,1410,0,0
decode,chatcmpl-87cbec3078d7b538-8a73d414,3168289.490338,0.000041,1,1,1458,1411,0,0
decode,chatcmpl-87cbec3078d7b538-8a73d414,3168289.504097,0.000041,1,1,1460,1412,0,0
decode,chatcmpl-87cbec3078d7b538-8a73d414,3168289.517843,0.000043,1,1,1462,1413,0,0
decode,chatcmpl-87cbec3078d7b538-8a73d414,3168289.531586,0.000041,1,1,1464,1414,0,0
decode,chatcmpl-87cbec3078d7b538-8a73d414,3168289.545440,0.000042,1,1,1466,1415,0,0
decode,chatcmpl-87cbec3078d7b538-8a73d414,3168289.559185,0.000042,1,1,1468,1416,0,0
decode,chatcmpl-87cbec3078d7b538-8a73d414,3168289.572915,0.000043,1,1,1470,1417,0,0
decode,chatcmpl-87cbec3078d7b538-8a73d414,3168289.586655,0.000041,1,1,1472,1418,0,0
decode,chatcmpl-87cbec3078d7b538-8a73d414,3168289.600429,0.000042,1,1,1474,1419,0,0
decode,chatcmpl-87cbec3078d7b538-8a73d414,3168289.614164,0.000040,1,1,1476,1420,0,0
decode,chatcmpl-87cbec3078d7b538-8a73d414,3168289.627888,0.000042,1,1,1478,1421,0,0
decode,chatcmpl-87cbec3078d7b538-8a73d414,3168289.641679,0.000042,1,1,1480,1422,0,0
decode,chatcmpl-87cbec3078d7b538-8a73d414,3168289.655411,0.000040,1,1,1482,1423,0,0
decode,chatcmpl-87cbec3078d7b538-8a73d414,3168289.669160,0.000042,1,1,1484,1424,0,0
decode,chatcmpl-87cbec3078d7b538-8a73d414,3168289.682917,0.000042,1,1,1486,1425,0,0
decode,chatcmpl-87cbec3078d7b538-8a73d414,3168289.696789,0.000042,1,1,1488,1426,0,0
decode,chatcmpl-87cbec3078d7b538-8a73d414,3168289.710564,0.000041,1,1,1490,1427,0,0
decode,chatcmpl-87cbec3078d7b538-8a73d414,3168289.724302,0.000042,1,1,1492,1428,0,0
decode,chatcmpl-87cbec3078d7b538-8a73d414,3168289.738055,0.000042,1,1,1494,1429,0,0
decode,chatcmpl-87cbec3078d7b538-8a73d414,3168289.751811,0.000043,1,1,1496,1430,0,0
decode,chatcmpl-87cbec3078d7b538-8a73d414,3168289.765573,0.000041,1,1,1498,1431,0,0
decode,chatcmpl-87cbec3078d7b538-8a73d414,3168289.779307,0.000041,1,1,1500,1432,0,0
decode,chatcmpl-87cbec3078d7b538-8a73d414,3168289.793057,0.000043,1,1,1502,1433,0,0
decode,chatcmpl-87cbec3078d7b538-8a73d414,3168289.806827,0.000042,1,1,1504,1434,0,0
decode,chatcmpl-87cbec3078d7b538-8a73d414,3168289.820591,0.000043,1,1,1506,1435,0,0
decode,chatcmpl-87cbec3078d7b538-8a73d414,3168289.834334,0.000041,1,1,1508,1436,0,0
decode,chatcmpl-87cbec3078d7b538-8a73d414,3168289.848190,0.000043,1,1,1510,1437,0,0
decode,chatcmpl-87cbec3078d7b538-8a73d414,3168289.861947,0.000041,1,1,1512,1438,0,0
decode,chatcmpl-87cbec3078d7b538-8a73d414,3168289.875678,0.000041,1,1,1514,1439,0,0
decode,chatcmpl-87cbec3078d7b538-8a73d414,3168289.889411,0.000041,1,1,1516,1440,0,0
decode,chatcmpl-87cbec3078d7b538-8a73d414,3168289.903162,0.000041,1,1,1518,1441,0,0
decode,chatcmpl-87cbec3078d7b538-8a73d414,3168289.916908,0.000041,1,1,1520,1442,0,0
decode,chatcmpl-87cbec3078d7b538-8a73d414,3168289.930654,0.000042,1,1,1522,1443,0,0
decode,chatcmpl-87cbec3078d7b538-8a73d414,3168289.944420,0.000041,1,1,1524,1444,0,0
decode,chatcmpl-87cbec3078d7b538-8a73d414,3168289.958163,0.000042,1,1,1526,1445,0,0
decode,chatcmpl-87cbec3078d7b538-8a73d414,3168289.971908,0.000041,1,1,1528,1446,0,0
decode,chatcmpl-87cbec3078d7b538-8a73d414,3168289.985639,0.000042,1,1,1530,1447,0,0
decode,chatcmpl-87cbec3078d7b538-8a73d414,3168289.999485,0.000041,1,1,1532,1448,0,0
decode,chatcmpl-87cbec3078d7b538-8a73d414,3168290.013234,0.000042,1,1,1534,1449,0,0
decode,chatcmpl-87cbec3078d7b538-8a73d414,3168290.026983,0.000042,1,1,1536,1450,0,0
decode,chatcmpl-87cbec3078d7b538-8a73d414,3168290.040761,0.000040,1,1,1538,1451,0,0
decode,chatcmpl-87cbec3078d7b538-8a73d414,3168290.054524,0.000041,1,1,1540,1452,0,0
decode,chatcmpl-87cbec3078d7b538-8a73d414,3168290.068265,0.000040,1,1,1542,1453,0,0
decode,chatcmpl-87cbec3078d7b538-8a73d414,3168290.082009,0.000041,1,1,1544,1454,0,0
decode,chatcmpl-87cbec3078d7b538-8a73d414,3168290.095764,0.000042,1,1,1546,1455,0,0
decode,chatcmpl-87cbec3078d7b538-8a73d414,3168290.109520,0.000041,1,1,1548,1456,0,0
decode,chatcmpl-87cbec3078d7b538-8a73d414,3168290.123256,0.000044,1,1,1550,1457,0,0
decode,chatcmpl-87cbec3078d7b538-8a73d414,3168290.136999,0.000042,1,1,1552,1458,0,0
decode,chatcmpl-87cbec3078d7b538-8a73d414,3168290.150847,0.000041,1,1,1554,1459,0,0
decode,chatcmpl-87cbec3078d7b538-8a73d414,3168290.164608,0.000041,1,1,1556,1460,0,0
decode,chatcmpl-87cbec3078d7b538-8a73d414,3168290.178354,0.000040,1,1,1558,1461,0,0
decode,chatcmpl-87cbec3078d7b538-8a73d414,3168290.192109,0.000042,1,1,1560,1462,0,0
decode,chatcmpl-87cbec3078d7b538-8a73d414,3168290.205858,0.000042,1,1,1562,1463,0,0
decode,chatcmpl-87cbec3078d7b538-8a73d414,3168290.219591,0.000042,1,1,1564,1464,0,0
decode,chatcmpl-87cbec3078d7b538-8a73d414,3168290.233351,0.000041,1,1,1566,1465,0,0
decode,chatcmpl-87cbec3078d7b538-8a73d414,3168290.247098,0.000042,1,1,1568,1466,0,0
decode,chatcmpl-87cbec3078d7b538-8a73d414,3168290.260852,0.000043,1,1,1570,1467,0,0
decode,chatcmpl-87cbec3078d7b538-8a73d414,3168290.274590,0.000042,1,1,1572,1468,0,0
decode,chatcmpl-87cbec3078d7b538-8a73d414,3168290.288359,0.000041,1,1,1574,1469,0,0
decode,chatcmpl-87cbec3078d7b538-8a73d414,3168290.302201,0.000042,1,1,1576,1470,0,0
decode,chatcmpl-87cbec3078d7b538-8a73d414,3168290.315944,0.000043,1,1,1578,1471,0,0
decode,,3168290.329680,0.000087,0,0,,,0,0
decode,,3168290.330049,0.000055,0,0,,,0,0
prefill,chatcmpl-81e919ffe52f4d1b-b64fa183,3168290.407983,0.000472,1,1336,1336,0,1,0
encoder,chatcmpl-81e919ffe52f4d1b-b64fa183,3168290.409940,0.375164,1,0,,, 1,0
decode,chatcmpl-81e919ffe52f4d1b-b64fa183,3168290.934773,0.000044,1,1,1337,1336,0,0
decode,chatcmpl-81e919ffe52f4d1b-b64fa183,3168290.948941,0.000043,1,1,1339,1337,0,0
decode,chatcmpl-81e919ffe52f4d1b-b64fa183,3168290.962717,0.000042,1,1,1341,1338,0,0
decode,chatcmpl-81e919ffe52f4d1b-b64fa183,3168290.976505,0.000042,1,1,1343,1339,0,0
decode,chatcmpl-81e919ffe52f4d1b-b64fa183,3168290.990272,0.000042,1,1,1345,1340,0,0
decode,chatcmpl-81e919ffe52f4d1b-b64fa183,3168291.004035,0.000042,1,1,1347,1341,0,0
decode,chatcmpl-81e919ffe52f4d1b-b64fa183,3168291.017780,0.000042,1,1,1349,1342,0,0
decode,chatcmpl-81e919ffe52f4d1b-b64fa183,3168291.031544,0.000042,1,1,1351,1343,0,0
decode,chatcmpl-81e919ffe52f4d1b-b64fa183,3168291.045336,0.000041,1,1,1353,1344,0,0
decode,chatcmpl-81e919ffe52f4d1b-b64fa183,3168291.059095,0.000043,1,1,1355,1345,0,0
decode,chatcmpl-81e919ffe52f4d1b-b64fa183,3168291.072845,0.000041,1,1,1357,1346,0,0
decode,chatcmpl-81e919ffe52f4d1b-b64fa183,3168291.086638,0.000039,1,1,1359,1347,0,0
decode,chatcmpl-81e919ffe52f4d1b-b64fa183,3168291.100334,0.000040,1,1,1361,1348,0,0
decode,chatcmpl-81e919ffe52f4d1b-b64fa183,3168291.114080,0.000041,1,1,1363,1349,0,0
decode,chatcmpl-81e919ffe52f4d1b-b64fa183,3168291.127812,0.000041,1,1,1365,1350,0,0
decode,chatcmpl-81e919ffe52f4d1b-b64fa183,3168291.141574,0.000041,1,1,1367,1351,0,0
decode,chatcmpl-81e919ffe52f4d1b-b64fa183,3168291.155291,0.000042,1,1,1369,1352,0,0
decode,chatcmpl-81e919ffe52f4d1b-b64fa183,3168291.169051,0.000042,1,1,1371,1353,0,0
decode,chatcmpl-81e919ffe52f4d1b-b64fa183,3168291.182780,0.000041,1,1,1373,1354,0,0
decode,chatcmpl-81e919ffe52f4d1b-b64fa183,3168291.196531,0.000043,1,1,1375,1355,0,0
decode,chatcmpl-81e919ffe52f4d1b-b64fa183,3168291.210288,0.000042,1,1,1377,1356,0,0
decode,chatcmpl-81e919ffe52f4d1b-b64fa183,3168291.224029,0.000042,1,1,1379,1357,0,0
decode,chatcmpl-81e919ffe52f4d1b-b64fa183,3168291.237775,0.000042,1,1,1381,1358,0,0
decode,chatcmpl-81e919ffe52f4d1b-b64fa183,3168291.251505,0.000041,1,1,1383,1359,0,0
decode,chatcmpl-81e919ffe52f4d1b-b64fa183,3168291.265241,0.000041,1,1,1385,1360,0,0
decode,chatcmpl-81e919ffe52f4d1b-b64fa183,3168291.279005,0.000043,1,1,1387,1361,0,0
decode,chatcmpl-81e919ffe52f4d1b-b64fa183,3168291.292767,0.000041,1,1,1389,1362,0,0
decode,chatcmpl-81e919ffe52f4d1b-b64fa183,3168291.306509,0.000042,1,1,1391,1363,0,0
decode,chatcmpl-81e919ffe52f4d1b-b64fa183,3168291.320249,0.000041,1,1,1393,1364,0,0
decode,chatcmpl-81e919ffe52f4d1b-b64fa183,3168291.334005,0.000042,1,1,1395,1365,0,0
decode,chatcmpl-81e919ffe52f4d1b-b64fa183,3168291.347744,0.000042,1,1,1397,1366,0,0
decode,chatcmpl-81e919ffe52f4d1b-b64fa183,3168291.361497,0.000042,1,1,1399,1367,0,0
decode,chatcmpl-81e919ffe52f4d1b-b64fa183,3168291.375245,0.000042,1,1,1401,1368,0,0
decode,chatcmpl-81e919ffe52f4d1b-b64fa183,3168291.389003,0.000040,1,1,1403,1369,0,0
decode,chatcmpl-81e919ffe52f4d1b-b64fa183,3168291.402729,0.000041,1,1,1405,1370,0,0
decode,chatcmpl-81e919ffe52f4d1b-b64fa183,3168291.416474,0.000040,1,1,1407,1371,0,0
decode,chatcmpl-81e919ffe52f4d1b-b64fa183,3168291.430211,0.000043,1,1,1409,1372,0,0
decode,chatcmpl-81e919ffe52f4d1b-b64fa183,3168291.443966,0.000046,1,1,1411,1373,0,0
decode,chatcmpl-81e919ffe52f4d1b-b64fa183,3168291.457718,0.000041,1,1,1413,1374,0,0
decode,chatcmpl-81e919ffe52f4d1b-b64fa183,3168291.471447,0.000041,1,1,1415,1375,0,0
decode,chatcmpl-81e919ffe52f4d1b-b64fa183,3168291.485213,0.000041,1,1,1417,1376,0,0
decode,chatcmpl-81e919ffe52f4d1b-b64fa183,3168291.498958,0.000041,1,1,1419,1377,0,0
decode,chatcmpl-81e919ffe52f4d1b-b64fa183,3168291.512710,0.000041,1,1,1421,1378,0,0
decode,chatcmpl-81e919ffe52f4d1b-b64fa183,3168291.526461,0.000040,1,1,1423,1379,0,0
decode,chatcmpl-81e919ffe52f4d1b-b64fa183,3168291.540188,0.000042,1,1,1425,1380,0,0
decode,chatcmpl-81e919ffe52f4d1b-b64fa183,3168291.553923,0.000041,1,1,1427,1381,0,0
decode,chatcmpl-81e919ffe52f4d1b-b64fa183,3168291.567664,0.000042,1,1,1429,1382,0,0
decode,chatcmpl-81e919ffe52f4d1b-b64fa183,3168291.581433,0.000042,1,1,1431,1383,0,0
decode,chatcmpl-81e919ffe52f4d1b-b64fa183,3168291.595191,0.000040,1,1,1433,1384,0,0
decode,chatcmpl-81e919ffe52f4d1b-b64fa183,3168291.608949,0.000042,1,1,1435,1385,0,0
decode,chatcmpl-81e919ffe52f4d1b-b64fa183,3168291.622694,0.000041,1,1,1437,1386,0,0
decode,chatcmpl-81e919ffe52f4d1b-b64fa183,3168291.636437,0.000043,1,1,1439,1387,0,0
decode,chatcmpl-81e919ffe52f4d1b-b64fa183,3168291.650178,0.000041,1,1,1441,1388,0,0
decode,chatcmpl-81e919ffe52f4d1b-b64fa183,3168291.663897,0.000041,1,1,1443,1389,0,0
decode,chatcmpl-81e919ffe52f4d1b-b64fa183,3168291.677636,0.000042,1,1,1445,1390,0,0
decode,chatcmpl-81e919ffe52f4d1b-b64fa183,3168291.691377,0.000041,1,1,1447,1391,0,0
decode,chatcmpl-81e919ffe52f4d1b-b64fa183,3168291.705111,0.000043,1,1,1449,1392,0,0
decode,chatcmpl-81e919ffe52f4d1b-b64fa183,3168291.718865,0.000042,1,1,1451,1393,0,0
decode,chatcmpl-81e919ffe52f4d1b-b64fa183,3168291.732629,0.000042,1,1,1453,1394,0,0
decode,chatcmpl-81e919ffe52f4d1b-b64fa183,3168291.746381,0.000041,1,1,1455,1395,0,0
decode,chatcmpl-81e919ffe52f4d1b-b64fa183,3168291.760116,0.000089,1,1,1457,1396,0,0
decode,chatcmpl-81e919ffe52f4d1b-b64fa183,3168291.773842,0.000040,1,1,1459,1397,0,0
decode,chatcmpl-81e919ffe52f4d1b-b64fa183,3168291.787587,0.000041,1,1,1461,1398,0,0
decode,chatcmpl-81e919ffe52f4d1b-b64fa183,3168291.801340,0.000042,1,1,1463,1399,0,0
decode,chatcmpl-81e919ffe52f4d1b-b64fa183,3168291.815074,0.000042,1,1,1465,1400,0,0
decode,chatcmpl-81e919ffe52f4d1b-b64fa183,3168291.828836,0.000042,1,1,1467,1401,0,0
decode,chatcmpl-81e919ffe52f4d1b-b64fa183,3168291.842563,0.000042,1,1,1469,1402,0,0
decode,chatcmpl-81e919ffe52f4d1b-b64fa183,3168291.856319,0.000041,1,1,1471,1403,0,0
decode,chatcmpl-81e919ffe52f4d1b-b64fa183,3168291.870069,0.000042,1,1,1473,1404,0,0
decode,chatcmpl-81e919ffe52f4d1b-b64fa183,3168291.883819,0.000041,1,1,1475,1405,0,0
decode,chatcmpl-81e919ffe52f4d1b-b64fa183,3168291.897560,0.000042,1,1,1477,1406,0,0
decode,chatcmpl-81e919ffe52f4d1b-b64fa183,3168291.911289,0.000041,1,1,1479,1407,0,0
decode,chatcmpl-81e919ffe52f4d1b-b64fa183,3168291.925050,0.000051,1,1,1481,1408,0,0
decode,chatcmpl-81e919ffe52f4d1b-b64fa183,3168291.938803,0.000042,1,1,1483,1409,0,0
decode,chatcmpl-81e919ffe52f4d1b-b64fa183,3168291.952564,0.000040,1,1,1485,1410,0,0
decode,chatcmpl-81e919ffe52f4d1b-b64fa183,3168291.966314,0.000041,1,1,1487,1411,0,0
decode,chatcmpl-81e919ffe52f4d1b-b64fa183,3168291.980052,0.000042,1,1,1489,1412,0,0
decode,chatcmpl-81e919ffe52f4d1b-b64fa183,3168291.993798,0.000042,1,1,1491,1413,0,0
decode,chatcmpl-81e919ffe52f4d1b-b64fa183,3168292.007524,0.000042,1,1,1493,1414,0,0
decode,chatcmpl-81e919ffe52f4d1b-b64fa183,3168292.021283,0.000041,1,1,1495,1415,0,0
decode,chatcmpl-81e919ffe52f4d1b-b64fa183,3168292.035024,0.000040,1,1,1497,1416,0,0
decode,chatcmpl-81e919ffe52f4d1b-b64fa183,3168292.048795,0.000043,1,1,1499,1417,0,0
decode,chatcmpl-81e919ffe52f4d1b-b64fa183,3168292.062529,0.000041,1,1,1501,1418,0,0
decode,chatcmpl-81e919ffe52f4d1b-b64fa183,3168292.076271,0.000042,1,1,1503,1419,0,0
decode,chatcmpl-81e919ffe52f4d1b-b64fa183,3168292.090004,0.000041,1,1,1505,1420,0,0
decode,chatcmpl-81e919ffe52f4d1b-b64fa183,3168292.103725,0.000042,1,1,1507,1421,0,0
decode,chatcmpl-81e919ffe52f4d1b-b64fa183,3168292.117485,0.000039,1,1,1509,1422,0,0
decode,chatcmpl-81e919ffe52f4d1b-b64fa183,3168292.131318,0.000041,1,1,1511,1423,0,0
decode,chatcmpl-81e919ffe52f4d1b-b64fa183,3168292.145069,0.000042,1,1,1513,1424,0,0
decode,chatcmpl-81e919ffe52f4d1b-b64fa183,3168292.158812,0.000041,1,1,1515,1425,0,0
decode,chatcmpl-81e919ffe52f4d1b-b64fa183,3168292.172545,0.000042,1,1,1517,1426,0,0
decode,chatcmpl-81e919ffe52f4d1b-b64fa183,3168292.186309,0.000040,1,1,1519,1427,0,0
decode,chatcmpl-81e919ffe52f4d1b-b64fa183,3168292.200044,0.000042,1,1,1521,1428,0,0
decode,chatcmpl-81e919ffe52f4d1b-b64fa183,3168292.213782,0.000042,1,1,1523,1429,0,0
decode,chatcmpl-81e919ffe52f4d1b-b64fa183,3168292.227538,0.000042,1,1,1525,1430,0,0
decode,chatcmpl-81e919ffe52f4d1b-b64fa183,3168292.241318,0.000040,1,1,1527,1431,0,0
decode,chatcmpl-81e919ffe52f4d1b-b64fa183,3168292.255057,0.000043,1,1,1529,1432,0,0
decode,chatcmpl-81e919ffe52f4d1b-b64fa183,3168292.268808,0.000040,1,1,1531,1433,0,0
decode,chatcmpl-81e919ffe52f4d1b-b64fa183,3168292.282648,0.000043,1,1,1533,1434,0,0
decode,chatcmpl-81e919ffe52f4d1b-b64fa183,3168292.296421,0.000040,1,1,1535,1435,0,0
decode,chatcmpl-81e919ffe52f4d1b-b64fa183,3168292.310144,0.000041,1,1,1537,1436,0,0
decode,chatcmpl-81e919ffe52f4d1b-b64fa183,3168292.323891,0.000042,1,1,1539,1437,0,0
decode,chatcmpl-81e919ffe52f4d1b-b64fa183,3168292.337646,0.000041,1,1,1541,1438,0,0
decode,chatcmpl-81e919ffe52f4d1b-b64fa183,3168292.351383,0.000043,1,1,1543,1439,0,0
decode,chatcmpl-81e919ffe52f4d1b-b64fa183,3168292.365140,0.000041,1,1,1545,1440,0,0
decode,chatcmpl-81e919ffe52f4d1b-b64fa183,3168292.378887,0.000042,1,1,1547,1441,0,0
decode,chatcmpl-81e919ffe52f4d1b-b64fa183,3168292.392648,0.000043,1,1,1549,1442,0,0
decode,chatcmpl-81e919ffe52f4d1b-b64fa183,3168292.406399,0.000041,1,1,1551,1443,0,0
decode,chatcmpl-81e919ffe52f4d1b-b64fa183,3168292.420133,0.000042,1,1,1553,1444,0,0
decode,chatcmpl-81e919ffe52f4d1b-b64fa183,3168292.433984,0.000040,1,1,1555,1445,0,0
decode,chatcmpl-81e919ffe52f4d1b-b64fa183,3168292.447717,0.000042,1,1,1557,1446,0,0
decode,chatcmpl-81e919ffe52f4d1b-b64fa183,3168292.461461,0.000041,1,1,1559,1447,0,0
decode,chatcmpl-81e919ffe52f4d1b-b64fa183,3168292.475188,0.000043,1,1,1561,1448,0,0
decode,chatcmpl-81e919ffe52f4d1b-b64fa183,3168292.488939,0.000042,1,1,1563,1449,0,0
decode,chatcmpl-81e919ffe52f4d1b-b64fa183,3168292.502662,0.000042,1,1,1565,1450,0,0
decode,chatcmpl-81e919ffe52f4d1b-b64fa183,3168292.516423,0.000042,1,1,1567,1451,0,0
decode,chatcmpl-81e919ffe52f4d1b-b64fa183,3168292.530154,0.000041,1,1,1569,1452,0,0
decode,chatcmpl-81e919ffe52f4d1b-b64fa183,3168292.543897,0.000040,1,1,1571,1453,0,0
decode,chatcmpl-81e919ffe52f4d1b-b64fa183,3168292.557645,0.000043,1,1,1573,1454,0,0
decode,chatcmpl-81e919ffe52f4d1b-b64fa183,3168292.571377,0.000040,1,1,1575,1455,0,0
decode,chatcmpl-81e919ffe52f4d1b-b64fa183,3168292.585246,0.000041,1,1,1577,1456,0,0
decode,chatcmpl-81e919ffe52f4d1b-b64fa183,3168292.598985,0.000041,1,1,1579,1457,0,0
decode,chatcmpl-81e919ffe52f4d1b-b64fa183,3168292.612748,0.000041,1,1,1581,1458,0,0
decode,chatcmpl-81e919ffe52f4d1b-b64fa183,3168292.626489,0.000042,1,1,1583,1459,0,0
decode,chatcmpl-81e919ffe52f4d1b-b64fa183,3168292.640276,0.000042,1,1,1585,1460,0,0
decode,chatcmpl-81e919ffe52f4d1b-b64fa183,3168292.654039,0.000040,1,1,1587,1461,0,0
decode,chatcmpl-81e919ffe52f4d1b-b64fa183,3168292.667780,0.000041,1,1,1589,1462,0,0
decode,chatcmpl-81e919ffe52f4d1b-b64fa183,3168292.681525,0.000041,1,1,1591,1463,0,0
decode,chatcmpl-81e919ffe52f4d1b-b64fa183,3168292.695258,0.000042,1,1,1593,1464,0,0
decode,chatcmpl-81e919ffe52f4d1b-b64fa183,3168292.709017,0.000040,1,1,1595,1465,0,0
decode,chatcmpl-81e919ffe52f4d1b-b64fa183,3168292.722751,0.000041,1,1,1597,1466,0,0
decode,chatcmpl-81e919ffe52f4d1b-b64fa183,3168292.736599,0.000041,1,1,1599,1467,0,0
decode,chatcmpl-81e919ffe52f4d1b-b64fa183,3168292.750350,0.000041,1,1,1601,1468,0,0
decode,chatcmpl-81e919ffe52f4d1b-b64fa183,3168292.764079,0.000041,1,1,1603,1469,0,0
decode,chatcmpl-81e919ffe52f4d1b-b64fa183,3168292.777829,0.000042,1,1,1605,1470,0,0
decode,chatcmpl-81e919ffe52f4d1b-b64fa183,3168292.791597,0.000041,1,1,1607,1471,0,0
decode,chatcmpl-81e919ffe52f4d1b-b64fa183,3168292.805341,0.000041,1,1,1609,1472,0,0
decode,chatcmpl-81e919ffe52f4d1b-b64fa183,3168292.819084,0.000041,1,1,1611,1473,0,0
decode,chatcmpl-81e919ffe52f4d1b-b64fa183,3168292.832834,0.000042,1,1,1613,1474,0,0
decode,,3168292.846577,0.000087,0,0,,,0,0
decode,,3168292.846888,0.000110,0,0,,,0,0
prefill,chatcmpl-a73c7e903da66e58-bdb6d7fc,3168292.924710,0.000478,1,1336,1336,0,1,0
encoder,chatcmpl-a73c7e903da66e58-bdb6d7fc,3168292.926771,0.375275,1,0,,, 1,0
decode,chatcmpl-a73c7e903da66e58-bdb6d7fc,3168293.451726,0.000045,1,1,1337,1336,0,0
decode,chatcmpl-a73c7e903da66e58-bdb6d7fc,3168293.465907,0.000043,1,1,1339,1337,0,0
decode,chatcmpl-a73c7e903da66e58-bdb6d7fc,3168293.479731,0.000042,1,1,1341,1338,0,0
decode,chatcmpl-a73c7e903da66e58-bdb6d7fc,3168293.493505,0.000043,1,1,1343,1339,0,0
decode,chatcmpl-a73c7e903da66e58-bdb6d7fc,3168293.507268,0.000042,1,1,1345,1340,0,0
decode,chatcmpl-a73c7e903da66e58-bdb6d7fc,3168293.521046,0.000043,1,1,1347,1341,0,0
decode,chatcmpl-a73c7e903da66e58-bdb6d7fc,3168293.534809,0.000042,1,1,1349,1342,0,0
decode,chatcmpl-a73c7e903da66e58-bdb6d7fc,3168293.548570,0.000043,1,1,1351,1343,0,0
decode,chatcmpl-a73c7e903da66e58-bdb6d7fc,3168293.562429,0.000041,1,1,1353,1344,0,0
decode,chatcmpl-a73c7e903da66e58-bdb6d7fc,3168293.576169,0.000041,1,1,1355,1345,0,0
decode,chatcmpl-a73c7e903da66e58-bdb6d7fc,3168293.589921,0.000042,1,1,1357,1346,0,0
decode,chatcmpl-a73c7e903da66e58-bdb6d7fc,3168293.603692,0.000041,1,1,1359,1347,0,0
decode,chatcmpl-a73c7e903da66e58-bdb6d7fc,3168293.617447,0.000043,1,1,1361,1348,0,0
decode,chatcmpl-a73c7e903da66e58-bdb6d7fc,3168293.631216,0.000040,1,1,1363,1349,0,0
decode,chatcmpl-a73c7e903da66e58-bdb6d7fc,3168293.644977,0.000039,1,1,1365,1350,0,0
decode,chatcmpl-a73c7e903da66e58-bdb6d7fc,3168293.658714,0.000042,1,1,1367,1351,0,0
decode,chatcmpl-a73c7e903da66e58-bdb6d7fc,3168293.672477,0.000043,1,1,1369,1352,0,0
decode,chatcmpl-a73c7e903da66e58-bdb6d7fc,3168293.686231,0.000042,1,1,1371,1353,0,0
decode,chatcmpl-a73c7e903da66e58-bdb6d7fc,3168293.699964,0.000046,1,1,1373,1354,0,0
decode,chatcmpl-a73c7e903da66e58-bdb6d7fc,3168293.713822,0.000042,1,1,1375,1355,0,0
decode,chatcmpl-a73c7e903da66e58-bdb6d7fc,3168293.727581,0.000042,1,1,1377,1356,0,0
decode,chatcmpl-a73c7e903da66e58-bdb6d7fc,3168293.741343,0.000043,1,1,1379,1357,0,0
decode,chatcmpl-a73c7e903da66e58-bdb6d7fc,3168293.755096,0.000042,1,1,1381,1358,0,0
decode,chatcmpl-a73c7e903da66e58-bdb6d7fc,3168293.768867,0.000043,1,1,1383,1359,0,0
decode,chatcmpl-a73c7e903da66e58-bdb6d7fc,3168293.782620,0.000041,1,1,1385,1360,0,0
decode,chatcmpl-a73c7e903da66e58-bdb6d7fc,3168293.796391,0.000041,1,1,1387,1361,0,0
decode,chatcmpl-a73c7e903da66e58-bdb6d7fc,3168293.810162,0.000042,1,1,1389,1362,0,0
decode,chatcmpl-a73c7e903da66e58-bdb6d7fc,3168293.823911,0.000041,1,1,1391,1363,0,0
decode,chatcmpl-a73c7e903da66e58-bdb6d7fc,3168293.837653,0.000042,1,1,1393,1364,0,0
decode,chatcmpl-a73c7e903da66e58-bdb6d7fc,3168293.851396,0.000042,1,1,1395,1365,0,0
decode,chatcmpl-a73c7e903da66e58-bdb6d7fc,3168293.865165,0.000040,1,1,1397,1366,0,0
decode,chatcmpl-a73c7e903da66e58-bdb6d7fc,3168293.878913,0.000041,1,1,1399,1367,0,0
decode,chatcmpl-a73c7e903da66e58-bdb6d7fc,3168293.892674,0.000043,1,1,1401,1368,0,0
decode,chatcmpl-a73c7e903da66e58-bdb6d7fc,3168293.906439,0.000041,1,1,1403,1369,0,0
decode,chatcmpl-a73c7e903da66e58-bdb6d7fc,3168293.920197,0.000042,1,1,1405,1370,0,0
decode,chatcmpl-a73c7e903da66e58-bdb6d7fc,3168293.933960,0.000041,1,1,1407,1371,0,0
decode,chatcmpl-a73c7e903da66e58-bdb6d7fc,3168293.947719,0.000042,1,1,1409,1372,0,0
decode,chatcmpl-a73c7e903da66e58-bdb6d7fc,3168293.961485,0.000042,1,1,1411,1373,0,0
decode,chatcmpl-a73c7e903da66e58-bdb6d7fc,3168293.975238,0.000043,1,1,1413,1374,0,0
decode,chatcmpl-a73c7e903da66e58-bdb6d7fc,3168293.989008,0.000040,1,1,1415,1375,0,0
decode,chatcmpl-a73c7e903da66e58-bdb6d7fc,3168294.002758,0.000042,1,1,1417,1376,0,0
decode,chatcmpl-a73c7e903da66e58-bdb6d7fc,3168294.016535,0.000041,1,1,1419,1377,0,0
decode,chatcmpl-a73c7e903da66e58-bdb6d7fc,3168294.030279,0.000040,1,1,1421,1378,0,0
decode,chatcmpl-a73c7e903da66e58-bdb6d7fc,3168294.044069,0.000040,1,1,1423,1379,0,0
decode,chatcmpl-a73c7e903da66e58-bdb6d7fc,3168294.057751,0.000041,1,1,1425,1380,0,0
decode,chatcmpl-a73c7e903da66e58-bdb6d7fc,3168294.071493,0.000040,1,1,1427,1381,0,0
decode,chatcmpl-a73c7e903da66e58-bdb6d7fc,3168294.085258,0.000042,1,1,1429,1382,0,0
decode,chatcmpl-a73c7e903da66e58-bdb6d7fc,3168294.098984,0.000043,1,1,1431,1383,0,0
decode,chatcmpl-a73c7e903da66e58-bdb6d7fc,3168294.112745,0.000042,1,1,1433,1384,0,0
decode,chatcmpl-a73c7e903da66e58-bdb6d7fc,3168294.126497,0.000042,1,1,1435,1385,0,0
decode,chatcmpl-a73c7e903da66e58-bdb6d7fc,3168294.140266,0.000040,1,1,1437,1386,0,0
decode,chatcmpl-a73c7e903da66e58-bdb6d7fc,3168294.154015,0.000042,1,1,1439,1387,0,0
decode,chatcmpl-a73c7e903da66e58-bdb6d7fc,3168294.167768,0.000041,1,1,1441,1388,0,0
decode,chatcmpl-a73c7e903da66e58-bdb6d7fc,3168294.181519,0.000042,1,1,1443,1389,0,0
decode,chatcmpl-a73c7e903da66e58-bdb6d7fc,3168294.195276,0.000040,1,1,1445,1390,0,0
decode,chatcmpl-a73c7e903da66e58-bdb6d7fc,3168294.209028,0.000042,1,1,1447,1391,0,0
decode,chatcmpl-a73c7e903da66e58-bdb6d7fc,3168294.222786,0.000041,1,1,1449,1392,0,0
decode,chatcmpl-a73c7e903da66e58-bdb6d7fc,3168294.236540,0.000043,1,1,1451,1393,0,0
decode,chatcmpl-a73c7e903da66e58-bdb6d7fc,3168294.250308,0.000041,1,1,1453,1394,0,0
decode,chatcmpl-a73c7e903da66e58-bdb6d7fc,3168294.264047,0.000041,1,1,1455,1395,0,0
decode,chatcmpl-a73c7e903da66e58-bdb6d7fc,3168294.277797,0.000042,1,1,1457,1396,0,0
decode,chatcmpl-a73c7e903da66e58-bdb6d7fc,3168294.291547,0.000042,1,1,1459,1397,0,0
decode,chatcmpl-a73c7e903da66e58-bdb6d7fc,3168294.305317,0.000042,1,1,1461,1398,0,0
decode,chatcmpl-a73c7e903da66e58-bdb6d7fc,3168294.319074,0.000041,1,1,1463,1399,0,0
decode,chatcmpl-a73c7e903da66e58-bdb6d7fc,3168294.332824,0.000042,1,1,1465,1400,0,0
decode,chatcmpl-a73c7e903da66e58-bdb6d7fc,3168294.346589,0.000042,1,1,1467,1401,0,0
decode,chatcmpl-a73c7e903da66e58-bdb6d7fc,3168294.360352,0.000041,1,1,1469,1402,0,0
decode,chatcmpl-a73c7e903da66e58-bdb6d7fc,3168294.374082,0.000041,1,1,1471,1403,0,0
decode,chatcmpl-a73c7e903da66e58-bdb6d7fc,3168294.387846,0.000042,1,1,1473,1404,0,0
decode,chatcmpl-a73c7e903da66e58-bdb6d7fc,3168294.401572,0.000043,1,1,1475,1405,0,0
decode,chatcmpl-a73c7e903da66e58-bdb6d7fc,3168294.415322,0.000043,1,1,1477,1406,0,0
decode,chatcmpl-a73c7e903da66e58-bdb6d7fc,3168294.429083,0.000041,1,1,1479,1407,0,0
decode,chatcmpl-a73c7e903da66e58-bdb6d7fc,3168294.442816,0.000053,1,1,1481,1408,0,0
decode,chatcmpl-a73c7e903da66e58-bdb6d7fc,3168294.456584,0.000042,1,1,1483,1409,0,0
decode,chatcmpl-a73c7e903da66e58-bdb6d7fc,3168294.470351,0.000041,1,1,1485,1410,0,0
decode,chatcmpl-a73c7e903da66e58-bdb6d7fc,3168294.484095,0.000040,1,1,1487,1411,0,0
decode,chatcmpl-a73c7e903da66e58-bdb6d7fc,3168294.497831,0.000042,1,1,1489,1412,0,0
decode,chatcmpl-a73c7e903da66e58-bdb6d7fc,3168294.511572,0.000041,1,1,1491,1413,0,0
decode,chatcmpl-a73c7e903da66e58-bdb6d7fc,3168294.525334,0.000041,1,1,1493,1414,0,0
decode,chatcmpl-a73c7e903da66e58-bdb6d7fc,3168294.539071,0.000043,1,1,1495,1415,0,0
decode,chatcmpl-a73c7e903da66e58-bdb6d7fc,3168294.552824,0.000042,1,1,1497,1416,0,0
decode,chatcmpl-a73c7e903da66e58-bdb6d7fc,3168294.566578,0.000040,1,1,1499,1417,0,0
decode,chatcmpl-a73c7e903da66e58-bdb6d7fc,3168294.580342,0.000041,1,1,1501,1418,0,0
decode,chatcmpl-a73c7e903da66e58-bdb6d7fc,3168294.594094,0.000040,1,1,1503,1419,0,0
decode,chatcmpl-a73c7e903da66e58-bdb6d7fc,3168294.607832,0.000042,1,1,1505,1420,0,0
decode,chatcmpl-a73c7e903da66e58-bdb6d7fc,3168294.621606,0.000041,1,1,1507,1421,0,0
decode,chatcmpl-a73c7e903da66e58-bdb6d7fc,3168294.635352,0.000040,1,1,1509,1422,0,0
decode,chatcmpl-a73c7e903da66e58-bdb6d7fc,3168294.649101,0.000042,1,1,1511,1423,0,0
decode,chatcmpl-a73c7e903da66e58-bdb6d7fc,3168294.662857,0.000042,1,1,1513,1424,0,0
decode,chatcmpl-a73c7e903da66e58-bdb6d7fc,3168294.676622,0.000042,1,1,1515,1425,0,0
decode,chatcmpl-a73c7e903da66e58-bdb6d7fc,3168294.690388,0.000042,1,1,1517,1426,0,0
decode,chatcmpl-a73c7e903da66e58-bdb6d7fc,3168294.704131,0.000041,1,1,1519,1427,0,0
decode,chatcmpl-a73c7e903da66e58-bdb6d7fc,3168294.717895,0.000041,1,1,1521,1428,0,0
decode,chatcmpl-a73c7e903da66e58-bdb6d7fc,3168294.731649,0.000040,1,1,1523,1429,0,0
decode,chatcmpl-a73c7e903da66e58-bdb6d7fc,3168294.745411,0.000043,1,1,1525,1430,0,0
decode,chatcmpl-a73c7e903da66e58-bdb6d7fc,3168294.759156,0.000041,1,1,1527,1431,0,0
decode,chatcmpl-a73c7e903da66e58-bdb6d7fc,3168294.772923,0.000041,1,1,1529,1432,0,0
decode,chatcmpl-a73c7e903da66e58-bdb6d7fc,3168294.786681,0.000041,1,1,1531,1433,0,0
decode,chatcmpl-a73c7e903da66e58-bdb6d7fc,3168294.800426,0.000042,1,1,1533,1434,0,0
decode,chatcmpl-a73c7e903da66e58-bdb6d7fc,3168294.814189,0.000042,1,1,1535,1435,0,0
decode,chatcmpl-a73c7e903da66e58-bdb6d7fc,3168294.827944,0.000042,1,1,1537,1436,0,0
decode,chatcmpl-a73c7e903da66e58-bdb6d7fc,3168294.841679,0.000043,1,1,1539,1437,0,0
decode,chatcmpl-a73c7e903da66e58-bdb6d7fc,3168294.855411,0.000041,1,1,1541,1438,0,0
decode,chatcmpl-a73c7e903da66e58-bdb6d7fc,3168294.869161,0.000042,1,1,1543,1439,0,0
decode,chatcmpl-a73c7e903da66e58-bdb6d7fc,3168294.882917,0.000041,1,1,1545,1440,0,0
decode,chatcmpl-a73c7e903da66e58-bdb6d7fc,3168294.896661,0.000042,1,1,1547,1441,0,0
decode,chatcmpl-a73c7e903da66e58-bdb6d7fc,3168294.910410,0.000042,1,1,1549,1442,0,0
decode,chatcmpl-a73c7e903da66e58-bdb6d7fc,3168294.924170,0.000042,1,1,1551,1443,0,0
decode,chatcmpl-a73c7e903da66e58-bdb6d7fc,3168294.937941,0.000041,1,1,1553,1444,0,0
decode,chatcmpl-a73c7e903da66e58-bdb6d7fc,3168294.951686,0.000042,1,1,1555,1445,0,0
decode,chatcmpl-a73c7e903da66e58-bdb6d7fc,3168294.965444,0.000044,1,1,1557,1446,0,0
decode,chatcmpl-a73c7e903da66e58-bdb6d7fc,3168294.979197,0.000041,1,1,1559,1447,0,0
decode,chatcmpl-a73c7e903da66e58-bdb6d7fc,3168294.992959,0.000043,1,1,1561,1448,0,0
decode,chatcmpl-a73c7e903da66e58-bdb6d7fc,3168295.006705,0.000043,1,1,1563,1449,0,0
decode,chatcmpl-a73c7e903da66e58-bdb6d7fc,3168295.020474,0.000042,1,1,1565,1450,0,0
decode,chatcmpl-a73c7e903da66e58-bdb6d7fc,3168295.034231,0.000040,1,1,1567,1451,0,0
decode,chatcmpl-a73c7e903da66e58-bdb6d7fc,3168295.047964,0.000048,1,1,1569,1452,0,0
decode,chatcmpl-a73c7e903da66e58-bdb6d7fc,3168295.061709,0.000042,1,1,1571,1453,0,0
decode,chatcmpl-a73c7e903da66e58-bdb6d7fc,3168295.075471,0.000040,1,1,1573,1454,0,0
decode,chatcmpl-a73c7e903da66e58-bdb6d7fc,3168295.089247,0.000040,1,1,1575,1455,0,0
decode,chatcmpl-a73c7e903da66e58-bdb6d7fc,3168295.102997,0.000042,1,1,1577,1456,0,0
decode,chatcmpl-a73c7e903da66e58-bdb6d7fc,3168295.116752,0.000043,1,1,1579,1457,0,0
decode,chatcmpl-a73c7e903da66e58-bdb6d7fc,3168295.130510,0.000041,1,1,1581,1458,0,0
decode,chatcmpl-a73c7e903da66e58-bdb6d7fc,3168295.144277,0.000041,1,1,1583,1459,0,0
decode,chatcmpl-a73c7e903da66e58-bdb6d7fc,3168295.158021,0.000040,1,1,1585,1460,0,0
decode,chatcmpl-a73c7e903da66e58-bdb6d7fc,3168295.171777,0.000042,1,1,1587,1461,0,0
decode,chatcmpl-a73c7e903da66e58-bdb6d7fc,3168295.185529,0.000042,1,1,1589,1462,0,0
decode,chatcmpl-a73c7e903da66e58-bdb6d7fc,3168295.199270,0.000042,1,1,1591,1463,0,0
decode,chatcmpl-a73c7e903da66e58-bdb6d7fc,3168295.213017,0.000042,1,1,1593,1464,0,0
decode,chatcmpl-a73c7e903da66e58-bdb6d7fc,3168295.226779,0.000041,1,1,1595,1465,0,0
decode,chatcmpl-a73c7e903da66e58-bdb6d7fc,3168295.240543,0.000040,1,1,1597,1466,0,0
decode,chatcmpl-a73c7e903da66e58-bdb6d7fc,3168295.254294,0.000040,1,1,1599,1467,0,0
decode,chatcmpl-a73c7e903da66e58-bdb6d7fc,3168295.268106,0.000042,1,1,1601,1468,0,0
decode,chatcmpl-a73c7e903da66e58-bdb6d7fc,3168295.281792,0.000040,1,1,1603,1469,0,0
decode,chatcmpl-a73c7e903da66e58-bdb6d7fc,3168295.295535,0.000041,1,1,1605,1470,0,0
decode,chatcmpl-a73c7e903da66e58-bdb6d7fc,3168295.309286,0.000042,1,1,1607,1471,0,0
decode,chatcmpl-a73c7e903da66e58-bdb6d7fc,3168295.323067,0.000042,1,1,1609,1472,0,0
decode,chatcmpl-a73c7e903da66e58-bdb6d7fc,3168295.336823,0.000040,1,1,1611,1473,0,0
decode,chatcmpl-a73c7e903da66e58-bdb6d7fc,3168295.350559,0.000041,1,1,1613,1474,0,0
decode,chatcmpl-a73c7e903da66e58-bdb6d7fc,3168295.364339,0.000039,1,1,1615,1475,0,0
decode,chatcmpl-a73c7e903da66e58-bdb6d7fc,3168295.378080,0.000042,1,1,1617,1476,0,0
decode,chatcmpl-a73c7e903da66e58-bdb6d7fc,3168295.391844,0.000042,1,1,1619,1477,0,0
decode,chatcmpl-a73c7e903da66e58-bdb6d7fc,3168295.405611,0.000042,1,1,1621,1478,0,0
decode,chatcmpl-a73c7e903da66e58-bdb6d7fc,3168295.419342,0.000043,1,1,1623,1479,0,0
decode,chatcmpl-a73c7e903da66e58-bdb6d7fc,3168295.433100,0.000042,1,1,1625,1480,0,0
decode,chatcmpl-a73c7e903da66e58-bdb6d7fc,3168295.446858,0.000040,1,1,1627,1481,0,0
decode,chatcmpl-a73c7e903da66e58-bdb6d7fc,3168295.460600,0.000041,1,1,1629,1482,0,0
decode,chatcmpl-a73c7e903da66e58-bdb6d7fc,3168295.474364,0.000041,1,1,1631,1483,0,0
decode,chatcmpl-a73c7e903da66e58-bdb6d7fc,3168295.488099,0.000042,1,1,1633,1484,0,0
decode,,3168295.501816,0.000088,0,0,,,0,0
decode,,3168295.502186,0.000055,0,0,,,0,0
prefill,chatcmpl-80d0765eadfd4f14-8fcd8e5f,3168295.580496,0.000528,1,1352,1352,0,1,0
encoder,chatcmpl-80d0765eadfd4f14-8fcd8e5f,3168295.582509,0.375457,1,0,,, 1,0
decode,chatcmpl-80d0765eadfd4f14-8fcd8e5f,3168296.109969,0.000045,1,1,1353,1352,0,0
decode,chatcmpl-80d0765eadfd4f14-8fcd8e5f,3168296.124105,0.000043,1,1,1355,1353,0,0
decode,chatcmpl-80d0765eadfd4f14-8fcd8e5f,3168296.137896,0.000041,1,1,1357,1354,0,0
decode,chatcmpl-80d0765eadfd4f14-8fcd8e5f,3168296.151760,0.000041,1,1,1359,1355,0,0
decode,chatcmpl-80d0765eadfd4f14-8fcd8e5f,3168296.165567,0.000042,1,1,1361,1356,0,0
decode,chatcmpl-80d0765eadfd4f14-8fcd8e5f,3168296.179313,0.000041,1,1,1363,1357,0,0
decode,chatcmpl-80d0765eadfd4f14-8fcd8e5f,3168296.193086,0.000042,1,1,1365,1358,0,0
decode,chatcmpl-80d0765eadfd4f14-8fcd8e5f,3168296.206841,0.000042,1,1,1367,1359,0,0
decode,chatcmpl-80d0765eadfd4f14-8fcd8e5f,3168296.220636,0.000043,1,1,1369,1360,0,0
decode,chatcmpl-80d0765eadfd4f14-8fcd8e5f,3168296.234441,0.000041,1,1,1371,1361,0,0
decode,chatcmpl-80d0765eadfd4f14-8fcd8e5f,3168296.248116,0.000043,1,1,1373,1362,0,0
decode,chatcmpl-80d0765eadfd4f14-8fcd8e5f,3168296.261879,0.000042,1,1,1375,1363,0,0
decode,chatcmpl-80d0765eadfd4f14-8fcd8e5f,3168296.275629,0.000045,1,1,1377,1364,0,0
decode,chatcmpl-80d0765eadfd4f14-8fcd8e5f,3168296.289401,0.000040,1,1,1379,1365,0,0
decode,chatcmpl-80d0765eadfd4f14-8fcd8e5f,3168296.303242,0.000041,1,1,1381,1366,0,0
decode,chatcmpl-80d0765eadfd4f14-8fcd8e5f,3168296.317012,0.000042,1,1,1383,1367,0,0
decode,chatcmpl-80d0765eadfd4f14-8fcd8e5f,3168296.330760,0.000041,1,1,1385,1368,0,0
decode,chatcmpl-80d0765eadfd4f14-8fcd8e5f,3168296.344527,0.000041,1,1,1387,1369,0,0
decode,chatcmpl-80d0765eadfd4f14-8fcd8e5f,3168296.358283,0.000042,1,1,1389,1370,0,0
decode,chatcmpl-80d0765eadfd4f14-8fcd8e5f,3168296.372086,0.000041,1,1,1391,1371,0,0
decode,chatcmpl-80d0765eadfd4f14-8fcd8e5f,3168296.385786,0.000042,1,1,1393,1372,0,0
decode,chatcmpl-80d0765eadfd4f14-8fcd8e5f,3168296.399533,0.000044,1,1,1395,1373,0,0
decode,chatcmpl-80d0765eadfd4f14-8fcd8e5f,3168296.413303,0.000041,1,1,1397,1374,0,0
decode,chatcmpl-80d0765eadfd4f14-8fcd8e5f,3168296.427033,0.000042,1,1,1399,1375,0,0
decode,chatcmpl-80d0765eadfd4f14-8fcd8e5f,3168296.440789,0.000041,1,1,1401,1376,0,0
decode,chatcmpl-80d0765eadfd4f14-8fcd8e5f,3168296.454636,0.000041,1,1,1403,1377,0,0
decode,chatcmpl-80d0765eadfd4f14-8fcd8e5f,3168296.468391,0.000042,1,1,1405,1378,0,0
decode,chatcmpl-80d0765eadfd4f14-8fcd8e5f,3168296.482143,0.000041,1,1,1407,1379,0,0
decode,chatcmpl-80d0765eadfd4f14-8fcd8e5f,3168296.495876,0.000041,1,1,1409,1380,0,0
decode,chatcmpl-80d0765eadfd4f14-8fcd8e5f,3168296.509636,0.000040,1,1,1411,1381,0,0
decode,chatcmpl-80d0765eadfd4f14-8fcd8e5f,3168296.523373,0.000042,1,1,1413,1382,0,0
decode,chatcmpl-80d0765eadfd4f14-8fcd8e5f,3168296.537136,0.000042,1,1,1415,1383,0,0
decode,chatcmpl-80d0765eadfd4f14-8fcd8e5f,3168296.550882,0.000041,1,1,1417,1384,0,0
decode,chatcmpl-80d0765eadfd4f14-8fcd8e5f,3168296.564637,0.000043,1,1,1419,1385,0,0
decode,chatcmpl-80d0765eadfd4f14-8fcd8e5f,3168296.578395,0.000041,1,1,1421,1386,0,0
decode,chatcmpl-80d0765eadfd4f14-8fcd8e5f,3168296.592153,0.000041,1,1,1423,1387,0,0
decode,chatcmpl-80d0765eadfd4f14-8fcd8e5f,3168296.606009,0.000041,1,1,1425,1388,0,0
decode,chatcmpl-80d0765eadfd4f14-8fcd8e5f,3168296.619756,0.000039,1,1,1427,1389,0,0
decode,chatcmpl-80d0765eadfd4f14-8fcd8e5f,3168296.633497,0.000041,1,1,1429,1390,0,0
decode,chatcmpl-80d0765eadfd4f14-8fcd8e5f,3168296.647244,0.000041,1,1,1431,1391,0,0
decode,chatcmpl-80d0765eadfd4f14-8fcd8e5f,3168296.661018,0.000042,1,1,1433,1392,0,0
decode,chatcmpl-80d0765eadfd4f14-8fcd8e5f,3168296.674762,0.000042,1,1,1435,1393,0,0
decode,chatcmpl-80d0765eadfd4f14-8fcd8e5f,3168296.688527,0.000042,1,1,1437,1394,0,0
decode,chatcmpl-80d0765eadfd4f14-8fcd8e5f,3168296.702293,0.000044,1,1,1439,1395,0,0
decode,chatcmpl-80d0765eadfd4f14-8fcd8e5f,3168296.716037,0.000043,1,1,1441,1396,0,0
decode,chatcmpl-80d0765eadfd4f14-8fcd8e5f,3168296.729784,0.000042,1,1,1443,1397,0,0
decode,chatcmpl-80d0765eadfd4f14-8fcd8e5f,3168296.743522,0.000044,1,1,1445,1398,0,0
decode,chatcmpl-80d0765eadfd4f14-8fcd8e5f,3168296.757413,0.000042,1,1,1447,1399,0,0
decode,chatcmpl-80d0765eadfd4f14-8fcd8e5f,3168296.771161,0.000042,1,1,1449,1400,0,0
decode,chatcmpl-80d0765eadfd4f14-8fcd8e5f,3168296.784927,0.000042,1,1,1451,1401,0,0
decode,chatcmpl-80d0765eadfd4f14-8fcd8e5f,3168296.798674,0.000040,1,1,1453,1402,0,0
decode,chatcmpl-80d0765eadfd4f14-8fcd8e5f,3168296.812441,0.000043,1,1,1455,1403,0,0
decode,chatcmpl-80d0765eadfd4f14-8fcd8e5f,3168296.826186,0.000041,1,1,1457,1404,0,0
decode,chatcmpl-80d0765eadfd4f14-8fcd8e5f,3168296.839942,0.000040,1,1,1459,1405,0,0
decode,chatcmpl-80d0765eadfd4f14-8fcd8e5f,3168296.853695,0.000041,1,1,1461,1406,0,0
decode,chatcmpl-80d0765eadfd4f14-8fcd8e5f,3168296.867441,0.000042,1,1,1463,1407,0,0
decode,chatcmpl-80d0765eadfd4f14-8fcd8e5f,3168296.881184,0.000051,1,1,1465,1408,0,0
decode,chatcmpl-80d0765eadfd4f14-8fcd8e5f,3168296.894936,0.000043,1,1,1467,1409,0,0
decode,chatcmpl-80d0765eadfd4f14-8fcd8e5f,3168296.908801,0.000042,1,1,1469,1410,0,0
decode,chatcmpl-80d0765eadfd4f14-8fcd8e5f,3168296.922588,0.000041,1,1,1471,1411,0,0
decode,chatcmpl-80d0765eadfd4f14-8fcd8e5f,3168296.936351,0.000041,1,1,1473,1412,0,0
decode,chatcmpl-80d0765eadfd4f14-8fcd8e5f,3168296.950086,0.000041,1,1,1475,1413,0,0
decode,chatcmpl-80d0765eadfd4f14-8fcd8e5f,3168296.963836,0.000042,1,1,1477,1414,0,0
decode,chatcmpl-80d0765eadfd4f14-8fcd8e5f,3168296.977587,0.000043,1,1,1479,1415,0,0
decode,chatcmpl-80d0765eadfd4f14-8fcd8e5f,3168296.991326,0.000042,1,1,1481,1416,0,0
decode,chatcmpl-80d0765eadfd4f14-8fcd8e5f,3168297.005067,0.000042,1,1,1483,1417,0,0
decode,chatcmpl-80d0765eadfd4f14-8fcd8e5f,3168297.018796,0.000041,1,1,1485,1418,0,0
decode,chatcmpl-80d0765eadfd4f14-8fcd8e5f,3168297.032566,0.000041,1,1,1487,1419,0,0
decode,chatcmpl-80d0765eadfd4f14-8fcd8e5f,3168297.046317,0.000040,1,1,1489,1420,0,0
decode,chatcmpl-80d0765eadfd4f14-8fcd8e5f,3168297.060157,0.000041,1,1,1491,1421,0,0
decode,chatcmpl-80d0765eadfd4f14-8fcd8e5f,3168297.073908,0.000042,1,1,1493,1422,0,0
decode,chatcmpl-80d0765eadfd4f14-8fcd8e5f,3168297.087654,0.000041,1,1,1495,1423,0,0
decode,chatcmpl-80d0765eadfd4f14-8fcd8e5f,3168297.101395,0.000040,1,1,1497,1424,0,0
decode,chatcmpl-80d0765eadfd4f14-8fcd8e5f,3168297.115151,0.000043,1,1,1499,1425,0,0
decode,chatcmpl-80d0765eadfd4f14-8fcd8e5f,3168297.128927,0.000042,1,1,1501,1426,0,0
decode,chatcmpl-80d0765eadfd4f14-8fcd8e5f,3168297.142679,0.000041,1,1,1503,1427,0,0
decode,chatcmpl-80d0765eadfd4f14-8fcd8e5f,3168297.156480,0.000041,1,1,1505,1428,0,0
decode,chatcmpl-80d0765eadfd4f14-8fcd8e5f,3168297.170250,0.000042,1,1,1507,1429,0,0
decode,chatcmpl-80d0765eadfd4f14-8fcd8e5f,3168297.183997,0.000047,1,1,1509,1430,0,0
decode,chatcmpl-80d0765eadfd4f14-8fcd8e5f,3168297.197763,0.000041,1,1,1511,1431,0,0
decode,chatcmpl-80d0765eadfd4f14-8fcd8e5f,3168297.211506,0.000041,1,1,1513,1432,0,0
decode,chatcmpl-80d0765eadfd4f14-8fcd8e5f,3168297.225263,0.000041,1,1,1515,1433,0,0
decode,chatcmpl-80d0765eadfd4f14-8fcd8e5f,3168297.239029,0.000041,1,1,1517,1434,0,0
decode,chatcmpl-80d0765eadfd4f14-8fcd8e5f,3168297.252777,0.000042,1,1,1519,1435,0,0
decode,chatcmpl-80d0765eadfd4f14-8fcd8e5f,3168297.266533,0.000041,1,1,1521,1436,0,0
decode,chatcmpl-80d0765eadfd4f14-8fcd8e5f,3168297.280286,0.000040,1,1,1523,1437,0,0
decode,chatcmpl-80d0765eadfd4f14-8fcd8e5f,3168297.294044,0.000042,1,1,1525,1438,0,0
decode,chatcmpl-80d0765eadfd4f14-8fcd8e5f,3168297.307795,0.000039,1,1,1527,1439,0,0
decode,chatcmpl-80d0765eadfd4f14-8fcd8e5f,3168297.321561,0.000041,1,1,1529,1440,0,0
decode,chatcmpl-80d0765eadfd4f14-8fcd8e5f,3168297.335314,0.000043,1,1,1531,1441,0,0
decode,chatcmpl-80d0765eadfd4f14-8fcd8e5f,3168297.349083,0.000041,1,1,1533,1442,0,0
decode,chatcmpl-80d0765eadfd4f14-8fcd8e5f,3168297.362828,0.000042,1,1,1535,1443,0,0
decode,chatcmpl-80d0765eadfd4f14-8fcd8e5f,3168297.376587,0.000041,1,1,1537,1444,0,0
decode,chatcmpl-80d0765eadfd4f14-8fcd8e5f,3168297.390328,0.000041,1,1,1539,1445,0,0
decode,chatcmpl-80d0765eadfd4f14-8fcd8e5f,3168297.404057,0.000041,1,1,1541,1446,0,0
decode,chatcmpl-80d0765eadfd4f14-8fcd8e5f,3168297.417796,0.000043,1,1,1543,1447,0,0
decode,chatcmpl-80d0765eadfd4f14-8fcd8e5f,3168297.431541,0.000041,1,1,1545,1448,0,0
decode,chatcmpl-80d0765eadfd4f14-8fcd8e5f,3168297.445338,0.000041,1,1,1547,1449,0,0
decode,chatcmpl-80d0765eadfd4f14-8fcd8e5f,3168297.459086,0.000040,1,1,1549,1450,0,0
decode,chatcmpl-80d0765eadfd4f14-8fcd8e5f,3168297.472863,0.000042,1,1,1551,1451,0,0
decode,chatcmpl-80d0765eadfd4f14-8fcd8e5f,3168297.486598,0.000042,1,1,1553,1452,0,0
decode,chatcmpl-80d0765eadfd4f14-8fcd8e5f,3168297.500364,0.000041,1,1,1555,1453,0,0
decode,chatcmpl-80d0765eadfd4f14-8fcd8e5f,3168297.514109,0.000042,1,1,1557,1454,0,0
decode,chatcmpl-80d0765eadfd4f14-8fcd8e5f,3168297.527872,0.000043,1,1,1559,1455,0,0
decode,chatcmpl-80d0765eadfd4f14-8fcd8e5f,3168297.541638,0.000041,1,1,1561,1456,0,0
decode,chatcmpl-80d0765eadfd4f14-8fcd8e5f,3168297.555403,0.000042,1,1,1563,1457,0,0
decode,chatcmpl-80d0765eadfd4f14-8fcd8e5f,3168297.569153,0.000041,1,1,1565,1458,0,0
decode,chatcmpl-80d0765eadfd4f14-8fcd8e5f,3168297.582919,0.000042,1,1,1567,1459,0,0
decode,chatcmpl-80d0765eadfd4f14-8fcd8e5f,3168297.596691,0.000041,1,1,1569,1460,0,0
decode,chatcmpl-80d0765eadfd4f14-8fcd8e5f,3168297.610453,0.000042,1,1,1571,1461,0,0
decode,chatcmpl-80d0765eadfd4f14-8fcd8e5f,3168297.624203,0.000042,1,1,1573,1462,0,0
decode,chatcmpl-80d0765eadfd4f14-8fcd8e5f,3168297.637976,0.000042,1,1,1575,1463,0,0
decode,chatcmpl-80d0765eadfd4f14-8fcd8e5f,3168297.651702,0.000041,1,1,1577,1464,0,0
decode,chatcmpl-80d0765eadfd4f14-8fcd8e5f,3168297.665463,0.000043,1,1,1579,1465,0,0
decode,chatcmpl-80d0765eadfd4f14-8fcd8e5f,3168297.679217,0.000042,1,1,1581,1466,0,0
decode,chatcmpl-80d0765eadfd4f14-8fcd8e5f,3168297.692980,0.000041,1,1,1583,1467,0,0
decode,chatcmpl-80d0765eadfd4f14-8fcd8e5f,3168297.706755,0.000041,1,1,1585,1468,0,0
decode,chatcmpl-80d0765eadfd4f14-8fcd8e5f,3168297.720524,0.000042,1,1,1587,1469,0,0
decode,chatcmpl-80d0765eadfd4f14-8fcd8e5f,3168297.734280,0.000043,1,1,1589,1470,0,0
decode,chatcmpl-80d0765eadfd4f14-8fcd8e5f,3168297.748045,0.000042,1,1,1591,1471,0,0
decode,chatcmpl-80d0765eadfd4f14-8fcd8e5f,3168297.761789,0.000041,1,1,1593,1472,0,0
decode,chatcmpl-80d0765eadfd4f14-8fcd8e5f,3168297.775535,0.000042,1,1,1595,1473,0,0
decode,chatcmpl-80d0765eadfd4f14-8fcd8e5f,3168297.789280,0.000040,1,1,1597,1474,0,0
decode,chatcmpl-80d0765eadfd4f14-8fcd8e5f,3168297.803013,0.000042,1,1,1599,1475,0,0
decode,chatcmpl-80d0765eadfd4f14-8fcd8e5f,3168297.816785,0.000043,1,1,1601,1476,0,0
decode,chatcmpl-80d0765eadfd4f14-8fcd8e5f,3168297.830534,0.000042,1,1,1603,1477,0,0
decode,chatcmpl-80d0765eadfd4f14-8fcd8e5f,3168297.844275,0.000040,1,1,1605,1478,0,0
decode,chatcmpl-80d0765eadfd4f14-8fcd8e5f,3168297.858007,0.000041,1,1,1607,1479,0,0
decode,chatcmpl-80d0765eadfd4f14-8fcd8e5f,3168297.871759,0.000042,1,1,1609,1480,0,0
decode,chatcmpl-80d0765eadfd4f14-8fcd8e5f,3168297.885509,0.000041,1,1,1611,1481,0,0
decode,chatcmpl-80d0765eadfd4f14-8fcd8e5f,3168297.899261,0.000042,1,1,1613,1482,0,0
decode,chatcmpl-80d0765eadfd4f14-8fcd8e5f,3168297.913035,0.000041,1,1,1615,1483,0,0
decode,chatcmpl-80d0765eadfd4f14-8fcd8e5f,3168297.926763,0.000040,1,1,1617,1484,0,0
decode,chatcmpl-80d0765eadfd4f14-8fcd8e5f,3168297.940540,0.000042,1,1,1619,1485,0,0
decode,chatcmpl-80d0765eadfd4f14-8fcd8e5f,3168297.954281,0.000041,1,1,1621,1486,0,0
decode,chatcmpl-80d0765eadfd4f14-8fcd8e5f,3168297.968042,0.000042,1,1,1623,1487,0,0
decode,chatcmpl-80d0765eadfd4f14-8fcd8e5f,3168297.981805,0.000042,1,1,1625,1488,0,0
decode,chatcmpl-80d0765eadfd4f14-8fcd8e5f,3168297.995550,0.000042,1,1,1627,1489,0,0
decode,chatcmpl-80d0765eadfd4f14-8fcd8e5f,3168298.009300,0.000041,1,1,1629,1490,0,0
decode,chatcmpl-80d0765eadfd4f14-8fcd8e5f,3168298.023069,0.000043,1,1,1631,1491,0,0
decode,chatcmpl-80d0765eadfd4f14-8fcd8e5f,3168298.036835,0.000040,1,1,1633,1492,0,0
decode,chatcmpl-80d0765eadfd4f14-8fcd8e5f,3168298.050609,0.000041,1,1,1635,1493,0,0
decode,chatcmpl-80d0765eadfd4f14-8fcd8e5f,3168298.064380,0.000042,1,1,1637,1494,0,0
decode,,3168298.078125,0.000083,0,0,,,0,0
decode,,3168298.078489,0.000057,0,0,,,0,0
prefill,chatcmpl-b2080229925e2fda-bbc62bb2,3168298.156148,0.000500,1,1363,1363,0,1,0
encoder,chatcmpl-b2080229925e2fda-bbc62bb2,3168298.158195,0.375386,1,0,,, 1,0
decode,chatcmpl-b2080229925e2fda-bbc62bb2,3168298.687502,0.000043,1,1,1364,1363,0,0
decode,chatcmpl-b2080229925e2fda-bbc62bb2,3168298.701643,0.000042,1,1,1366,1364,0,0
decode,chatcmpl-b2080229925e2fda-bbc62bb2,3168298.715431,0.000043,1,1,1368,1365,0,0
decode,chatcmpl-b2080229925e2fda-bbc62bb2,3168298.729219,0.000042,1,1,1370,1366,0,0
decode,chatcmpl-b2080229925e2fda-bbc62bb2,3168298.743085,0.000043,1,1,1372,1367,0,0
decode,chatcmpl-b2080229925e2fda-bbc62bb2,3168298.756853,0.000042,1,1,1374,1368,0,0
decode,chatcmpl-b2080229925e2fda-bbc62bb2,3168298.770604,0.000041,1,1,1376,1369,0,0
decode,chatcmpl-b2080229925e2fda-bbc62bb2,3168298.784363,0.000044,1,1,1378,1370,0,0
decode,chatcmpl-b2080229925e2fda-bbc62bb2,3168298.798141,0.000042,1,1,1380,1371,0,0
decode,chatcmpl-b2080229925e2fda-bbc62bb2,3168298.811900,0.000043,1,1,1382,1372,0,0
decode,chatcmpl-b2080229925e2fda-bbc62bb2,3168298.825652,0.000042,1,1,1384,1373,0,0
decode,chatcmpl-b2080229925e2fda-bbc62bb2,3168298.839402,0.000043,1,1,1386,1374,0,0
decode,chatcmpl-b2080229925e2fda-bbc62bb2,3168298.853158,0.000043,1,1,1388,1375,0,0
decode,chatcmpl-b2080229925e2fda-bbc62bb2,3168298.866899,0.000041,1,1,1390,1376,0,0
decode,chatcmpl-b2080229925e2fda-bbc62bb2,3168298.880672,0.000041,1,1,1392,1377,0,0
decode,chatcmpl-b2080229925e2fda-bbc62bb2,3168298.894518,0.000041,1,1,1394,1378,0,0
decode,chatcmpl-b2080229925e2fda-bbc62bb2,3168298.908273,0.000041,1,1,1396,1379,0,0
decode,chatcmpl-b2080229925e2fda-bbc62bb2,3168298.922018,0.000042,1,1,1398,1380,0,0
decode,chatcmpl-b2080229925e2fda-bbc62bb2,3168298.935774,0.000041,1,1,1400,1381,0,0
decode,chatcmpl-b2080229925e2fda-bbc62bb2,3168298.949542,0.000042,1,1,1402,1382,0,0
decode,chatcmpl-b2080229925e2fda-bbc62bb2,3168298.963291,0.000043,1,1,1404,1383,0,0
decode,chatcmpl-b2080229925e2fda-bbc62bb2,3168298.977053,0.000041,1,1,1406,1384,0,0
decode,chatcmpl-b2080229925e2fda-bbc62bb2,3168298.990821,0.000042,1,1,1408,1385,0,0
decode,chatcmpl-b2080229925e2fda-bbc62bb2,3168299.004573,0.000042,1,1,1410,1386,0,0
decode,chatcmpl-b2080229925e2fda-bbc62bb2,3168299.018319,0.000042,1,1,1412,1387,0,0
decode,chatcmpl-b2080229925e2fda-bbc62bb2,3168299.032071,0.000041,1,1,1414,1388,0,0
decode,chatcmpl-b2080229925e2fda-bbc62bb2,3168299.045908,0.000041,1,1,1416,1389,0,0
decode,chatcmpl-b2080229925e2fda-bbc62bb2,3168299.059663,0.000041,1,1,1418,1390,0,0
decode,chatcmpl-b2080229925e2fda-bbc62bb2,3168299.073403,0.000041,1,1,1420,1391,0,0
decode,chatcmpl-b2080229925e2fda-bbc62bb2,3168299.087152,0.000040,1,1,1422,1392,0,0
decode,chatcmpl-b2080229925e2fda-bbc62bb2,3168299.100909,0.000042,1,1,1424,1393,0,0
decode,chatcmpl-b2080229925e2fda-bbc62bb2,3168299.114665,0.000043,1,1,1426,1394,0,0
decode,chatcmpl-b2080229925e2fda-bbc62bb2,3168299.128417,0.000041,1,1,1428,1395,0,0
decode,chatcmpl-b2080229925e2fda-bbc62bb2,3168299.142160,0.000041,1,1,1430,1396,0,0
decode,chatcmpl-b2080229925e2fda-bbc62bb2,3168299.155893,0.000041,1,1,1432,1397,0,0
decode,chatcmpl-b2080229925e2fda-bbc62bb2,3168299.169637,0.000041,1,1,1434,1398,0,0
decode,chatcmpl-b2080229925e2fda-bbc62bb2,3168299.183392,0.000042,1,1,1436,1399,0,0
decode,chatcmpl-b2080229925e2fda-bbc62bb2,3168299.197259,0.000044,1,1,1438,1400,0,0
decode,chatcmpl-b2080229925e2fda-bbc62bb2,3168299.211016,0.000041,1,1,1440,1401,0,0
decode,chatcmpl-b2080229925e2fda-bbc62bb2,3168299.224759,0.000042,1,1,1442,1402,0,0
decode,chatcmpl-b2080229925e2fda-bbc62bb2,3168299.238509,0.000041,1,1,1444,1403,0,0
decode,chatcmpl-b2080229925e2fda-bbc62bb2,3168299.252278,0.000041,1,1,1446,1404,0,0
decode,chatcmpl-b2080229925e2fda-bbc62bb2,3168299.266043,0.000042,1,1,1448,1405,0,0
decode,chatcmpl-b2080229925e2fda-bbc62bb2,3168299.279797,0.000041,1,1,1450,1406,0,0
decode,chatcmpl-b2080229925e2fda-bbc62bb2,3168299.293561,0.000042,1,1,1452,1407,0,0
decode,chatcmpl-b2080229925e2fda-bbc62bb2,3168299.307317,0.000053,1,1,1454,1408,0,0
decode,chatcmpl-b2080229925e2fda-bbc62bb2,3168299.321106,0.000042,1,1,1456,1409,0,0
decode,chatcmpl-b2080229925e2fda-bbc62bb2,3168299.334854,0.000041,1,1,1458,1410,0,0
decode,chatcmpl-b2080229925e2fda-bbc62bb2,3168299.348736,0.000041,1,1,1460,1411,0,0
decode,chatcmpl-b2080229925e2fda-bbc62bb2,3168299.362489,0.000042,1,1,1462,1412,0,0
decode,chatcmpl-b2080229925e2fda-bbc62bb2,3168299.376252,0.000042,1,1,1464,1413,0,0
decode,chatcmpl-b2080229925e2fda-bbc62bb2,3168299.390007,0.000041,1,1,1466,1414,0,0
decode,chatcmpl-b2080229925e2fda-bbc62bb2,3168299.403765,0.000041,1,1,1468,1415,0,0
decode,chatcmpl-b2080229925e2fda-bbc62bb2,3168299.417505,0.000042,1,1,1470,1416,0,0
decode,chatcmpl-b2080229925e2fda-bbc62bb2,3168299.431259,0.000042,1,1,1472,1417,0,0
decode,chatcmpl-b2080229925e2fda-bbc62bb2,3168299.445015,0.000042,1,1,1474,1418,0,0
decode,chatcmpl-b2080229925e2fda-bbc62bb2,3168299.458782,0.000041,1,1,1476,1419,0,0
decode,chatcmpl-b2080229925e2fda-bbc62bb2,3168299.472525,0.000043,1,1,1478,1420,0,0
decode,chatcmpl-b2080229925e2fda-bbc62bb2,3168299.486283,0.000042,1,1,1480,1421,0,0
decode,chatcmpl-b2080229925e2fda-bbc62bb2,3168299.500118,0.000041,1,1,1482,1422,0,0
decode,chatcmpl-b2080229925e2fda-bbc62bb2,3168299.513855,0.000042,1,1,1484,1423,0,0
decode,chatcmpl-b2080229925e2fda-bbc62bb2,3168299.527594,0.000041,1,1,1486,1424,0,0
decode,chatcmpl-b2080229925e2fda-bbc62bb2,3168299.541347,0.000041,1,1,1488,1425,0,0
decode,chatcmpl-b2080229925e2fda-bbc62bb2,3168299.555073,0.000042,1,1,1490,1426,0,0
decode,chatcmpl-b2080229925e2fda-bbc62bb2,3168299.568846,0.000041,1,1,1492,1427,0,0
decode,chatcmpl-b2080229925e2fda-bbc62bb2,3168299.582580,0.000042,1,1,1494,1428,0,0
decode,chatcmpl-b2080229925e2fda-bbc62bb2,3168299.596335,0.000041,1,1,1496,1429,0,0
decode,chatcmpl-b2080229925e2fda-bbc62bb2,3168299.610092,0.000042,1,1,1498,1430,0,0
decode,chatcmpl-b2080229925e2fda-bbc62bb2,3168299.623840,0.000042,1,1,1500,1431,0,0
decode,chatcmpl-b2080229925e2fda-bbc62bb2,3168299.637586,0.000042,1,1,1502,1432,0,0
decode,chatcmpl-b2080229925e2fda-bbc62bb2,3168299.651415,0.000042,1,1,1504,1433,0,0
decode,chatcmpl-b2080229925e2fda-bbc62bb2,3168299.665173,0.000041,1,1,1506,1434,0,0
decode,chatcmpl-b2080229925e2fda-bbc62bb2,3168299.678917,0.000039,1,1,1508,1435,0,0
decode,chatcmpl-b2080229925e2fda-bbc62bb2,3168299.692681,0.000042,1,1,1510,1436,0,0
decode,chatcmpl-b2080229925e2fda-bbc62bb2,3168299.706413,0.000042,1,1,1512,1437,0,0
decode,chatcmpl-b2080229925e2fda-bbc62bb2,3168299.720166,0.000041,1,1,1514,1438,0,0
decode,chatcmpl-b2080229925e2fda-bbc62bb2,3168299.733923,0.000042,1,1,1516,1439,0,0
decode,chatcmpl-b2080229925e2fda-bbc62bb2,3168299.747677,0.000042,1,1,1518,1440,0,0
decode,chatcmpl-b2080229925e2fda-bbc62bb2,3168299.761461,0.000042,1,1,1520,1441,0,0
decode,chatcmpl-b2080229925e2fda-bbc62bb2,3168299.775198,0.000040,1,1,1522,1442,0,0
decode,chatcmpl-b2080229925e2fda-bbc62bb2,3168299.788965,0.000041,1,1,1524,1443,0,0
decode,chatcmpl-b2080229925e2fda-bbc62bb2,3168299.802794,0.000043,1,1,1526,1444,0,0
decode,chatcmpl-b2080229925e2fda-bbc62bb2,3168299.816552,0.000043,1,1,1528,1445,0,0
decode,chatcmpl-b2080229925e2fda-bbc62bb2,3168299.830281,0.000042,1,1,1530,1446,0,0
decode,chatcmpl-b2080229925e2fda-bbc62bb2,3168299.844017,0.000042,1,1,1532,1447,0,0
decode,chatcmpl-b2080229925e2fda-bbc62bb2,3168299.857787,0.000041,1,1,1534,1448,0,0
decode,chatcmpl-b2080229925e2fda-bbc62bb2,3168299.871525,0.000043,1,1,1536,1449,0,0
decode,chatcmpl-b2080229925e2fda-bbc62bb2,3168299.885276,0.000040,1,1,1538,1450,0,0
decode,chatcmpl-b2080229925e2fda-bbc62bb2,3168299.899005,0.000042,1,1,1540,1451,0,0
decode,chatcmpl-b2080229925e2fda-bbc62bb2,3168299.912769,0.000041,1,1,1542,1452,0,0
decode,chatcmpl-b2080229925e2fda-bbc62bb2,3168299.926521,0.000042,1,1,1544,1453,0,0
decode,chatcmpl-b2080229925e2fda-bbc62bb2,3168299.940264,0.000040,1,1,1546,1454,0,0
decode,chatcmpl-b2080229925e2fda-bbc62bb2,3168299.954092,0.000042,1,1,1548,1455,0,0
decode,chatcmpl-b2080229925e2fda-bbc62bb2,3168299.967810,0.000042,1,1,1550,1456,0,0
decode,chatcmpl-b2080229925e2fda-bbc62bb2,3168299.981559,0.000040,1,1,1552,1457,0,0
decode,chatcmpl-b2080229925e2fda-bbc62bb2,3168299.995294,0.000041,1,1,1554,1458,0,0
decode,chatcmpl-b2080229925e2fda-bbc62bb2,3168300.009053,0.000042,1,1,1556,1459,0,0
decode,chatcmpl-b2080229925e2fda-bbc62bb2,3168300.022781,0.000041,1,1,1558,1460,0,0
decode,chatcmpl-b2080229925e2fda-bbc62bb2,3168300.036532,0.000042,1,1,1560,1461,0,0
decode,chatcmpl-b2080229925e2fda-bbc62bb2,3168300.050264,0.000042,1,1,1562,1462,0,0
decode,chatcmpl-b2080229925e2fda-bbc62bb2,3168300.063997,0.000047,1,1,1564,1463,0,0
decode,chatcmpl-b2080229925e2fda-bbc62bb2,3168300.077742,0.000041,1,1,1566,1464,0,0
decode,chatcmpl-b2080229925e2fda-bbc62bb2,3168300.091481,0.000042,1,1,1568,1465,0,0
decode,chatcmpl-b2080229925e2fda-bbc62bb2,3168300.105327,0.000042,1,1,1570,1466,0,0
decode,chatcmpl-b2080229925e2fda-bbc62bb2,3168300.119067,0.000041,1,1,1572,1467,0,0
decode,chatcmpl-b2080229925e2fda-bbc62bb2,3168300.132827,0.000041,1,1,1574,1468,0,0
decode,chatcmpl-b2080229925e2fda-bbc62bb2,3168300.146577,0.000042,1,1,1576,1469,0,0
decode,chatcmpl-b2080229925e2fda-bbc62bb2,3168300.160339,0.000042,1,1,1578,1470,0,0
decode,chatcmpl-b2080229925e2fda-bbc62bb2,3168300.174088,0.000042,1,1,1580,1471,0,0
decode,chatcmpl-b2080229925e2fda-bbc62bb2,3168300.187841,0.000042,1,1,1582,1472,0,0
decode,chatcmpl-b2080229925e2fda-bbc62bb2,3168300.201618,0.000042,1,1,1584,1473,0,0
decode,chatcmpl-b2080229925e2fda-bbc62bb2,3168300.215368,0.000042,1,1,1586,1474,0,0
decode,chatcmpl-b2080229925e2fda-bbc62bb2,3168300.229108,0.000041,1,1,1588,1475,0,0
decode,chatcmpl-b2080229925e2fda-bbc62bb2,3168300.242849,0.000040,1,1,1590,1476,0,0
decode,chatcmpl-b2080229925e2fda-bbc62bb2,3168300.256737,0.000041,1,1,1592,1477,0,0
decode,chatcmpl-b2080229925e2fda-bbc62bb2,3168300.270497,0.000042,1,1,1594,1478,0,0
decode,chatcmpl-b2080229925e2fda-bbc62bb2,3168300.284249,0.000041,1,1,1596,1479,0,0
decode,chatcmpl-b2080229925e2fda-bbc62bb2,3168300.297992,0.000042,1,1,1598,1480,0,0
decode,chatcmpl-b2080229925e2fda-bbc62bb2,3168300.311746,0.000042,1,1,1600,1481,0,0
decode,chatcmpl-b2080229925e2fda-bbc62bb2,3168300.325501,0.000041,1,1,1602,1482,0,0
decode,chatcmpl-b2080229925e2fda-bbc62bb2,3168300.339234,0.000043,1,1,1604,1483,0,0
decode,chatcmpl-b2080229925e2fda-bbc62bb2,3168300.353001,0.000042,1,1,1606,1484,0,0
decode,chatcmpl-b2080229925e2fda-bbc62bb2,3168300.366775,0.000041,1,1,1608,1485,0,0
decode,chatcmpl-b2080229925e2fda-bbc62bb2,3168300.380534,0.000040,1,1,1610,1486,0,0
decode,chatcmpl-b2080229925e2fda-bbc62bb2,3168300.394257,0.000043,1,1,1612,1487,0,0
decode,chatcmpl-b2080229925e2fda-bbc62bb2,3168300.408082,0.000042,1,1,1614,1488,0,0
decode,chatcmpl-b2080229925e2fda-bbc62bb2,3168300.421834,0.000041,1,1,1616,1489,0,0
decode,chatcmpl-b2080229925e2fda-bbc62bb2,3168300.435558,0.000041,1,1,1618,1490,0,0
decode,chatcmpl-b2080229925e2fda-bbc62bb2,3168300.449325,0.000041,1,1,1620,1491,0,0
decode,chatcmpl-b2080229925e2fda-bbc62bb2,3168300.463057,0.000043,1,1,1622,1492,0,0
decode,chatcmpl-b2080229925e2fda-bbc62bb2,3168300.476806,0.000043,1,1,1624,1493,0,0
decode,chatcmpl-b2080229925e2fda-bbc62bb2,3168300.490573,0.000043,1,1,1626,1494,0,0
decode,chatcmpl-b2080229925e2fda-bbc62bb2,3168300.504352,0.000042,1,1,1628,1495,0,0
decode,chatcmpl-b2080229925e2fda-bbc62bb2,3168300.518116,0.000042,1,1,1630,1496,0,0
decode,chatcmpl-b2080229925e2fda-bbc62bb2,3168300.531853,0.000043,1,1,1632,1497,0,0
decode,chatcmpl-b2080229925e2fda-bbc62bb2,3168300.545618,0.000043,1,1,1634,1498,0,0
decode,chatcmpl-b2080229925e2fda-bbc62bb2,3168300.559401,0.000043,1,1,1636,1499,0,0
decode,chatcmpl-b2080229925e2fda-bbc62bb2,3168300.573180,0.000042,1,1,1638,1500,0,0
decode,chatcmpl-b2080229925e2fda-bbc62bb2,3168300.586933,0.000042,1,1,1640,1501,0,0
decode,,3168300.600706,0.000087,0,0,,,0,0
decode,,3168300.601072,0.000057,0,0,,,0,0
prefill,chatcmpl-8ac87c14e2facad1-83983112,3168300.680326,0.000590,1,1371,1371,0,1,0
encoder,chatcmpl-8ac87c14e2facad1-83983112,3168300.682445,0.375043,1,0,,, 1,0
decode,chatcmpl-8ac87c14e2facad1-83983112,3168301.211430,0.000045,1,1,1372,1371,0,0
decode,chatcmpl-8ac87c14e2facad1-83983112,3168301.225585,0.000043,1,1,1374,1372,0,0
decode,chatcmpl-8ac87c14e2facad1-83983112,3168301.239372,0.000043,1,1,1376,1373,0,0
decode,chatcmpl-8ac87c14e2facad1-83983112,3168301.253155,0.000044,1,1,1378,1374,0,0
decode,chatcmpl-8ac87c14e2facad1-83983112,3168301.266934,0.000042,1,1,1380,1375,0,0
decode,chatcmpl-8ac87c14e2facad1-83983112,3168301.280710,0.000043,1,1,1382,1376,0,0
decode,chatcmpl-8ac87c14e2facad1-83983112,3168301.294455,0.000042,1,1,1384,1377,0,0
decode,chatcmpl-8ac87c14e2facad1-83983112,3168301.308212,0.000041,1,1,1386,1378,0,0
decode,chatcmpl-8ac87c14e2facad1-83983112,3168301.321957,0.000043,1,1,1388,1379,0,0
decode,chatcmpl-8ac87c14e2facad1-83983112,3168301.335812,0.000041,1,1,1390,1380,0,0
decode,chatcmpl-8ac87c14e2facad1-83983112,3168301.349584,0.000043,1,1,1392,1381,0,0
decode,chatcmpl-8ac87c14e2facad1-83983112,3168301.363326,0.000043,1,1,1394,1382,0,0
decode,chatcmpl-8ac87c14e2facad1-83983112,3168301.377091,0.000041,1,1,1396,1383,0,0
decode,chatcmpl-8ac87c14e2facad1-83983112,3168301.390854,0.000040,1,1,1398,1384,0,0
decode,chatcmpl-8ac87c14e2facad1-83983112,3168301.404623,0.000043,1,1,1400,1385,0,0
decode,chatcmpl-8ac87c14e2facad1-83983112,3168301.418372,0.000041,1,1,1402,1386,0,0
decode,chatcmpl-8ac87c14e2facad1-83983112,3168301.432120,0.000038,1,1,1404,1387,0,0
decode,chatcmpl-8ac87c14e2facad1-83983112,3168301.445875,0.000042,1,1,1406,1388,0,0
decode,chatcmpl-8ac87c14e2facad1-83983112,3168301.459625,0.000041,1,1,1408,1389,0,0
decode,chatcmpl-8ac87c14e2facad1-83983112,3168301.473382,0.000041,1,1,1410,1390,0,0
decode,chatcmpl-8ac87c14e2facad1-83983112,3168301.487222,0.000041,1,1,1412,1391,0,0
decode,chatcmpl-8ac87c14e2facad1-83983112,3168301.500979,0.000041,1,1,1414,1392,0,0
decode,chatcmpl-8ac87c14e2facad1-83983112,3168301.514728,0.000041,1,1,1416,1393,0,0
decode,chatcmpl-8ac87c14e2facad1-83983112,3168301.528485,0.000041,1,1,1418,1394,0,0
decode,chatcmpl-8ac87c14e2facad1-83983112,3168301.542226,0.000041,1,1,1420,1395,0,0
decode,chatcmpl-8ac87c14e2facad1-83983112,3168301.555983,0.000049,1,1,1422,1396,0,0
decode,chatcmpl-8ac87c14e2facad1-83983112,3168301.569743,0.000042,1,1,1424,1397,0,0
decode,chatcmpl-8ac87c14e2facad1-83983112,3168301.583468,0.000042,1,1,1426,1398,0,0
decode,chatcmpl-8ac87c14e2facad1-83983112,3168301.597210,0.000042,1,1,1428,1399,0,0
decode,chatcmpl-8ac87c14e2facad1-83983112,3168301.610977,0.000042,1,1,1430,1400,0,0
decode,chatcmpl-8ac87c14e2facad1-83983112,3168301.624727,0.000040,1,1,1432,1401,0,0
decode,chatcmpl-8ac87c14e2facad1-83983112,3168301.638576,0.000042,1,1,1434,1402,0,0
decode,chatcmpl-8ac87c14e2facad1-83983112,3168301.652323,0.000043,1,1,1436,1403,0,0
decode,chatcmpl-8ac87c14e2facad1-83983112,3168301.666030,0.000043,1,1,1438,1404,0,0
decode,chatcmpl-8ac87c14e2facad1-83983112,3168301.679770,0.000042,1,1,1440,1405,0,0
decode,chatcmpl-8ac87c14e2facad1-83983112,3168301.693527,0.000042,1,1,1442,1406,0,0
decode,chatcmpl-8ac87c14e2facad1-83983112,3168301.707261,0.000042,1,1,1444,1407,0,0
decode,chatcmpl-8ac87c14e2facad1-83983112,3168301.721004,0.000052,1,1,1446,1408,0,0
decode,chatcmpl-8ac87c14e2facad1-83983112,3168301.734756,0.000040,1,1,1448,1409,0,0
decode,chatcmpl-8ac87c14e2facad1-83983112,3168301.748515,0.000041,1,1,1450,1410,0,0
decode,chatcmpl-8ac87c14e2facad1-83983112,3168301.762300,0.000042,1,1,1452,1411,0,0
decode,chatcmpl-8ac87c14e2facad1-83983112,3168301.776047,0.000041,1,1,1454,1412,0,0
decode,chatcmpl-8ac87c14e2facad1-83983112,3168301.789873,0.000041,1,1,1456,1413,0,0
decode,chatcmpl-8ac87c14e2facad1-83983112,3168301.803618,0.000041,1,1,1458,1414,0,0
decode,chatcmpl-8ac87c14e2facad1-83983112,3168301.817372,0.000043,1,1,1460,1415,0,0
decode,chatcmpl-8ac87c14e2facad1-83983112,3168301.831116,0.000042,1,1,1462,1416,0,0
decode,chatcmpl-8ac87c14e2facad1-83983112,3168301.844877,0.000040,1,1,1464,1417,0,0
decode,chatcmpl-8ac87c14e2facad1-83983112,3168301.858646,0.000041,1,1,1466,1418,0,0
decode,chatcmpl-8ac87c14e2facad1-83983112,3168301.872413,0.000043,1,1,1468,1419,0,0
decode,chatcmpl-8ac87c14e2facad1-83983112,3168301.886171,0.000041,1,1,1470,1420,0,0
decode,chatcmpl-8ac87c14e2facad1-83983112,3168301.899920,0.000041,1,1,1472,1421,0,0
decode,chatcmpl-8ac87c14e2facad1-83983112,3168301.913685,0.000042,1,1,1474,1422,0,0
decode,chatcmpl-8ac87c14e2facad1-83983112,3168301.927427,0.000041,1,1,1476,1423,0,0
decode,chatcmpl-8ac87c14e2facad1-83983112,3168301.941288,0.000040,1,1,1478,1424,0,0
decode,chatcmpl-8ac87c14e2facad1-83983112,3168301.955036,0.000042,1,1,1480,1425,0,0
decode,chatcmpl-8ac87c14e2facad1-83983112,3168301.968804,0.000042,1,1,1482,1426,0,0
decode,chatcmpl-8ac87c14e2facad1-83983112,3168301.982542,0.000042,1,1,1484,1427,0,0
decode,chatcmpl-8ac87c14e2facad1-83983112,3168301.996296,0.000040,1,1,1486,1428,0,0
decode,chatcmpl-8ac87c14e2facad1-83983112,3168302.010026,0.000043,1,1,1488,1429,0,0
decode,chatcmpl-8ac87c14e2facad1-83983112,3168302.023772,0.000040,1,1,1490,1430,0,0
decode,chatcmpl-8ac87c14e2facad1-83983112,3168302.037526,0.000042,1,1,1492,1431,0,0
decode,chatcmpl-8ac87c14e2facad1-83983112,3168302.051270,0.000041,1,1,1494,1432,0,0
decode,chatcmpl-8ac87c14e2facad1-83983112,3168302.065011,0.000041,1,1,1496,1433,0,0
decode,chatcmpl-8ac87c14e2facad1-83983112,3168302.078761,0.000042,1,1,1498,1434,0,0
decode,chatcmpl-8ac87c14e2facad1-83983112,3168302.092610,0.000042,1,1,1500,1435,0,0
decode,chatcmpl-8ac87c14e2facad1-83983112,3168302.106350,0.000042,1,1,1502,1436,0,0
decode,chatcmpl-8ac87c14e2facad1-83983112,3168302.120083,0.000043,1,1,1504,1437,0,0
decode,chatcmpl-8ac87c14e2facad1-83983112,3168302.133835,0.000042,1,1,1506,1438,0,0
decode,chatcmpl-8ac87c14e2facad1-83983112,3168302.147611,0.000044,1,1,1508,1439,0,0
decode,chatcmpl-8ac87c14e2facad1-83983112,3168302.161371,0.000041,1,1,1510,1440,0,0
decode,chatcmpl-8ac87c14e2facad1-83983112,3168302.175103,0.000042,1,1,1512,1441,0,0
decode,chatcmpl-8ac87c14e2facad1-83983112,3168302.188874,0.000040,1,1,1514,1442,0,0
decode,chatcmpl-8ac87c14e2facad1-83983112,3168302.202636,0.000042,1,1,1516,1443,0,0
decode,chatcmpl-8ac87c14e2facad1-83983112,3168302.216416,0.000040,1,1,1518,1444,0,0
decode,chatcmpl-8ac87c14e2facad1-83983112,3168302.230162,0.000041,1,1,1520,1445,0,0
decode,chatcmpl-8ac87c14e2facad1-83983112,3168302.244012,0.000042,1,1,1522,1446,0,0
decode,chatcmpl-8ac87c14e2facad1-83983112,3168302.257764,0.000042,1,1,1524,1447,0,0
decode,chatcmpl-8ac87c14e2facad1-83983112,3168302.271495,0.000040,1,1,1526,1448,0,0
decode,chatcmpl-8ac87c14e2facad1-83983112,3168302.285275,0.000041,1,1,1528,1449,0,0
decode,chatcmpl-8ac87c14e2facad1-83983112,3168302.299038,0.000040,1,1,1530,1450,0,0
decode,chatcmpl-8ac87c14e2facad1-83983112,3168302.312792,0.000042,1,1,1532,1451,0,0
decode,chatcmpl-8ac87c14e2facad1-83983112,3168302.326533,0.000040,1,1,1534,1452,0,0
decode,chatcmpl-8ac87c14e2facad1-83983112,3168302.340274,0.000041,1,1,1536,1453,0,0
decode,chatcmpl-8ac87c14e2facad1-83983112,3168302.354004,0.000042,1,1,1538,1454,0,0
decode,chatcmpl-8ac87c14e2facad1-83983112,3168302.367745,0.000043,1,1,1540,1455,0,0
decode,chatcmpl-8ac87c14e2facad1-83983112,3168302.381506,0.000040,1,1,1542,1456,0,0
decode,chatcmpl-8ac87c14e2facad1-83983112,3168302.395343,0.000042,1,1,1544,1457,0,0
decode,chatcmpl-8ac87c14e2facad1-83983112,3168302.409104,0.000039,1,1,1546,1458,0,0
decode,chatcmpl-8ac87c14e2facad1-83983112,3168302.422838,0.000043,1,1,1548,1459,0,0
decode,chatcmpl-8ac87c14e2facad1-83983112,3168302.436608,0.000041,1,1,1550,1460,0,0
decode,chatcmpl-8ac87c14e2facad1-83983112,3168302.450388,0.000040,1,1,1552,1461,0,0
decode,chatcmpl-8ac87c14e2facad1-83983112,3168302.464132,0.000042,1,1,1554,1462,0,0
decode,chatcmpl-8ac87c14e2facad1-83983112,3168302.477872,0.000041,1,1,1556,1463,0,0
decode,chatcmpl-8ac87c14e2facad1-83983112,3168302.491611,0.000042,1,1,1558,1464,0,0
decode,chatcmpl-8ac87c14e2facad1-83983112,3168302.505364,0.000040,1,1,1560,1465,0,0
decode,chatcmpl-8ac87c14e2facad1-83983112,3168302.519117,0.000041,1,1,1562,1466,0,0
decode,chatcmpl-8ac87c14e2facad1-83983112,3168302.532877,0.000040,1,1,1564,1467,0,0
decode,chatcmpl-8ac87c14e2facad1-83983112,3168302.546714,0.000042,1,1,1566,1468,0,0
decode,chatcmpl-8ac87c14e2facad1-83983112,3168302.560494,0.000042,1,1,1568,1469,0,0
decode,chatcmpl-8ac87c14e2facad1-83983112,3168302.574240,0.000043,1,1,1570,1470,0,0
decode,chatcmpl-8ac87c14e2facad1-83983112,3168302.587993,0.000046,1,1,1572,1471,0,0
decode,chatcmpl-8ac87c14e2facad1-83983112,3168302.601756,0.000041,1,1,1574,1472,0,0
decode,,3168302.615521,0.000086,0,0,,,0,0
decode,,3168302.615832,0.000112,0,0,,,0,0
prefill,chatcmpl-be1cc3c393aff66b-b2a6e999,3168302.695523,0.000489,1,1330,1330,0,1,0
encoder,chatcmpl-be1cc3c393aff66b-b2a6e999,3168302.697537,0.375151,1,0,,, 1,0
decode,chatcmpl-be1cc3c393aff66b-b2a6e999,3168303.222352,0.000047,1,1,1331,1330,0,0
decode,chatcmpl-be1cc3c393aff66b-b2a6e999,3168303.236542,0.000043,1,1,1333,1331,0,0
decode,chatcmpl-be1cc3c393aff66b-b2a6e999,3168303.250336,0.000042,1,1,1335,1332,0,0
decode,chatcmpl-be1cc3c393aff66b-b2a6e999,3168303.264115,0.000043,1,1,1337,1333,0,0
decode,chatcmpl-be1cc3c393aff66b-b2a6e999,3168303.277875,0.000042,1,1,1339,1334,0,0
decode,chatcmpl-be1cc3c393aff66b-b2a6e999,3168303.291629,0.000041,1,1,1341,1335,0,0
decode,chatcmpl-be1cc3c393aff66b-b2a6e999,3168303.305437,0.000044,1,1,1343,1336,0,0
decode,chatcmpl-be1cc3c393aff66b-b2a6e999,3168303.319145,0.000042,1,1,1345,1337,0,0
decode,chatcmpl-be1cc3c393aff66b-b2a6e999,3168303.332933,0.000046,1,1,1347,1338,0,0
decode,chatcmpl-be1cc3c393aff66b-b2a6e999,3168303.346687,0.000043,1,1,1349,1339,0,0
decode,chatcmpl-be1cc3c393aff66b-b2a6e999,3168303.360441,0.000042,1,1,1351,1340,0,0
decode,chatcmpl-be1cc3c393aff66b-b2a6e999,3168303.374207,0.000041,1,1,1353,1341,0,0
decode,chatcmpl-be1cc3c393aff66b-b2a6e999,3168303.387961,0.000047,1,1,1355,1342,0,0
decode,chatcmpl-be1cc3c393aff66b-b2a6e999,3168303.401731,0.000041,1,1,1357,1343,0,0
decode,chatcmpl-be1cc3c393aff66b-b2a6e999,3168303.415496,0.000040,1,1,1359,1344,0,0
decode,chatcmpl-be1cc3c393aff66b-b2a6e999,3168303.429272,0.000041,1,1,1361,1345,0,0
decode,chatcmpl-be1cc3c393aff66b-b2a6e999,3168303.443020,0.000043,1,1,1363,1346,0,0
decode,chatcmpl-be1cc3c393aff66b-b2a6e999,3168303.456792,0.000041,1,1,1365,1347,0,0
decode,chatcmpl-be1cc3c393aff66b-b2a6e999,3168303.470543,0.000041,1,1,1367,1348,0,0
decode,chatcmpl-be1cc3c393aff66b-b2a6e999,3168303.484276,0.000042,1,1,1369,1349,0,0
decode,chatcmpl-be1cc3c393aff66b-b2a6e999,3168303.497997,0.000042,1,1,1371,1350,0,0
decode,chatcmpl-be1cc3c393aff66b-b2a6e999,3168303.511732,0.000042,1,1,1373,1351,0,0
decode,chatcmpl-be1cc3c393aff66b-b2a6e999,3168303.525488,0.000042,1,1,1375,1352,0,0
decode,chatcmpl-be1cc3c393aff66b-b2a6e999,3168303.539221,0.000042,1,1,1377,1353,0,0
decode,chatcmpl-be1cc3c393aff66b-b2a6e999,3168303.552976,0.000043,1,1,1379,1354,0,0
decode,chatcmpl-be1cc3c393aff66b-b2a6e999,3168303.566738,0.000042,1,1,1381,1355,0,0
decode,chatcmpl-be1cc3c393aff66b-b2a6e999,3168303.580504,0.000041,1,1,1383,1356,0,0
decode,chatcmpl-be1cc3c393aff66b-b2a6e999,3168303.594242,0.000042,1,1,1385,1357,0,0
decode,chatcmpl-be1cc3c393aff66b-b2a6e999,3168303.607982,0.000046,1,1,1387,1358,0,0
decode,chatcmpl-be1cc3c393aff66b-b2a6e999,3168303.621740,0.000043,1,1,1389,1359,0,0
decode,chatcmpl-be1cc3c393aff66b-b2a6e999,3168303.635507,0.000041,1,1,1391,1360,0,0
decode,chatcmpl-be1cc3c393aff66b-b2a6e999,3168303.649257,0.000044,1,1,1393,1361,0,0
decode,chatcmpl-be1cc3c393aff66b-b2a6e999,3168303.662989,0.000041,1,1,1395,1362,0,0
decode,chatcmpl-be1cc3c393aff66b-b2a6e999,3168303.676783,0.000043,1,1,1397,1363,0,0
decode,chatcmpl-be1cc3c393aff66b-b2a6e999,3168303.690539,0.000042,1,1,1399,1364,0,0
decode,chatcmpl-be1cc3c393aff66b-b2a6e999,3168303.704336,0.000041,1,1,1401,1365,0,0
decode,chatcmpl-be1cc3c393aff66b-b2a6e999,3168303.718032,0.000041,1,1,1403,1366,0,0
decode,chatcmpl-be1cc3c393aff66b-b2a6e999,3168303.731777,0.000041,1,1,1405,1367,0,0
decode,chatcmpl-be1cc3c393aff66b-b2a6e999,3168303.745514,0.000040,1,1,1407,1368,0,0
decode,chatcmpl-be1cc3c393aff66b-b2a6e999,3168303.759274,0.000042,1,1,1409,1369,0,0
decode,chatcmpl-be1cc3c393aff66b-b2a6e999,3168303.773013,0.000043,1,1,1411,1370,0,0
decode,chatcmpl-be1cc3c393aff66b-b2a6e999,3168303.786753,0.000042,1,1,1413,1371,0,0
decode,chatcmpl-be1cc3c393aff66b-b2a6e999,3168303.800509,0.000040,1,1,1415,1372,0,0
decode,chatcmpl-be1cc3c393aff66b-b2a6e999,3168303.814257,0.000042,1,1,1417,1373,0,0
decode,chatcmpl-be1cc3c393aff66b-b2a6e999,3168303.828015,0.000042,1,1,1419,1374,0,0
decode,chatcmpl-be1cc3c393aff66b-b2a6e999,3168303.841759,0.000040,1,1,1421,1375,0,0
decode,chatcmpl-be1cc3c393aff66b-b2a6e999,3168303.855496,0.000043,1,1,1423,1376,0,0
decode,chatcmpl-be1cc3c393aff66b-b2a6e999,3168303.869241,0.000040,1,1,1425,1377,0,0
decode,chatcmpl-be1cc3c393aff66b-b2a6e999,3168303.882994,0.000042,1,1,1427,1378,0,0
decode,chatcmpl-be1cc3c393aff66b-b2a6e999,3168303.896779,0.000041,1,1,1429,1379,0,0
decode,chatcmpl-be1cc3c393aff66b-b2a6e999,3168303.910518,0.000040,1,1,1431,1380,0,0
decode,chatcmpl-be1cc3c393aff66b-b2a6e999,3168303.924291,0.000041,1,1,1433,1381,0,0
decode,chatcmpl-be1cc3c393aff66b-b2a6e999,3168303.938023,0.000040,1,1,1435,1382,0,0
decode,chatcmpl-be1cc3c393aff66b-b2a6e999,3168303.951774,0.000044,1,1,1437,1383,0,0
decode,chatcmpl-be1cc3c393aff66b-b2a6e999,3168303.965531,0.000042,1,1,1439,1384,0,0
decode,chatcmpl-be1cc3c393aff66b-b2a6e999,3168303.979270,0.000043,1,1,1441,1385,0,0
decode,chatcmpl-be1cc3c393aff66b-b2a6e999,3168303.993020,0.000042,1,1,1443,1386,0,0
decode,chatcmpl-be1cc3c393aff66b-b2a6e999,3168304.006752,0.000041,1,1,1445,1387,0,0
decode,chatcmpl-be1cc3c393aff66b-b2a6e999,3168304.020505,0.000042,1,1,1447,1388,0,0
decode,chatcmpl-be1cc3c393aff66b-b2a6e999,3168304.034259,0.000040,1,1,1449,1389,0,0
decode,chatcmpl-be1cc3c393aff66b-b2a6e999,3168304.048008,0.000041,1,1,1451,1390,0,0
decode,chatcmpl-be1cc3c393aff66b-b2a6e999,3168304.061743,0.000042,1,1,1453,1391,0,0
decode,chatcmpl-be1cc3c393aff66b-b2a6e999,3168304.075469,0.000041,1,1,1455,1392,0,0
decode,chatcmpl-be1cc3c393aff66b-b2a6e999,3168304.089224,0.000041,1,1,1457,1393,0,0
decode,chatcmpl-be1cc3c393aff66b-b2a6e999,3168304.102957,0.000042,1,1,1459,1394,0,0
decode,chatcmpl-be1cc3c393aff66b-b2a6e999,3168304.116727,0.000041,1,1,1461,1395,0,0
decode,chatcmpl-be1cc3c393aff66b-b2a6e999,3168304.130495,0.000041,1,1,1463,1396,0,0
decode,chatcmpl-be1cc3c393aff66b-b2a6e999,3168304.144232,0.000040,1,1,1465,1397,0,0
decode,chatcmpl-be1cc3c393aff66b-b2a6e999,3168304.157972,0.000042,1,1,1467,1398,0,0
decode,chatcmpl-be1cc3c393aff66b-b2a6e999,3168304.171726,0.000043,1,1,1469,1399,0,0
decode,chatcmpl-be1cc3c393aff66b-b2a6e999,3168304.185485,0.000041,1,1,1471,1400,0,0
decode,chatcmpl-be1cc3c393aff66b-b2a6e999,3168304.199233,0.000040,1,1,1473,1401,0,0
decode,chatcmpl-be1cc3c393aff66b-b2a6e999,3168304.212979,0.000041,1,1,1475,1402,0,0
decode,chatcmpl-be1cc3c393aff66b-b2a6e999,3168304.226720,0.000040,1,1,1477,1403,0,0
decode,chatcmpl-be1cc3c393aff66b-b2a6e999,3168304.240464,0.000040,1,1,1479,1404,0,0
decode,chatcmpl-be1cc3c393aff66b-b2a6e999,3168304.254198,0.000042,1,1,1481,1405,0,0
decode,chatcmpl-be1cc3c393aff66b-b2a6e999,3168304.267946,0.000042,1,1,1483,1406,0,0
decode,chatcmpl-be1cc3c393aff66b-b2a6e999,3168304.281715,0.000041,1,1,1485,1407,0,0
decode,chatcmpl-be1cc3c393aff66b-b2a6e999,3168304.295473,0.000052,1,1,1487,1408,0,0
decode,chatcmpl-be1cc3c393aff66b-b2a6e999,3168304.309235,0.000042,1,1,1489,1409,0,0
decode,chatcmpl-be1cc3c393aff66b-b2a6e999,3168304.323005,0.000041,1,1,1491,1410,0,0
decode,chatcmpl-be1cc3c393aff66b-b2a6e999,3168304.336776,0.000041,1,1,1493,1411,0,0
decode,chatcmpl-be1cc3c393aff66b-b2a6e999,3168304.350527,0.000041,1,1,1495,1412,0,0
decode,chatcmpl-be1cc3c393aff66b-b2a6e999,3168304.364282,0.000040,1,1,1497,1413,0,0
decode,chatcmpl-be1cc3c393aff66b-b2a6e999,3168304.378029,0.000042,1,1,1499,1414,0,0
decode,chatcmpl-be1cc3c393aff66b-b2a6e999,3168304.391766,0.000042,1,1,1501,1415,0,0
decode,chatcmpl-be1cc3c393aff66b-b2a6e999,3168304.405530,0.000040,1,1,1503,1416,0,0
decode,chatcmpl-be1cc3c393aff66b-b2a6e999,3168304.419272,0.000043,1,1,1505,1417,0,0
decode,chatcmpl-be1cc3c393aff66b-b2a6e999,3168304.433044,0.000041,1,1,1507,1418,0,0
decode,chatcmpl-be1cc3c393aff66b-b2a6e999,3168304.446804,0.000041,1,1,1509,1419,0,0
decode,chatcmpl-be1cc3c393aff66b-b2a6e999,3168304.460569,0.000042,1,1,1511,1420,0,0
decode,chatcmpl-be1cc3c393aff66b-b2a6e999,3168304.474309,0.000040,1,1,1513,1421,0,0
decode,chatcmpl-be1cc3c393aff66b-b2a6e999,3168304.488038,0.000040,1,1,1515,1422,0,0
decode,chatcmpl-be1cc3c393aff66b-b2a6e999,3168304.501779,0.000041,1,1,1517,1423,0,0
decode,chatcmpl-be1cc3c393aff66b-b2a6e999,3168304.515535,0.000041,1,1,1519,1424,0,0
decode,chatcmpl-be1cc3c393aff66b-b2a6e999,3168304.529385,0.000042,1,1,1521,1425,0,0
decode,chatcmpl-be1cc3c393aff66b-b2a6e999,3168304.543152,0.000042,1,1,1523,1426,0,0
decode,chatcmpl-be1cc3c393aff66b-b2a6e999,3168304.556925,0.000041,1,1,1525,1427,0,0
decode,chatcmpl-be1cc3c393aff66b-b2a6e999,3168304.570669,0.000040,1,1,1527,1428,0,0
decode,chatcmpl-be1cc3c393aff66b-b2a6e999,3168304.584447,0.000040,1,1,1529,1429,0,0
decode,chatcmpl-be1cc3c393aff66b-b2a6e999,3168304.598190,0.000042,1,1,1531,1430,0,0
decode,chatcmpl-be1cc3c393aff66b-b2a6e999,3168304.611920,0.000041,1,1,1533,1431,0,0
decode,chatcmpl-be1cc3c393aff66b-b2a6e999,3168304.625656,0.000041,1,1,1535,1432,0,0
decode,chatcmpl-be1cc3c393aff66b-b2a6e999,3168304.639421,0.000042,1,1,1537,1433,0,0
decode,chatcmpl-be1cc3c393aff66b-b2a6e999,3168304.653174,0.000041,1,1,1539,1434,0,0
decode,chatcmpl-be1cc3c393aff66b-b2a6e999,3168304.666913,0.000041,1,1,1541,1435,0,0
decode,chatcmpl-be1cc3c393aff66b-b2a6e999,3168304.680762,0.000041,1,1,1543,1436,0,0
decode,chatcmpl-be1cc3c393aff66b-b2a6e999,3168304.694499,0.000040,1,1,1545,1437,0,0
decode,,3168304.708260,0.000086,0,0,,,0,0
decode,,3168304.708575,0.000113,0,0,,,0,0
prefill,chatcmpl-bc9fe1ce5f142ec1-ade32ae6,3168304.788120,0.000472,1,1351,1351,0,1,0
encoder,chatcmpl-bc9fe1ce5f142ec1-ade32ae6,3168304.790245,0.374938,1,0,,, 1,0
decode,chatcmpl-bc9fe1ce5f142ec1-ade32ae6,3168305.317261,0.000044,1,1,1352,1351,0,0
decode,chatcmpl-bc9fe1ce5f142ec1-ade32ae6,3168305.331386,0.000043,1,1,1354,1352,0,0
decode,chatcmpl-bc9fe1ce5f142ec1-ade32ae6,3168305.345213,0.000042,1,1,1356,1353,0,0
decode,chatcmpl-bc9fe1ce5f142ec1-ade32ae6,3168305.359077,0.000042,1,1,1358,1354,0,0
decode,chatcmpl-bc9fe1ce5f142ec1-ade32ae6,3168305.372851,0.000043,1,1,1360,1355,0,0
decode,chatcmpl-bc9fe1ce5f142ec1-ade32ae6,3168305.386602,0.000042,1,1,1362,1356,0,0
decode,chatcmpl-bc9fe1ce5f142ec1-ade32ae6,3168305.400385,0.000041,1,1,1364,1357,0,0
decode,chatcmpl-bc9fe1ce5f142ec1-ade32ae6,3168305.414147,0.000040,1,1,1366,1358,0,0
decode,chatcmpl-bc9fe1ce5f142ec1-ade32ae6,3168305.427916,0.000041,1,1,1368,1359,0,0
decode,chatcmpl-bc9fe1ce5f142ec1-ade32ae6,3168305.441666,0.000044,1,1,1370,1360,0,0
decode,chatcmpl-bc9fe1ce5f142ec1-ade32ae6,3168305.455425,0.000043,1,1,1372,1361,0,0
decode,chatcmpl-bc9fe1ce5f142ec1-ade32ae6,3168305.469214,0.000043,1,1,1374,1362,0,0
decode,chatcmpl-bc9fe1ce5f142ec1-ade32ae6,3168305.482965,0.000042,1,1,1376,1363,0,0
decode,chatcmpl-bc9fe1ce5f142ec1-ade32ae6,3168305.496735,0.000044,1,1,1378,1364,0,0
decode,chatcmpl-bc9fe1ce5f142ec1-ade32ae6,3168305.510572,0.000042,1,1,1380,1365,0,0
decode,chatcmpl-bc9fe1ce5f142ec1-ade32ae6,3168305.524346,0.000042,1,1,1382,1366,0,0
decode,chatcmpl-bc9fe1ce5f142ec1-ade32ae6,3168305.538101,0.000041,1,1,1384,1367,0,0
decode,chatcmpl-bc9fe1ce5f142ec1-ade32ae6,3168305.551850,0.000043,1,1,1386,1368,0,0
decode,chatcmpl-bc9fe1ce5f142ec1-ade32ae6,3168305.565615,0.000041,1,1,1388,1369,0,0
decode,chatcmpl-bc9fe1ce5f142ec1-ade32ae6,3168305.579383,0.000043,1,1,1390,1370,0,0
decode,chatcmpl-bc9fe1ce5f142ec1-ade32ae6,3168305.593147,0.000042,1,1,1392,1371,0,0
decode,chatcmpl-bc9fe1ce5f142ec1-ade32ae6,3168305.606902,0.000043,1,1,1394,1372,0,0
decode,chatcmpl-bc9fe1ce5f142ec1-ade32ae6,3168305.620665,0.000041,1,1,1396,1373,0,0
decode,chatcmpl-bc9fe1ce5f142ec1-ade32ae6,3168305.634391,0.000043,1,1,1398,1374,0,0
decode,chatcmpl-bc9fe1ce5f142ec1-ade32ae6,3168305.648136,0.000042,1,1,1400,1375,0,0
decode,chatcmpl-bc9fe1ce5f142ec1-ade32ae6,3168305.661985,0.000042,1,1,1402,1376,0,0
decode,chatcmpl-bc9fe1ce5f142ec1-ade32ae6,3168305.675737,0.000042,1,1,1404,1377,0,0
decode,chatcmpl-bc9fe1ce5f142ec1-ade32ae6,3168305.689487,0.000041,1,1,1406,1378,0,0
decode,chatcmpl-bc9fe1ce5f142ec1-ade32ae6,3168305.703224,0.000042,1,1,1408,1379,0,0
decode,chatcmpl-bc9fe1ce5f142ec1-ade32ae6,3168305.716967,0.000044,1,1,1410,1380,0,0
decode,chatcmpl-bc9fe1ce5f142ec1-ade32ae6,3168305.730705,0.000042,1,1,1412,1381,0,0
decode,chatcmpl-bc9fe1ce5f142ec1-ade32ae6,3168305.744478,0.000040,1,1,1414,1382,0,0
decode,chatcmpl-bc9fe1ce5f142ec1-ade32ae6,3168305.758224,0.000042,1,1,1416,1383,0,0
decode,chatcmpl-bc9fe1ce5f142ec1-ade32ae6,3168305.771980,0.000048,1,1,1418,1384,0,0
decode,chatcmpl-bc9fe1ce5f142ec1-ade32ae6,3168305.785731,0.000041,1,1,1420,1385,0,0
decode,chatcmpl-bc9fe1ce5f142ec1-ade32ae6,3168305.799490,0.000043,1,1,1422,1386,0,0
decode,chatcmpl-bc9fe1ce5f142ec1-ade32ae6,3168305.813334,0.000040,1,1,1424,1387,0,0
decode,chatcmpl-bc9fe1ce5f142ec1-ade32ae6,3168305.827098,0.000042,1,1,1426,1388,0,0
decode,chatcmpl-bc9fe1ce5f142ec1-ade32ae6,3168305.840839,0.000040,1,1,1428,1389,0,0
decode,chatcmpl-bc9fe1ce5f142ec1-ade32ae6,3168305.854570,0.000042,1,1,1430,1390,0,0
decode,chatcmpl-bc9fe1ce5f142ec1-ade32ae6,3168305.868341,0.000040,1,1,1432,1391,0,0
decode,chatcmpl-bc9fe1ce5f142ec1-ade32ae6,3168305.882077,0.000043,1,1,1434,1392,0,0
decode,chatcmpl-bc9fe1ce5f142ec1-ade32ae6,3168305.895822,0.000041,1,1,1436,1393,0,0
decode,chatcmpl-bc9fe1ce5f142ec1-ade32ae6,3168305.909575,0.000041,1,1,1438,1394,0,0
decode,chatcmpl-bc9fe1ce5f142ec1-ade32ae6,3168305.923315,0.000041,1,1,1440,1395,0,0
decode,chatcmpl-bc9fe1ce5f142ec1-ade32ae6,3168305.937079,0.000041,1,1,1442,1396,0,0
decode,chatcmpl-bc9fe1ce5f142ec1-ade32ae6,3168305.950833,0.000043,1,1,1444,1397,0,0
decode,chatcmpl-bc9fe1ce5f142ec1-ade32ae6,3168305.964702,0.000041,1,1,1446,1398,0,0
decode,chatcmpl-bc9fe1ce5f142ec1-ade32ae6,3168305.978430,0.000042,1,1,1448,1399,0,0
decode,chatcmpl-bc9fe1ce5f142ec1-ade32ae6,3168305.992186,0.000041,1,1,1450,1400,0,0
decode,chatcmpl-bc9fe1ce5f142ec1-ade32ae6,3168306.005937,0.000041,1,1,1452,1401,0,0
decode,chatcmpl-bc9fe1ce5f142ec1-ade32ae6,3168306.019688,0.000042,1,1,1454,1402,0,0
decode,chatcmpl-bc9fe1ce5f142ec1-ade32ae6,3168306.033439,0.000042,1,1,1456,1403,0,0
decode,chatcmpl-bc9fe1ce5f142ec1-ade32ae6,3168306.047179,0.000042,1,1,1458,1404,0,0
decode,chatcmpl-bc9fe1ce5f142ec1-ade32ae6,3168306.060933,0.000040,1,1,1460,1405,0,0
decode,chatcmpl-bc9fe1ce5f142ec1-ade32ae6,3168306.074684,0.000042,1,1,1462,1406,0,0
decode,chatcmpl-bc9fe1ce5f142ec1-ade32ae6,3168306.088456,0.000041,1,1,1464,1407,0,0
decode,chatcmpl-bc9fe1ce5f142ec1-ade32ae6,3168306.102205,0.000050,1,1,1466,1408,0,0
decode,chatcmpl-bc9fe1ce5f142ec1-ade32ae6,3168306.116051,0.000040,1,1,1468,1409,0,0
decode,chatcmpl-bc9fe1ce5f142ec1-ade32ae6,3168306.129810,0.000043,1,1,1470,1410,0,0
decode,chatcmpl-bc9fe1ce5f142ec1-ade32ae6,3168306.143548,0.000041,1,1,1472,1411,0,0
decode,chatcmpl-bc9fe1ce5f142ec1-ade32ae6,3168306.157316,0.000041,1,1,1474,1412,0,0
decode,chatcmpl-bc9fe1ce5f142ec1-ade32ae6,3168306.171079,0.000041,1,1,1476,1413,0,0
decode,chatcmpl-bc9fe1ce5f142ec1-ade32ae6,3168306.184835,0.000041,1,1,1478,1414,0,0
decode,chatcmpl-bc9fe1ce5f142ec1-ade32ae6,3168306.198576,0.000042,1,1,1480,1415,0,0
decode,chatcmpl-bc9fe1ce5f142ec1-ade32ae6,3168306.212347,0.000039,1,1,1482,1416,0,0
decode,chatcmpl-bc9fe1ce5f142ec1-ade32ae6,3168306.226084,0.000042,1,1,1484,1417,0,0
decode,chatcmpl-bc9fe1ce5f142ec1-ade32ae6,3168306.239825,0.000043,1,1,1486,1418,0,0
decode,chatcmpl-bc9fe1ce5f142ec1-ade32ae6,3168306.253582,0.000041,1,1,1488,1419,0,0
decode,chatcmpl-bc9fe1ce5f142ec1-ade32ae6,3168306.267325,0.000040,1,1,1490,1420,0,0
decode,chatcmpl-bc9fe1ce5f142ec1-ade32ae6,3168306.281092,0.000042,1,1,1492,1421,0,0
decode,chatcmpl-bc9fe1ce5f142ec1-ade32ae6,3168306.294819,0.000041,1,1,1494,1422,0,0
decode,chatcmpl-bc9fe1ce5f142ec1-ade32ae6,3168306.308592,0.000041,1,1,1496,1423,0,0
decode,chatcmpl-bc9fe1ce5f142ec1-ade32ae6,3168306.322341,0.000040,1,1,1498,1424,0,0
decode,chatcmpl-bc9fe1ce5f142ec1-ade32ae6,3168306.336081,0.000041,1,1,1500,1425,0,0
decode,chatcmpl-bc9fe1ce5f142ec1-ade32ae6,3168306.349855,0.000041,1,1,1502,1426,0,0
decode,chatcmpl-bc9fe1ce5f142ec1-ade32ae6,3168306.363614,0.000040,1,1,1504,1427,0,0
decode,chatcmpl-bc9fe1ce5f142ec1-ade32ae6,3168306.377388,0.000041,1,1,1506,1428,0,0
decode,chatcmpl-bc9fe1ce5f142ec1-ade32ae6,3168306.391143,0.000043,1,1,1508,1429,0,0
decode,chatcmpl-bc9fe1ce5f142ec1-ade32ae6,3168306.404987,0.000040,1,1,1510,1430,0,0
decode,chatcmpl-bc9fe1ce5f142ec1-ade32ae6,3168306.418724,0.000043,1,1,1512,1431,0,0
decode,chatcmpl-bc9fe1ce5f142ec1-ade32ae6,3168306.432480,0.000041,1,1,1514,1432,0,0
decode,chatcmpl-bc9fe1ce5f142ec1-ade32ae6,3168306.446211,0.000041,1,1,1516,1433,0,0
decode,chatcmpl-bc9fe1ce5f142ec1-ade32ae6,3168306.459933,0.000041,1,1,1518,1434,0,0
decode,chatcmpl-bc9fe1ce5f142ec1-ade32ae6,3168306.473698,0.000040,1,1,1520,1435,0,0
decode,chatcmpl-bc9fe1ce5f142ec1-ade32ae6,3168306.487441,0.000039,1,1,1522,1436,0,0
decode,chatcmpl-bc9fe1ce5f142ec1-ade32ae6,3168306.501285,0.000041,1,1,1524,1437,0,0
decode,chatcmpl-bc9fe1ce5f142ec1-ade32ae6,3168306.515018,0.000042,1,1,1526,1438,0,0
decode,chatcmpl-bc9fe1ce5f142ec1-ade32ae6,3168306.528787,0.000042,1,1,1528,1439,0,0
decode,chatcmpl-bc9fe1ce5f142ec1-ade32ae6,3168306.542533,0.000040,1,1,1530,1440,0,0
decode,chatcmpl-bc9fe1ce5f142ec1-ade32ae6,3168306.556273,0.000042,1,1,1532,1441,0,0
decode,chatcmpl-bc9fe1ce5f142ec1-ade32ae6,3168306.570029,0.000042,1,1,1534,1442,0,0
decode,chatcmpl-bc9fe1ce5f142ec1-ade32ae6,3168306.583763,0.000042,1,1,1536,1443,0,0
decode,chatcmpl-bc9fe1ce5f142ec1-ade32ae6,3168306.597500,0.000041,1,1,1538,1444,0,0
decode,chatcmpl-bc9fe1ce5f142ec1-ade32ae6,3168306.611254,0.000040,1,1,1540,1445,0,0
decode,chatcmpl-bc9fe1ce5f142ec1-ade32ae6,3168306.625010,0.000040,1,1,1542,1446,0,0
decode,chatcmpl-bc9fe1ce5f142ec1-ade32ae6,3168306.638733,0.000042,1,1,1544,1447,0,0
decode,chatcmpl-bc9fe1ce5f142ec1-ade32ae6,3168306.652499,0.000042,1,1,1546,1448,0,0
decode,chatcmpl-bc9fe1ce5f142ec1-ade32ae6,3168306.666229,0.000040,1,1,1548,1449,0,0
decode,chatcmpl-bc9fe1ce5f142ec1-ade32ae6,3168306.679953,0.000041,1,1,1550,1450,0,0
decode,chatcmpl-bc9fe1ce5f142ec1-ade32ae6,3168306.693682,0.000040,1,1,1552,1451,0,0
decode,chatcmpl-bc9fe1ce5f142ec1-ade32ae6,3168306.707412,0.000041,1,1,1554,1452,0,0
decode,chatcmpl-bc9fe1ce5f142ec1-ade32ae6,3168306.721164,0.000042,1,1,1556,1453,0,0
decode,chatcmpl-bc9fe1ce5f142ec1-ade32ae6,3168306.734927,0.000041,1,1,1558,1454,0,0
decode,chatcmpl-bc9fe1ce5f142ec1-ade32ae6,3168306.748690,0.000040,1,1,1560,1455,0,0
decode,chatcmpl-bc9fe1ce5f142ec1-ade32ae6,3168306.762441,0.000041,1,1,1562,1456,0,0
decode,chatcmpl-bc9fe1ce5f142ec1-ade32ae6,3168306.776184,0.000042,1,1,1564,1457,0,0
decode,chatcmpl-bc9fe1ce5f142ec1-ade32ae6,3168306.789950,0.000041,1,1,1566,1458,0,0
decode,chatcmpl-bc9fe1ce5f142ec1-ade32ae6,3168306.803811,0.000042,1,1,1568,1459,0,0
decode,chatcmpl-bc9fe1ce5f142ec1-ade32ae6,3168306.817573,0.000042,1,1,1570,1460,0,0
decode,chatcmpl-bc9fe1ce5f142ec1-ade32ae6,3168306.831335,0.000042,1,1,1572,1461,0,0
decode,chatcmpl-bc9fe1ce5f142ec1-ade32ae6,3168306.845103,0.000040,1,1,1574,1462,0,0
decode,chatcmpl-bc9fe1ce5f142ec1-ade32ae6,3168306.858853,0.000040,1,1,1576,1463,0,0
decode,chatcmpl-bc9fe1ce5f142ec1-ade32ae6,3168306.872604,0.000040,1,1,1578,1464,0,0
decode,chatcmpl-bc9fe1ce5f142ec1-ade32ae6,3168306.886369,0.000042,1,1,1580,1465,0,0
decode,chatcmpl-bc9fe1ce5f142ec1-ade32ae6,3168306.900108,0.000042,1,1,1582,1466,0,0
decode,chatcmpl-bc9fe1ce5f142ec1-ade32ae6,3168306.913856,0.000041,1,1,1584,1467,0,0
decode,chatcmpl-bc9fe1ce5f142ec1-ade32ae6,3168306.927612,0.000043,1,1,1586,1468,0,0
decode,chatcmpl-bc9fe1ce5f142ec1-ade32ae6,3168306.941378,0.000040,1,1,1588,1469,0,0
decode,,3168306.955107,0.000085,0,0,,,0,0
decode,,3168306.955429,0.000114,0,0,,,0,0
prefill,chatcmpl-994ff5e381e092cb-b23eef09,3168307.035221,0.000484,1,1346,1346,0,1,0
encoder,chatcmpl-994ff5e381e092cb-b23eef09,3168307.037292,0.375682,1,0,,, 1,0
decode,chatcmpl-994ff5e381e092cb-b23eef09,3168307.565031,0.000047,1,1,1347,1346,0,0
decode,chatcmpl-994ff5e381e092cb-b23eef09,3168307.579241,0.000042,1,1,1349,1347,0,0
decode,chatcmpl-994ff5e381e092cb-b23eef09,3168307.592983,0.000042,1,1,1351,1348,0,0
decode,chatcmpl-994ff5e381e092cb-b23eef09,3168307.606763,0.000042,1,1,1353,1349,0,0
decode,chatcmpl-994ff5e381e092cb-b23eef09,3168307.620608,0.000042,1,1,1355,1350,0,0
decode,chatcmpl-994ff5e381e092cb-b23eef09,3168307.634364,0.000041,1,1,1357,1351,0,0
decode,chatcmpl-994ff5e381e092cb-b23eef09,3168307.648232,0.000043,1,1,1359,1352,0,0
decode,chatcmpl-994ff5e381e092cb-b23eef09,3168307.661995,0.000041,1,1,1361,1353,0,0
decode,chatcmpl-994ff5e381e092cb-b23eef09,3168307.675741,0.000041,1,1,1363,1354,0,0
decode,chatcmpl-994ff5e381e092cb-b23eef09,3168307.689525,0.000043,1,1,1365,1355,0,0
decode,chatcmpl-994ff5e381e092cb-b23eef09,3168307.703292,0.000042,1,1,1367,1356,0,0
decode,chatcmpl-994ff5e381e092cb-b23eef09,3168307.717059,0.000042,1,1,1369,1357,0,0
decode,chatcmpl-994ff5e381e092cb-b23eef09,3168307.730805,0.000042,1,1,1371,1358,0,0
decode,chatcmpl-994ff5e381e092cb-b23eef09,3168307.744574,0.000045,1,1,1373,1359,0,0
decode,chatcmpl-994ff5e381e092cb-b23eef09,3168307.758503,0.000041,1,1,1375,1360,0,0
decode,chatcmpl-994ff5e381e092cb-b23eef09,3168307.772294,0.000043,1,1,1377,1361,0,0
decode,chatcmpl-994ff5e381e092cb-b23eef09,3168307.786079,0.000042,1,1,1379,1362,0,0
decode,chatcmpl-994ff5e381e092cb-b23eef09,3168307.799973,0.000047,1,1,1381,1363,0,0
decode,chatcmpl-994ff5e381e092cb-b23eef09,3168307.813759,0.000043,1,1,1383,1364,0,0
decode,chatcmpl-994ff5e381e092cb-b23eef09,3168307.827560,0.000042,1,1,1385,1365,0,0
decode,chatcmpl-994ff5e381e092cb-b23eef09,3168307.841373,0.000041,1,1,1387,1366,0,0
decode,chatcmpl-994ff5e381e092cb-b23eef09,3168307.855187,0.000044,1,1,1389,1367,0,0
decode,chatcmpl-994ff5e381e092cb-b23eef09,3168307.868995,0.000043,1,1,1391,1368,0,0
decode,chatcmpl-994ff5e381e092cb-b23eef09,3168307.882807,0.000043,1,1,1393,1369,0,0
decode,chatcmpl-994ff5e381e092cb-b23eef09,3168307.896627,0.000042,1,1,1395,1370,0,0
decode,chatcmpl-994ff5e381e092cb-b23eef09,3168307.910418,0.000042,1,1,1397,1371,0,0
decode,chatcmpl-994ff5e381e092cb-b23eef09,3168307.924200,0.000042,1,1,1399,1372,0,0
decode,chatcmpl-994ff5e381e092cb-b23eef09,3168307.937995,0.000042,1,1,1401,1373,0,0
decode,chatcmpl-994ff5e381e092cb-b23eef09,3168307.951893,0.000044,1,1,1403,1374,0,0
decode,chatcmpl-994ff5e381e092cb-b23eef09,3168307.965686,0.000043,1,1,1405,1375,0,0
decode,chatcmpl-994ff5e381e092cb-b23eef09,3168307.979475,0.000042,1,1,1407,1376,0,0
decode,chatcmpl-994ff5e381e092cb-b23eef09,3168307.993273,0.000042,1,1,1409,1377,0,0
decode,chatcmpl-994ff5e381e092cb-b23eef09,3168308.007072,0.000043,1,1,1411,1378,0,0
decode,chatcmpl-994ff5e381e092cb-b23eef09,3168308.020870,0.000042,1,1,1413,1379,0,0
decode,chatcmpl-994ff5e381e092cb-b23eef09,3168308.034671,0.000042,1,1,1415,1380,0,0
decode,chatcmpl-994ff5e381e092cb-b23eef09,3168308.048485,0.000043,1,1,1417,1381,0,0
decode,chatcmpl-994ff5e381e092cb-b23eef09,3168308.062282,0.000041,1,1,1419,1382,0,0
decode,chatcmpl-994ff5e381e092cb-b23eef09,3168308.076066,0.000041,1,1,1421,1383,0,0
decode,chatcmpl-994ff5e381e092cb-b23eef09,3168308.089838,0.000042,1,1,1423,1384,0,0
decode,chatcmpl-994ff5e381e092cb-b23eef09,3168308.103741,0.000043,1,1,1425,1385,0,0
decode,chatcmpl-994ff5e381e092cb-b23eef09,3168308.117545,0.000044,1,1,1427,1386,0,0
decode,chatcmpl-994ff5e381e092cb-b23eef09,3168308.131323,0.000042,1,1,1429,1387,0,0
decode,chatcmpl-994ff5e381e092cb-b23eef09,3168308.145127,0.000042,1,1,1431,1388,0,0
decode,chatcmpl-994ff5e381e092cb-b23eef09,3168308.158915,0.000043,1,1,1433,1389,0,0
decode,chatcmpl-994ff5e381e092cb-b23eef09,3168308.172737,0.000044,1,1,1435,1390,0,0
decode,chatcmpl-994ff5e381e092cb-b23eef09,3168308.186518,0.000042,1,1,1437,1391,0,0
decode,chatcmpl-994ff5e381e092cb-b23eef09,3168308.200319,0.000043,1,1,1439,1392,0,0
decode,chatcmpl-994ff5e381e092cb-b23eef09,3168308.214108,0.000042,1,1,1441,1393,0,0
decode,chatcmpl-994ff5e381e092cb-b23eef09,3168308.227896,0.000042,1,1,1443,1394,0,0
decode,chatcmpl-994ff5e381e092cb-b23eef09,3168308.241689,0.000044,1,1,1445,1395,0,0
decode,chatcmpl-994ff5e381e092cb-b23eef09,3168308.255604,0.000042,1,1,1447,1396,0,0
decode,chatcmpl-994ff5e381e092cb-b23eef09,3168308.269425,0.000043,1,1,1449,1397,0,0
decode,chatcmpl-994ff5e381e092cb-b23eef09,3168308.283227,0.000042,1,1,1451,1398,0,0
decode,chatcmpl-994ff5e381e092cb-b23eef09,3168308.297018,0.000041,1,1,1453,1399,0,0
decode,chatcmpl-994ff5e381e092cb-b23eef09,3168308.310803,0.000041,1,1,1455,1400,0,0
decode,chatcmpl-994ff5e381e092cb-b23eef09,3168308.324603,0.000043,1,1,1457,1401,0,0
decode,chatcmpl-994ff5e381e092cb-b23eef09,3168308.338405,0.000043,1,1,1459,1402,0,0
decode,chatcmpl-994ff5e381e092cb-b23eef09,3168308.352188,0.000042,1,1,1461,1403,0,0
decode,chatcmpl-994ff5e381e092cb-b23eef09,3168308.365990,0.000042,1,1,1463,1404,0,0
decode,chatcmpl-994ff5e381e092cb-b23eef09,3168308.379768,0.000041,1,1,1465,1405,0,0
decode,chatcmpl-994ff5e381e092cb-b23eef09,3168308.393567,0.000042,1,1,1467,1406,0,0
decode,chatcmpl-994ff5e381e092cb-b23eef09,3168308.407458,0.000041,1,1,1469,1407,0,0
decode,chatcmpl-994ff5e381e092cb-b23eef09,3168308.421268,0.000052,1,1,1471,1408,0,0
decode,chatcmpl-994ff5e381e092cb-b23eef09,3168308.435078,0.000041,1,1,1473,1409,0,0
decode,chatcmpl-994ff5e381e092cb-b23eef09,3168308.448867,0.000043,1,1,1475,1410,0,0
decode,chatcmpl-994ff5e381e092cb-b23eef09,3168308.462677,0.000042,1,1,1477,1411,0,0
decode,chatcmpl-994ff5e381e092cb-b23eef09,3168308.476493,0.000042,1,1,1479,1412,0,0
decode,chatcmpl-994ff5e381e092cb-b23eef09,3168308.490291,0.000042,1,1,1481,1413,0,0
decode,chatcmpl-994ff5e381e092cb-b23eef09,3168308.504084,0.000040,1,1,1483,1414,0,0
decode,chatcmpl-994ff5e381e092cb-b23eef09,3168308.517890,0.000042,1,1,1485,1415,0,0
decode,chatcmpl-994ff5e381e092cb-b23eef09,3168308.531682,0.000041,1,1,1487,1416,0,0
decode,chatcmpl-994ff5e381e092cb-b23eef09,3168308.545467,0.000044,1,1,1489,1417,0,0
decode,chatcmpl-994ff5e381e092cb-b23eef09,3168308.559369,0.000040,1,1,1491,1418,0,0
decode,chatcmpl-994ff5e381e092cb-b23eef09,3168308.573174,0.000042,1,1,1493,1419,0,0
decode,chatcmpl-994ff5e381e092cb-b23eef09,3168308.586980,0.000041,1,1,1495,1420,0,0
decode,chatcmpl-994ff5e381e092cb-b23eef09,3168308.600784,0.000041,1,1,1497,1421,0,0
decode,chatcmpl-994ff5e381e092cb-b23eef09,3168308.614586,0.000042,1,1,1499,1422,0,0
decode,chatcmpl-994ff5e381e092cb-b23eef09,3168308.628408,0.000043,1,1,1501,1423,0,0
decode,chatcmpl-994ff5e381e092cb-b23eef09,3168308.642220,0.000043,1,1,1503,1424,0,0
decode,chatcmpl-994ff5e381e092cb-b23eef09,3168308.656009,0.000042,1,1,1505,1425,0,0
decode,chatcmpl-994ff5e381e092cb-b23eef09,3168308.669798,0.000043,1,1,1507,1426,0,0
decode,chatcmpl-994ff5e381e092cb-b23eef09,3168308.683599,0.000041,1,1,1509,1427,0,0
decode,chatcmpl-994ff5e381e092cb-b23eef09,3168308.697409,0.000042,1,1,1511,1428,0,0
decode,chatcmpl-994ff5e381e092cb-b23eef09,3168308.711318,0.000043,1,1,1513,1429,0,0
decode,chatcmpl-994ff5e381e092cb-b23eef09,3168308.725135,0.000043,1,1,1515,1430,0,0
decode,chatcmpl-994ff5e381e092cb-b23eef09,3168308.738932,0.000041,1,1,1517,1431,0,0
decode,chatcmpl-994ff5e381e092cb-b23eef09,3168308.752737,0.000042,1,1,1519,1432,0,0
decode,chatcmpl-994ff5e381e092cb-b23eef09,3168308.766560,0.000042,1,1,1521,1433,0,0
decode,chatcmpl-994ff5e381e092cb-b23eef09,3168308.780372,0.000040,1,1,1523,1434,0,0
decode,chatcmpl-994ff5e381e092cb-b23eef09,3168308.794155,0.000043,1,1,1525,1435,0,0
decode,chatcmpl-994ff5e381e092cb-b23eef09,3168308.807944,0.000043,1,1,1527,1436,0,0
decode,chatcmpl-994ff5e381e092cb-b23eef09,3168308.821764,0.000042,1,1,1529,1437,0,0
decode,chatcmpl-994ff5e381e092cb-b23eef09,3168308.835545,0.000041,1,1,1531,1438,0,0
decode,chatcmpl-994ff5e381e092cb-b23eef09,3168308.849353,0.000041,1,1,1533,1439,0,0
decode,chatcmpl-994ff5e381e092cb-b23eef09,3168308.863265,0.000043,1,1,1535,1440,0,0
decode,chatcmpl-994ff5e381e092cb-b23eef09,3168308.877066,0.000042,1,1,1537,1441,0,0
decode,chatcmpl-994ff5e381e092cb-b23eef09,3168308.890866,0.000042,1,1,1539,1442,0,0
decode,chatcmpl-994ff5e381e092cb-b23eef09,3168308.904667,0.000042,1,1,1541,1443,0,0
decode,chatcmpl-994ff5e381e092cb-b23eef09,3168308.918479,0.000043,1,1,1543,1444,0,0
decode,chatcmpl-994ff5e381e092cb-b23eef09,3168308.932277,0.000044,1,1,1545,1445,0,0
decode,chatcmpl-994ff5e381e092cb-b23eef09,3168308.946086,0.000045,1,1,1547,1446,0,0
decode,chatcmpl-994ff5e381e092cb-b23eef09,3168308.959885,0.000040,1,1,1549,1447,0,0
decode,chatcmpl-994ff5e381e092cb-b23eef09,3168308.973671,0.000043,1,1,1551,1448,0,0
decode,chatcmpl-994ff5e381e092cb-b23eef09,3168308.987483,0.000043,1,1,1553,1449,0,0
decode,chatcmpl-994ff5e381e092cb-b23eef09,3168309.001295,0.000043,1,1,1555,1450,0,0
decode,chatcmpl-994ff5e381e092cb-b23eef09,3168309.015184,0.000042,1,1,1557,1451,0,0
decode,chatcmpl-994ff5e381e092cb-b23eef09,3168309.029006,0.000043,1,1,1559,1452,0,0
decode,chatcmpl-994ff5e381e092cb-b23eef09,3168309.042781,0.000043,1,1,1561,1453,0,0
decode,chatcmpl-994ff5e381e092cb-b23eef09,3168309.056587,0.000043,1,1,1563,1454,0,0
decode,chatcmpl-994ff5e381e092cb-b23eef09,3168309.070389,0.000042,1,1,1565,1455,0,0
decode,chatcmpl-994ff5e381e092cb-b23eef09,3168309.084178,0.000042,1,1,1567,1456,0,0
decode,chatcmpl-994ff5e381e092cb-b23eef09,3168309.097970,0.000041,1,1,1569,1457,0,0
decode,chatcmpl-994ff5e381e092cb-b23eef09,3168309.111768,0.000042,1,1,1571,1458,0,0
decode,chatcmpl-994ff5e381e092cb-b23eef09,3168309.125577,0.000043,1,1,1573,1459,0,0
decode,chatcmpl-994ff5e381e092cb-b23eef09,3168309.139362,0.000044,1,1,1575,1460,0,0
decode,chatcmpl-994ff5e381e092cb-b23eef09,3168309.153163,0.000041,1,1,1577,1461,0,0
decode,chatcmpl-994ff5e381e092cb-b23eef09,3168309.167042,0.000042,1,1,1579,1462,0,0
decode,,3168309.180843,0.000087,0,0,,,0,0
decode,,3168309.181216,0.000060,0,0,,,0,0
prefill,chatcmpl-888b97fa5ad0e223-9bfbb87a,3168309.261205,0.000727,1,1403,1403,0,1,0
encoder,chatcmpl-888b97fa5ad0e223-9bfbb87a,3168309.263604,0.375555,1,0,,, 1,0
decode,chatcmpl-888b97fa5ad0e223-9bfbb87a,3168309.797746,0.000044,1,1,1404,1403,0,0
decode,chatcmpl-888b97fa5ad0e223-9bfbb87a,3168309.811954,0.000044,1,1,1406,1404,0,0
decode,chatcmpl-888b97fa5ad0e223-9bfbb87a,3168309.825798,0.000044,1,1,1408,1405,0,0
decode,chatcmpl-888b97fa5ad0e223-9bfbb87a,3168309.839611,0.000042,1,1,1410,1406,0,0
decode,chatcmpl-888b97fa5ad0e223-9bfbb87a,3168309.853431,0.000044,1,1,1412,1407,0,0
decode,chatcmpl-888b97fa5ad0e223-9bfbb87a,3168309.867228,0.000056,1,1,1414,1408,0,0
decode,chatcmpl-888b97fa5ad0e223-9bfbb87a,3168309.881054,0.000042,1,1,1416,1409,0,0
decode,chatcmpl-888b97fa5ad0e223-9bfbb87a,3168309.894858,0.000041,1,1,1418,1410,0,0
decode,chatcmpl-888b97fa5ad0e223-9bfbb87a,3168309.908673,0.000042,1,1,1420,1411,0,0
decode,chatcmpl-888b97fa5ad0e223-9bfbb87a,3168309.922456,0.000040,1,1,1422,1412,0,0
decode,chatcmpl-888b97fa5ad0e223-9bfbb87a,3168309.936249,0.000044,1,1,1424,1413,0,0
decode,chatcmpl-888b97fa5ad0e223-9bfbb87a,3168309.950066,0.000042,1,1,1426,1414,0,0
decode,chatcmpl-888b97fa5ad0e223-9bfbb87a,3168309.963885,0.000042,1,1,1428,1415,0,0
decode,chatcmpl-888b97fa5ad0e223-9bfbb87a,3168309.977703,0.000043,1,1,1430,1416,0,0
decode,chatcmpl-888b97fa5ad0e223-9bfbb87a,3168309.991488,0.000043,1,1,1432,1417,0,0
decode,chatcmpl-888b97fa5ad0e223-9bfbb87a,3168310.005309,0.000043,1,1,1434,1418,0,0
decode,chatcmpl-888b97fa5ad0e223-9bfbb87a,3168310.019119,0.000042,1,1,1436,1419,0,0
decode,chatcmpl-888b97fa5ad0e223-9bfbb87a,3168310.032912,0.000043,1,1,1438,1420,0,0
decode,chatcmpl-888b97fa5ad0e223-9bfbb87a,3168310.046700,0.000041,1,1,1440,1421,0,0
decode,chatcmpl-888b97fa5ad0e223-9bfbb87a,3168310.060522,0.000041,1,1,1442,1422,0,0
decode,chatcmpl-888b97fa5ad0e223-9bfbb87a,3168310.074301,0.000041,1,1,1444,1423,0,0
decode,chatcmpl-888b97fa5ad0e223-9bfbb87a,3168310.088131,0.000042,1,1,1446,1424,0,0
decode,chatcmpl-888b97fa5ad0e223-9bfbb87a,3168310.101956,0.000042,1,1,1448,1425,0,0
decode,chatcmpl-888b97fa5ad0e223-9bfbb87a,3168310.115765,0.000043,1,1,1450,1426,0,0
decode,chatcmpl-888b97fa5ad0e223-9bfbb87a,3168310.129559,0.000043,1,1,1452,1427,0,0
decode,chatcmpl-888b97fa5ad0e223-9bfbb87a,3168310.143349,0.000042,1,1,1454,1428,0,0
decode,chatcmpl-888b97fa5ad0e223-9bfbb87a,3168310.157153,0.000040,1,1,1456,1429,0,0
decode,chatcmpl-888b97fa5ad0e223-9bfbb87a,3168310.170952,0.000042,1,1,1458,1430,0,0
decode,chatcmpl-888b97fa5ad0e223-9bfbb87a,3168310.184759,0.000043,1,1,1460,1431,0,0
decode,chatcmpl-888b97fa5ad0e223-9bfbb87a,3168310.198537,0.000044,1,1,1462,1432,0,0
decode,chatcmpl-888b97fa5ad0e223-9bfbb87a,3168310.212325,0.000041,1,1,1464,1433,0,0
decode,chatcmpl-888b97fa5ad0e223-9bfbb87a,3168310.226111,0.000042,1,1,1466,1434,0,0
decode,chatcmpl-888b97fa5ad0e223-9bfbb87a,3168310.239908,0.000042,1,1,1468,1435,0,0
decode,chatcmpl-888b97fa5ad0e223-9bfbb87a,3168310.253807,0.000043,1,1,1470,1436,0,0
decode,chatcmpl-888b97fa5ad0e223-9bfbb87a,3168310.267599,0.000042,1,1,1472,1437,0,0
decode,chatcmpl-888b97fa5ad0e223-9bfbb87a,3168310.281399,0.000042,1,1,1474,1438,0,0
decode,chatcmpl-888b97fa5ad0e223-9bfbb87a,3168310.295178,0.000043,1,1,1476,1439,0,0
decode,chatcmpl-888b97fa5ad0e223-9bfbb87a,3168310.308991,0.000042,1,1,1478,1440,0,0
decode,chatcmpl-888b97fa5ad0e223-9bfbb87a,3168310.322786,0.000043,1,1,1480,1441,0,0
decode,chatcmpl-888b97fa5ad0e223-9bfbb87a,3168310.336591,0.000043,1,1,1482,1442,0,0
decode,chatcmpl-888b97fa5ad0e223-9bfbb87a,3168310.350400,0.000044,1,1,1484,1443,0,0
decode,chatcmpl-888b97fa5ad0e223-9bfbb87a,3168310.364191,0.000043,1,1,1486,1444,0,0
decode,chatcmpl-888b97fa5ad0e223-9bfbb87a,3168310.377982,0.000042,1,1,1488,1445,0,0
decode,chatcmpl-888b97fa5ad0e223-9bfbb87a,3168310.391773,0.000041,1,1,1490,1446,0,0
decode,chatcmpl-888b97fa5ad0e223-9bfbb87a,3168310.405696,0.000043,1,1,1492,1447,0,0
decode,chatcmpl-888b97fa5ad0e223-9bfbb87a,3168310.419496,0.000043,1,1,1494,1448,0,0
decode,chatcmpl-888b97fa5ad0e223-9bfbb87a,3168310.433278,0.000040,1,1,1496,1449,0,0
decode,chatcmpl-888b97fa5ad0e223-9bfbb87a,3168310.447070,0.000041,1,1,1498,1450,0,0
decode,chatcmpl-888b97fa5ad0e223-9bfbb87a,3168310.460891,0.000042,1,1,1500,1451,0,0
decode,chatcmpl-888b97fa5ad0e223-9bfbb87a,3168310.474679,0.000042,1,1,1502,1452,0,0
decode,chatcmpl-888b97fa5ad0e223-9bfbb87a,3168310.488490,0.000045,1,1,1504,1453,0,0
decode,chatcmpl-888b97fa5ad0e223-9bfbb87a,3168310.502298,0.000043,1,1,1506,1454,0,0
decode,chatcmpl-888b97fa5ad0e223-9bfbb87a,3168310.516078,0.000043,1,1,1508,1455,0,0
decode,chatcmpl-888b97fa5ad0e223-9bfbb87a,3168310.529887,0.000042,1,1,1510,1456,0,0
decode,chatcmpl-888b97fa5ad0e223-9bfbb87a,3168310.543685,0.000043,1,1,1512,1457,0,0
decode,chatcmpl-888b97fa5ad0e223-9bfbb87a,3168310.557587,0.000042,1,1,1514,1458,0,0
decode,chatcmpl-888b97fa5ad0e223-9bfbb87a,3168310.571398,0.000042,1,1,1516,1459,0,0
decode,chatcmpl-888b97fa5ad0e223-9bfbb87a,3168310.585193,0.000042,1,1,1518,1460,0,0
decode,chatcmpl-888b97fa5ad0e223-9bfbb87a,3168310.598995,0.000042,1,1,1520,1461,0,0
decode,chatcmpl-888b97fa5ad0e223-9bfbb87a,3168310.612819,0.000042,1,1,1522,1462,0,0
decode,chatcmpl-888b97fa5ad0e223-9bfbb87a,3168310.626630,0.000042,1,1,1524,1463,0,0
decode,chatcmpl-888b97fa5ad0e223-9bfbb87a,3168310.640445,0.000040,1,1,1526,1464,0,0
decode,chatcmpl-888b97fa5ad0e223-9bfbb87a,3168310.654248,0.000043,1,1,1528,1465,0,0
decode,chatcmpl-888b97fa5ad0e223-9bfbb87a,3168310.668041,0.000042,1,1,1530,1466,0,0
decode,chatcmpl-888b97fa5ad0e223-9bfbb87a,3168310.681824,0.000042,1,1,1532,1467,0,0
decode,chatcmpl-888b97fa5ad0e223-9bfbb87a,3168310.695602,0.000040,1,1,1534,1468,0,0
decode,chatcmpl-888b97fa5ad0e223-9bfbb87a,3168310.709512,0.000042,1,1,1536,1469,0,0
decode,chatcmpl-888b97fa5ad0e223-9bfbb87a,3168310.723343,0.000042,1,1,1538,1470,0,0
decode,chatcmpl-888b97fa5ad0e223-9bfbb87a,3168310.737142,0.000042,1,1,1540,1471,0,0
decode,chatcmpl-888b97fa5ad0e223-9bfbb87a,3168310.750930,0.000042,1,1,1542,1472,0,0
decode,chatcmpl-888b97fa5ad0e223-9bfbb87a,3168310.764767,0.000041,1,1,1544,1473,0,0
decode,chatcmpl-888b97fa5ad0e223-9bfbb87a,3168310.778560,0.000041,1,1,1546,1474,0,0
decode,chatcmpl-888b97fa5ad0e223-9bfbb87a,3168310.792355,0.000042,1,1,1548,1475,0,0
decode,chatcmpl-888b97fa5ad0e223-9bfbb87a,3168310.806154,0.000043,1,1,1550,1476,0,0
decode,chatcmpl-888b97fa5ad0e223-9bfbb87a,3168310.819927,0.000044,1,1,1552,1477,0,0
decode,chatcmpl-888b97fa5ad0e223-9bfbb87a,3168310.833714,0.000042,1,1,1554,1478,0,0
decode,chatcmpl-888b97fa5ad0e223-9bfbb87a,3168310.847501,0.000041,1,1,1556,1479,0,0
decode,chatcmpl-888b97fa5ad0e223-9bfbb87a,3168310.861430,0.000042,1,1,1558,1480,0,0
decode,chatcmpl-888b97fa5ad0e223-9bfbb87a,3168310.875228,0.000040,1,1,1560,1481,0,0
decode,chatcmpl-888b97fa5ad0e223-9bfbb87a,3168310.889034,0.000040,1,1,1562,1482,0,0
decode,chatcmpl-888b97fa5ad0e223-9bfbb87a,3168310.902828,0.000043,1,1,1564,1483,0,0
decode,chatcmpl-888b97fa5ad0e223-9bfbb87a,3168310.916645,0.000043,1,1,1566,1484,0,0
decode,chatcmpl-888b97fa5ad0e223-9bfbb87a,3168310.930435,0.000043,1,1,1568,1485,0,0
decode,chatcmpl-888b97fa5ad0e223-9bfbb87a,3168310.944235,0.000043,1,1,1570,1486,0,0
decode,chatcmpl-888b97fa5ad0e223-9bfbb87a,3168310.958030,0.000043,1,1,1572,1487,0,0
decode,chatcmpl-888b97fa5ad0e223-9bfbb87a,3168310.971832,0.000041,1,1,1574,1488,0,0
decode,chatcmpl-888b97fa5ad0e223-9bfbb87a,3168310.985643,0.000040,1,1,1576,1489,0,0
decode,chatcmpl-888b97fa5ad0e223-9bfbb87a,3168310.999443,0.000042,1,1,1578,1490,0,0
decode,chatcmpl-888b97fa5ad0e223-9bfbb87a,3168311.013344,0.000041,1,1,1580,1491,0,0
decode,chatcmpl-888b97fa5ad0e223-9bfbb87a,3168311.027151,0.000042,1,1,1582,1492,0,0
decode,chatcmpl-888b97fa5ad0e223-9bfbb87a,3168311.040960,0.000042,1,1,1584,1493,0,0
decode,chatcmpl-888b97fa5ad0e223-9bfbb87a,3168311.054754,0.000041,1,1,1586,1494,0,0
decode,chatcmpl-888b97fa5ad0e223-9bfbb87a,3168311.068565,0.000042,1,1,1588,1495,0,0
decode,chatcmpl-888b97fa5ad0e223-9bfbb87a,3168311.082364,0.000044,1,1,1590,1496,0,0
decode,chatcmpl-888b97fa5ad0e223-9bfbb87a,3168311.096159,0.000041,1,1,1592,1497,0,0
decode,chatcmpl-888b97fa5ad0e223-9bfbb87a,3168311.109947,0.000042,1,1,1594,1498,0,0
decode,chatcmpl-888b97fa5ad0e223-9bfbb87a,3168311.123741,0.000042,1,1,1596,1499,0,0
decode,chatcmpl-888b97fa5ad0e223-9bfbb87a,3168311.137534,0.000042,1,1,1598,1500,0,0
decode,chatcmpl-888b97fa5ad0e223-9bfbb87a,3168311.151337,0.000044,1,1,1600,1501,0,0
decode,chatcmpl-888b97fa5ad0e223-9bfbb87a,3168311.165245,0.000043,1,1,1602,1502,0,0
decode,chatcmpl-888b97fa5ad0e223-9bfbb87a,3168311.179051,0.000042,1,1,1604,1503,0,0
decode,chatcmpl-888b97fa5ad0e223-9bfbb87a,3168311.192857,0.000042,1,1,1606,1504,0,0
decode,chatcmpl-888b97fa5ad0e223-9bfbb87a,3168311.206652,0.000042,1,1,1608,1505,0,0
decode,chatcmpl-888b97fa5ad0e223-9bfbb87a,3168311.220466,0.000041,1,1,1610,1506,0,0
decode,chatcmpl-888b97fa5ad0e223-9bfbb87a,3168311.234257,0.000041,1,1,1612,1507,0,0
decode,chatcmpl-888b97fa5ad0e223-9bfbb87a,3168311.248046,0.000041,1,1,1614,1508,0,0
decode,chatcmpl-888b97fa5ad0e223-9bfbb87a,3168311.261828,0.000043,1,1,1616,1509,0,0
decode,chatcmpl-888b97fa5ad0e223-9bfbb87a,3168311.275618,0.000043,1,1,1618,1510,0,0
decode,chatcmpl-888b97fa5ad0e223-9bfbb87a,3168311.289408,0.000041,1,1,1620,1511,0,0
decode,chatcmpl-888b97fa5ad0e223-9bfbb87a,3168311.303193,0.000041,1,1,1622,1512,0,0
decode,chatcmpl-888b97fa5ad0e223-9bfbb87a,3168311.317113,0.000043,1,1,1624,1513,0,0
decode,chatcmpl-888b97fa5ad0e223-9bfbb87a,3168311.330897,0.000042,1,1,1626,1514,0,0
decode,chatcmpl-888b97fa5ad0e223-9bfbb87a,3168311.344710,0.000041,1,1,1628,1515,0,0
decode,chatcmpl-888b97fa5ad0e223-9bfbb87a,3168311.358509,0.000041,1,1,1630,1516,0,0
decode,chatcmpl-888b97fa5ad0e223-9bfbb87a,3168311.372337,0.000042,1,1,1632,1517,0,0
decode,chatcmpl-888b97fa5ad0e223-9bfbb87a,3168311.386153,0.000041,1,1,1634,1518,0,0
decode,chatcmpl-888b97fa5ad0e223-9bfbb87a,3168311.399932,0.000042,1,1,1636,1519,0,0
decode,chatcmpl-888b97fa5ad0e223-9bfbb87a,3168311.413722,0.000042,1,1,1638,1520,0,0
decode,chatcmpl-888b97fa5ad0e223-9bfbb87a,3168311.427531,0.000044,1,1,1640,1521,0,0
decode,chatcmpl-888b97fa5ad0e223-9bfbb87a,3168311.441338,0.000043,1,1,1642,1522,0,0
decode,chatcmpl-888b97fa5ad0e223-9bfbb87a,3168311.455156,0.000041,1,1,1644,1523,0,0
decode,chatcmpl-888b97fa5ad0e223-9bfbb87a,3168311.469061,0.000043,1,1,1646,1524,0,0
decode,,3168311.482853,0.000087,0,0,,,0,0
decode,,3168311.483167,0.000121,0,0,,,0,0
prefill,chatcmpl-a3cfefd5ed9b5356-ab34bf89,3168318.218527,0.000622,1,1369,1369,0,1,0
encoder,chatcmpl-a3cfefd5ed9b5356-ab34bf89,3168318.220930,0.375763,1,0,,, 1,0
decode,chatcmpl-a3cfefd5ed9b5356-ab34bf89,3168318.750743,0.000048,1,1,1370,1369,0,0
decode,chatcmpl-a3cfefd5ed9b5356-ab34bf89,3168318.765006,0.000043,1,1,1372,1370,0,0
decode,chatcmpl-a3cfefd5ed9b5356-ab34bf89,3168318.778868,0.000045,1,1,1374,1371,0,0
decode,chatcmpl-a3cfefd5ed9b5356-ab34bf89,3168318.792705,0.000043,1,1,1376,1372,0,0
decode,chatcmpl-a3cfefd5ed9b5356-ab34bf89,3168318.806504,0.000042,1,1,1378,1373,0,0
decode,chatcmpl-a3cfefd5ed9b5356-ab34bf89,3168318.820327,0.000043,1,1,1380,1374,0,0
decode,chatcmpl-a3cfefd5ed9b5356-ab34bf89,3168318.834116,0.000042,1,1,1382,1375,0,0
decode,chatcmpl-a3cfefd5ed9b5356-ab34bf89,3168318.847913,0.000042,1,1,1384,1376,0,0
decode,chatcmpl-a3cfefd5ed9b5356-ab34bf89,3168318.861710,0.000041,1,1,1386,1377,0,0
decode,chatcmpl-a3cfefd5ed9b5356-ab34bf89,3168318.875508,0.000043,1,1,1388,1378,0,0
decode,chatcmpl-a3cfefd5ed9b5356-ab34bf89,3168318.889315,0.000043,1,1,1390,1379,0,0
decode,chatcmpl-a3cfefd5ed9b5356-ab34bf89,3168318.903123,0.000044,1,1,1392,1380,0,0
decode,chatcmpl-a3cfefd5ed9b5356-ab34bf89,3168318.916931,0.000041,1,1,1394,1381,0,0
decode,chatcmpl-a3cfefd5ed9b5356-ab34bf89,3168318.930712,0.000043,1,1,1396,1382,0,0
decode,chatcmpl-a3cfefd5ed9b5356-ab34bf89,3168318.944525,0.000043,1,1,1398,1383,0,0
decode,chatcmpl-a3cfefd5ed9b5356-ab34bf89,3168318.958336,0.000043,1,1,1400,1384,0,0
decode,chatcmpl-a3cfefd5ed9b5356-ab34bf89,3168318.972149,0.000042,1,1,1402,1385,0,0
decode,chatcmpl-a3cfefd5ed9b5356-ab34bf89,3168318.985940,0.000043,1,1,1404,1386,0,0
decode,chatcmpl-a3cfefd5ed9b5356-ab34bf89,3168318.999738,0.000043,1,1,1406,1387,0,0
decode,chatcmpl-a3cfefd5ed9b5356-ab34bf89,3168319.013545,0.000042,1,1,1408,1388,0,0
decode,chatcmpl-a3cfefd5ed9b5356-ab34bf89,3168319.027344,0.000043,1,1,1410,1389,0,0
decode,chatcmpl-a3cfefd5ed9b5356-ab34bf89,3168319.041144,0.000042,1,1,1412,1390,0,0
decode,chatcmpl-a3cfefd5ed9b5356-ab34bf89,3168319.054932,0.000041,1,1,1414,1391,0,0
decode,chatcmpl-a3cfefd5ed9b5356-ab34bf89,3168319.068733,0.000042,1,1,1416,1392,0,0
decode,chatcmpl-a3cfefd5ed9b5356-ab34bf89,3168319.082525,0.000044,1,1,1418,1393,0,0
decode,chatcmpl-a3cfefd5ed9b5356-ab34bf89,3168319.096348,0.000044,1,1,1420,1394,0,0
decode,chatcmpl-a3cfefd5ed9b5356-ab34bf89,3168319.110141,0.000043,1,1,1422,1395,0,0
decode,chatcmpl-a3cfefd5ed9b5356-ab34bf89,3168319.123938,0.000042,1,1,1424,1396,0,0
decode,chatcmpl-a3cfefd5ed9b5356-ab34bf89,3168319.137731,0.000044,1,1,1426,1397,0,0
decode,chatcmpl-a3cfefd5ed9b5356-ab34bf89,3168319.151517,0.000042,1,1,1428,1398,0,0
decode,chatcmpl-a3cfefd5ed9b5356-ab34bf89,3168319.165325,0.000043,1,1,1430,1399,0,0
decode,chatcmpl-a3cfefd5ed9b5356-ab34bf89,3168319.179131,0.000044,1,1,1432,1400,0,0
decode,chatcmpl-a3cfefd5ed9b5356-ab34bf89,3168319.192942,0.000042,1,1,1434,1401,0,0
decode,chatcmpl-a3cfefd5ed9b5356-ab34bf89,3168319.206738,0.000042,1,1,1436,1402,0,0
decode,chatcmpl-a3cfefd5ed9b5356-ab34bf89,3168319.220547,0.000043,1,1,1438,1403,0,0
decode,chatcmpl-a3cfefd5ed9b5356-ab34bf89,3168319.234342,0.000041,1,1,1440,1404,0,0
decode,chatcmpl-a3cfefd5ed9b5356-ab34bf89,3168319.248137,0.000043,1,1,1442,1405,0,0
decode,chatcmpl-a3cfefd5ed9b5356-ab34bf89,3168319.261918,0.000043,1,1,1444,1406,0,0
decode,chatcmpl-a3cfefd5ed9b5356-ab34bf89,3168319.275717,0.000042,1,1,1446,1407,0,0
decode,chatcmpl-a3cfefd5ed9b5356-ab34bf89,3168319.289544,0.000054,1,1,1448,1408,0,0
decode,chatcmpl-a3cfefd5ed9b5356-ab34bf89,3168319.303332,0.000043,1,1,1450,1409,0,0
decode,chatcmpl-a3cfefd5ed9b5356-ab34bf89,3168319.317164,0.000043,1,1,1452,1410,0,0
decode,chatcmpl-a3cfefd5ed9b5356-ab34bf89,3168319.330961,0.000043,1,1,1454,1411,0,0
decode,chatcmpl-a3cfefd5ed9b5356-ab34bf89,3168319.344793,0.000042,1,1,1456,1412,0,0
decode,chatcmpl-a3cfefd5ed9b5356-ab34bf89,3168319.358579,0.000042,1,1,1458,1413,0,0
decode,chatcmpl-a3cfefd5ed9b5356-ab34bf89,3168319.372406,0.000042,1,1,1460,1414,0,0
decode,chatcmpl-a3cfefd5ed9b5356-ab34bf89,3168319.386200,0.000042,1,1,1462,1415,0,0
decode,chatcmpl-a3cfefd5ed9b5356-ab34bf89,3168319.399974,0.000046,1,1,1464,1416,0,0
decode,chatcmpl-a3cfefd5ed9b5356-ab34bf89,3168319.413779,0.000042,1,1,1466,1417,0,0
decode,chatcmpl-a3cfefd5ed9b5356-ab34bf89,3168319.427563,0.000043,1,1,1468,1418,0,0
decode,chatcmpl-a3cfefd5ed9b5356-ab34bf89,3168319.441357,0.000043,1,1,1470,1419,0,0
decode,chatcmpl-a3cfefd5ed9b5356-ab34bf89,3168319.455137,0.000043,1,1,1472,1420,0,0
decode,chatcmpl-a3cfefd5ed9b5356-ab34bf89,3168319.468951,0.000042,1,1,1474,1421,0,0
decode,chatcmpl-a3cfefd5ed9b5356-ab34bf89,3168319.482737,0.000043,1,1,1476,1422,0,0
decode,chatcmpl-a3cfefd5ed9b5356-ab34bf89,3168319.496553,0.000042,1,1,1478,1423,0,0
decode,chatcmpl-a3cfefd5ed9b5356-ab34bf89,3168319.510348,0.000042,1,1,1480,1424,0,0
decode,chatcmpl-a3cfefd5ed9b5356-ab34bf89,3168319.524168,0.000043,1,1,1482,1425,0,0
decode,chatcmpl-a3cfefd5ed9b5356-ab34bf89,3168319.537934,0.000043,1,1,1484,1426,0,0
decode,chatcmpl-a3cfefd5ed9b5356-ab34bf89,3168319.551728,0.000042,1,1,1486,1427,0,0
decode,chatcmpl-a3cfefd5ed9b5356-ab34bf89,3168319.565545,0.000041,1,1,1488,1428,0,0
decode,chatcmpl-a3cfefd5ed9b5356-ab34bf89,3168319.579337,0.000042,1,1,1490,1429,0,0
decode,chatcmpl-a3cfefd5ed9b5356-ab34bf89,3168319.593139,0.000043,1,1,1492,1430,0,0
decode,chatcmpl-a3cfefd5ed9b5356-ab34bf89,3168319.606939,0.000042,1,1,1494,1431,0,0
decode,chatcmpl-a3cfefd5ed9b5356-ab34bf89,3168319.620752,0.000043,1,1,1496,1432,0,0
decode,chatcmpl-a3cfefd5ed9b5356-ab34bf89,3168319.634547,0.000043,1,1,1498,1433,0,0
decode,chatcmpl-a3cfefd5ed9b5356-ab34bf89,3168319.648347,0.000043,1,1,1500,1434,0,0
decode,chatcmpl-a3cfefd5ed9b5356-ab34bf89,3168319.662140,0.000043,1,1,1502,1435,0,0
decode,chatcmpl-a3cfefd5ed9b5356-ab34bf89,3168319.675928,0.000041,1,1,1504,1436,0,0
decode,chatcmpl-a3cfefd5ed9b5356-ab34bf89,3168319.689725,0.000044,1,1,1506,1437,0,0
decode,chatcmpl-a3cfefd5ed9b5356-ab34bf89,3168319.703519,0.000044,1,1,1508,1438,0,0
decode,chatcmpl-a3cfefd5ed9b5356-ab34bf89,3168319.717320,0.000042,1,1,1510,1439,0,0
decode,chatcmpl-a3cfefd5ed9b5356-ab34bf89,3168319.731100,0.000043,1,1,1512,1440,0,0
decode,chatcmpl-a3cfefd5ed9b5356-ab34bf89,3168319.744894,0.000041,1,1,1514,1441,0,0
decode,chatcmpl-a3cfefd5ed9b5356-ab34bf89,3168319.758697,0.000043,1,1,1516,1442,0,0
decode,chatcmpl-a3cfefd5ed9b5356-ab34bf89,3168319.772523,0.000041,1,1,1518,1443,0,0
decode,chatcmpl-a3cfefd5ed9b5356-ab34bf89,3168319.786310,0.000042,1,1,1520,1444,0,0
decode,chatcmpl-a3cfefd5ed9b5356-ab34bf89,3168319.800112,0.000042,1,1,1522,1445,0,0
decode,chatcmpl-a3cfefd5ed9b5356-ab34bf89,3168319.813926,0.000042,1,1,1524,1446,0,0
decode,chatcmpl-a3cfefd5ed9b5356-ab34bf89,3168319.827716,0.000041,1,1,1526,1447,0,0
decode,chatcmpl-a3cfefd5ed9b5356-ab34bf89,3168319.841499,0.000042,1,1,1528,1448,0,0
decode,chatcmpl-a3cfefd5ed9b5356-ab34bf89,3168319.855281,0.000041,1,1,1530,1449,0,0
decode,chatcmpl-a3cfefd5ed9b5356-ab34bf89,3168319.869096,0.000042,1,1,1532,1450,0,0
decode,chatcmpl-a3cfefd5ed9b5356-ab34bf89,3168319.882897,0.000043,1,1,1534,1451,0,0
decode,chatcmpl-a3cfefd5ed9b5356-ab34bf89,3168319.896704,0.000041,1,1,1536,1452,0,0
decode,chatcmpl-a3cfefd5ed9b5356-ab34bf89,3168319.910499,0.000043,1,1,1538,1453,0,0
decode,chatcmpl-a3cfefd5ed9b5356-ab34bf89,3168319.924293,0.000041,1,1,1540,1454,0,0
decode,chatcmpl-a3cfefd5ed9b5356-ab34bf89,3168319.938072,0.000041,1,1,1542,1455,0,0
decode,chatcmpl-a3cfefd5ed9b5356-ab34bf89,3168319.951841,0.000042,1,1,1544,1456,0,0
decode,chatcmpl-a3cfefd5ed9b5356-ab34bf89,3168319.965646,0.000042,1,1,1546,1457,0,0
decode,chatcmpl-a3cfefd5ed9b5356-ab34bf89,3168319.979416,0.000041,1,1,1548,1458,0,0
decode,chatcmpl-a3cfefd5ed9b5356-ab34bf89,3168319.993225,0.000042,1,1,1550,1459,0,0
decode,chatcmpl-a3cfefd5ed9b5356-ab34bf89,3168320.007035,0.000041,1,1,1552,1460,0,0
decode,chatcmpl-a3cfefd5ed9b5356-ab34bf89,3168320.020832,0.000043,1,1,1554,1461,0,0
decode,chatcmpl-a3cfefd5ed9b5356-ab34bf89,3168320.034629,0.000041,1,1,1556,1462,0,0
decode,chatcmpl-a3cfefd5ed9b5356-ab34bf89,3168320.048440,0.000042,1,1,1558,1463,0,0
decode,chatcmpl-a3cfefd5ed9b5356-ab34bf89,3168320.062205,0.000041,1,1,1560,1464,0,0
decode,chatcmpl-a3cfefd5ed9b5356-ab34bf89,3168320.076011,0.000090,1,1,1562,1465,0,0
decode,chatcmpl-a3cfefd5ed9b5356-ab34bf89,3168320.089810,0.000043,1,1,1564,1466,0,0
decode,chatcmpl-a3cfefd5ed9b5356-ab34bf89,3168320.103605,0.000042,1,1,1566,1467,0,0
decode,chatcmpl-a3cfefd5ed9b5356-ab34bf89,3168320.117416,0.000041,1,1,1568,1468,0,0
decode,chatcmpl-a3cfefd5ed9b5356-ab34bf89,3168320.131224,0.000042,1,1,1570,1469,0,0
decode,chatcmpl-a3cfefd5ed9b5356-ab34bf89,3168320.145050,0.000042,1,1,1572,1470,0,0
decode,chatcmpl-a3cfefd5ed9b5356-ab34bf89,3168320.158857,0.000043,1,1,1574,1471,0,0
decode,chatcmpl-a3cfefd5ed9b5356-ab34bf89,3168320.172665,0.000043,1,1,1576,1472,0,0
decode,chatcmpl-a3cfefd5ed9b5356-ab34bf89,3168320.186473,0.000041,1,1,1578,1473,0,0
decode,chatcmpl-a3cfefd5ed9b5356-ab34bf89,3168320.200278,0.000042,1,1,1580,1474,0,0
decode,chatcmpl-a3cfefd5ed9b5356-ab34bf89,3168320.214075,0.000042,1,1,1582,1475,0,0
decode,chatcmpl-a3cfefd5ed9b5356-ab34bf89,3168320.227874,0.000043,1,1,1584,1476,0,0
decode,chatcmpl-a3cfefd5ed9b5356-ab34bf89,3168320.241667,0.000043,1,1,1586,1477,0,0
decode,chatcmpl-a3cfefd5ed9b5356-ab34bf89,3168320.255477,0.000042,1,1,1588,1478,0,0
decode,chatcmpl-a3cfefd5ed9b5356-ab34bf89,3168320.269407,0.000042,1,1,1590,1479,0,0
decode,chatcmpl-a3cfefd5ed9b5356-ab34bf89,3168320.283192,0.000043,1,1,1592,1480,0,0
decode,chatcmpl-a3cfefd5ed9b5356-ab34bf89,3168320.296994,0.000042,1,1,1594,1481,0,0
decode,chatcmpl-a3cfefd5ed9b5356-ab34bf89,3168320.310786,0.000041,1,1,1596,1482,0,0
decode,chatcmpl-a3cfefd5ed9b5356-ab34bf89,3168320.324618,0.000043,1,1,1598,1483,0,0
decode,chatcmpl-a3cfefd5ed9b5356-ab34bf89,3168320.338408,0.000042,1,1,1600,1484,0,0
decode,chatcmpl-a3cfefd5ed9b5356-ab34bf89,3168320.352204,0.000040,1,1,1602,1485,0,0
decode,chatcmpl-a3cfefd5ed9b5356-ab34bf89,3168320.365999,0.000043,1,1,1604,1486,0,0
decode,chatcmpl-a3cfefd5ed9b5356-ab34bf89,3168320.379779,0.000044,1,1,1606,1487,0,0
decode,chatcmpl-a3cfefd5ed9b5356-ab34bf89,3168320.393576,0.000042,1,1,1608,1488,0,0
decode,chatcmpl-a3cfefd5ed9b5356-ab34bf89,3168320.407346,0.000042,1,1,1610,1489,0,0
decode,chatcmpl-a3cfefd5ed9b5356-ab34bf89,3168320.421240,0.000043,1,1,1612,1490,0,0
decode,chatcmpl-a3cfefd5ed9b5356-ab34bf89,3168320.435044,0.000041,1,1,1614,1491,0,0
decode,chatcmpl-a3cfefd5ed9b5356-ab34bf89,3168320.448838,0.000043,1,1,1616,1492,0,0
decode,chatcmpl-a3cfefd5ed9b5356-ab34bf89,3168320.462628,0.000043,1,1,1618,1493,0,0
decode,chatcmpl-a3cfefd5ed9b5356-ab34bf89,3168320.476443,0.000043,1,1,1620,1494,0,0
decode,chatcmpl-a3cfefd5ed9b5356-ab34bf89,3168320.490232,0.000043,1,1,1622,1495,0,0
decode,chatcmpl-a3cfefd5ed9b5356-ab34bf89,3168320.504047,0.000043,1,1,1624,1496,0,0
decode,chatcmpl-a3cfefd5ed9b5356-ab34bf89,3168320.517840,0.000041,1,1,1626,1497,0,0
decode,chatcmpl-a3cfefd5ed9b5356-ab34bf89,3168320.531619,0.000042,1,1,1628,1498,0,0
decode,,3168320.545415,0.000090,0,0,,,0,0
decode,,3168320.545740,0.000122,0,0,,,0,0
prefill,chatcmpl-8120721c17bdc88d-b5e379cf,3168320.631049,0.000564,1,1369,1369,0,1,0
encoder,chatcmpl-8120721c17bdc88d-b5e379cf,3168320.633213,0.375165,1,0,,, 1,0
decode,chatcmpl-8120721c17bdc88d-b5e379cf,3168321.162542,0.000047,1,1,1370,1369,0,0
decode,chatcmpl-8120721c17bdc88d-b5e379cf,3168321.176757,0.000042,1,1,1372,1370,0,0
decode,chatcmpl-8120721c17bdc88d-b5e379cf,3168321.190607,0.000041,1,1,1374,1371,0,0
decode,chatcmpl-8120721c17bdc88d-b5e379cf,3168321.204445,0.000040,1,1,1376,1372,0,0
decode,chatcmpl-8120721c17bdc88d-b5e379cf,3168321.218259,0.000042,1,1,1378,1373,0,0
decode,chatcmpl-8120721c17bdc88d-b5e379cf,3168321.232060,0.000044,1,1,1380,1374,0,0
decode,chatcmpl-8120721c17bdc88d-b5e379cf,3168321.245867,0.000042,1,1,1382,1375,0,0
decode,chatcmpl-8120721c17bdc88d-b5e379cf,3168321.259762,0.000042,1,1,1384,1376,0,0
decode,chatcmpl-8120721c17bdc88d-b5e379cf,3168321.273580,0.000042,1,1,1386,1377,0,0
decode,chatcmpl-8120721c17bdc88d-b5e379cf,3168321.287383,0.000042,1,1,1388,1378,0,0
decode,chatcmpl-8120721c17bdc88d-b5e379cf,3168321.301205,0.000041,1,1,1390,1379,0,0
decode,chatcmpl-8120721c17bdc88d-b5e379cf,3168321.315033,0.000041,1,1,1392,1380,0,0
decode,chatcmpl-8120721c17bdc88d-b5e379cf,3168321.328851,0.000045,1,1,1394,1381,0,0
decode,chatcmpl-8120721c17bdc88d-b5e379cf,3168321.342661,0.000041,1,1,1396,1382,0,0
decode,chatcmpl-8120721c17bdc88d-b5e379cf,3168321.356468,0.000042,1,1,1398,1383,0,0
decode,chatcmpl-8120721c17bdc88d-b5e379cf,3168321.370295,0.000042,1,1,1400,1384,0,0
decode,chatcmpl-8120721c17bdc88d-b5e379cf,3168321.384110,0.000042,1,1,1402,1385,0,0
decode,chatcmpl-8120721c17bdc88d-b5e379cf,3168321.397894,0.000042,1,1,1404,1386,0,0
decode,chatcmpl-8120721c17bdc88d-b5e379cf,3168321.411795,0.000042,1,1,1406,1387,0,0
decode,chatcmpl-8120721c17bdc88d-b5e379cf,3168321.425586,0.000041,1,1,1408,1388,0,0
decode,chatcmpl-8120721c17bdc88d-b5e379cf,3168321.439376,0.000043,1,1,1410,1389,0,0
decode,chatcmpl-8120721c17bdc88d-b5e379cf,3168321.453183,0.000043,1,1,1412,1390,0,0
decode,chatcmpl-8120721c17bdc88d-b5e379cf,3168321.466985,0.000043,1,1,1414,1391,0,0
decode,chatcmpl-8120721c17bdc88d-b5e379cf,3168321.480804,0.000044,1,1,1416,1392,0,0
decode,chatcmpl-8120721c17bdc88d-b5e379cf,3168321.494597,0.000042,1,1,1418,1393,0,0
decode,chatcmpl-8120721c17bdc88d-b5e379cf,3168321.508392,0.000044,1,1,1420,1394,0,0
decode,chatcmpl-8120721c17bdc88d-b5e379cf,3168321.522186,0.000043,1,1,1422,1395,0,0
decode,chatcmpl-8120721c17bdc88d-b5e379cf,3168321.535992,0.000050,1,1,1424,1396,0,0
decode,chatcmpl-8120721c17bdc88d-b5e379cf,3168321.549799,0.000042,1,1,1426,1397,0,0
decode,chatcmpl-8120721c17bdc88d-b5e379cf,3168321.563685,0.000042,1,1,1428,1398,0,0
decode,chatcmpl-8120721c17bdc88d-b5e379cf,3168321.577474,0.000041,1,1,1430,1399,0,0
decode,chatcmpl-8120721c17bdc88d-b5e379cf,3168321.591273,0.000042,1,1,1432,1400,0,0
decode,chatcmpl-8120721c17bdc88d-b5e379cf,3168321.605057,0.000042,1,1,1434,1401,0,0
decode,chatcmpl-8120721c17bdc88d-b5e379cf,3168321.618840,0.000042,1,1,1436,1402,0,0
decode,chatcmpl-8120721c17bdc88d-b5e379cf,3168321.632651,0.000042,1,1,1438,1403,0,0
decode,chatcmpl-8120721c17bdc88d-b5e379cf,3168321.646444,0.000042,1,1,1440,1404,0,0
decode,chatcmpl-8120721c17bdc88d-b5e379cf,3168321.660251,0.000042,1,1,1442,1405,0,0
decode,chatcmpl-8120721c17bdc88d-b5e379cf,3168321.674057,0.000040,1,1,1444,1406,0,0
decode,chatcmpl-8120721c17bdc88d-b5e379cf,3168321.687849,0.000044,1,1,1446,1407,0,0
decode,chatcmpl-8120721c17bdc88d-b5e379cf,3168321.701651,0.000053,1,1,1448,1408,0,0
decode,chatcmpl-8120721c17bdc88d-b5e379cf,3168321.715560,0.000043,1,1,1450,1409,0,0
decode,chatcmpl-8120721c17bdc88d-b5e379cf,3168321.729353,0.000043,1,1,1452,1410,0,0
decode,chatcmpl-8120721c17bdc88d-b5e379cf,3168321.743138,0.000042,1,1,1454,1411,0,0
decode,chatcmpl-8120721c17bdc88d-b5e379cf,3168321.756941,0.000042,1,1,1456,1412,0,0
decode,chatcmpl-8120721c17bdc88d-b5e379cf,3168321.770730,0.000044,1,1,1458,1413,0,0
decode,chatcmpl-8120721c17bdc88d-b5e379cf,3168321.784537,0.000042,1,1,1460,1414,0,0
decode,chatcmpl-8120721c17bdc88d-b5e379cf,3168321.798315,0.000042,1,1,1462,1415,0,0
decode,chatcmpl-8120721c17bdc88d-b5e379cf,3168321.812124,0.000045,1,1,1464,1416,0,0
decode,chatcmpl-8120721c17bdc88d-b5e379cf,3168321.825919,0.000043,1,1,1466,1417,0,0
decode,chatcmpl-8120721c17bdc88d-b5e379cf,3168321.839714,0.000042,1,1,1468,1418,0,0
decode,chatcmpl-8120721c17bdc88d-b5e379cf,3168321.853529,0.000043,1,1,1470,1419,0,0
decode,chatcmpl-8120721c17bdc88d-b5e379cf,3168321.867331,0.000042,1,1,1472,1420,0,0
decode,chatcmpl-8120721c17bdc88d-b5e379cf,3168321.881139,0.000041,1,1,1474,1421,0,0
decode,chatcmpl-8120721c17bdc88d-b5e379cf,3168321.894930,0.000043,1,1,1476,1422,0,0
decode,chatcmpl-8120721c17bdc88d-b5e379cf,3168321.908739,0.000041,1,1,1478,1423,0,0
decode,chatcmpl-8120721c17bdc88d-b5e379cf,3168321.922537,0.000043,1,1,1480,1424,0,0
decode,chatcmpl-8120721c17bdc88d-b5e379cf,3168321.936384,0.000040,1,1,1482,1425,0,0
decode,chatcmpl-8120721c17bdc88d-b5e379cf,3168321.950169,0.000042,1,1,1484,1426,0,0
decode,chatcmpl-8120721c17bdc88d-b5e379cf,3168321.963971,0.000045,1,1,1486,1427,0,0
decode,chatcmpl-8120721c17bdc88d-b5e379cf,3168321.977783,0.000043,1,1,1488,1428,0,0
decode,chatcmpl-8120721c17bdc88d-b5e379cf,3168321.991562,0.000044,1,1,1490,1429,0,0
decode,chatcmpl-8120721c17bdc88d-b5e379cf,3168322.005352,0.000042,1,1,1492,1430,0,0
decode,chatcmpl-8120721c17bdc88d-b5e379cf,3168322.019150,0.000042,1,1,1494,1431,0,0
decode,chatcmpl-8120721c17bdc88d-b5e379cf,3168322.032977,0.000040,1,1,1496,1432,0,0
decode,chatcmpl-8120721c17bdc88d-b5e379cf,3168322.046762,0.000043,1,1,1498,1433,0,0
decode,chatcmpl-8120721c17bdc88d-b5e379cf,3168322.060569,0.000040,1,1,1500,1434,0,0
decode,chatcmpl-8120721c17bdc88d-b5e379cf,3168322.074362,0.000042,1,1,1502,1435,0,0
decode,chatcmpl-8120721c17bdc88d-b5e379cf,3168322.088174,0.000044,1,1,1504,1436,0,0
decode,chatcmpl-8120721c17bdc88d-b5e379cf,3168322.101961,0.000041,1,1,1506,1437,0,0
decode,chatcmpl-8120721c17bdc88d-b5e379cf,3168322.115755,0.000041,1,1,1508,1438,0,0
decode,chatcmpl-8120721c17bdc88d-b5e379cf,3168322.129539,0.000039,1,1,1510,1439,0,0
decode,chatcmpl-8120721c17bdc88d-b5e379cf,3168322.143315,0.000042,1,1,1512,1440,0,0
decode,chatcmpl-8120721c17bdc88d-b5e379cf,3168322.157126,0.000042,1,1,1514,1441,0,0
decode,chatcmpl-8120721c17bdc88d-b5e379cf,3168322.170917,0.000041,1,1,1516,1442,0,0
decode,chatcmpl-8120721c17bdc88d-b5e379cf,3168322.184710,0.000041,1,1,1518,1443,0,0
decode,chatcmpl-8120721c17bdc88d-b5e379cf,3168322.198511,0.000044,1,1,1520,1444,0,0
decode,chatcmpl-8120721c17bdc88d-b5e379cf,3168322.212330,0.000041,1,1,1522,1445,0,0
decode,chatcmpl-8120721c17bdc88d-b5e379cf,3168322.226139,0.000042,1,1,1524,1446,0,0
decode,chatcmpl-8120721c17bdc88d-b5e379cf,3168322.239938,0.000042,1,1,1526,1447,0,0
decode,chatcmpl-8120721c17bdc88d-b5e379cf,3168322.253724,0.000042,1,1,1528,1448,0,0
decode,chatcmpl-8120721c17bdc88d-b5e379cf,3168322.267511,0.000042,1,1,1530,1449,0,0
decode,chatcmpl-8120721c17bdc88d-b5e379cf,3168322.281309,0.000042,1,1,1532,1450,0,0
decode,chatcmpl-8120721c17bdc88d-b5e379cf,3168322.295103,0.000042,1,1,1534,1451,0,0
decode,chatcmpl-8120721c17bdc88d-b5e379cf,3168322.308899,0.000042,1,1,1536,1452,0,0
decode,chatcmpl-8120721c17bdc88d-b5e379cf,3168322.322704,0.000041,1,1,1538,1453,0,0
decode,chatcmpl-8120721c17bdc88d-b5e379cf,3168322.336514,0.000042,1,1,1540,1454,0,0
decode,chatcmpl-8120721c17bdc88d-b5e379cf,3168322.350318,0.000042,1,1,1542,1455,0,0
decode,chatcmpl-8120721c17bdc88d-b5e379cf,3168322.364102,0.000041,1,1,1544,1456,0,0
decode,chatcmpl-8120721c17bdc88d-b5e379cf,3168322.377901,0.000042,1,1,1546,1457,0,0
decode,chatcmpl-8120721c17bdc88d-b5e379cf,3168322.391698,0.000040,1,1,1548,1458,0,0
decode,chatcmpl-8120721c17bdc88d-b5e379cf,3168322.405504,0.000041,1,1,1550,1459,0,0
decode,chatcmpl-8120721c17bdc88d-b5e379cf,3168322.419296,0.000041,1,1,1552,1460,0,0
decode,chatcmpl-8120721c17bdc88d-b5e379cf,3168322.433100,0.000043,1,1,1554,1461,0,0
decode,chatcmpl-8120721c17bdc88d-b5e379cf,3168322.446892,0.000042,1,1,1556,1462,0,0
decode,chatcmpl-8120721c17bdc88d-b5e379cf,3168322.460701,0.000043,1,1,1558,1463,0,0
decode,chatcmpl-8120721c17bdc88d-b5e379cf,3168322.474492,0.000043,1,1,1560,1464,0,0
decode,chatcmpl-8120721c17bdc88d-b5e379cf,3168322.488300,0.000042,1,1,1562,1465,0,0
decode,chatcmpl-8120721c17bdc88d-b5e379cf,3168322.502063,0.000041,1,1,1564,1466,0,0
decode,chatcmpl-8120721c17bdc88d-b5e379cf,3168322.515838,0.000044,1,1,1566,1467,0,0
decode,chatcmpl-8120721c17bdc88d-b5e379cf,3168322.529654,0.000042,1,1,1568,1468,0,0
decode,chatcmpl-8120721c17bdc88d-b5e379cf,3168322.543441,0.000043,1,1,1570,1469,0,0
decode,chatcmpl-8120721c17bdc88d-b5e379cf,3168322.557244,0.000042,1,1,1572,1470,0,0
decode,chatcmpl-8120721c17bdc88d-b5e379cf,3168322.571049,0.000041,1,1,1574,1471,0,0
decode,chatcmpl-8120721c17bdc88d-b5e379cf,3168322.584855,0.000042,1,1,1576,1472,0,0
decode,chatcmpl-8120721c17bdc88d-b5e379cf,3168322.598654,0.000041,1,1,1578,1473,0,0
decode,chatcmpl-8120721c17bdc88d-b5e379cf,3168322.612462,0.000042,1,1,1580,1474,0,0
decode,chatcmpl-8120721c17bdc88d-b5e379cf,3168322.626261,0.000042,1,1,1582,1475,0,0
decode,chatcmpl-8120721c17bdc88d-b5e379cf,3168322.640055,0.000041,1,1,1584,1476,0,0
decode,chatcmpl-8120721c17bdc88d-b5e379cf,3168322.653846,0.000042,1,1,1586,1477,0,0
decode,chatcmpl-8120721c17bdc88d-b5e379cf,3168322.667640,0.000043,1,1,1588,1478,0,0
decode,chatcmpl-8120721c17bdc88d-b5e379cf,3168322.681462,0.000042,1,1,1590,1479,0,0
decode,chatcmpl-8120721c17bdc88d-b5e379cf,3168322.695270,0.000043,1,1,1592,1480,0,0
decode,chatcmpl-8120721c17bdc88d-b5e379cf,3168322.709082,0.000043,1,1,1594,1481,0,0
decode,chatcmpl-8120721c17bdc88d-b5e379cf,3168322.722873,0.000041,1,1,1596,1482,0,0
decode,chatcmpl-8120721c17bdc88d-b5e379cf,3168322.736674,0.000041,1,1,1598,1483,0,0
decode,chatcmpl-8120721c17bdc88d-b5e379cf,3168322.750465,0.000042,1,1,1600,1484,0,0
decode,chatcmpl-8120721c17bdc88d-b5e379cf,3168322.764269,0.000042,1,1,1602,1485,0,0
decode,chatcmpl-8120721c17bdc88d-b5e379cf,3168322.778073,0.000040,1,1,1604,1486,0,0
decode,chatcmpl-8120721c17bdc88d-b5e379cf,3168322.791872,0.000042,1,1,1606,1487,0,0
decode,chatcmpl-8120721c17bdc88d-b5e379cf,3168322.805660,0.000044,1,1,1608,1488,0,0
decode,chatcmpl-8120721c17bdc88d-b5e379cf,3168322.819450,0.000042,1,1,1610,1489,0,0
decode,chatcmpl-8120721c17bdc88d-b5e379cf,3168322.833244,0.000041,1,1,1612,1490,0,0
decode,chatcmpl-8120721c17bdc88d-b5e379cf,3168322.847034,0.000042,1,1,1614,1491,0,0
decode,chatcmpl-8120721c17bdc88d-b5e379cf,3168322.860845,0.000041,1,1,1616,1492,0,0
decode,chatcmpl-8120721c17bdc88d-b5e379cf,3168322.874629,0.000043,1,1,1618,1493,0,0
decode,chatcmpl-8120721c17bdc88d-b5e379cf,3168322.888443,0.000042,1,1,1620,1494,0,0
decode,chatcmpl-8120721c17bdc88d-b5e379cf,3168322.902228,0.000043,1,1,1622,1495,0,0
decode,chatcmpl-8120721c17bdc88d-b5e379cf,3168322.916007,0.000042,1,1,1624,1496,0,0
decode,chatcmpl-8120721c17bdc88d-b5e379cf,3168322.929804,0.000042,1,1,1626,1497,0,0
decode,chatcmpl-8120721c17bdc88d-b5e379cf,3168322.943590,0.000042,1,1,1628,1498,0,0
decode,,3168322.957368,0.000089,0,0,,,0,0
decode,,3168322.957695,0.000119,0,0,,,0,0
prefill,chatcmpl-acbfac83e501bcf4-bd1c0e84,3168323.041491,0.000510,1,1334,1334,0,1,0
encoder,chatcmpl-acbfac83e501bcf4-bd1c0e84,3168323.043592,0.375286,1,0,,, 1,0
decode,chatcmpl-acbfac83e501bcf4-bd1c0e84,3168323.568676,0.000049,1,1,1335,1334,0,0
decode,chatcmpl-acbfac83e501bcf4-bd1c0e84,3168323.582849,0.000044,1,1,1337,1335,0,0
decode,chatcmpl-acbfac83e501bcf4-bd1c0e84,3168323.596712,0.000044,1,1,1339,1336,0,0
decode,chatcmpl-acbfac83e501bcf4-bd1c0e84,3168323.610537,0.000041,1,1,1341,1337,0,0
decode,chatcmpl-acbfac83e501bcf4-bd1c0e84,3168323.624366,0.000042,1,1,1343,1338,0,0
decode,chatcmpl-acbfac83e501bcf4-bd1c0e84,3168323.638167,0.000043,1,1,1345,1339,0,0
decode,chatcmpl-acbfac83e501bcf4-bd1c0e84,3168323.651955,0.000044,1,1,1347,1340,0,0
decode,chatcmpl-acbfac83e501bcf4-bd1c0e84,3168323.665771,0.000042,1,1,1349,1341,0,0
decode,chatcmpl-acbfac83e501bcf4-bd1c0e84,3168323.679570,0.000043,1,1,1351,1342,0,0
decode,chatcmpl-acbfac83e501bcf4-bd1c0e84,3168323.693390,0.000043,1,1,1353,1343,0,0
decode,chatcmpl-acbfac83e501bcf4-bd1c0e84,3168323.707284,0.000044,1,1,1355,1344,0,0
decode,chatcmpl-acbfac83e501bcf4-bd1c0e84,3168323.721091,0.000043,1,1,1357,1345,0,0
decode,chatcmpl-acbfac83e501bcf4-bd1c0e84,3168323.734891,0.000042,1,1,1359,1346,0,0
decode,chatcmpl-acbfac83e501bcf4-bd1c0e84,3168323.748784,0.000043,1,1,1361,1347,0,0
decode,chatcmpl-acbfac83e501bcf4-bd1c0e84,3168323.762579,0.000040,1,1,1363,1348,0,0
decode,chatcmpl-acbfac83e501bcf4-bd1c0e84,3168323.776395,0.000042,1,1,1365,1349,0,0
decode,chatcmpl-acbfac83e501bcf4-bd1c0e84,3168323.790198,0.000042,1,1,1367,1350,0,0
decode,chatcmpl-acbfac83e501bcf4-bd1c0e84,3168323.803981,0.000050,1,1,1369,1351,0,0
decode,chatcmpl-acbfac83e501bcf4-bd1c0e84,3168323.817787,0.000042,1,1,1371,1352,0,0
decode,chatcmpl-acbfac83e501bcf4-bd1c0e84,3168323.831577,0.000043,1,1,1373,1353,0,0
decode,chatcmpl-acbfac83e501bcf4-bd1c0e84,3168323.845395,0.000042,1,1,1375,1354,0,0
decode,chatcmpl-acbfac83e501bcf4-bd1c0e84,3168323.859327,0.000043,1,1,1377,1355,0,0
decode,chatcmpl-acbfac83e501bcf4-bd1c0e84,3168323.873135,0.000044,1,1,1379,1356,0,0
decode,chatcmpl-acbfac83e501bcf4-bd1c0e84,3168323.886933,0.000043,1,1,1381,1357,0,0
decode,chatcmpl-acbfac83e501bcf4-bd1c0e84,3168323.900731,0.000044,1,1,1383,1358,0,0
decode,chatcmpl-acbfac83e501bcf4-bd1c0e84,3168323.914542,0.000042,1,1,1385,1359,0,0
decode,chatcmpl-acbfac83e501bcf4-bd1c0e84,3168323.928366,0.000043,1,1,1387,1360,0,0
decode,chatcmpl-acbfac83e501bcf4-bd1c0e84,3168323.942134,0.000043,1,1,1389,1361,0,0
decode,chatcmpl-acbfac83e501bcf4-bd1c0e84,3168323.955922,0.000043,1,1,1391,1362,0,0
decode,chatcmpl-acbfac83e501bcf4-bd1c0e84,3168323.969731,0.000043,1,1,1393,1363,0,0
decode,chatcmpl-acbfac83e501bcf4-bd1c0e84,3168323.983525,0.000042,1,1,1395,1364,0,0
decode,chatcmpl-acbfac83e501bcf4-bd1c0e84,3168323.997319,0.000044,1,1,1397,1365,0,0
decode,chatcmpl-acbfac83e501bcf4-bd1c0e84,3168324.011240,0.000041,1,1,1399,1366,0,0
decode,chatcmpl-acbfac83e501bcf4-bd1c0e84,3168324.025050,0.000043,1,1,1401,1367,0,0
decode,chatcmpl-acbfac83e501bcf4-bd1c0e84,3168324.038824,0.000041,1,1,1403,1368,0,0
decode,chatcmpl-acbfac83e501bcf4-bd1c0e84,3168324.052629,0.000043,1,1,1405,1369,0,0
decode,chatcmpl-acbfac83e501bcf4-bd1c0e84,3168324.066421,0.000044,1,1,1407,1370,0,0
decode,chatcmpl-acbfac83e501bcf4-bd1c0e84,3168324.080239,0.000043,1,1,1409,1371,0,0
decode,chatcmpl-acbfac83e501bcf4-bd1c0e84,3168324.094037,0.000041,1,1,1411,1372,0,0
decode,chatcmpl-acbfac83e501bcf4-bd1c0e84,3168324.107824,0.000043,1,1,1413,1373,0,0
decode,chatcmpl-acbfac83e501bcf4-bd1c0e84,3168324.121612,0.000043,1,1,1415,1374,0,0
decode,chatcmpl-acbfac83e501bcf4-bd1c0e84,3168324.135404,0.000044,1,1,1417,1375,0,0
decode,chatcmpl-acbfac83e501bcf4-bd1c0e84,3168324.149208,0.000042,1,1,1419,1376,0,0
decode,chatcmpl-acbfac83e501bcf4-bd1c0e84,3168324.163092,0.000041,1,1,1421,1377,0,0
decode,chatcmpl-acbfac83e501bcf4-bd1c0e84,3168324.176918,0.000043,1,1,1423,1378,0,0
decode,chatcmpl-acbfac83e501bcf4-bd1c0e84,3168324.190684,0.000042,1,1,1425,1379,0,0
decode,chatcmpl-acbfac83e501bcf4-bd1c0e84,3168324.204490,0.000043,1,1,1427,1380,0,0
decode,chatcmpl-acbfac83e501bcf4-bd1c0e84,3168324.218299,0.000043,1,1,1429,1381,0,0
decode,chatcmpl-acbfac83e501bcf4-bd1c0e84,3168324.232088,0.000043,1,1,1431,1382,0,0
decode,chatcmpl-acbfac83e501bcf4-bd1c0e84,3168324.245892,0.000042,1,1,1433,1383,0,0
decode,chatcmpl-acbfac83e501bcf4-bd1c0e84,3168324.259678,0.000043,1,1,1435,1384,0,0
decode,chatcmpl-acbfac83e501bcf4-bd1c0e84,3168324.273480,0.000042,1,1,1437,1385,0,0
decode,chatcmpl-acbfac83e501bcf4-bd1c0e84,3168324.287271,0.000044,1,1,1439,1386,0,0
decode,chatcmpl-acbfac83e501bcf4-bd1c0e84,3168324.301086,0.000042,1,1,1441,1387,0,0
decode,chatcmpl-acbfac83e501bcf4-bd1c0e84,3168324.314989,0.000041,1,1,1443,1388,0,0
decode,chatcmpl-acbfac83e501bcf4-bd1c0e84,3168324.328788,0.000041,1,1,1445,1389,0,0
decode,chatcmpl-acbfac83e501bcf4-bd1c0e84,3168324.342579,0.000041,1,1,1447,1390,0,0
decode,chatcmpl-acbfac83e501bcf4-bd1c0e84,3168324.356392,0.000041,1,1,1449,1391,0,0
decode,chatcmpl-acbfac83e501bcf4-bd1c0e84,3168324.370199,0.000043,1,1,1451,1392,0,0
decode,chatcmpl-acbfac83e501bcf4-bd1c0e84,3168324.383996,0.000044,1,1,1453,1393,0,0
decode,chatcmpl-acbfac83e501bcf4-bd1c0e84,3168324.397793,0.000042,1,1,1455,1394,0,0
decode,chatcmpl-acbfac83e501bcf4-bd1c0e84,3168324.411581,0.000041,1,1,1457,1395,0,0
decode,chatcmpl-acbfac83e501bcf4-bd1c0e84,3168324.425385,0.000042,1,1,1459,1396,0,0
decode,chatcmpl-acbfac83e501bcf4-bd1c0e84,3168324.439170,0.000043,1,1,1461,1397,0,0
decode,chatcmpl-acbfac83e501bcf4-bd1c0e84,3168324.452969,0.000042,1,1,1463,1398,0,0
decode,chatcmpl-acbfac83e501bcf4-bd1c0e84,3168324.466843,0.000044,1,1,1465,1399,0,0
decode,chatcmpl-acbfac83e501bcf4-bd1c0e84,3168324.480639,0.000043,1,1,1467,1400,0,0
decode,chatcmpl-acbfac83e501bcf4-bd1c0e84,3168324.494443,0.000043,1,1,1469,1401,0,0
decode,chatcmpl-acbfac83e501bcf4-bd1c0e84,3168324.508227,0.000042,1,1,1471,1402,0,0
decode,chatcmpl-acbfac83e501bcf4-bd1c0e84,3168324.522028,0.000042,1,1,1473,1403,0,0
decode,chatcmpl-acbfac83e501bcf4-bd1c0e84,3168324.535822,0.000044,1,1,1475,1404,0,0
decode,chatcmpl-acbfac83e501bcf4-bd1c0e84,3168324.549608,0.000043,1,1,1477,1405,0,0
decode,chatcmpl-acbfac83e501bcf4-bd1c0e84,3168324.563384,0.000041,1,1,1479,1406,0,0
decode,chatcmpl-acbfac83e501bcf4-bd1c0e84,3168324.577190,0.000042,1,1,1481,1407,0,0
decode,chatcmpl-acbfac83e501bcf4-bd1c0e84,3168324.590970,0.000056,1,1,1483,1408,0,0
decode,chatcmpl-acbfac83e501bcf4-bd1c0e84,3168324.604787,0.000044,1,1,1485,1409,0,0
decode,chatcmpl-acbfac83e501bcf4-bd1c0e84,3168324.618690,0.000043,1,1,1487,1410,0,0
decode,chatcmpl-acbfac83e501bcf4-bd1c0e84,3168324.632506,0.000043,1,1,1489,1411,0,0
decode,chatcmpl-acbfac83e501bcf4-bd1c0e84,3168324.646281,0.000041,1,1,1491,1412,0,0
decode,chatcmpl-acbfac83e501bcf4-bd1c0e84,3168324.660063,0.000043,1,1,1493,1413,0,0
decode,chatcmpl-acbfac83e501bcf4-bd1c0e84,3168324.673855,0.000045,1,1,1495,1414,0,0
decode,chatcmpl-acbfac83e501bcf4-bd1c0e84,3168324.687651,0.000043,1,1,1497,1415,0,0
decode,chatcmpl-acbfac83e501bcf4-bd1c0e84,3168324.701455,0.000045,1,1,1499,1416,0,0
decode,chatcmpl-acbfac83e501bcf4-bd1c0e84,3168324.715252,0.000042,1,1,1501,1417,0,0
decode,chatcmpl-acbfac83e501bcf4-bd1c0e84,3168324.729067,0.000046,1,1,1503,1418,0,0
decode,chatcmpl-acbfac83e501bcf4-bd1c0e84,3168324.742868,0.000042,1,1,1505,1419,0,0
decode,chatcmpl-acbfac83e501bcf4-bd1c0e84,3168324.756681,0.000042,1,1,1507,1420,0,0
decode,chatcmpl-acbfac83e501bcf4-bd1c0e84,3168324.770563,0.000043,1,1,1509,1421,0,0
decode,chatcmpl-acbfac83e501bcf4-bd1c0e84,3168324.784381,0.000042,1,1,1511,1422,0,0
decode,chatcmpl-acbfac83e501bcf4-bd1c0e84,3168324.798179,0.000042,1,1,1513,1423,0,0
decode,chatcmpl-acbfac83e501bcf4-bd1c0e84,3168324.811963,0.000047,1,1,1515,1424,0,0
decode,chatcmpl-acbfac83e501bcf4-bd1c0e84,3168324.825757,0.000043,1,1,1517,1425,0,0
decode,chatcmpl-acbfac83e501bcf4-bd1c0e84,3168324.839556,0.000043,1,1,1519,1426,0,0
decode,chatcmpl-acbfac83e501bcf4-bd1c0e84,3168324.853348,0.000042,1,1,1521,1427,0,0
decode,chatcmpl-acbfac83e501bcf4-bd1c0e84,3168324.867132,0.000042,1,1,1523,1428,0,0
decode,chatcmpl-acbfac83e501bcf4-bd1c0e84,3168324.880939,0.000042,1,1,1525,1429,0,0
decode,chatcmpl-acbfac83e501bcf4-bd1c0e84,3168324.894730,0.000042,1,1,1527,1430,0,0
decode,chatcmpl-acbfac83e501bcf4-bd1c0e84,3168324.908541,0.000043,1,1,1529,1431,0,0
decode,chatcmpl-acbfac83e501bcf4-bd1c0e84,3168324.922424,0.000042,1,1,1531,1432,0,0
decode,chatcmpl-acbfac83e501bcf4-bd1c0e84,3168324.936205,0.000042,1,1,1533,1433,0,0
decode,chatcmpl-acbfac83e501bcf4-bd1c0e84,3168324.949984,0.000044,1,1,1535,1434,0,0
decode,,3168324.963783,0.000090,0,0,,,0,0
decode,,3168324.964109,0.000115,0,0,,,0,0
prefill,chatcmpl-968f20bb7097e229-9f74aaf6,3168325.048545,0.000594,1,1367,1367,0,1,0
encoder,chatcmpl-968f20bb7097e229-9f74aaf6,3168325.050672,0.375453,1,0,,, 1,0
decode,chatcmpl-968f20bb7097e229-9f74aaf6,3168325.580090,0.000047,1,1,1368,1367,0,0
decode,chatcmpl-968f20bb7097e229-9f74aaf6,3168325.594257,0.000042,1,1,1370,1368,0,0
decode,chatcmpl-968f20bb7097e229-9f74aaf6,3168325.608105,0.000043,1,1,1372,1369,0,0
decode,chatcmpl-968f20bb7097e229-9f74aaf6,3168325.621924,0.000043,1,1,1374,1370,0,0
decode,chatcmpl-968f20bb7097e229-9f74aaf6,3168325.635714,0.000043,1,1,1376,1371,0,0
decode,chatcmpl-968f20bb7097e229-9f74aaf6,3168325.649525,0.000043,1,1,1378,1372,0,0
decode,chatcmpl-968f20bb7097e229-9f74aaf6,3168325.663348,0.000042,1,1,1380,1373,0,0
decode,chatcmpl-968f20bb7097e229-9f74aaf6,3168325.677159,0.000041,1,1,1382,1374,0,0
decode,chatcmpl-968f20bb7097e229-9f74aaf6,3168325.690966,0.000043,1,1,1384,1375,0,0
decode,chatcmpl-968f20bb7097e229-9f74aaf6,3168325.704792,0.000043,1,1,1386,1376,0,0
decode,chatcmpl-968f20bb7097e229-9f74aaf6,3168325.718583,0.000043,1,1,1388,1377,0,0
decode,chatcmpl-968f20bb7097e229-9f74aaf6,3168325.732391,0.000041,1,1,1390,1378,0,0
decode,chatcmpl-968f20bb7097e229-9f74aaf6,3168325.746203,0.000042,1,1,1392,1379,0,0
decode,chatcmpl-968f20bb7097e229-9f74aaf6,3168325.760016,0.000043,1,1,1394,1380,0,0
decode,chatcmpl-968f20bb7097e229-9f74aaf6,3168325.773823,0.000044,1,1,1396,1381,0,0
decode,chatcmpl-968f20bb7097e229-9f74aaf6,3168325.787609,0.000041,1,1,1398,1382,0,0
decode,chatcmpl-968f20bb7097e229-9f74aaf6,3168325.801384,0.000043,1,1,1400,1383,0,0
decode,chatcmpl-968f20bb7097e229-9f74aaf6,3168325.815194,0.000041,1,1,1402,1384,0,0
decode,chatcmpl-968f20bb7097e229-9f74aaf6,3168325.829009,0.000042,1,1,1404,1385,0,0
decode,chatcmpl-968f20bb7097e229-9f74aaf6,3168325.842807,0.000041,1,1,1406,1386,0,0
decode,chatcmpl-968f20bb7097e229-9f74aaf6,3168325.856719,0.000040,1,1,1408,1387,0,0
decode,chatcmpl-968f20bb7097e229-9f74aaf6,3168325.870525,0.000041,1,1,1410,1388,0,0
decode,chatcmpl-968f20bb7097e229-9f74aaf6,3168325.884335,0.000043,1,1,1412,1389,0,0
decode,chatcmpl-968f20bb7097e229-9f74aaf6,3168325.898133,0.000043,1,1,1414,1390,0,0
decode,chatcmpl-968f20bb7097e229-9f74aaf6,3168325.911933,0.000042,1,1,1416,1391,0,0
decode,chatcmpl-968f20bb7097e229-9f74aaf6,3168325.925735,0.000043,1,1,1418,1392,0,0
decode,chatcmpl-968f20bb7097e229-9f74aaf6,3168325.939528,0.000041,1,1,1420,1393,0,0
decode,chatcmpl-968f20bb7097e229-9f74aaf6,3168325.953327,0.000043,1,1,1422,1394,0,0
decode,chatcmpl-968f20bb7097e229-9f74aaf6,3168325.967126,0.000043,1,1,1424,1395,0,0
decode,chatcmpl-968f20bb7097e229-9f74aaf6,3168325.980934,0.000042,1,1,1426,1396,0,0
decode,chatcmpl-968f20bb7097e229-9f74aaf6,3168325.994731,0.000042,1,1,1428,1397,0,0
decode,chatcmpl-968f20bb7097e229-9f74aaf6,3168326.008672,0.000041,1,1,1430,1398,0,0
decode,chatcmpl-968f20bb7097e229-9f74aaf6,3168326.022460,0.000044,1,1,1432,1399,0,0
decode,chatcmpl-968f20bb7097e229-9f74aaf6,3168326.036255,0.000040,1,1,1434,1400,0,0
decode,chatcmpl-968f20bb7097e229-9f74aaf6,3168326.050041,0.000043,1,1,1436,1401,0,0
decode,chatcmpl-968f20bb7097e229-9f74aaf6,3168326.063830,0.000043,1,1,1438,1402,0,0
decode,chatcmpl-968f20bb7097e229-9f74aaf6,3168326.077646,0.000043,1,1,1440,1403,0,0
decode,chatcmpl-968f20bb7097e229-9f74aaf6,3168326.091424,0.000042,1,1,1442,1404,0,0
decode,chatcmpl-968f20bb7097e229-9f74aaf6,3168326.105215,0.000042,1,1,1444,1405,0,0
decode,chatcmpl-968f20bb7097e229-9f74aaf6,3168326.119004,0.000042,1,1,1446,1406,0,0
decode,chatcmpl-968f20bb7097e229-9f74aaf6,3168326.132808,0.000043,1,1,1448,1407,0,0
decode,chatcmpl-968f20bb7097e229-9f74aaf6,3168326.146575,0.000054,1,1,1450,1408,0,0
decode,chatcmpl-968f20bb7097e229-9f74aaf6,3168326.160486,0.000041,1,1,1452,1409,0,0
decode,chatcmpl-968f20bb7097e229-9f74aaf6,3168326.174278,0.000040,1,1,1454,1410,0,0
decode,chatcmpl-968f20bb7097e229-9f74aaf6,3168326.188084,0.000042,1,1,1456,1411,0,0
decode,chatcmpl-968f20bb7097e229-9f74aaf6,3168326.201867,0.000041,1,1,1458,1412,0,0
decode,chatcmpl-968f20bb7097e229-9f74aaf6,3168326.215676,0.000042,1,1,1460,1413,0,0
decode,chatcmpl-968f20bb7097e229-9f74aaf6,3168326.229475,0.000042,1,1,1462,1414,0,0
decode,chatcmpl-968f20bb7097e229-9f74aaf6,3168326.243261,0.000041,1,1,1464,1415,0,0
decode,chatcmpl-968f20bb7097e229-9f74aaf6,3168326.257066,0.000042,1,1,1466,1416,0,0
decode,chatcmpl-968f20bb7097e229-9f74aaf6,3168326.270861,0.000043,1,1,1468,1417,0,0
decode,chatcmpl-968f20bb7097e229-9f74aaf6,3168326.284663,0.000042,1,1,1470,1418,0,0
decode,chatcmpl-968f20bb7097e229-9f74aaf6,3168326.298445,0.000041,1,1,1472,1419,0,0
decode,chatcmpl-968f20bb7097e229-9f74aaf6,3168326.312361,0.000041,1,1,1474,1420,0,0
decode,chatcmpl-968f20bb7097e229-9f74aaf6,3168326.326169,0.000042,1,1,1476,1421,0,0
decode,chatcmpl-968f20bb7097e229-9f74aaf6,3168326.339958,0.000047,1,1,1478,1422,0,0
decode,chatcmpl-968f20bb7097e229-9f74aaf6,3168326.353777,0.000042,1,1,1480,1423,0,0
decode,chatcmpl-968f20bb7097e229-9f74aaf6,3168326.367569,0.000042,1,1,1482,1424,0,0
decode,chatcmpl-968f20bb7097e229-9f74aaf6,3168326.381382,0.000041,1,1,1484,1425,0,0
decode,chatcmpl-968f20bb7097e229-9f74aaf6,3168326.395177,0.000041,1,1,1486,1426,0,0
decode,chatcmpl-968f20bb7097e229-9f74aaf6,3168326.408973,0.000043,1,1,1488,1427,0,0
decode,chatcmpl-968f20bb7097e229-9f74aaf6,3168326.422773,0.000043,1,1,1490,1428,0,0
decode,chatcmpl-968f20bb7097e229-9f74aaf6,3168326.436575,0.000042,1,1,1492,1429,0,0
decode,chatcmpl-968f20bb7097e229-9f74aaf6,3168326.450390,0.000042,1,1,1494,1430,0,0
decode,chatcmpl-968f20bb7097e229-9f74aaf6,3168326.464292,0.000042,1,1,1496,1431,0,0
decode,chatcmpl-968f20bb7097e229-9f74aaf6,3168326.478093,0.000042,1,1,1498,1432,0,0
decode,chatcmpl-968f20bb7097e229-9f74aaf6,3168326.491896,0.000042,1,1,1500,1433,0,0
decode,chatcmpl-968f20bb7097e229-9f74aaf6,3168326.505687,0.000042,1,1,1502,1434,0,0
decode,chatcmpl-968f20bb7097e229-9f74aaf6,3168326.519496,0.000042,1,1,1504,1435,0,0
decode,chatcmpl-968f20bb7097e229-9f74aaf6,3168326.533289,0.000042,1,1,1506,1436,0,0
decode,chatcmpl-968f20bb7097e229-9f74aaf6,3168326.547088,0.000042,1,1,1508,1437,0,0
decode,chatcmpl-968f20bb7097e229-9f74aaf6,3168326.560893,0.000043,1,1,1510,1438,0,0
decode,chatcmpl-968f20bb7097e229-9f74aaf6,3168326.574711,0.000042,1,1,1512,1439,0,0
decode,chatcmpl-968f20bb7097e229-9f74aaf6,3168326.588517,0.000042,1,1,1514,1440,0,0
decode,chatcmpl-968f20bb7097e229-9f74aaf6,3168326.602302,0.000042,1,1,1516,1441,0,0
decode,chatcmpl-968f20bb7097e229-9f74aaf6,3168326.616216,0.000041,1,1,1518,1442,0,0
decode,chatcmpl-968f20bb7097e229-9f74aaf6,3168326.630036,0.000042,1,1,1520,1443,0,0
decode,chatcmpl-968f20bb7097e229-9f74aaf6,3168326.643828,0.000044,1,1,1522,1444,0,0
decode,chatcmpl-968f20bb7097e229-9f74aaf6,3168326.657639,0.000041,1,1,1524,1445,0,0
decode,chatcmpl-968f20bb7097e229-9f74aaf6,3168326.671450,0.000041,1,1,1526,1446,0,0
decode,chatcmpl-968f20bb7097e229-9f74aaf6,3168326.685253,0.000045,1,1,1528,1447,0,0
decode,chatcmpl-968f20bb7097e229-9f74aaf6,3168326.699067,0.000042,1,1,1530,1448,0,0
decode,chatcmpl-968f20bb7097e229-9f74aaf6,3168326.712882,0.000043,1,1,1532,1449,0,0
decode,chatcmpl-968f20bb7097e229-9f74aaf6,3168326.726663,0.000044,1,1,1534,1450,0,0
decode,chatcmpl-968f20bb7097e229-9f74aaf6,3168326.740476,0.000044,1,1,1536,1451,0,0
decode,chatcmpl-968f20bb7097e229-9f74aaf6,3168326.754278,0.000041,1,1,1538,1452,0,0
decode,chatcmpl-968f20bb7097e229-9f74aaf6,3168326.768194,0.000043,1,1,1540,1453,0,0
decode,chatcmpl-968f20bb7097e229-9f74aaf6,3168326.781988,0.000042,1,1,1542,1454,0,0
decode,chatcmpl-968f20bb7097e229-9f74aaf6,3168326.795849,0.000042,1,1,1544,1455,0,0
decode,chatcmpl-968f20bb7097e229-9f74aaf6,3168326.809788,0.000045,1,1,1546,1456,0,0
decode,chatcmpl-968f20bb7097e229-9f74aaf6,3168326.823624,0.000042,1,1,1548,1457,0,0
decode,chatcmpl-968f20bb7097e229-9f74aaf6,3168326.837435,0.000043,1,1,1550,1458,0,0
decode,chatcmpl-968f20bb7097e229-9f74aaf6,3168326.851214,0.000042,1,1,1552,1459,0,0
decode,chatcmpl-968f20bb7097e229-9f74aaf6,3168326.865019,0.000042,1,1,1554,1460,0,0
decode,chatcmpl-968f20bb7097e229-9f74aaf6,3168326.878811,0.000043,1,1,1556,1461,0,0
decode,chatcmpl-968f20bb7097e229-9f74aaf6,3168326.892618,0.000042,1,1,1558,1462,0,0
decode,chatcmpl-968f20bb7097e229-9f74aaf6,3168326.906404,0.000042,1,1,1560,1463,0,0
decode,chatcmpl-968f20bb7097e229-9f74aaf6,3168326.920321,0.000041,1,1,1562,1464,0,0
decode,chatcmpl-968f20bb7097e229-9f74aaf6,3168326.934117,0.000041,1,1,1564,1465,0,0
decode,chatcmpl-968f20bb7097e229-9f74aaf6,3168326.947907,0.000040,1,1,1566,1466,0,0
decode,chatcmpl-968f20bb7097e229-9f74aaf6,3168326.961705,0.000042,1,1,1568,1467,0,0
decode,chatcmpl-968f20bb7097e229-9f74aaf6,3168326.975514,0.000042,1,1,1570,1468,0,0
decode,chatcmpl-968f20bb7097e229-9f74aaf6,3168326.989324,0.000042,1,1,1572,1469,0,0
decode,chatcmpl-968f20bb7097e229-9f74aaf6,3168327.003093,0.000042,1,1,1574,1470,0,0
decode,chatcmpl-968f20bb7097e229-9f74aaf6,3168327.016904,0.000042,1,1,1576,1471,0,0
decode,chatcmpl-968f20bb7097e229-9f74aaf6,3168327.030705,0.000041,1,1,1578,1472,0,0
decode,chatcmpl-968f20bb7097e229-9f74aaf6,3168327.044507,0.000041,1,1,1580,1473,0,0
decode,chatcmpl-968f20bb7097e229-9f74aaf6,3168327.058295,0.000042,1,1,1582,1474,0,0
decode,chatcmpl-968f20bb7097e229-9f74aaf6,3168327.072218,0.000040,1,1,1584,1475,0,0
decode,chatcmpl-968f20bb7097e229-9f74aaf6,3168327.086015,0.000042,1,1,1586,1476,0,0
decode,chatcmpl-968f20bb7097e229-9f74aaf6,3168327.099792,0.000042,1,1,1588,1477,0,0
decode,chatcmpl-968f20bb7097e229-9f74aaf6,3168327.113589,0.000040,1,1,1590,1478,0,0
decode,chatcmpl-968f20bb7097e229-9f74aaf6,3168327.127400,0.000043,1,1,1592,1479,0,0
decode,chatcmpl-968f20bb7097e229-9f74aaf6,3168327.141195,0.000043,1,1,1594,1480,0,0
decode,chatcmpl-968f20bb7097e229-9f74aaf6,3168327.154994,0.000044,1,1,1596,1481,0,0
decode,chatcmpl-968f20bb7097e229-9f74aaf6,3168327.168801,0.000042,1,1,1598,1482,0,0
decode,chatcmpl-968f20bb7097e229-9f74aaf6,3168327.182593,0.000042,1,1,1600,1483,0,0
decode,chatcmpl-968f20bb7097e229-9f74aaf6,3168327.196411,0.000041,1,1,1602,1484,0,0
decode,chatcmpl-968f20bb7097e229-9f74aaf6,3168327.210210,0.000042,1,1,1604,1485,0,0
decode,chatcmpl-968f20bb7097e229-9f74aaf6,3168327.224107,0.000042,1,1,1606,1486,0,0
decode,chatcmpl-968f20bb7097e229-9f74aaf6,3168327.237908,0.000041,1,1,1608,1487,0,0
decode,chatcmpl-968f20bb7097e229-9f74aaf6,3168327.251690,0.000040,1,1,1610,1488,0,0
decode,chatcmpl-968f20bb7097e229-9f74aaf6,3168327.265490,0.000041,1,1,1612,1489,0,0
decode,chatcmpl-968f20bb7097e229-9f74aaf6,3168327.279307,0.000041,1,1,1614,1490,0,0
decode,chatcmpl-968f20bb7097e229-9f74aaf6,3168327.293123,0.000042,1,1,1616,1491,0,0
decode,,3168327.306906,0.000090,0,0,,,0,0
decode,,3168327.307227,0.000116,0,0,,,0,0
prefill,chatcmpl-a629547499c99b02-b1b34219,3168327.386159,0.000551,1,1359,1359,0,1,0
encoder,chatcmpl-a629547499c99b02-b1b34219,3168327.388261,0.375308,1,0,,, 1,0
decode,chatcmpl-a629547499c99b02-b1b34219,3168327.917521,0.000045,1,1,1360,1359,0,0
decode,chatcmpl-a629547499c99b02-b1b34219,3168327.931745,0.000043,1,1,1362,1360,0,0
decode,chatcmpl-a629547499c99b02-b1b34219,3168327.945605,0.000042,1,1,1364,1361,0,0
decode,chatcmpl-a629547499c99b02-b1b34219,3168327.959423,0.000044,1,1,1366,1362,0,0
decode,chatcmpl-a629547499c99b02-b1b34219,3168327.973247,0.000043,1,1,1368,1363,0,0
decode,chatcmpl-a629547499c99b02-b1b34219,3168327.987060,0.000044,1,1,1370,1364,0,0
decode,chatcmpl-a629547499c99b02-b1b34219,3168328.000891,0.000043,1,1,1372,1365,0,0
decode,chatcmpl-a629547499c99b02-b1b34219,3168328.014709,0.000044,1,1,1374,1366,0,0
decode,chatcmpl-a629547499c99b02-b1b34219,3168328.028593,0.000042,1,1,1376,1367,0,0
decode,chatcmpl-a629547499c99b02-b1b34219,3168328.042349,0.000042,1,1,1378,1368,0,0
decode,chatcmpl-a629547499c99b02-b1b34219,3168328.056150,0.000043,1,1,1380,1369,0,0
decode,chatcmpl-a629547499c99b02-b1b34219,3168328.069967,0.000043,1,1,1382,1370,0,0
decode,chatcmpl-a629547499c99b02-b1b34219,3168328.083757,0.000042,1,1,1384,1371,0,0
decode,chatcmpl-a629547499c99b02-b1b34219,3168328.097558,0.000042,1,1,1386,1372,0,0
decode,chatcmpl-a629547499c99b02-b1b34219,3168328.111368,0.000042,1,1,1388,1373,0,0
decode,chatcmpl-a629547499c99b02-b1b34219,3168328.125180,0.000042,1,1,1390,1374,0,0
decode,chatcmpl-a629547499c99b02-b1b34219,3168328.138955,0.000043,1,1,1392,1375,0,0
decode,chatcmpl-a629547499c99b02-b1b34219,3168328.152779,0.000043,1,1,1394,1376,0,0
decode,chatcmpl-a629547499c99b02-b1b34219,3168328.166580,0.000043,1,1,1396,1377,0,0
decode,chatcmpl-a629547499c99b02-b1b34219,3168328.180410,0.000042,1,1,1398,1378,0,0
decode,chatcmpl-a629547499c99b02-b1b34219,3168328.194193,0.000042,1,1,1400,1379,0,0
decode,chatcmpl-a629547499c99b02-b1b34219,3168328.207998,0.000046,1,1,1402,1380,0,0
decode,chatcmpl-a629547499c99b02-b1b34219,3168328.221795,0.000043,1,1,1404,1381,0,0
decode,chatcmpl-a629547499c99b02-b1b34219,3168328.235594,0.000042,1,1,1406,1382,0,0
decode,chatcmpl-a629547499c99b02-b1b34219,3168328.249401,0.000045,1,1,1408,1383,0,0
decode,chatcmpl-a629547499c99b02-b1b34219,3168328.263210,0.000043,1,1,1410,1384,0,0
decode,chatcmpl-a629547499c99b02-b1b34219,3168328.277023,0.000042,1,1,1412,1385,0,0
decode,chatcmpl-a629547499c99b02-b1b34219,3168328.290834,0.000043,1,1,1414,1386,0,0
decode,chatcmpl-a629547499c99b02-b1b34219,3168328.304640,0.000042,1,1,1416,1387,0,0
decode,chatcmpl-a629547499c99b02-b1b34219,3168328.318448,0.000043,1,1,1418,1388,0,0
decode,chatcmpl-a629547499c99b02-b1b34219,3168328.332247,0.000043,1,1,1420,1389,0,0
decode,chatcmpl-a629547499c99b02-b1b34219,3168328.346040,0.000043,1,1,1422,1390,0,0
decode,chatcmpl-a629547499c99b02-b1b34219,3168328.359850,0.000041,1,1,1424,1391,0,0
decode,chatcmpl-a629547499c99b02-b1b34219,3168328.373670,0.000043,1,1,1426,1392,0,0
decode,chatcmpl-a629547499c99b02-b1b34219,3168328.387465,0.000040,1,1,1428,1393,0,0
decode,chatcmpl-a629547499c99b02-b1b34219,3168328.401263,0.000041,1,1,1430,1394,0,0
decode,chatcmpl-a629547499c99b02-b1b34219,3168328.415068,0.000042,1,1,1432,1395,0,0
decode,chatcmpl-a629547499c99b02-b1b34219,3168328.428891,0.000043,1,1,1434,1396,0,0
decode,chatcmpl-a629547499c99b02-b1b34219,3168328.442681,0.000042,1,1,1436,1397,0,0
decode,chatcmpl-a629547499c99b02-b1b34219,3168328.456474,0.000042,1,1,1438,1398,0,0
decode,chatcmpl-a629547499c99b02-b1b34219,3168328.470282,0.000042,1,1,1440,1399,0,0
decode,chatcmpl-a629547499c99b02-b1b34219,3168328.484095,0.000042,1,1,1442,1400,0,0
decode,chatcmpl-a629547499c99b02-b1b34219,3168328.497896,0.000042,1,1,1444,1401,0,0
decode,chatcmpl-a629547499c99b02-b1b34219,3168328.511697,0.000040,1,1,1446,1402,0,0
decode,chatcmpl-a629547499c99b02-b1b34219,3168328.525491,0.000041,1,1,1448,1403,0,0
decode,chatcmpl-a629547499c99b02-b1b34219,3168328.539263,0.000043,1,1,1450,1404,0,0
decode,chatcmpl-a629547499c99b02-b1b34219,3168328.553063,0.000041,1,1,1452,1405,0,0
decode,chatcmpl-a629547499c99b02-b1b34219,3168328.566871,0.000042,1,1,1454,1406,0,0
decode,chatcmpl-a629547499c99b02-b1b34219,3168328.580681,0.000043,1,1,1456,1407,0,0
decode,chatcmpl-a629547499c99b02-b1b34219,3168328.594494,0.000052,1,1,1458,1408,0,0
decode,chatcmpl-a629547499c99b02-b1b34219,3168328.608299,0.000042,1,1,1460,1409,0,0
decode,chatcmpl-a629547499c99b02-b1b34219,3168328.622091,0.000041,1,1,1462,1410,0,0
decode,chatcmpl-a629547499c99b02-b1b34219,3168328.635862,0.000041,1,1,1464,1411,0,0
decode,chatcmpl-a629547499c99b02-b1b34219,3168328.649672,0.000042,1,1,1466,1412,0,0
decode,chatcmpl-a629547499c99b02-b1b34219,3168328.663475,0.000043,1,1,1468,1413,0,0
decode,chatcmpl-a629547499c99b02-b1b34219,3168328.677285,0.000044,1,1,1470,1414,0,0
decode,chatcmpl-a629547499c99b02-b1b34219,3168328.691074,0.000042,1,1,1472,1415,0,0
decode,chatcmpl-a629547499c99b02-b1b34219,3168328.704891,0.000044,1,1,1474,1416,0,0
decode,chatcmpl-a629547499c99b02-b1b34219,3168328.718767,0.000040,1,1,1476,1417,0,0
decode,chatcmpl-a629547499c99b02-b1b34219,3168328.732542,0.000043,1,1,1478,1418,0,0
decode,chatcmpl-a629547499c99b02-b1b34219,3168328.746292,0.000042,1,1,1480,1419,0,0
decode,chatcmpl-a629547499c99b02-b1b34219,3168328.760049,0.000039,1,1,1482,1420,0,0
decode,chatcmpl-a629547499c99b02-b1b34219,3168328.773806,0.000041,1,1,1484,1421,0,0
decode,chatcmpl-a629547499c99b02-b1b34219,3168328.787541,0.000042,1,1,1486,1422,0,0
decode,chatcmpl-a629547499c99b02-b1b34219,3168328.801306,0.000041,1,1,1488,1423,0,0
decode,chatcmpl-a629547499c99b02-b1b34219,3168328.815069,0.000041,1,1,1490,1424,0,0
decode,chatcmpl-a629547499c99b02-b1b34219,3168328.828829,0.000041,1,1,1492,1425,0,0
decode,chatcmpl-a629547499c99b02-b1b34219,3168328.842578,0.000042,1,1,1494,1426,0,0
decode,chatcmpl-a629547499c99b02-b1b34219,3168328.856323,0.000041,1,1,1496,1427,0,0
decode,chatcmpl-a629547499c99b02-b1b34219,3168328.870082,0.000041,1,1,1498,1428,0,0
decode,chatcmpl-a629547499c99b02-b1b34219,3168328.883820,0.000040,1,1,1500,1429,0,0
decode,chatcmpl-a629547499c99b02-b1b34219,3168328.897583,0.000041,1,1,1502,1430,0,0
decode,chatcmpl-a629547499c99b02-b1b34219,3168328.911339,0.000041,1,1,1504,1431,0,0
decode,chatcmpl-a629547499c99b02-b1b34219,3168328.925088,0.000040,1,1,1506,1432,0,0
decode,chatcmpl-a629547499c99b02-b1b34219,3168328.938824,0.000042,1,1,1508,1433,0,0
decode,chatcmpl-a629547499c99b02-b1b34219,3168328.952593,0.000042,1,1,1510,1434,0,0
decode,chatcmpl-a629547499c99b02-b1b34219,3168328.966351,0.000042,1,1,1512,1435,0,0
decode,chatcmpl-a629547499c99b02-b1b34219,3168328.980087,0.000041,1,1,1514,1436,0,0
decode,chatcmpl-a629547499c99b02-b1b34219,3168328.993824,0.000041,1,1,1516,1437,0,0
decode,chatcmpl-a629547499c99b02-b1b34219,3168329.007566,0.000040,1,1,1518,1438,0,0
decode,chatcmpl-a629547499c99b02-b1b34219,3168329.021304,0.000040,1,1,1520,1439,0,0
decode,chatcmpl-a629547499c99b02-b1b34219,3168329.035086,0.000043,1,1,1522,1440,0,0
decode,chatcmpl-a629547499c99b02-b1b34219,3168329.048832,0.000043,1,1,1524,1441,0,0
decode,chatcmpl-a629547499c99b02-b1b34219,3168329.062592,0.000041,1,1,1526,1442,0,0
decode,chatcmpl-a629547499c99b02-b1b34219,3168329.076343,0.000041,1,1,1528,1443,0,0
decode,chatcmpl-a629547499c99b02-b1b34219,3168329.090093,0.000041,1,1,1530,1444,0,0
decode,chatcmpl-a629547499c99b02-b1b34219,3168329.103835,0.000042,1,1,1532,1445,0,0
decode,chatcmpl-a629547499c99b02-b1b34219,3168329.117597,0.000042,1,1,1534,1446,0,0
decode,chatcmpl-a629547499c99b02-b1b34219,3168329.131353,0.000042,1,1,1536,1447,0,0
decode,chatcmpl-a629547499c99b02-b1b34219,3168329.145107,0.000042,1,1,1538,1448,0,0
decode,chatcmpl-a629547499c99b02-b1b34219,3168329.158852,0.000041,1,1,1540,1449,0,0
decode,chatcmpl-a629547499c99b02-b1b34219,3168329.172605,0.000041,1,1,1542,1450,0,0
decode,chatcmpl-a629547499c99b02-b1b34219,3168329.186348,0.000040,1,1,1544,1451,0,0
decode,chatcmpl-a629547499c99b02-b1b34219,3168329.200105,0.000041,1,1,1546,1452,0,0
decode,chatcmpl-a629547499c99b02-b1b34219,3168329.213848,0.000040,1,1,1548,1453,0,0
decode,chatcmpl-a629547499c99b02-b1b34219,3168329.227603,0.000042,1,1,1550,1454,0,0
decode,chatcmpl-a629547499c99b02-b1b34219,3168329.241357,0.000041,1,1,1552,1455,0,0
decode,chatcmpl-a629547499c99b02-b1b34219,3168329.255093,0.000040,1,1,1554,1456,0,0
decode,chatcmpl-a629547499c99b02-b1b34219,3168329.268862,0.000041,1,1,1556,1457,0,0
decode,chatcmpl-a629547499c99b02-b1b34219,3168329.282623,0.000042,1,1,1558,1458,0,0
decode,chatcmpl-a629547499c99b02-b1b34219,3168329.296379,0.000041,1,1,1560,1459,0,0
decode,chatcmpl-a629547499c99b02-b1b34219,3168329.310132,0.000041,1,1,1562,1460,0,0
decode,chatcmpl-a629547499c99b02-b1b34219,3168329.323889,0.000041,1,1,1564,1461,0,0
decode,chatcmpl-a629547499c99b02-b1b34219,3168329.337645,0.000042,1,1,1566,1462,0,0
decode,chatcmpl-a629547499c99b02-b1b34219,3168329.351404,0.000041,1,1,1568,1463,0,0
decode,chatcmpl-a629547499c99b02-b1b34219,3168329.365257,0.000044,1,1,1570,1464,0,0
decode,chatcmpl-a629547499c99b02-b1b34219,3168329.378992,0.000042,1,1,1572,1465,0,0
decode,chatcmpl-a629547499c99b02-b1b34219,3168329.392761,0.000041,1,1,1574,1466,0,0
decode,chatcmpl-a629547499c99b02-b1b34219,3168329.406500,0.000040,1,1,1576,1467,0,0
decode,chatcmpl-a629547499c99b02-b1b34219,3168329.420281,0.000041,1,1,1578,1468,0,0
decode,chatcmpl-a629547499c99b02-b1b34219,3168329.434031,0.000041,1,1,1580,1469,0,0
decode,chatcmpl-a629547499c99b02-b1b34219,3168329.447788,0.000041,1,1,1582,1470,0,0
decode,chatcmpl-a629547499c99b02-b1b34219,3168329.461528,0.000041,1,1,1584,1471,0,0
decode,chatcmpl-a629547499c99b02-b1b34219,3168329.475275,0.000040,1,1,1586,1472,0,0
decode,chatcmpl-a629547499c99b02-b1b34219,3168329.489038,0.000041,1,1,1588,1473,0,0
decode,chatcmpl-a629547499c99b02-b1b34219,3168329.502789,0.000041,1,1,1590,1474,0,0
decode,chatcmpl-a629547499c99b02-b1b34219,3168329.516636,0.000040,1,1,1592,1475,0,0
decode,chatcmpl-a629547499c99b02-b1b34219,3168329.530397,0.000041,1,1,1594,1476,0,0
decode,chatcmpl-a629547499c99b02-b1b34219,3168329.544138,0.000040,1,1,1596,1477,0,0
decode,chatcmpl-a629547499c99b02-b1b34219,3168329.557863,0.000040,1,1,1598,1478,0,0
decode,chatcmpl-a629547499c99b02-b1b34219,3168329.571622,0.000043,1,1,1600,1479,0,0
decode,chatcmpl-a629547499c99b02-b1b34219,3168329.585401,0.000041,1,1,1602,1480,0,0
decode,chatcmpl-a629547499c99b02-b1b34219,3168329.599135,0.000039,1,1,1604,1481,0,0
decode,chatcmpl-a629547499c99b02-b1b34219,3168329.612911,0.000040,1,1,1606,1482,0,0
decode,chatcmpl-a629547499c99b02-b1b34219,3168329.626653,0.000040,1,1,1608,1483,0,0
decode,chatcmpl-a629547499c99b02-b1b34219,3168329.640394,0.000043,1,1,1610,1484,0,0
decode,chatcmpl-a629547499c99b02-b1b34219,3168329.654141,0.000042,1,1,1612,1485,0,0
decode,chatcmpl-a629547499c99b02-b1b34219,3168329.667995,0.000050,1,1,1614,1486,0,0
decode,chatcmpl-a629547499c99b02-b1b34219,3168329.681752,0.000042,1,1,1616,1487,0,0
decode,chatcmpl-a629547499c99b02-b1b34219,3168329.695502,0.000042,1,1,1618,1488,0,0
decode,chatcmpl-a629547499c99b02-b1b34219,3168329.709286,0.000040,1,1,1620,1489,0,0
decode,chatcmpl-a629547499c99b02-b1b34219,3168329.723045,0.000041,1,1,1622,1490,0,0
decode,chatcmpl-a629547499c99b02-b1b34219,3168329.736831,0.000041,1,1,1624,1491,0,0
decode,chatcmpl-a629547499c99b02-b1b34219,3168329.750592,0.000043,1,1,1626,1492,0,0
decode,chatcmpl-a629547499c99b02-b1b34219,3168329.764363,0.000042,1,1,1628,1493,0,0
decode,chatcmpl-a629547499c99b02-b1b34219,3168329.778108,0.000041,1,1,1630,1494,0,0
decode,chatcmpl-a629547499c99b02-b1b34219,3168329.791856,0.000041,1,1,1632,1495,0,0
decode,chatcmpl-a629547499c99b02-b1b34219,3168329.805625,0.000041,1,1,1634,1496,0,0
decode,chatcmpl-a629547499c99b02-b1b34219,3168329.819505,0.000041,1,1,1636,1497,0,0
decode,chatcmpl-a629547499c99b02-b1b34219,3168329.833262,0.000040,1,1,1638,1498,0,0
decode,chatcmpl-a629547499c99b02-b1b34219,3168329.846988,0.000043,1,1,1640,1499,0,0
decode,,3168329.860735,0.000087,0,0,,,0,0
decode,,3168329.861101,0.000062,0,0,,,0,0
prefill,chatcmpl-8db3a6195dfbabc6-a3a7b2c0,3168329.940841,0.000502,1,1337,1337,0,1,0
encoder,chatcmpl-8db3a6195dfbabc6-a3a7b2c0,3168329.942983,0.375372,1,0,,, 1,0
decode,chatcmpl-8db3a6195dfbabc6-a3a7b2c0,3168330.469558,0.000042,1,1,1338,1337,0,0
decode,chatcmpl-8db3a6195dfbabc6-a3a7b2c0,3168330.483686,0.000040,1,1,1340,1338,0,0
decode,chatcmpl-8db3a6195dfbabc6-a3a7b2c0,3168330.497600,0.000043,1,1,1342,1339,0,0
decode,chatcmpl-8db3a6195dfbabc6-a3a7b2c0,3168330.511374,0.000040,1,1,1344,1340,0,0
decode,chatcmpl-8db3a6195dfbabc6-a3a7b2c0,3168330.525155,0.000041,1,1,1346,1341,0,0
decode,chatcmpl-8db3a6195dfbabc6-a3a7b2c0,3168330.538918,0.000041,1,1,1348,1342,0,0
decode,chatcmpl-8db3a6195dfbabc6-a3a7b2c0,3168330.552706,0.000040,1,1,1350,1343,0,0
decode,chatcmpl-8db3a6195dfbabc6-a3a7b2c0,3168330.566461,0.000041,1,1,1352,1344,0,0
decode,chatcmpl-8db3a6195dfbabc6-a3a7b2c0,3168330.580224,0.000042,1,1,1354,1345,0,0
decode,chatcmpl-8db3a6195dfbabc6-a3a7b2c0,3168330.593972,0.000042,1,1,1356,1346,0,0
decode,chatcmpl-8db3a6195dfbabc6-a3a7b2c0,3168330.607729,0.000040,1,1,1358,1347,0,0
decode,chatcmpl-8db3a6195dfbabc6-a3a7b2c0,3168330.621482,0.000042,1,1,1360,1348,0,0
decode,chatcmpl-8db3a6195dfbabc6-a3a7b2c0,3168330.635230,0.000039,1,1,1362,1349,0,0
decode,chatcmpl-8db3a6195dfbabc6-a3a7b2c0,3168330.649092,0.000040,1,1,1364,1350,0,0
decode,chatcmpl-8db3a6195dfbabc6-a3a7b2c0,3168330.662845,0.000042,1,1,1366,1351,0,0
decode,chatcmpl-8db3a6195dfbabc6-a3a7b2c0,3168330.676603,0.000045,1,1,1368,1352,0,0
decode,chatcmpl-8db3a6195dfbabc6-a3a7b2c0,3168330.690353,0.000039,1,1,1370,1353,0,0
decode,chatcmpl-8db3a6195dfbabc6-a3a7b2c0,3168330.704094,0.000042,1,1,1372,1354,0,0
decode,chatcmpl-8db3a6195dfbabc6-a3a7b2c0,3168330.717835,0.000042,1,1,1374,1355,0,0
decode,chatcmpl-8db3a6195dfbabc6-a3a7b2c0,3168330.731573,0.000042,1,1,1376,1356,0,0
decode,chatcmpl-8db3a6195dfbabc6-a3a7b2c0,3168330.745318,0.000040,1,1,1378,1357,0,0
decode,chatcmpl-8db3a6195dfbabc6-a3a7b2c0,3168330.759071,0.000042,1,1,1380,1358,0,0
decode,chatcmpl-8db3a6195dfbabc6-a3a7b2c0,3168330.772828,0.000041,1,1,1382,1359,0,0
decode,chatcmpl-8db3a6195dfbabc6-a3a7b2c0,3168330.786563,0.000044,1,1,1384,1360,0,0
decode,chatcmpl-8db3a6195dfbabc6-a3a7b2c0,3168330.800428,0.000040,1,1,1386,1361,0,0
decode,chatcmpl-8db3a6195dfbabc6-a3a7b2c0,3168330.814182,0.000041,1,1,1388,1362,0,0
decode,chatcmpl-8db3a6195dfbabc6-a3a7b2c0,3168330.827911,0.000042,1,1,1390,1363,0,0
decode,chatcmpl-8db3a6195dfbabc6-a3a7b2c0,3168330.841647,0.000041,1,1,1392,1364,0,0
decode,chatcmpl-8db3a6195dfbabc6-a3a7b2c0,3168330.855394,0.000039,1,1,1394,1365,0,0
decode,chatcmpl-8db3a6195dfbabc6-a3a7b2c0,3168330.869131,0.000043,1,1,1396,1366,0,0
decode,chatcmpl-8db3a6195dfbabc6-a3a7b2c0,3168330.882877,0.000042,1,1,1398,1367,0,0
decode,chatcmpl-8db3a6195dfbabc6-a3a7b2c0,3168330.896649,0.000040,1,1,1400,1368,0,0
decode,chatcmpl-8db3a6195dfbabc6-a3a7b2c0,3168330.910399,0.000042,1,1,1402,1369,0,0
decode,chatcmpl-8db3a6195dfbabc6-a3a7b2c0,3168330.924143,0.000040,1,1,1404,1370,0,0
decode,chatcmpl-8db3a6195dfbabc6-a3a7b2c0,3168330.937897,0.000042,1,1,1406,1371,0,0
decode,chatcmpl-8db3a6195dfbabc6-a3a7b2c0,3168330.951660,0.000042,1,1,1408,1372,0,0
decode,chatcmpl-8db3a6195dfbabc6-a3a7b2c0,3168330.965409,0.000041,1,1,1410,1373,0,0
decode,chatcmpl-8db3a6195dfbabc6-a3a7b2c0,3168330.979147,0.000041,1,1,1412,1374,0,0
decode,chatcmpl-8db3a6195dfbabc6-a3a7b2c0,3168330.992912,0.000041,1,1,1414,1375,0,0
decode,chatcmpl-8db3a6195dfbabc6-a3a7b2c0,3168331.006669,0.000043,1,1,1416,1376,0,0
decode,chatcmpl-8db3a6195dfbabc6-a3a7b2c0,3168331.020440,0.000040,1,1,1418,1377,0,0
decode,chatcmpl-8db3a6195dfbabc6-a3a7b2c0,3168331.034174,0.000040,1,1,1420,1378,0,0
decode,chatcmpl-8db3a6195dfbabc6-a3a7b2c0,3168331.047914,0.000042,1,1,1422,1379,0,0
decode,chatcmpl-8db3a6195dfbabc6-a3a7b2c0,3168331.061674,0.000041,1,1,1424,1380,0,0
decode,chatcmpl-8db3a6195dfbabc6-a3a7b2c0,3168331.075429,0.000040,1,1,1426,1381,0,0
decode,chatcmpl-8db3a6195dfbabc6-a3a7b2c0,3168331.089182,0.000041,1,1,1428,1382,0,0
decode,chatcmpl-8db3a6195dfbabc6-a3a7b2c0,3168331.102931,0.000041,1,1,1430,1383,0,0
decode,chatcmpl-8db3a6195dfbabc6-a3a7b2c0,3168331.116693,0.000041,1,1,1432,1384,0,0
decode,chatcmpl-8db3a6195dfbabc6-a3a7b2c0,3168331.130457,0.000040,1,1,1434,1385,0,0
decode,chatcmpl-8db3a6195dfbabc6-a3a7b2c0,3168331.144203,0.000041,1,1,1436,1386,0,0
decode,chatcmpl-8db3a6195dfbabc6-a3a7b2c0,3168331.157950,0.000041,1,1,1438,1387,0,0
decode,chatcmpl-8db3a6195dfbabc6-a3a7b2c0,3168331.171681,0.000040,1,1,1440,1388,0,0
decode,chatcmpl-8db3a6195dfbabc6-a3a7b2c0,3168331.185437,0.000040,1,1,1442,1389,0,0
decode,chatcmpl-8db3a6195dfbabc6-a3a7b2c0,3168331.199183,0.000041,1,1,1444,1390,0,0
decode,chatcmpl-8db3a6195dfbabc6-a3a7b2c0,3168331.212939,0.000041,1,1,1446,1391,0,0
decode,chatcmpl-8db3a6195dfbabc6-a3a7b2c0,3168331.226680,0.000042,1,1,1448,1392,0,0
decode,chatcmpl-8db3a6195dfbabc6-a3a7b2c0,3168331.240460,0.000041,1,1,1450,1393,0,0
decode,chatcmpl-8db3a6195dfbabc6-a3a7b2c0,3168331.254220,0.000042,1,1,1452,1394,0,0
decode,chatcmpl-8db3a6195dfbabc6-a3a7b2c0,3168331.267973,0.000092,1,1,1454,1395,0,0
decode,chatcmpl-8db3a6195dfbabc6-a3a7b2c0,3168331.281707,0.000043,1,1,1456,1396,0,0
decode,chatcmpl-8db3a6195dfbabc6-a3a7b2c0,3168331.295458,0.000041,1,1,1458,1397,0,0
decode,chatcmpl-8db3a6195dfbabc6-a3a7b2c0,3168331.309229,0.000042,1,1,1460,1398,0,0
decode,chatcmpl-8db3a6195dfbabc6-a3a7b2c0,3168331.322974,0.000040,1,1,1462,1399,0,0
decode,chatcmpl-8db3a6195dfbabc6-a3a7b2c0,3168331.336738,0.000042,1,1,1464,1400,0,0
decode,chatcmpl-8db3a6195dfbabc6-a3a7b2c0,3168331.350495,0.000041,1,1,1466,1401,0,0
decode,chatcmpl-8db3a6195dfbabc6-a3a7b2c0,3168331.364240,0.000041,1,1,1468,1402,0,0
decode,chatcmpl-8db3a6195dfbabc6-a3a7b2c0,3168331.377986,0.000042,1,1,1470,1403,0,0
decode,chatcmpl-8db3a6195dfbabc6-a3a7b2c0,3168331.391729,0.000040,1,1,1472,1404,0,0
decode,chatcmpl-8db3a6195dfbabc6-a3a7b2c0,3168331.405504,0.000041,1,1,1474,1405,0,0
decode,chatcmpl-8db3a6195dfbabc6-a3a7b2c0,3168331.419257,0.000040,1,1,1476,1406,0,0
decode,chatcmpl-8db3a6195dfbabc6-a3a7b2c0,3168331.433030,0.000040,1,1,1478,1407,0,0
decode,chatcmpl-8db3a6195dfbabc6-a3a7b2c0,3168331.446786,0.000052,1,1,1480,1408,0,0
decode,chatcmpl-8db3a6195dfbabc6-a3a7b2c0,3168331.460580,0.000043,1,1,1482,1409,0,0
decode,chatcmpl-8db3a6195dfbabc6-a3a7b2c0,3168331.474330,0.000041,1,1,1484,1410,0,0
decode,chatcmpl-8db3a6195dfbabc6-a3a7b2c0,3168331.488083,0.000041,1,1,1486,1411,0,0
decode,chatcmpl-8db3a6195dfbabc6-a3a7b2c0,3168331.501820,0.000041,1,1,1488,1412,0,0
decode,chatcmpl-8db3a6195dfbabc6-a3a7b2c0,3168331.515570,0.000040,1,1,1490,1413,0,0
decode,chatcmpl-8db3a6195dfbabc6-a3a7b2c0,3168331.529310,0.000043,1,1,1492,1414,0,0
decode,chatcmpl-8db3a6195dfbabc6-a3a7b2c0,3168331.543043,0.000041,1,1,1494,1415,0,0
decode,chatcmpl-8db3a6195dfbabc6-a3a7b2c0,3168331.556817,0.000040,1,1,1496,1416,0,0
decode,chatcmpl-8db3a6195dfbabc6-a3a7b2c0,3168331.570550,0.000041,1,1,1498,1417,0,0
decode,chatcmpl-8db3a6195dfbabc6-a3a7b2c0,3168331.584296,0.000040,1,1,1500,1418,0,0
decode,chatcmpl-8db3a6195dfbabc6-a3a7b2c0,3168331.598046,0.000041,1,1,1502,1419,0,0
decode,chatcmpl-8db3a6195dfbabc6-a3a7b2c0,3168331.611799,0.000040,1,1,1504,1420,0,0
decode,chatcmpl-8db3a6195dfbabc6-a3a7b2c0,3168331.625567,0.000042,1,1,1506,1421,0,0
decode,chatcmpl-8db3a6195dfbabc6-a3a7b2c0,3168331.639310,0.000042,1,1,1508,1422,0,0
decode,chatcmpl-8db3a6195dfbabc6-a3a7b2c0,3168331.653080,0.000042,1,1,1510,1423,0,0
decode,chatcmpl-8db3a6195dfbabc6-a3a7b2c0,3168331.666822,0.000041,1,1,1512,1424,0,0
decode,chatcmpl-8db3a6195dfbabc6-a3a7b2c0,3168331.680569,0.000041,1,1,1514,1425,0,0
decode,chatcmpl-8db3a6195dfbabc6-a3a7b2c0,3168331.694319,0.000042,1,1,1516,1426,0,0
decode,chatcmpl-8db3a6195dfbabc6-a3a7b2c0,3168331.708069,0.000042,1,1,1518,1427,0,0
decode,chatcmpl-8db3a6195dfbabc6-a3a7b2c0,3168331.721831,0.000041,1,1,1520,1428,0,0
decode,chatcmpl-8db3a6195dfbabc6-a3a7b2c0,3168331.735588,0.000041,1,1,1522,1429,0,0
decode,chatcmpl-8db3a6195dfbabc6-a3a7b2c0,3168331.749335,0.000041,1,1,1524,1430,0,0
decode,chatcmpl-8db3a6195dfbabc6-a3a7b2c0,3168331.763086,0.000041,1,1,1526,1431,0,0
decode,chatcmpl-8db3a6195dfbabc6-a3a7b2c0,3168331.776848,0.000040,1,1,1528,1432,0,0
decode,chatcmpl-8db3a6195dfbabc6-a3a7b2c0,3168331.790604,0.000042,1,1,1530,1433,0,0
decode,chatcmpl-8db3a6195dfbabc6-a3a7b2c0,3168331.804367,0.000040,1,1,1532,1434,0,0
decode,chatcmpl-8db3a6195dfbabc6-a3a7b2c0,3168331.818118,0.000042,1,1,1534,1435,0,0
decode,chatcmpl-8db3a6195dfbabc6-a3a7b2c0,3168331.831876,0.000042,1,1,1536,1436,0,0
decode,chatcmpl-8db3a6195dfbabc6-a3a7b2c0,3168331.845616,0.000042,1,1,1538,1437,0,0
decode,chatcmpl-8db3a6195dfbabc6-a3a7b2c0,3168331.859383,0.000039,1,1,1540,1438,0,0
decode,chatcmpl-8db3a6195dfbabc6-a3a7b2c0,3168331.873143,0.000040,1,1,1542,1439,0,0
decode,chatcmpl-8db3a6195dfbabc6-a3a7b2c0,3168331.886890,0.000040,1,1,1544,1440,0,0
decode,chatcmpl-8db3a6195dfbabc6-a3a7b2c0,3168331.900651,0.000041,1,1,1546,1441,0,0
decode,chatcmpl-8db3a6195dfbabc6-a3a7b2c0,3168331.914403,0.000042,1,1,1548,1442,0,0
decode,chatcmpl-8db3a6195dfbabc6-a3a7b2c0,3168331.928134,0.000040,1,1,1550,1443,0,0
decode,chatcmpl-8db3a6195dfbabc6-a3a7b2c0,3168331.941872,0.000041,1,1,1552,1444,0,0
decode,chatcmpl-8db3a6195dfbabc6-a3a7b2c0,3168331.955641,0.000041,1,1,1554,1445,0,0
decode,chatcmpl-8db3a6195dfbabc6-a3a7b2c0,3168331.969391,0.000041,1,1,1556,1446,0,0
decode,chatcmpl-8db3a6195dfbabc6-a3a7b2c0,3168331.983143,0.000041,1,1,1558,1447,0,0
decode,chatcmpl-8db3a6195dfbabc6-a3a7b2c0,3168331.996881,0.000042,1,1,1560,1448,0,0
decode,chatcmpl-8db3a6195dfbabc6-a3a7b2c0,3168332.010653,0.000039,1,1,1562,1449,0,0
decode,chatcmpl-8db3a6195dfbabc6-a3a7b2c0,3168332.024415,0.000040,1,1,1564,1450,0,0
decode,chatcmpl-8db3a6195dfbabc6-a3a7b2c0,3168332.038159,0.000041,1,1,1566,1451,0,0
decode,chatcmpl-8db3a6195dfbabc6-a3a7b2c0,3168332.051895,0.000040,1,1,1568,1452,0,0
decode,chatcmpl-8db3a6195dfbabc6-a3a7b2c0,3168332.065639,0.000042,1,1,1570,1453,0,0
decode,chatcmpl-8db3a6195dfbabc6-a3a7b2c0,3168332.079395,0.000042,1,1,1572,1454,0,0
decode,chatcmpl-8db3a6195dfbabc6-a3a7b2c0,3168332.093141,0.000041,1,1,1574,1455,0,0
decode,chatcmpl-8db3a6195dfbabc6-a3a7b2c0,3168332.106879,0.000042,1,1,1576,1456,0,0
decode,chatcmpl-8db3a6195dfbabc6-a3a7b2c0,3168332.120621,0.000041,1,1,1578,1457,0,0
decode,chatcmpl-8db3a6195dfbabc6-a3a7b2c0,3168332.134357,0.000041,1,1,1580,1458,0,0
decode,,3168332.148095,0.000085,0,0,,,0,0
decode,,3168332.148459,0.000073,0,0,,,0,0
prefill,chatcmpl-ac842044ca50ce10-94721168,3168332.227763,0.000559,1,1325,1325,0,1,0
encoder,chatcmpl-ac842044ca50ce10-94721168,3168332.229869,0.375505,1,0,,, 1,0
decode,chatcmpl-ac842044ca50ce10-94721168,3168332.755024,0.000042,1,1,1326,1325,0,0
decode,chatcmpl-ac842044ca50ce10-94721168,3168332.769216,0.000043,1,1,1328,1326,0,0
decode,chatcmpl-ac842044ca50ce10-94721168,3168332.783116,0.000042,1,1,1330,1327,0,0
decode,chatcmpl-ac842044ca50ce10-94721168,3168332.796900,0.000041,1,1,1332,1328,0,0
decode,chatcmpl-ac842044ca50ce10-94721168,3168332.810653,0.000042,1,1,1334,1329,0,0
decode,chatcmpl-ac842044ca50ce10-94721168,3168332.824441,0.000042,1,1,1336,1330,0,0
decode,chatcmpl-ac842044ca50ce10-94721168,3168332.838200,0.000040,1,1,1338,1331,0,0
decode,chatcmpl-ac842044ca50ce10-94721168,3168332.851967,0.000044,1,1,1340,1332,0,0
decode,chatcmpl-ac842044ca50ce10-94721168,3168332.865729,0.000042,1,1,1342,1333,0,0
decode,chatcmpl-ac842044ca50ce10-94721168,3168332.879478,0.000043,1,1,1344,1334,0,0
decode,chatcmpl-ac842044ca50ce10-94721168,3168332.893229,0.000042,1,1,1346,1335,0,0
decode,chatcmpl-ac842044ca50ce10-94721168,3168332.906978,0.000044,1,1,1348,1336,0,0
decode,chatcmpl-ac842044ca50ce10-94721168,3168332.920759,0.000041,1,1,1350,1337,0,0
decode,chatcmpl-ac842044ca50ce10-94721168,3168332.934632,0.000042,1,1,1352,1338,0,0
decode,chatcmpl-ac842044ca50ce10-94721168,3168332.948413,0.000040,1,1,1354,1339,0,0
decode,chatcmpl-ac842044ca50ce10-94721168,3168332.962155,0.000041,1,1,1356,1340,0,0
decode,chatcmpl-ac842044ca50ce10-94721168,3168332.975877,0.000042,1,1,1358,1341,0,0
decode,chatcmpl-ac842044ca50ce10-94721168,3168332.989631,0.000041,1,1,1360,1342,0,0
decode,chatcmpl-ac842044ca50ce10-94721168,3168333.003378,0.000040,1,1,1362,1343,0,0
decode,chatcmpl-ac842044ca50ce10-94721168,3168333.017142,0.000042,1,1,1364,1344,0,0
decode,chatcmpl-ac842044ca50ce10-94721168,3168333.030897,0.000043,1,1,1366,1345,0,0
decode,chatcmpl-ac842044ca50ce10-94721168,3168333.044667,0.000040,1,1,1368,1346,0,0
decode,chatcmpl-ac842044ca50ce10-94721168,3168333.058427,0.000042,1,1,1370,1347,0,0
decode,chatcmpl-ac842044ca50ce10-94721168,3168333.072177,0.000041,1,1,1372,1348,0,0
decode,chatcmpl-ac842044ca50ce10-94721168,3168333.086038,0.000043,1,1,1374,1349,0,0
decode,chatcmpl-ac842044ca50ce10-94721168,3168333.099804,0.000040,1,1,1376,1350,0,0
decode,chatcmpl-ac842044ca50ce10-94721168,3168333.113565,0.000042,1,1,1378,1351,0,0
decode,chatcmpl-ac842044ca50ce10-94721168,3168333.127302,0.000042,1,1,1380,1352,0,0
decode,chatcmpl-ac842044ca50ce10-94721168,3168333.141058,0.000041,1,1,1382,1353,0,0
decode,chatcmpl-ac842044ca50ce10-94721168,3168333.154779,0.000041,1,1,1384,1354,0,0
decode,chatcmpl-ac842044ca50ce10-94721168,3168333.168529,0.000041,1,1,1386,1355,0,0
decode,chatcmpl-ac842044ca50ce10-94721168,3168333.182268,0.000041,1,1,1388,1356,0,0
decode,chatcmpl-ac842044ca50ce10-94721168,3168333.196000,0.000046,1,1,1390,1357,0,0
decode,chatcmpl-ac842044ca50ce10-94721168,3168333.209767,0.000041,1,1,1392,1358,0,0
decode,chatcmpl-ac842044ca50ce10-94721168,3168333.223492,0.000041,1,1,1394,1359,0,0
decode,chatcmpl-ac842044ca50ce10-94721168,3168333.237341,0.000040,1,1,1396,1360,0,0
decode,chatcmpl-ac842044ca50ce10-94721168,3168333.251108,0.000040,1,1,1398,1361,0,0
decode,chatcmpl-ac842044ca50ce10-94721168,3168333.264853,0.000040,1,1,1400,1362,0,0
decode,chatcmpl-ac842044ca50ce10-94721168,3168333.278592,0.000041,1,1,1402,1363,0,0
decode,chatcmpl-ac842044ca50ce10-94721168,3168333.292342,0.000040,1,1,1404,1364,0,0
decode,chatcmpl-ac842044ca50ce10-94721168,3168333.306095,0.000041,1,1,1406,1365,0,0
decode,chatcmpl-ac842044ca50ce10-94721168,3168333.319844,0.000040,1,1,1408,1366,0,0
decode,chatcmpl-ac842044ca50ce10-94721168,3168333.333596,0.000041,1,1,1410,1367,0,0
decode,chatcmpl-ac842044ca50ce10-94721168,3168333.347342,0.000042,1,1,1412,1368,0,0
decode,chatcmpl-ac842044ca50ce10-94721168,3168333.361106,0.000041,1,1,1414,1369,0,0
decode,chatcmpl-ac842044ca50ce10-94721168,3168333.374860,0.000042,1,1,1416,1370,0,0
decode,chatcmpl-ac842044ca50ce10-94721168,3168333.388720,0.000042,1,1,1418,1371,0,0
decode,chatcmpl-ac842044ca50ce10-94721168,3168333.402480,0.000042,1,1,1420,1372,0,0
decode,chatcmpl-ac842044ca50ce10-94721168,3168333.416234,0.000042,1,1,1422,1373,0,0
decode,chatcmpl-ac842044ca50ce10-94721168,3168333.429997,0.000042,1,1,1424,1374,0,0
decode,chatcmpl-ac842044ca50ce10-94721168,3168333.443748,0.000042,1,1,1426,1375,0,0
decode,chatcmpl-ac842044ca50ce10-94721168,3168333.457524,0.000041,1,1,1428,1376,0,0
decode,chatcmpl-ac842044ca50ce10-94721168,3168333.471263,0.000042,1,1,1430,1377,0,0
decode,chatcmpl-ac842044ca50ce10-94721168,3168333.485034,0.000042,1,1,1432,1378,0,0
decode,chatcmpl-ac842044ca50ce10-94721168,3168333.498791,0.000041,1,1,1434,1379,0,0
decode,chatcmpl-ac842044ca50ce10-94721168,3168333.512556,0.000043,1,1,1436,1380,0,0
decode,chatcmpl-ac842044ca50ce10-94721168,3168333.526321,0.000042,1,1,1438,1381,0,0
decode,chatcmpl-ac842044ca50ce10-94721168,3168333.540157,0.000040,1,1,1440,1382,0,0
decode,chatcmpl-ac842044ca50ce10-94721168,3168333.553894,0.000040,1,1,1442,1383,0,0
decode,chatcmpl-ac842044ca50ce10-94721168,3168333.567623,0.000040,1,1,1444,1384,0,0
decode,chatcmpl-ac842044ca50ce10-94721168,3168333.581382,0.000043,1,1,1446,1385,0,0
decode,chatcmpl-ac842044ca50ce10-94721168,3168333.595123,0.000042,1,1,1448,1386,0,0
decode,chatcmpl-ac842044ca50ce10-94721168,3168333.608869,0.000039,1,1,1450,1387,0,0
decode,chatcmpl-ac842044ca50ce10-94721168,3168333.622624,0.000043,1,1,1452,1388,0,0
decode,chatcmpl-ac842044ca50ce10-94721168,3168333.636376,0.000042,1,1,1454,1389,0,0
decode,chatcmpl-ac842044ca50ce10-94721168,3168333.650100,0.000041,1,1,1456,1390,0,0
decode,chatcmpl-ac842044ca50ce10-94721168,3168333.663848,0.000042,1,1,1458,1391,0,0
decode,chatcmpl-ac842044ca50ce10-94721168,3168333.677584,0.000042,1,1,1460,1392,0,0
decode,chatcmpl-ac842044ca50ce10-94721168,3168333.691428,0.000041,1,1,1462,1393,0,0
decode,chatcmpl-ac842044ca50ce10-94721168,3168333.705188,0.000041,1,1,1464,1394,0,0
decode,chatcmpl-ac842044ca50ce10-94721168,3168333.718933,0.000041,1,1,1466,1395,0,0
decode,chatcmpl-ac842044ca50ce10-94721168,3168333.732698,0.000042,1,1,1468,1396,0,0
decode,chatcmpl-ac842044ca50ce10-94721168,3168333.746460,0.000041,1,1,1470,1397,0,0
decode,chatcmpl-ac842044ca50ce10-94721168,3168333.760195,0.000040,1,1,1472,1398,0,0
decode,chatcmpl-ac842044ca50ce10-94721168,3168333.773923,0.000042,1,1,1474,1399,0,0
decode,chatcmpl-ac842044ca50ce10-94721168,3168333.787661,0.000042,1,1,1476,1400,0,0
decode,chatcmpl-ac842044ca50ce10-94721168,3168333.801419,0.000040,1,1,1478,1401,0,0
decode,chatcmpl-ac842044ca50ce10-94721168,3168333.815165,0.000041,1,1,1480,1402,0,0
decode,chatcmpl-ac842044ca50ce10-94721168,3168333.828923,0.000041,1,1,1482,1403,0,0
decode,chatcmpl-ac842044ca50ce10-94721168,3168333.842775,0.000040,1,1,1484,1404,0,0
decode,chatcmpl-ac842044ca50ce10-94721168,3168333.856530,0.000040,1,1,1486,1405,0,0
decode,chatcmpl-ac842044ca50ce10-94721168,3168333.870279,0.000042,1,1,1488,1406,0,0
decode,chatcmpl-ac842044ca50ce10-94721168,3168333.884040,0.000041,1,1,1490,1407,0,0
decode,chatcmpl-ac842044ca50ce10-94721168,3168333.897771,0.000051,1,1,1492,1408,0,0
decode,chatcmpl-ac842044ca50ce10-94721168,3168333.911521,0.000041,1,1,1494,1409,0,0
decode,chatcmpl-ac842044ca50ce10-94721168,3168333.925290,0.000042,1,1,1496,1410,0,0
decode,chatcmpl-ac842044ca50ce10-94721168,3168333.939048,0.000041,1,1,1498,1411,0,0
decode,chatcmpl-ac842044ca50ce10-94721168,3168333.952820,0.000041,1,1,1500,1412,0,0
decode,chatcmpl-ac842044ca50ce10-94721168,3168333.966569,0.000040,1,1,1502,1413,0,0
decode,chatcmpl-ac842044ca50ce10-94721168,3168333.980333,0.000042,1,1,1504,1414,0,0
decode,chatcmpl-ac842044ca50ce10-94721168,3168333.994190,0.000041,1,1,1506,1415,0,0
decode,chatcmpl-ac842044ca50ce10-94721168,3168334.007949,0.000043,1,1,1508,1416,0,0
decode,chatcmpl-ac842044ca50ce10-94721168,3168334.021699,0.000041,1,1,1510,1417,0,0
decode,chatcmpl-ac842044ca50ce10-94721168,3168334.035449,0.000041,1,1,1512,1418,0,0
decode,chatcmpl-ac842044ca50ce10-94721168,3168334.049203,0.000040,1,1,1514,1419,0,0
decode,chatcmpl-ac842044ca50ce10-94721168,3168334.062943,0.000042,1,1,1516,1420,0,0
decode,chatcmpl-ac842044ca50ce10-94721168,3168334.076702,0.000041,1,1,1518,1421,0,0
decode,chatcmpl-ac842044ca50ce10-94721168,3168334.090448,0.000041,1,1,1520,1422,0,0
decode,chatcmpl-ac842044ca50ce10-94721168,3168334.104196,0.000041,1,1,1522,1423,0,0
decode,chatcmpl-ac842044ca50ce10-94721168,3168334.117938,0.000042,1,1,1524,1424,0,0
decode,chatcmpl-ac842044ca50ce10-94721168,3168334.131673,0.000041,1,1,1526,1425,0,0
decode,chatcmpl-ac842044ca50ce10-94721168,3168334.145515,0.000041,1,1,1528,1426,0,0
decode,chatcmpl-ac842044ca50ce10-94721168,3168334.159252,0.000040,1,1,1530,1427,0,0
decode,chatcmpl-ac842044ca50ce10-94721168,3168334.172988,0.000041,1,1,1532,1428,0,0
decode,chatcmpl-ac842044ca50ce10-94721168,3168334.186755,0.000041,1,1,1534,1429,0,0
decode,chatcmpl-ac842044ca50ce10-94721168,3168334.200518,0.000041,1,1,1536,1430,0,0
decode,chatcmpl-ac842044ca50ce10-94721168,3168334.214246,0.000040,1,1,1538,1431,0,0
decode,chatcmpl-ac842044ca50ce10-94721168,3168334.227959,0.000041,1,1,1540,1432,0,0
decode,chatcmpl-ac842044ca50ce10-94721168,3168334.241721,0.000042,1,1,1542,1433,0,0
decode,chatcmpl-ac842044ca50ce10-94721168,3168334.255459,0.000042,1,1,1544,1434,0,0
decode,chatcmpl-ac842044ca50ce10-94721168,3168334.269198,0.000041,1,1,1546,1435,0,0
decode,chatcmpl-ac842044ca50ce10-94721168,3168334.282945,0.000042,1,1,1548,1436,0,0
decode,chatcmpl-ac842044ca50ce10-94721168,3168334.296716,0.000041,1,1,1550,1437,0,0
decode,chatcmpl-ac842044ca50ce10-94721168,3168334.310449,0.000038,1,1,1552,1438,0,0
decode,chatcmpl-ac842044ca50ce10-94721168,3168334.324194,0.000042,1,1,1554,1439,0,0
decode,chatcmpl-ac842044ca50ce10-94721168,3168334.337948,0.000042,1,1,1556,1440,0,0
decode,chatcmpl-ac842044ca50ce10-94721168,3168334.351680,0.000040,1,1,1558,1441,0,0
decode,chatcmpl-ac842044ca50ce10-94721168,3168334.365461,0.000041,1,1,1560,1442,0,0
decode,chatcmpl-ac842044ca50ce10-94721168,3168334.379199,0.000041,1,1,1562,1443,0,0
decode,chatcmpl-ac842044ca50ce10-94721168,3168334.392953,0.000039,1,1,1564,1444,0,0
decode,chatcmpl-ac842044ca50ce10-94721168,3168334.406701,0.000042,1,1,1566,1445,0,0
decode,chatcmpl-ac842044ca50ce10-94721168,3168334.420453,0.000041,1,1,1568,1446,0,0
decode,chatcmpl-ac842044ca50ce10-94721168,3168334.434218,0.000039,1,1,1570,1447,0,0
decode,chatcmpl-ac842044ca50ce10-94721168,3168334.447971,0.000043,1,1,1572,1448,0,0
decode,chatcmpl-ac842044ca50ce10-94721168,3168334.461726,0.000041,1,1,1574,1449,0,0
decode,chatcmpl-ac842044ca50ce10-94721168,3168334.475477,0.000042,1,1,1576,1450,0,0
decode,chatcmpl-ac842044ca50ce10-94721168,3168334.489235,0.000042,1,1,1578,1451,0,0
decode,chatcmpl-ac842044ca50ce10-94721168,3168334.502995,0.000041,1,1,1580,1452,0,0
decode,chatcmpl-ac842044ca50ce10-94721168,3168334.516762,0.000042,1,1,1582,1453,0,0
decode,chatcmpl-ac842044ca50ce10-94721168,3168334.530505,0.000039,1,1,1584,1454,0,0
decode,chatcmpl-ac842044ca50ce10-94721168,3168334.544242,0.000041,1,1,1586,1455,0,0
decode,chatcmpl-ac842044ca50ce10-94721168,3168334.557999,0.000040,1,1,1588,1456,0,0
decode,chatcmpl-ac842044ca50ce10-94721168,3168334.571746,0.000041,1,1,1590,1457,0,0
decode,chatcmpl-ac842044ca50ce10-94721168,3168334.585516,0.000041,1,1,1592,1458,0,0
decode,chatcmpl-ac842044ca50ce10-94721168,3168334.599258,0.000041,1,1,1594,1459,0,0
decode,chatcmpl-ac842044ca50ce10-94721168,3168334.613009,0.000041,1,1,1596,1460,0,0
decode,chatcmpl-ac842044ca50ce10-94721168,3168334.626767,0.000040,1,1,1598,1461,0,0
decode,chatcmpl-ac842044ca50ce10-94721168,3168334.640538,0.000042,1,1,1600,1462,0,0
decode,chatcmpl-ac842044ca50ce10-94721168,3168334.654282,0.000043,1,1,1602,1463,0,0
decode,chatcmpl-ac842044ca50ce10-94721168,3168334.668031,0.000041,1,1,1604,1464,0,0
decode,chatcmpl-ac842044ca50ce10-94721168,3168334.681768,0.000042,1,1,1606,1465,0,0
decode,chatcmpl-ac842044ca50ce10-94721168,3168334.695495,0.000040,1,1,1608,1466,0,0
decode,chatcmpl-ac842044ca50ce10-94721168,3168334.709238,0.000041,1,1,1610,1467,0,0
decode,chatcmpl-ac842044ca50ce10-94721168,3168334.722995,0.000043,1,1,1612,1468,0,0
decode,chatcmpl-ac842044ca50ce10-94721168,3168334.736753,0.000041,1,1,1614,1469,0,0
decode,chatcmpl-ac842044ca50ce10-94721168,3168334.750512,0.000041,1,1,1616,1470,0,0
decode,chatcmpl-ac842044ca50ce10-94721168,3168334.764265,0.000040,1,1,1618,1471,0,0
decode,chatcmpl-ac842044ca50ce10-94721168,3168334.777992,0.000041,1,1,1620,1472,0,0
decode,chatcmpl-ac842044ca50ce10-94721168,3168334.791755,0.000040,1,1,1622,1473,0,0
decode,chatcmpl-ac842044ca50ce10-94721168,3168334.805517,0.000040,1,1,1624,1474,0,0
decode,chatcmpl-ac842044ca50ce10-94721168,3168334.819270,0.000040,1,1,1626,1475,0,0
decode,chatcmpl-ac842044ca50ce10-94721168,3168334.833031,0.000041,1,1,1628,1476,0,0
decode,,3168334.846779,0.000087,0,0,,,0,0
decode,,3168334.847144,0.000056,0,0,,,0,0
prefill,chatcmpl-b40e78009dd51b4b-928e5bc3,3168334.925971,0.000519,1,1365,1365,0,1,0
encoder,chatcmpl-b40e78009dd51b4b-928e5bc3,3168334.928039,0.374862,1,0,,, 1,0
decode,chatcmpl-b40e78009dd51b4b-928e5bc3,3168335.456815,0.000044,1,1,1366,1365,0,0
decode,chatcmpl-b40e78009dd51b4b-928e5bc3,3168335.470956,0.000045,1,1,1368,1366,0,0
decode,chatcmpl-b40e78009dd51b4b-928e5bc3,3168335.484757,0.000041,1,1,1370,1367,0,0
decode,chatcmpl-b40e78009dd51b4b-928e5bc3,3168335.498541,0.000043,1,1,1372,1368,0,0
decode,chatcmpl-b40e78009dd51b4b-928e5bc3,3168335.512311,0.000041,1,1,1374,1369,0,0
decode,chatcmpl-b40e78009dd51b4b-928e5bc3,3168335.526188,0.000041,1,1,1376,1370,0,0
decode,chatcmpl-b40e78009dd51b4b-928e5bc3,3168335.539935,0.000042,1,1,1378,1371,0,0
decode,chatcmpl-b40e78009dd51b4b-928e5bc3,3168335.553698,0.000039,1,1,1380,1372,0,0
decode,chatcmpl-b40e78009dd51b4b-928e5bc3,3168335.567464,0.000042,1,1,1382,1373,0,0
decode,chatcmpl-b40e78009dd51b4b-928e5bc3,3168335.581215,0.000042,1,1,1384,1374,0,0
decode,chatcmpl-b40e78009dd51b4b-928e5bc3,3168335.594969,0.000044,1,1,1386,1375,0,0
decode,chatcmpl-b40e78009dd51b4b-928e5bc3,3168335.608727,0.000041,1,1,1388,1376,0,0
decode,chatcmpl-b40e78009dd51b4b-928e5bc3,3168335.622488,0.000043,1,1,1390,1377,0,0
decode,chatcmpl-b40e78009dd51b4b-928e5bc3,3168335.636250,0.000042,1,1,1392,1378,0,0
decode,chatcmpl-b40e78009dd51b4b-928e5bc3,3168335.649996,0.000041,1,1,1394,1379,0,0
decode,chatcmpl-b40e78009dd51b4b-928e5bc3,3168335.663748,0.000043,1,1,1396,1380,0,0
decode,chatcmpl-b40e78009dd51b4b-928e5bc3,3168335.677608,0.000043,1,1,1398,1381,0,0
decode,chatcmpl-b40e78009dd51b4b-928e5bc3,3168335.691368,0.000042,1,1,1400,1382,0,0
decode,chatcmpl-b40e78009dd51b4b-928e5bc3,3168335.705149,0.000041,1,1,1402,1383,0,0
decode,chatcmpl-b40e78009dd51b4b-928e5bc3,3168335.718896,0.000042,1,1,1404,1384,0,0
decode,chatcmpl-b40e78009dd51b4b-928e5bc3,3168335.732679,0.000040,1,1,1406,1385,0,0
decode,chatcmpl-b40e78009dd51b4b-928e5bc3,3168335.746421,0.000041,1,1,1408,1386,0,0
decode,chatcmpl-b40e78009dd51b4b-928e5bc3,3168335.760180,0.000040,1,1,1410,1387,0,0
decode,chatcmpl-b40e78009dd51b4b-928e5bc3,3168335.773937,0.000041,1,1,1412,1388,0,0
decode,chatcmpl-b40e78009dd51b4b-928e5bc3,3168335.787690,0.000041,1,1,1414,1389,0,0
decode,chatcmpl-b40e78009dd51b4b-928e5bc3,3168335.801434,0.000041,1,1,1416,1390,0,0
decode,chatcmpl-b40e78009dd51b4b-928e5bc3,3168335.815178,0.000042,1,1,1418,1391,0,0
decode,chatcmpl-b40e78009dd51b4b-928e5bc3,3168335.829051,0.000041,1,1,1420,1392,0,0
decode,chatcmpl-b40e78009dd51b4b-928e5bc3,3168335.842788,0.000041,1,1,1422,1393,0,0
decode,chatcmpl-b40e78009dd51b4b-928e5bc3,3168335.856535,0.000042,1,1,1424,1394,0,0
decode,chatcmpl-b40e78009dd51b4b-928e5bc3,3168335.870286,0.000041,1,1,1426,1395,0,0
decode,chatcmpl-b40e78009dd51b4b-928e5bc3,3168335.884043,0.000042,1,1,1428,1396,0,0
decode,chatcmpl-b40e78009dd51b4b-928e5bc3,3168335.897803,0.000041,1,1,1430,1397,0,0
decode,chatcmpl-b40e78009dd51b4b-928e5bc3,3168335.911569,0.000040,1,1,1432,1398,0,0
decode,chatcmpl-b40e78009dd51b4b-928e5bc3,3168335.925311,0.000042,1,1,1434,1399,0,0
decode,chatcmpl-b40e78009dd51b4b-928e5bc3,3168335.939071,0.000040,1,1,1436,1400,0,0
decode,chatcmpl-b40e78009dd51b4b-928e5bc3,3168335.952834,0.000041,1,1,1438,1401,0,0
decode,chatcmpl-b40e78009dd51b4b-928e5bc3,3168335.966578,0.000040,1,1,1440,1402,0,0
decode,chatcmpl-b40e78009dd51b4b-928e5bc3,3168335.980461,0.000043,1,1,1442,1403,0,0
decode,chatcmpl-b40e78009dd51b4b-928e5bc3,3168335.994218,0.000042,1,1,1444,1404,0,0
decode,chatcmpl-b40e78009dd51b4b-928e5bc3,3168336.007967,0.000049,1,1,1446,1405,0,0
decode,chatcmpl-b40e78009dd51b4b-928e5bc3,3168336.021733,0.000042,1,1,1448,1406,0,0
decode,chatcmpl-b40e78009dd51b4b-928e5bc3,3168336.035499,0.000040,1,1,1450,1407,0,0
decode,chatcmpl-b40e78009dd51b4b-928e5bc3,3168336.049262,0.000052,1,1,1452,1408,0,0
decode,chatcmpl-b40e78009dd51b4b-928e5bc3,3168336.063005,0.000040,1,1,1454,1409,0,0
decode,chatcmpl-b40e78009dd51b4b-928e5bc3,3168336.076762,0.000042,1,1,1456,1410,0,0
decode,chatcmpl-b40e78009dd51b4b-928e5bc3,3168336.090504,0.000042,1,1,1458,1411,0,0
decode,chatcmpl-b40e78009dd51b4b-928e5bc3,3168336.104262,0.000041,1,1,1460,1412,0,0
decode,chatcmpl-b40e78009dd51b4b-928e5bc3,3168336.118018,0.000042,1,1,1462,1413,0,0
decode,chatcmpl-b40e78009dd51b4b-928e5bc3,3168336.131863,0.000041,1,1,1464,1414,0,0
decode,chatcmpl-b40e78009dd51b4b-928e5bc3,3168336.145594,0.000041,1,1,1466,1415,0,0
decode,chatcmpl-b40e78009dd51b4b-928e5bc3,3168336.159334,0.000042,1,1,1468,1416,0,0
decode,chatcmpl-b40e78009dd51b4b-928e5bc3,3168336.173103,0.000042,1,1,1470,1417,0,0
decode,chatcmpl-b40e78009dd51b4b-928e5bc3,3168336.186856,0.000040,1,1,1472,1418,0,0
decode,chatcmpl-b40e78009dd51b4b-928e5bc3,3168336.200643,0.000041,1,1,1474,1419,0,0
decode,chatcmpl-b40e78009dd51b4b-928e5bc3,3168336.214378,0.000041,1,1,1476,1420,0,0
decode,chatcmpl-b40e78009dd51b4b-928e5bc3,3168336.228119,0.000089,1,1,1478,1421,0,0
decode,chatcmpl-b40e78009dd51b4b-928e5bc3,3168336.241850,0.000041,1,1,1480,1422,0,0
decode,chatcmpl-b40e78009dd51b4b-928e5bc3,3168336.255597,0.000042,1,1,1482,1423,0,0
decode,chatcmpl-b40e78009dd51b4b-928e5bc3,3168336.269352,0.000040,1,1,1484,1424,0,0
decode,chatcmpl-b40e78009dd51b4b-928e5bc3,3168336.283216,0.000042,1,1,1486,1425,0,0
decode,chatcmpl-b40e78009dd51b4b-928e5bc3,3168336.296978,0.000042,1,1,1488,1426,0,0
decode,chatcmpl-b40e78009dd51b4b-928e5bc3,3168336.310737,0.000041,1,1,1490,1427,0,0
decode,chatcmpl-b40e78009dd51b4b-928e5bc3,3168336.324507,0.000042,1,1,1492,1428,0,0
decode,chatcmpl-b40e78009dd51b4b-928e5bc3,3168336.338243,0.000042,1,1,1494,1429,0,0
decode,chatcmpl-b40e78009dd51b4b-928e5bc3,3168336.352011,0.000040,1,1,1496,1430,0,0
decode,chatcmpl-b40e78009dd51b4b-928e5bc3,3168336.365753,0.000040,1,1,1498,1431,0,0
decode,chatcmpl-b40e78009dd51b4b-928e5bc3,3168336.379492,0.000042,1,1,1500,1432,0,0
decode,chatcmpl-b40e78009dd51b4b-928e5bc3,3168336.393259,0.000041,1,1,1502,1433,0,0
decode,chatcmpl-b40e78009dd51b4b-928e5bc3,3168336.407002,0.000042,1,1,1504,1434,0,0
decode,chatcmpl-b40e78009dd51b4b-928e5bc3,3168336.420779,0.000041,1,1,1506,1435,0,0
decode,chatcmpl-b40e78009dd51b4b-928e5bc3,3168336.434639,0.000042,1,1,1508,1436,0,0
decode,chatcmpl-b40e78009dd51b4b-928e5bc3,3168336.448415,0.000042,1,1,1510,1437,0,0
decode,chatcmpl-b40e78009dd51b4b-928e5bc3,3168336.462144,0.000043,1,1,1512,1438,0,0
decode,chatcmpl-b40e78009dd51b4b-928e5bc3,3168336.475893,0.000042,1,1,1514,1439,0,0
decode,chatcmpl-b40e78009dd51b4b-928e5bc3,3168336.489648,0.000042,1,1,1516,1440,0,0
decode,chatcmpl-b40e78009dd51b4b-928e5bc3,3168336.503419,0.000042,1,1,1518,1441,0,0
decode,chatcmpl-b40e78009dd51b4b-928e5bc3,3168336.517179,0.000040,1,1,1520,1442,0,0
decode,chatcmpl-b40e78009dd51b4b-928e5bc3,3168336.530922,0.000041,1,1,1522,1443,0,0
decode,chatcmpl-b40e78009dd51b4b-928e5bc3,3168336.544688,0.000041,1,1,1524,1444,0,0
decode,chatcmpl-b40e78009dd51b4b-928e5bc3,3168336.558429,0.000042,1,1,1526,1445,0,0
decode,chatcmpl-b40e78009dd51b4b-928e5bc3,3168336.572186,0.000040,1,1,1528,1446,0,0
decode,chatcmpl-b40e78009dd51b4b-928e5bc3,3168336.586044,0.000040,1,1,1530,1447,0,0
decode,chatcmpl-b40e78009dd51b4b-928e5bc3,3168336.599807,0.000040,1,1,1532,1448,0,0
decode,chatcmpl-b40e78009dd51b4b-928e5bc3,3168336.613545,0.000041,1,1,1534,1449,0,0
decode,chatcmpl-b40e78009dd51b4b-928e5bc3,3168336.627284,0.000040,1,1,1536,1450,0,0
decode,chatcmpl-b40e78009dd51b4b-928e5bc3,3168336.641057,0.000040,1,1,1538,1451,0,0
decode,chatcmpl-b40e78009dd51b4b-928e5bc3,3168336.654797,0.000042,1,1,1540,1452,0,0
decode,chatcmpl-b40e78009dd51b4b-928e5bc3,3168336.668561,0.000042,1,1,1542,1453,0,0
decode,chatcmpl-b40e78009dd51b4b-928e5bc3,3168336.682312,0.000041,1,1,1544,1454,0,0
decode,chatcmpl-b40e78009dd51b4b-928e5bc3,3168336.696093,0.000042,1,1,1546,1455,0,0
decode,chatcmpl-b40e78009dd51b4b-928e5bc3,3168336.709794,0.000041,1,1,1548,1456,0,0
decode,chatcmpl-b40e78009dd51b4b-928e5bc3,3168336.723535,0.000041,1,1,1550,1457,0,0
decode,chatcmpl-b40e78009dd51b4b-928e5bc3,3168336.737384,0.000041,1,1,1552,1458,0,0
decode,chatcmpl-b40e78009dd51b4b-928e5bc3,3168336.751137,0.000041,1,1,1554,1459,0,0
decode,chatcmpl-b40e78009dd51b4b-928e5bc3,3168336.764902,0.000043,1,1,1556,1460,0,0
decode,chatcmpl-b40e78009dd51b4b-928e5bc3,3168336.778664,0.000041,1,1,1558,1461,0,0
decode,chatcmpl-b40e78009dd51b4b-928e5bc3,3168336.792450,0.000042,1,1,1560,1462,0,0
decode,chatcmpl-b40e78009dd51b4b-928e5bc3,3168336.806198,0.000041,1,1,1562,1463,0,0
decode,chatcmpl-b40e78009dd51b4b-928e5bc3,3168336.819959,0.000047,1,1,1564,1464,0,0
decode,chatcmpl-b40e78009dd51b4b-928e5bc3,3168336.833731,0.000041,1,1,1566,1465,0,0
decode,chatcmpl-b40e78009dd51b4b-928e5bc3,3168336.847464,0.000040,1,1,1568,1466,0,0
decode,chatcmpl-b40e78009dd51b4b-928e5bc3,3168336.861227,0.000041,1,1,1570,1467,0,0
decode,chatcmpl-b40e78009dd51b4b-928e5bc3,3168336.874955,0.000041,1,1,1572,1468,0,0
decode,chatcmpl-b40e78009dd51b4b-928e5bc3,3168336.888799,0.000041,1,1,1574,1469,0,0
decode,chatcmpl-b40e78009dd51b4b-928e5bc3,3168336.902555,0.000041,1,1,1576,1470,0,0
decode,chatcmpl-b40e78009dd51b4b-928e5bc3,3168336.916308,0.000040,1,1,1578,1471,0,0
decode,,3168336.930057,0.000088,0,0,,,0,0
decode,,3168336.930365,0.000114,0,0,,,0,0
prefill,chatcmpl-a48ed1c2c8dccedc-abe47c55,3168337.009293,0.000587,1,1336,1336,0,1,0
encoder,chatcmpl-a48ed1c2c8dccedc-abe47c55,3168337.011487,0.375507,1,0,,, 1,0
decode,chatcmpl-a48ed1c2c8dccedc-abe47c55,3168337.536638,0.000045,1,1,1337,1336,0,0
decode,chatcmpl-a48ed1c2c8dccedc-abe47c55,3168337.550780,0.000043,1,1,1339,1337,0,0
decode,chatcmpl-a48ed1c2c8dccedc-abe47c55,3168337.564612,0.000039,1,1,1341,1338,0,0
decode,chatcmpl-a48ed1c2c8dccedc-abe47c55,3168337.578395,0.000044,1,1,1343,1339,0,0
decode,chatcmpl-a48ed1c2c8dccedc-abe47c55,3168337.592154,0.000041,1,1,1345,1340,0,0
decode,chatcmpl-a48ed1c2c8dccedc-abe47c55,3168337.605926,0.000043,1,1,1347,1341,0,0
decode,chatcmpl-a48ed1c2c8dccedc-abe47c55,3168337.619697,0.000041,1,1,1349,1342,0,0
decode,chatcmpl-a48ed1c2c8dccedc-abe47c55,3168337.633466,0.000040,1,1,1351,1343,0,0
decode,chatcmpl-a48ed1c2c8dccedc-abe47c55,3168337.647220,0.000043,1,1,1353,1344,0,0
decode,chatcmpl-a48ed1c2c8dccedc-abe47c55,3168337.660991,0.000041,1,1,1355,1345,0,0
decode,chatcmpl-a48ed1c2c8dccedc-abe47c55,3168337.674754,0.000042,1,1,1357,1346,0,0
decode,chatcmpl-a48ed1c2c8dccedc-abe47c55,3168337.688518,0.000040,1,1,1359,1347,0,0
decode,chatcmpl-a48ed1c2c8dccedc-abe47c55,3168337.702262,0.000041,1,1,1361,1348,0,0
decode,chatcmpl-a48ed1c2c8dccedc-abe47c55,3168337.716015,0.000041,1,1,1363,1349,0,0
decode,chatcmpl-a48ed1c2c8dccedc-abe47c55,3168337.729768,0.000041,1,1,1365,1350,0,0
decode,chatcmpl-a48ed1c2c8dccedc-abe47c55,3168337.743509,0.000042,1,1,1367,1351,0,0
decode,chatcmpl-a48ed1c2c8dccedc-abe47c55,3168337.757283,0.000042,1,1,1369,1352,0,0
decode,chatcmpl-a48ed1c2c8dccedc-abe47c55,3168337.771049,0.000041,1,1,1371,1353,0,0
decode,chatcmpl-a48ed1c2c8dccedc-abe47c55,3168337.784813,0.000041,1,1,1373,1354,0,0
decode,chatcmpl-a48ed1c2c8dccedc-abe47c55,3168337.798581,0.000041,1,1,1375,1355,0,0
decode,chatcmpl-a48ed1c2c8dccedc-abe47c55,3168337.812352,0.000042,1,1,1377,1356,0,0
decode,chatcmpl-a48ed1c2c8dccedc-abe47c55,3168337.826085,0.000041,1,1,1379,1357,0,0
decode,chatcmpl-a48ed1c2c8dccedc-abe47c55,3168337.839848,0.000041,1,1,1381,1358,0,0
decode,chatcmpl-a48ed1c2c8dccedc-abe47c55,3168337.853612,0.000039,1,1,1383,1359,0,0
decode,chatcmpl-a48ed1c2c8dccedc-abe47c55,3168337.867354,0.000042,1,1,1385,1360,0,0
decode,chatcmpl-a48ed1c2c8dccedc-abe47c55,3168337.881097,0.000042,1,1,1387,1361,0,0
decode,chatcmpl-a48ed1c2c8dccedc-abe47c55,3168337.894857,0.000041,1,1,1389,1362,0,0
decode,chatcmpl-a48ed1c2c8dccedc-abe47c55,3168337.908607,0.000043,1,1,1391,1363,0,0
decode,chatcmpl-a48ed1c2c8dccedc-abe47c55,3168337.922353,0.000042,1,1,1393,1364,0,0
decode,chatcmpl-a48ed1c2c8dccedc-abe47c55,3168337.936107,0.000042,1,1,1395,1365,0,0
decode,chatcmpl-a48ed1c2c8dccedc-abe47c55,3168337.949852,0.000042,1,1,1397,1366,0,0
decode,chatcmpl-a48ed1c2c8dccedc-abe47c55,3168337.963612,0.000041,1,1,1399,1367,0,0
decode,chatcmpl-a48ed1c2c8dccedc-abe47c55,3168337.977377,0.000041,1,1,1401,1368,0,0
decode,chatcmpl-a48ed1c2c8dccedc-abe47c55,3168337.991129,0.000042,1,1,1403,1369,0,0
decode,chatcmpl-a48ed1c2c8dccedc-abe47c55,3168338.004892,0.000043,1,1,1405,1370,0,0
decode,chatcmpl-a48ed1c2c8dccedc-abe47c55,3168338.018671,0.000044,1,1,1407,1371,0,0
decode,chatcmpl-a48ed1c2c8dccedc-abe47c55,3168338.032438,0.000039,1,1,1409,1372,0,0
decode,chatcmpl-a48ed1c2c8dccedc-abe47c55,3168338.046187,0.000041,1,1,1411,1373,0,0
decode,chatcmpl-a48ed1c2c8dccedc-abe47c55,3168338.059940,0.000040,1,1,1413,1374,0,0
decode,chatcmpl-a48ed1c2c8dccedc-abe47c55,3168338.073698,0.000043,1,1,1415,1375,0,0
decode,chatcmpl-a48ed1c2c8dccedc-abe47c55,3168338.087438,0.000042,1,1,1417,1376,0,0
decode,chatcmpl-a48ed1c2c8dccedc-abe47c55,3168338.101205,0.000042,1,1,1419,1377,0,0
decode,chatcmpl-a48ed1c2c8dccedc-abe47c55,3168338.114970,0.000040,1,1,1421,1378,0,0
decode,chatcmpl-a48ed1c2c8dccedc-abe47c55,3168338.128721,0.000040,1,1,1423,1379,0,0
decode,chatcmpl-a48ed1c2c8dccedc-abe47c55,3168338.142457,0.000042,1,1,1425,1380,0,0
decode,chatcmpl-a48ed1c2c8dccedc-abe47c55,3168338.156214,0.000041,1,1,1427,1381,0,0
decode,chatcmpl-a48ed1c2c8dccedc-abe47c55,3168338.169956,0.000041,1,1,1429,1382,0,0
decode,chatcmpl-a48ed1c2c8dccedc-abe47c55,3168338.183700,0.000040,1,1,1431,1383,0,0
decode,chatcmpl-a48ed1c2c8dccedc-abe47c55,3168338.197448,0.000040,1,1,1433,1384,0,0
decode,chatcmpl-a48ed1c2c8dccedc-abe47c55,3168338.211212,0.000041,1,1,1435,1385,0,0
decode,chatcmpl-a48ed1c2c8dccedc-abe47c55,3168338.224971,0.000041,1,1,1437,1386,0,0
decode,chatcmpl-a48ed1c2c8dccedc-abe47c55,3168338.238717,0.000041,1,1,1439,1387,0,0
decode,chatcmpl-a48ed1c2c8dccedc-abe47c55,3168338.252487,0.000041,1,1,1441,1388,0,0
decode,chatcmpl-a48ed1c2c8dccedc-abe47c55,3168338.266334,0.000041,1,1,1443,1389,0,0
decode,chatcmpl-a48ed1c2c8dccedc-abe47c55,3168338.280093,0.000041,1,1,1445,1390,0,0
decode,chatcmpl-a48ed1c2c8dccedc-abe47c55,3168338.293844,0.000041,1,1,1447,1391,0,0
decode,chatcmpl-a48ed1c2c8dccedc-abe47c55,3168338.307606,0.000041,1,1,1449,1392,0,0
decode,chatcmpl-a48ed1c2c8dccedc-abe47c55,3168338.321347,0.000042,1,1,1451,1393,0,0
decode,chatcmpl-a48ed1c2c8dccedc-abe47c55,3168338.335099,0.000041,1,1,1453,1394,0,0
decode,chatcmpl-a48ed1c2c8dccedc-abe47c55,3168338.348848,0.000039,1,1,1455,1395,0,0
decode,chatcmpl-a48ed1c2c8dccedc-abe47c55,3168338.362591,0.000041,1,1,1457,1396,0,0
decode,chatcmpl-a48ed1c2c8dccedc-abe47c55,3168338.376357,0.000040,1,1,1459,1397,0,0
decode,chatcmpl-a48ed1c2c8dccedc-abe47c55,3168338.390109,0.000041,1,1,1461,1398,0,0
decode,chatcmpl-a48ed1c2c8dccedc-abe47c55,3168338.403853,0.000039,1,1,1463,1399,0,0
decode,chatcmpl-a48ed1c2c8dccedc-abe47c55,3168338.417709,0.000042,1,1,1465,1400,0,0
decode,chatcmpl-a48ed1c2c8dccedc-abe47c55,3168338.431457,0.000041,1,1,1467,1401,0,0
decode,chatcmpl-a48ed1c2c8dccedc-abe47c55,3168338.445203,0.000042,1,1,1469,1402,0,0
decode,chatcmpl-a48ed1c2c8dccedc-abe47c55,3168338.458969,0.000041,1,1,1471,1403,0,0
decode,chatcmpl-a48ed1c2c8dccedc-abe47c55,3168338.472746,0.000040,1,1,1473,1404,0,0
decode,chatcmpl-a48ed1c2c8dccedc-abe47c55,3168338.486497,0.000041,1,1,1475,1405,0,0
decode,chatcmpl-a48ed1c2c8dccedc-abe47c55,3168338.500251,0.000042,1,1,1477,1406,0,0
decode,chatcmpl-a48ed1c2c8dccedc-abe47c55,3168338.514010,0.000040,1,1,1479,1407,0,0
decode,chatcmpl-a48ed1c2c8dccedc-abe47c55,3168338.527780,0.000053,1,1,1481,1408,0,0
decode,chatcmpl-a48ed1c2c8dccedc-abe47c55,3168338.541526,0.000039,1,1,1483,1409,0,0
decode,chatcmpl-a48ed1c2c8dccedc-abe47c55,3168338.555287,0.000040,1,1,1485,1410,0,0
decode,chatcmpl-a48ed1c2c8dccedc-abe47c55,3168338.569147,0.000041,1,1,1487,1411,0,0
decode,chatcmpl-a48ed1c2c8dccedc-abe47c55,3168338.582894,0.000041,1,1,1489,1412,0,0
decode,chatcmpl-a48ed1c2c8dccedc-abe47c55,3168338.596655,0.000041,1,1,1491,1413,0,0
decode,chatcmpl-a48ed1c2c8dccedc-abe47c55,3168338.610398,0.000041,1,1,1493,1414,0,0
decode,chatcmpl-a48ed1c2c8dccedc-abe47c55,3168338.624152,0.000041,1,1,1495,1415,0,0
decode,chatcmpl-a48ed1c2c8dccedc-abe47c55,3168338.637898,0.000041,1,1,1497,1416,0,0
decode,chatcmpl-a48ed1c2c8dccedc-abe47c55,3168338.651655,0.000041,1,1,1499,1417,0,0
decode,chatcmpl-a48ed1c2c8dccedc-abe47c55,3168338.665412,0.000043,1,1,1501,1418,0,0
decode,chatcmpl-a48ed1c2c8dccedc-abe47c55,3168338.679178,0.000040,1,1,1503,1419,0,0
decode,chatcmpl-a48ed1c2c8dccedc-abe47c55,3168338.692944,0.000041,1,1,1505,1420,0,0
decode,chatcmpl-a48ed1c2c8dccedc-abe47c55,3168338.706681,0.000043,1,1,1507,1421,0,0
decode,chatcmpl-a48ed1c2c8dccedc-abe47c55,3168338.720565,0.000042,1,1,1509,1422,0,0
decode,chatcmpl-a48ed1c2c8dccedc-abe47c55,3168338.734315,0.000040,1,1,1511,1423,0,0
decode,chatcmpl-a48ed1c2c8dccedc-abe47c55,3168338.748042,0.000043,1,1,1513,1424,0,0
decode,chatcmpl-a48ed1c2c8dccedc-abe47c55,3168338.761795,0.000041,1,1,1515,1425,0,0
decode,chatcmpl-a48ed1c2c8dccedc-abe47c55,3168338.775552,0.000041,1,1,1517,1426,0,0
decode,chatcmpl-a48ed1c2c8dccedc-abe47c55,3168338.789318,0.000041,1,1,1519,1427,0,0
decode,chatcmpl-a48ed1c2c8dccedc-abe47c55,3168338.803065,0.000040,1,1,1521,1428,0,0
decode,chatcmpl-a48ed1c2c8dccedc-abe47c55,3168338.816820,0.000041,1,1,1523,1429,0,0
decode,chatcmpl-a48ed1c2c8dccedc-abe47c55,3168338.830574,0.000040,1,1,1525,1430,0,0
decode,chatcmpl-a48ed1c2c8dccedc-abe47c55,3168338.844344,0.000042,1,1,1527,1431,0,0
decode,chatcmpl-a48ed1c2c8dccedc-abe47c55,3168338.858075,0.000041,1,1,1529,1432,0,0
decode,chatcmpl-a48ed1c2c8dccedc-abe47c55,3168338.871932,0.000041,1,1,1531,1433,0,0
decode,chatcmpl-a48ed1c2c8dccedc-abe47c55,3168338.885696,0.000039,1,1,1533,1434,0,0
decode,chatcmpl-a48ed1c2c8dccedc-abe47c55,3168338.899428,0.000041,1,1,1535,1435,0,0
decode,chatcmpl-a48ed1c2c8dccedc-abe47c55,3168338.913188,0.000041,1,1,1537,1436,0,0
decode,chatcmpl-a48ed1c2c8dccedc-abe47c55,3168338.926932,0.000042,1,1,1539,1437,0,0
decode,chatcmpl-a48ed1c2c8dccedc-abe47c55,3168338.940696,0.000043,1,1,1541,1438,0,0
decode,chatcmpl-a48ed1c2c8dccedc-abe47c55,3168338.954437,0.000041,1,1,1543,1439,0,0
decode,chatcmpl-a48ed1c2c8dccedc-abe47c55,3168338.968181,0.000043,1,1,1545,1440,0,0
decode,chatcmpl-a48ed1c2c8dccedc-abe47c55,3168338.981945,0.000040,1,1,1547,1441,0,0
decode,chatcmpl-a48ed1c2c8dccedc-abe47c55,3168338.995698,0.000041,1,1,1549,1442,0,0
decode,chatcmpl-a48ed1c2c8dccedc-abe47c55,3168339.009442,0.000041,1,1,1551,1443,0,0
decode,chatcmpl-a48ed1c2c8dccedc-abe47c55,3168339.023276,0.000041,1,1,1553,1444,0,0
decode,chatcmpl-a48ed1c2c8dccedc-abe47c55,3168339.037032,0.000041,1,1,1555,1445,0,0
decode,chatcmpl-a48ed1c2c8dccedc-abe47c55,3168339.050783,0.000039,1,1,1557,1446,0,0
decode,chatcmpl-a48ed1c2c8dccedc-abe47c55,3168339.064558,0.000041,1,1,1559,1447,0,0
decode,chatcmpl-a48ed1c2c8dccedc-abe47c55,3168339.078327,0.000040,1,1,1561,1448,0,0
decode,chatcmpl-a48ed1c2c8dccedc-abe47c55,3168339.092071,0.000043,1,1,1563,1449,0,0
decode,chatcmpl-a48ed1c2c8dccedc-abe47c55,3168339.105833,0.000040,1,1,1565,1450,0,0
decode,chatcmpl-a48ed1c2c8dccedc-abe47c55,3168339.119591,0.000041,1,1,1567,1451,0,0
decode,chatcmpl-a48ed1c2c8dccedc-abe47c55,3168339.133360,0.000041,1,1,1569,1452,0,0
decode,chatcmpl-a48ed1c2c8dccedc-abe47c55,3168339.147085,0.000040,1,1,1571,1453,0,0
decode,chatcmpl-a48ed1c2c8dccedc-abe47c55,3168339.160853,0.000042,1,1,1573,1454,0,0
decode,chatcmpl-a48ed1c2c8dccedc-abe47c55,3168339.174700,0.000042,1,1,1575,1455,0,0
decode,chatcmpl-a48ed1c2c8dccedc-abe47c55,3168339.188453,0.000040,1,1,1577,1456,0,0
decode,chatcmpl-a48ed1c2c8dccedc-abe47c55,3168339.202195,0.000041,1,1,1579,1457,0,0
decode,chatcmpl-a48ed1c2c8dccedc-abe47c55,3168339.215948,0.000041,1,1,1581,1458,0,0
decode,chatcmpl-a48ed1c2c8dccedc-abe47c55,3168339.229700,0.000041,1,1,1583,1459,0,0
decode,chatcmpl-a48ed1c2c8dccedc-abe47c55,3168339.243443,0.000040,1,1,1585,1460,0,0
decode,chatcmpl-a48ed1c2c8dccedc-abe47c55,3168339.257201,0.000041,1,1,1587,1461,0,0
decode,chatcmpl-a48ed1c2c8dccedc-abe47c55,3168339.270955,0.000041,1,1,1589,1462,0,0
decode,chatcmpl-a48ed1c2c8dccedc-abe47c55,3168339.284702,0.000040,1,1,1591,1463,0,0
decode,chatcmpl-a48ed1c2c8dccedc-abe47c55,3168339.298456,0.000041,1,1,1593,1464,0,0
decode,chatcmpl-a48ed1c2c8dccedc-abe47c55,3168339.312214,0.000042,1,1,1595,1465,0,0
decode,chatcmpl-a48ed1c2c8dccedc-abe47c55,3168339.326058,0.000041,1,1,1597,1466,0,0
decode,chatcmpl-a48ed1c2c8dccedc-abe47c55,3168339.339816,0.000041,1,1,1599,1467,0,0
decode,chatcmpl-a48ed1c2c8dccedc-abe47c55,3168339.353569,0.000040,1,1,1601,1468,0,0
decode,chatcmpl-a48ed1c2c8dccedc-abe47c55,3168339.367329,0.000042,1,1,1603,1469,0,0
decode,chatcmpl-a48ed1c2c8dccedc-abe47c55,3168339.381106,0.000041,1,1,1605,1470,0,0
decode,chatcmpl-a48ed1c2c8dccedc-abe47c55,3168339.394846,0.000040,1,1,1607,1471,0,0
decode,chatcmpl-a48ed1c2c8dccedc-abe47c55,3168339.408611,0.000042,1,1,1609,1472,0,0
decode,chatcmpl-a48ed1c2c8dccedc-abe47c55,3168339.422367,0.000042,1,1,1611,1473,0,0
decode,chatcmpl-a48ed1c2c8dccedc-abe47c55,3168339.436128,0.000040,1,1,1613,1474,0,0
decode,,3168339.449871,0.000088,0,0,,,0,0
decode,,3168339.450239,0.000054,0,0,,,0,0
prefill,chatcmpl-95b73b7efae60f4f-9b65f957,3168339.530101,0.000488,1,1336,1336,0,1,0
encoder,chatcmpl-95b73b7efae60f4f-9b65f957,3168339.532158,0.375302,1,0,,, 1,0
decode,chatcmpl-95b73b7efae60f4f-9b65f957,3168340.057238,0.000044,1,1,1337,1336,0,0
decode,chatcmpl-95b73b7efae60f4f-9b65f957,3168340.071360,0.000042,1,1,1339,1337,0,0
decode,chatcmpl-95b73b7efae60f4f-9b65f957,3168340.085164,0.000042,1,1,1341,1338,0,0
decode,chatcmpl-95b73b7efae60f4f-9b65f957,3168340.098920,0.000041,1,1,1343,1339,0,0
decode,chatcmpl-95b73b7efae60f4f-9b65f957,3168340.112703,0.000041,1,1,1345,1340,0,0
decode,chatcmpl-95b73b7efae60f4f-9b65f957,3168340.126474,0.000042,1,1,1347,1341,0,0
decode,chatcmpl-95b73b7efae60f4f-9b65f957,3168340.140260,0.000040,1,1,1349,1342,0,0
decode,chatcmpl-95b73b7efae60f4f-9b65f957,3168340.154029,0.000042,1,1,1351,1343,0,0
decode,chatcmpl-95b73b7efae60f4f-9b65f957,3168340.167796,0.000040,1,1,1353,1344,0,0
decode,chatcmpl-95b73b7efae60f4f-9b65f957,3168340.181538,0.000040,1,1,1355,1345,0,0
decode,chatcmpl-95b73b7efae60f4f-9b65f957,3168340.195283,0.000042,1,1,1357,1346,0,0
decode,chatcmpl-95b73b7efae60f4f-9b65f957,3168340.209064,0.000041,1,1,1359,1347,0,0
decode,chatcmpl-95b73b7efae60f4f-9b65f957,3168340.222822,0.000041,1,1,1361,1348,0,0
decode,chatcmpl-95b73b7efae60f4f-9b65f957,3168340.236576,0.000041,1,1,1363,1349,0,0
decode,chatcmpl-95b73b7efae60f4f-9b65f957,3168340.250329,0.000042,1,1,1365,1350,0,0
decode,chatcmpl-95b73b7efae60f4f-9b65f957,3168340.264067,0.000043,1,1,1367,1351,0,0
decode,chatcmpl-95b73b7efae60f4f-9b65f957,3168340.277822,0.000042,1,1,1369,1352,0,0
decode,chatcmpl-95b73b7efae60f4f-9b65f957,3168340.291574,0.000041,1,1,1371,1353,0,0
decode,chatcmpl-95b73b7efae60f4f-9b65f957,3168340.305356,0.000040,1,1,1373,1354,0,0
decode,chatcmpl-95b73b7efae60f4f-9b65f957,3168340.319119,0.000042,1,1,1375,1355,0,0
decode,chatcmpl-95b73b7efae60f4f-9b65f957,3168340.332881,0.000040,1,1,1377,1356,0,0
decode,chatcmpl-95b73b7efae60f4f-9b65f957,3168340.346617,0.000042,1,1,1379,1357,0,0
decode,chatcmpl-95b73b7efae60f4f-9b65f957,3168340.360379,0.000042,1,1,1381,1358,0,0
decode,chatcmpl-95b73b7efae60f4f-9b65f957,3168340.374121,0.000040,1,1,1383,1359,0,0
decode,chatcmpl-95b73b7efae60f4f-9b65f957,3168340.387871,0.000040,1,1,1385,1360,0,0
decode,chatcmpl-95b73b7efae60f4f-9b65f957,3168340.401633,0.000043,1,1,1387,1361,0,0
decode,chatcmpl-95b73b7efae60f4f-9b65f957,3168340.415370,0.000041,1,1,1389,1362,0,0
decode,chatcmpl-95b73b7efae60f4f-9b65f957,3168340.429119,0.000041,1,1,1391,1363,0,0
decode,chatcmpl-95b73b7efae60f4f-9b65f957,3168340.442858,0.000040,1,1,1393,1364,0,0
decode,chatcmpl-95b73b7efae60f4f-9b65f957,3168340.456638,0.000041,1,1,1395,1365,0,0
decode,chatcmpl-95b73b7efae60f4f-9b65f957,3168340.470390,0.000040,1,1,1397,1366,0,0
decode,chatcmpl-95b73b7efae60f4f-9b65f957,3168340.484149,0.000041,1,1,1399,1367,0,0
decode,chatcmpl-95b73b7efae60f4f-9b65f957,3168340.497897,0.000040,1,1,1401,1368,0,0
decode,chatcmpl-95b73b7efae60f4f-9b65f957,3168340.511628,0.000041,1,1,1403,1369,0,0
decode,chatcmpl-95b73b7efae60f4f-9b65f957,3168340.525396,0.000042,1,1,1405,1370,0,0
decode,chatcmpl-95b73b7efae60f4f-9b65f957,3168340.539131,0.000042,1,1,1407,1371,0,0
decode,chatcmpl-95b73b7efae60f4f-9b65f957,3168340.552887,0.000042,1,1,1409,1372,0,0
decode,chatcmpl-95b73b7efae60f4f-9b65f957,3168340.566621,0.000041,1,1,1411,1373,0,0
decode,chatcmpl-95b73b7efae60f4f-9b65f957,3168340.580396,0.000041,1,1,1413,1374,0,0
decode,chatcmpl-95b73b7efae60f4f-9b65f957,3168340.594152,0.000041,1,1,1415,1375,0,0
decode,chatcmpl-95b73b7efae60f4f-9b65f957,3168340.607904,0.000041,1,1,1417,1376,0,0
decode,chatcmpl-95b73b7efae60f4f-9b65f957,3168340.621664,0.000042,1,1,1419,1377,0,0
decode,chatcmpl-95b73b7efae60f4f-9b65f957,3168340.635408,0.000042,1,1,1421,1378,0,0
decode,chatcmpl-95b73b7efae60f4f-9b65f957,3168340.649162,0.000041,1,1,1423,1379,0,0
decode,chatcmpl-95b73b7efae60f4f-9b65f957,3168340.662926,0.000042,1,1,1425,1380,0,0
decode,chatcmpl-95b73b7efae60f4f-9b65f957,3168340.676706,0.000041,1,1,1427,1381,0,0
decode,chatcmpl-95b73b7efae60f4f-9b65f957,3168340.690459,0.000041,1,1,1429,1382,0,0
decode,chatcmpl-95b73b7efae60f4f-9b65f957,3168340.704195,0.000043,1,1,1431,1383,0,0
decode,chatcmpl-95b73b7efae60f4f-9b65f957,3168340.717942,0.000041,1,1,1433,1384,0,0
decode,chatcmpl-95b73b7efae60f4f-9b65f957,3168340.731693,0.000041,1,1,1435,1385,0,0
decode,chatcmpl-95b73b7efae60f4f-9b65f957,3168340.745437,0.000041,1,1,1437,1386,0,0
decode,chatcmpl-95b73b7efae60f4f-9b65f957,3168340.759188,0.000041,1,1,1439,1387,0,0
decode,chatcmpl-95b73b7efae60f4f-9b65f957,3168340.772967,0.000040,1,1,1441,1388,0,0
decode,chatcmpl-95b73b7efae60f4f-9b65f957,3168340.786706,0.000041,1,1,1443,1389,0,0
decode,chatcmpl-95b73b7efae60f4f-9b65f957,3168340.800462,0.000042,1,1,1445,1390,0,0
decode,chatcmpl-95b73b7efae60f4f-9b65f957,3168340.814207,0.000042,1,1,1447,1391,0,0
decode,chatcmpl-95b73b7efae60f4f-9b65f957,3168340.827947,0.000041,1,1,1449,1392,0,0
decode,chatcmpl-95b73b7efae60f4f-9b65f957,3168340.841700,0.000041,1,1,1451,1393,0,0
decode,chatcmpl-95b73b7efae60f4f-9b65f957,3168340.855464,0.000039,1,1,1453,1394,0,0
decode,chatcmpl-95b73b7efae60f4f-9b65f957,3168340.869211,0.000039,1,1,1455,1395,0,0
decode,chatcmpl-95b73b7efae60f4f-9b65f957,3168340.882949,0.000042,1,1,1457,1396,0,0
decode,chatcmpl-95b73b7efae60f4f-9b65f957,3168340.896703,0.000040,1,1,1459,1397,0,0
decode,chatcmpl-95b73b7efae60f4f-9b65f957,3168340.910464,0.000041,1,1,1461,1398,0,0
decode,chatcmpl-95b73b7efae60f4f-9b65f957,3168340.924226,0.000042,1,1,1463,1399,0,0
decode,chatcmpl-95b73b7efae60f4f-9b65f957,3168340.937973,0.000040,1,1,1465,1400,0,0
decode,chatcmpl-95b73b7efae60f4f-9b65f957,3168340.951708,0.000041,1,1,1467,1401,0,0
decode,chatcmpl-95b73b7efae60f4f-9b65f957,3168340.965459,0.000041,1,1,1469,1402,0,0
decode,chatcmpl-95b73b7efae60f4f-9b65f957,3168340.979202,0.000042,1,1,1471,1403,0,0
decode,chatcmpl-95b73b7efae60f4f-9b65f957,3168340.992972,0.000042,1,1,1473,1404,0,0
decode,chatcmpl-95b73b7efae60f4f-9b65f957,3168341.006733,0.000040,1,1,1475,1405,0,0
decode,chatcmpl-95b73b7efae60f4f-9b65f957,3168341.020479,0.000040,1,1,1477,1406,0,0
decode,chatcmpl-95b73b7efae60f4f-9b65f957,3168341.034233,0.000040,1,1,1479,1407,0,0
decode,chatcmpl-95b73b7efae60f4f-9b65f957,3168341.047979,0.000058,1,1,1481,1408,0,0
decode,chatcmpl-95b73b7efae60f4f-9b65f957,3168341.061744,0.000041,1,1,1483,1409,0,0
decode,chatcmpl-95b73b7efae60f4f-9b65f957,3168341.075475,0.000041,1,1,1485,1410,0,0
decode,chatcmpl-95b73b7efae60f4f-9b65f957,3168341.089238,0.000041,1,1,1487,1411,0,0
decode,chatcmpl-95b73b7efae60f4f-9b65f957,3168341.102997,0.000040,1,1,1489,1412,0,0
decode,chatcmpl-95b73b7efae60f4f-9b65f957,3168341.116771,0.000042,1,1,1491,1413,0,0
decode,chatcmpl-95b73b7efae60f4f-9b65f957,3168341.130540,0.000039,1,1,1493,1414,0,0
decode,chatcmpl-95b73b7efae60f4f-9b65f957,3168341.144290,0.000041,1,1,1495,1415,0,0
decode,chatcmpl-95b73b7efae60f4f-9b65f957,3168341.158031,0.000041,1,1,1497,1416,0,0
decode,chatcmpl-95b73b7efae60f4f-9b65f957,3168341.171768,0.000041,1,1,1499,1417,0,0
decode,chatcmpl-95b73b7efae60f4f-9b65f957,3168341.185496,0.000042,1,1,1501,1418,0,0
decode,chatcmpl-95b73b7efae60f4f-9b65f957,3168341.199249,0.000041,1,1,1503,1419,0,0
decode,chatcmpl-95b73b7efae60f4f-9b65f957,3168341.213006,0.000043,1,1,1505,1420,0,0
decode,chatcmpl-95b73b7efae60f4f-9b65f957,3168341.226748,0.000041,1,1,1507,1421,0,0
decode,chatcmpl-95b73b7efae60f4f-9b65f957,3168341.240518,0.000040,1,1,1509,1422,0,0
decode,chatcmpl-95b73b7efae60f4f-9b65f957,3168341.254262,0.000040,1,1,1511,1423,0,0
decode,chatcmpl-95b73b7efae60f4f-9b65f957,3168341.268011,0.000040,1,1,1513,1424,0,0
decode,chatcmpl-95b73b7efae60f4f-9b65f957,3168341.281765,0.000042,1,1,1515,1425,0,0
decode,chatcmpl-95b73b7efae60f4f-9b65f957,3168341.295505,0.000042,1,1,1517,1426,0,0
decode,chatcmpl-95b73b7efae60f4f-9b65f957,3168341.309263,0.000041,1,1,1519,1427,0,0
decode,chatcmpl-95b73b7efae60f4f-9b65f957,3168341.323016,0.000039,1,1,1521,1428,0,0
decode,chatcmpl-95b73b7efae60f4f-9b65f957,3168341.336778,0.000041,1,1,1523,1429,0,0
decode,chatcmpl-95b73b7efae60f4f-9b65f957,3168341.350534,0.000042,1,1,1525,1430,0,0
decode,chatcmpl-95b73b7efae60f4f-9b65f957,3168341.364312,0.000040,1,1,1527,1431,0,0
decode,chatcmpl-95b73b7efae60f4f-9b65f957,3168341.378053,0.000041,1,1,1529,1432,0,0
decode,chatcmpl-95b73b7efae60f4f-9b65f957,3168341.391811,0.000041,1,1,1531,1433,0,0
decode,chatcmpl-95b73b7efae60f4f-9b65f957,3168341.405574,0.000042,1,1,1533,1434,0,0
decode,chatcmpl-95b73b7efae60f4f-9b65f957,3168341.419339,0.000041,1,1,1535,1435,0,0
decode,chatcmpl-95b73b7efae60f4f-9b65f957,3168341.433096,0.000044,1,1,1537,1436,0,0
decode,chatcmpl-95b73b7efae60f4f-9b65f957,3168341.446830,0.000042,1,1,1539,1437,0,0
decode,chatcmpl-95b73b7efae60f4f-9b65f957,3168341.460635,0.000042,1,1,1541,1438,0,0
decode,chatcmpl-95b73b7efae60f4f-9b65f957,3168341.474390,0.000040,1,1,1543,1439,0,0
decode,chatcmpl-95b73b7efae60f4f-9b65f957,3168341.488119,0.000041,1,1,1545,1440,0,0
decode,chatcmpl-95b73b7efae60f4f-9b65f957,3168341.501861,0.000043,1,1,1547,1441,0,0
decode,chatcmpl-95b73b7efae60f4f-9b65f957,3168341.515591,0.000040,1,1,1549,1442,0,0
decode,chatcmpl-95b73b7efae60f4f-9b65f957,3168341.529372,0.000042,1,1,1551,1443,0,0
decode,chatcmpl-95b73b7efae60f4f-9b65f957,3168341.543111,0.000040,1,1,1553,1444,0,0
decode,chatcmpl-95b73b7efae60f4f-9b65f957,3168341.556870,0.000041,1,1,1555,1445,0,0
decode,chatcmpl-95b73b7efae60f4f-9b65f957,3168341.570614,0.000040,1,1,1557,1446,0,0
decode,chatcmpl-95b73b7efae60f4f-9b65f957,3168341.584383,0.000042,1,1,1559,1447,0,0
decode,chatcmpl-95b73b7efae60f4f-9b65f957,3168341.598111,0.000041,1,1,1561,1448,0,0
decode,chatcmpl-95b73b7efae60f4f-9b65f957,3168341.611867,0.000042,1,1,1563,1449,0,0
decode,chatcmpl-95b73b7efae60f4f-9b65f957,3168341.625634,0.000043,1,1,1565,1450,0,0
decode,chatcmpl-95b73b7efae60f4f-9b65f957,3168341.639396,0.000042,1,1,1567,1451,0,0
decode,chatcmpl-95b73b7efae60f4f-9b65f957,3168341.653144,0.000041,1,1,1569,1452,0,0
decode,chatcmpl-95b73b7efae60f4f-9b65f957,3168341.666886,0.000041,1,1,1571,1453,0,0
decode,chatcmpl-95b73b7efae60f4f-9b65f957,3168341.680639,0.000042,1,1,1573,1454,0,0
decode,chatcmpl-95b73b7efae60f4f-9b65f957,3168341.694373,0.000040,1,1,1575,1455,0,0
decode,chatcmpl-95b73b7efae60f4f-9b65f957,3168341.708110,0.000040,1,1,1577,1456,0,0
decode,chatcmpl-95b73b7efae60f4f-9b65f957,3168341.721863,0.000041,1,1,1579,1457,0,0
decode,chatcmpl-95b73b7efae60f4f-9b65f957,3168341.735611,0.000040,1,1,1581,1458,0,0
decode,chatcmpl-95b73b7efae60f4f-9b65f957,3168341.749331,0.000041,1,1,1583,1459,0,0
decode,chatcmpl-95b73b7efae60f4f-9b65f957,3168341.763174,0.000041,1,1,1585,1460,0,0
decode,chatcmpl-95b73b7efae60f4f-9b65f957,3168341.776925,0.000042,1,1,1587,1461,0,0
decode,chatcmpl-95b73b7efae60f4f-9b65f957,3168341.790666,0.000041,1,1,1589,1462,0,0
decode,chatcmpl-95b73b7efae60f4f-9b65f957,3168341.804443,0.000041,1,1,1591,1463,0,0
decode,chatcmpl-95b73b7efae60f4f-9b65f957,3168341.818195,0.000041,1,1,1593,1464,0,0
decode,chatcmpl-95b73b7efae60f4f-9b65f957,3168341.831935,0.000040,1,1,1595,1465,0,0
decode,chatcmpl-95b73b7efae60f4f-9b65f957,3168341.845705,0.000041,1,1,1597,1466,0,0
decode,chatcmpl-95b73b7efae60f4f-9b65f957,3168341.859443,0.000041,1,1,1599,1467,0,0
decode,chatcmpl-95b73b7efae60f4f-9b65f957,3168341.873213,0.000041,1,1,1601,1468,0,0
decode,chatcmpl-95b73b7efae60f4f-9b65f957,3168341.886940,0.000040,1,1,1603,1469,0,0
decode,chatcmpl-95b73b7efae60f4f-9b65f957,3168341.900709,0.000043,1,1,1605,1470,0,0
decode,chatcmpl-95b73b7efae60f4f-9b65f957,3168341.914561,0.000041,1,1,1607,1471,0,0
decode,chatcmpl-95b73b7efae60f4f-9b65f957,3168341.928319,0.000040,1,1,1609,1472,0,0
decode,chatcmpl-95b73b7efae60f4f-9b65f957,3168341.942059,0.000041,1,1,1611,1473,0,0
decode,chatcmpl-95b73b7efae60f4f-9b65f957,3168341.955797,0.000042,1,1,1613,1474,0,0
decode,chatcmpl-95b73b7efae60f4f-9b65f957,3168341.969562,0.000042,1,1,1615,1475,0,0
decode,chatcmpl-95b73b7efae60f4f-9b65f957,3168341.983310,0.000041,1,1,1617,1476,0,0
decode,chatcmpl-95b73b7efae60f4f-9b65f957,3168341.997064,0.000040,1,1,1619,1477,0,0
decode,chatcmpl-95b73b7efae60f4f-9b65f957,3168342.010796,0.000043,1,1,1621,1478,0,0
decode,chatcmpl-95b73b7efae60f4f-9b65f957,3168342.024576,0.000041,1,1,1623,1479,0,0
decode,chatcmpl-95b73b7efae60f4f-9b65f957,3168342.038319,0.000039,1,1,1625,1480,0,0
decode,chatcmpl-95b73b7efae60f4f-9b65f957,3168342.052059,0.000041,1,1,1627,1481,0,0
decode,chatcmpl-95b73b7efae60f4f-9b65f957,3168342.065892,0.000041,1,1,1629,1482,0,0
decode,chatcmpl-95b73b7efae60f4f-9b65f957,3168342.079625,0.000041,1,1,1631,1483,0,0
decode,chatcmpl-95b73b7efae60f4f-9b65f957,3168342.093366,0.000044,1,1,1633,1484,0,0
decode,,3168342.107110,0.000097,0,0,,,0,0
decode,,3168342.107429,0.000115,0,0,,,0,0
prefill,chatcmpl-800d94b426caa75f-b7ce4450,3168342.186047,0.000524,1,1352,1352,0,1,0
encoder,chatcmpl-800d94b426caa75f-b7ce4450,3168342.188080,0.375087,1,0,,, 1,0
decode,chatcmpl-800d94b426caa75f-b7ce4450,3168342.715181,0.000044,1,1,1353,1352,0,0
decode,chatcmpl-800d94b426caa75f-b7ce4450,3168342.729348,0.000041,1,1,1355,1353,0,0
decode,chatcmpl-800d94b426caa75f-b7ce4450,3168342.743227,0.000039,1,1,1357,1354,0,0
decode,chatcmpl-800d94b426caa75f-b7ce4450,3168342.756991,0.000040,1,1,1359,1355,0,0
decode,chatcmpl-800d94b426caa75f-b7ce4450,3168342.770735,0.000042,1,1,1361,1356,0,0
decode,chatcmpl-800d94b426caa75f-b7ce4450,3168342.784499,0.000040,1,1,1363,1357,0,0
decode,chatcmpl-800d94b426caa75f-b7ce4450,3168342.798247,0.000043,1,1,1365,1358,0,0
decode,chatcmpl-800d94b426caa75f-b7ce4450,3168342.812009,0.000040,1,1,1367,1359,0,0
decode,chatcmpl-800d94b426caa75f-b7ce4450,3168342.825756,0.000042,1,1,1369,1360,0,0
decode,chatcmpl-800d94b426caa75f-b7ce4450,3168342.839506,0.000043,1,1,1371,1361,0,0
decode,chatcmpl-800d94b426caa75f-b7ce4450,3168342.853255,0.000042,1,1,1373,1362,0,0
decode,chatcmpl-800d94b426caa75f-b7ce4450,3168342.867014,0.000041,1,1,1375,1363,0,0
decode,chatcmpl-800d94b426caa75f-b7ce4450,3168342.880754,0.000040,1,1,1377,1364,0,0
decode,chatcmpl-800d94b426caa75f-b7ce4450,3168342.894622,0.000043,1,1,1379,1365,0,0
decode,chatcmpl-800d94b426caa75f-b7ce4450,3168342.908361,0.000041,1,1,1381,1366,0,0
decode,chatcmpl-800d94b426caa75f-b7ce4450,3168342.922088,0.000042,1,1,1383,1367,0,0
decode,chatcmpl-800d94b426caa75f-b7ce4450,3168342.935821,0.000041,1,1,1385,1368,0,0
decode,chatcmpl-800d94b426caa75f-b7ce4450,3168342.949569,0.000041,1,1,1387,1369,0,0
decode,chatcmpl-800d94b426caa75f-b7ce4450,3168342.963300,0.000042,1,1,1389,1370,0,0
decode,chatcmpl-800d94b426caa75f-b7ce4450,3168342.977046,0.000040,1,1,1391,1371,0,0
decode,chatcmpl-800d94b426caa75f-b7ce4450,3168342.990798,0.000042,1,1,1393,1372,0,0
decode,chatcmpl-800d94b426caa75f-b7ce4450,3168343.004566,0.000040,1,1,1395,1373,0,0
decode,chatcmpl-800d94b426caa75f-b7ce4450,3168343.018304,0.000042,1,1,1397,1374,0,0
decode,chatcmpl-800d94b426caa75f-b7ce4450,3168343.032056,0.000042,1,1,1399,1375,0,0
decode,chatcmpl-800d94b426caa75f-b7ce4450,3168343.045882,0.000041,1,1,1401,1376,0,0
decode,chatcmpl-800d94b426caa75f-b7ce4450,3168343.059634,0.000041,1,1,1403,1377,0,0
decode,chatcmpl-800d94b426caa75f-b7ce4450,3168343.073382,0.000040,1,1,1405,1378,0,0
decode,chatcmpl-800d94b426caa75f-b7ce4450,3168343.087126,0.000040,1,1,1407,1379,0,0
decode,chatcmpl-800d94b426caa75f-b7ce4450,3168343.100865,0.000041,1,1,1409,1380,0,0
decode,chatcmpl-800d94b426caa75f-b7ce4450,3168343.114627,0.000043,1,1,1411,1381,0,0
decode,chatcmpl-800d94b426caa75f-b7ce4450,3168343.128372,0.000040,1,1,1413,1382,0,0
decode,chatcmpl-800d94b426caa75f-b7ce4450,3168343.142120,0.000039,1,1,1415,1383,0,0
decode,chatcmpl-800d94b426caa75f-b7ce4450,3168343.155855,0.000042,1,1,1417,1384,0,0
decode,chatcmpl-800d94b426caa75f-b7ce4450,3168343.169592,0.000041,1,1,1419,1385,0,0
decode,chatcmpl-800d94b426caa75f-b7ce4450,3168343.183347,0.000041,1,1,1421,1386,0,0
decode,chatcmpl-800d94b426caa75f-b7ce4450,3168343.197187,0.000041,1,1,1423,1387,0,0
decode,chatcmpl-800d94b426caa75f-b7ce4450,3168343.210921,0.000043,1,1,1425,1388,0,0
decode,chatcmpl-800d94b426caa75f-b7ce4450,3168343.224673,0.000041,1,1,1427,1389,0,0
decode,chatcmpl-800d94b426caa75f-b7ce4450,3168343.238410,0.000040,1,1,1429,1390,0,0
decode,chatcmpl-800d94b426caa75f-b7ce4450,3168343.252156,0.000041,1,1,1431,1391,0,0
decode,chatcmpl-800d94b426caa75f-b7ce4450,3168343.265903,0.000041,1,1,1433,1392,0,0
decode,chatcmpl-800d94b426caa75f-b7ce4450,3168343.279655,0.000040,1,1,1435,1393,0,0
decode,chatcmpl-800d94b426caa75f-b7ce4450,3168343.293397,0.000041,1,1,1437,1394,0,0
decode,chatcmpl-800d94b426caa75f-b7ce4450,3168343.307141,0.000040,1,1,1439,1395,0,0
decode,chatcmpl-800d94b426caa75f-b7ce4450,3168343.320872,0.000041,1,1,1441,1396,0,0
decode,chatcmpl-800d94b426caa75f-b7ce4450,3168343.334610,0.000039,1,1,1443,1397,0,0
decode,chatcmpl-800d94b426caa75f-b7ce4450,3168343.348358,0.000041,1,1,1445,1398,0,0
decode,chatcmpl-800d94b426caa75f-b7ce4450,3168343.362093,0.000040,1,1,1447,1399,0,0
decode,chatcmpl-800d94b426caa75f-b7ce4450,3168343.375830,0.000042,1,1,1449,1400,0,0
decode,chatcmpl-800d94b426caa75f-b7ce4450,3168343.389582,0.000042,1,1,1451,1401,0,0
decode,chatcmpl-800d94b426caa75f-b7ce4450,3168343.403301,0.000041,1,1,1453,1402,0,0
decode,chatcmpl-800d94b426caa75f-b7ce4450,3168343.417054,0.000041,1,1,1455,1403,0,0
decode,chatcmpl-800d94b426caa75f-b7ce4450,3168343.430793,0.000041,1,1,1457,1404,0,0
decode,chatcmpl-800d94b426caa75f-b7ce4450,3168343.444538,0.000041,1,1,1459,1405,0,0
decode,chatcmpl-800d94b426caa75f-b7ce4450,3168343.458287,0.000041,1,1,1461,1406,0,0
decode,chatcmpl-800d94b426caa75f-b7ce4450,3168343.472037,0.000042,1,1,1463,1407,0,0
decode,chatcmpl-800d94b426caa75f-b7ce4450,3168343.485773,0.000052,1,1,1465,1408,0,0
decode,chatcmpl-800d94b426caa75f-b7ce4450,3168343.499540,0.000041,1,1,1467,1409,0,0
decode,chatcmpl-800d94b426caa75f-b7ce4450,3168343.513308,0.000040,1,1,1469,1410,0,0
decode,chatcmpl-800d94b426caa75f-b7ce4450,3168343.527063,0.000040,1,1,1471,1411,0,0
decode,chatcmpl-800d94b426caa75f-b7ce4450,3168343.540826,0.000042,1,1,1473,1412,0,0
decode,chatcmpl-800d94b426caa75f-b7ce4450,3168343.554578,0.000040,1,1,1475,1413,0,0
decode,chatcmpl-800d94b426caa75f-b7ce4450,3168343.568297,0.000042,1,1,1477,1414,0,0
decode,chatcmpl-800d94b426caa75f-b7ce4450,3168343.582042,0.000040,1,1,1479,1415,0,0
decode,chatcmpl-800d94b426caa75f-b7ce4450,3168343.595792,0.000040,1,1,1481,1416,0,0
decode,chatcmpl-800d94b426caa75f-b7ce4450,3168343.609554,0.000041,1,1,1483,1417,0,0
decode,chatcmpl-800d94b426caa75f-b7ce4450,3168343.623290,0.000040,1,1,1485,1418,0,0
decode,chatcmpl-800d94b426caa75f-b7ce4450,3168343.637051,0.000042,1,1,1487,1419,0,0
decode,chatcmpl-800d94b426caa75f-b7ce4450,3168343.650809,0.000040,1,1,1489,1420,0,0
decode,chatcmpl-800d94b426caa75f-b7ce4450,3168343.664589,0.000040,1,1,1491,1421,0,0
decode,chatcmpl-800d94b426caa75f-b7ce4450,3168343.678341,0.000041,1,1,1493,1422,0,0
decode,chatcmpl-800d94b426caa75f-b7ce4450,3168343.692085,0.000041,1,1,1495,1423,0,0
decode,chatcmpl-800d94b426caa75f-b7ce4450,3168343.705848,0.000041,1,1,1497,1424,0,0
decode,chatcmpl-800d94b426caa75f-b7ce4450,3168343.719589,0.000041,1,1,1499,1425,0,0
decode,chatcmpl-800d94b426caa75f-b7ce4450,3168343.733351,0.000040,1,1,1501,1426,0,0
decode,chatcmpl-800d94b426caa75f-b7ce4450,3168343.747100,0.000040,1,1,1503,1427,0,0
decode,chatcmpl-800d94b426caa75f-b7ce4450,3168343.760834,0.000039,1,1,1505,1428,0,0
decode,chatcmpl-800d94b426caa75f-b7ce4450,3168343.774575,0.000041,1,1,1507,1429,0,0
decode,chatcmpl-800d94b426caa75f-b7ce4450,3168343.788326,0.000041,1,1,1509,1430,0,0
decode,chatcmpl-800d94b426caa75f-b7ce4450,3168343.802068,0.000041,1,1,1511,1431,0,0
decode,chatcmpl-800d94b426caa75f-b7ce4450,3168343.815790,0.000041,1,1,1513,1432,0,0
decode,chatcmpl-800d94b426caa75f-b7ce4450,3168343.829558,0.000043,1,1,1515,1433,0,0
decode,chatcmpl-800d94b426caa75f-b7ce4450,3168343.843297,0.000042,1,1,1517,1434,0,0
decode,chatcmpl-800d94b426caa75f-b7ce4450,3168343.857076,0.000042,1,1,1519,1435,0,0
decode,chatcmpl-800d94b426caa75f-b7ce4450,3168343.870838,0.000043,1,1,1521,1436,0,0
decode,chatcmpl-800d94b426caa75f-b7ce4450,3168343.884588,0.000041,1,1,1523,1437,0,0
decode,chatcmpl-800d94b426caa75f-b7ce4450,3168343.898346,0.000042,1,1,1525,1438,0,0
decode,chatcmpl-800d94b426caa75f-b7ce4450,3168343.912099,0.000042,1,1,1527,1439,0,0
decode,chatcmpl-800d94b426caa75f-b7ce4450,3168343.925853,0.000040,1,1,1529,1440,0,0
decode,chatcmpl-800d94b426caa75f-b7ce4450,3168343.939594,0.000041,1,1,1531,1441,0,0
decode,chatcmpl-800d94b426caa75f-b7ce4450,3168343.953363,0.000042,1,1,1533,1442,0,0
decode,chatcmpl-800d94b426caa75f-b7ce4450,3168343.967124,0.000040,1,1,1535,1443,0,0
decode,chatcmpl-800d94b426caa75f-b7ce4450,3168343.980861,0.000041,1,1,1537,1444,0,0
decode,chatcmpl-800d94b426caa75f-b7ce4450,3168343.994596,0.000041,1,1,1539,1445,0,0
decode,chatcmpl-800d94b426caa75f-b7ce4450,3168344.008357,0.000041,1,1,1541,1446,0,0
decode,chatcmpl-800d94b426caa75f-b7ce4450,3168344.022076,0.000041,1,1,1543,1447,0,0
decode,chatcmpl-800d94b426caa75f-b7ce4450,3168344.035803,0.000041,1,1,1545,1448,0,0
decode,chatcmpl-800d94b426caa75f-b7ce4450,3168344.049550,0.000042,1,1,1547,1449,0,0
decode,chatcmpl-800d94b426caa75f-b7ce4450,3168344.063286,0.000041,1,1,1549,1450,0,0
decode,chatcmpl-800d94b426caa75f-b7ce4450,3168344.077021,0.000041,1,1,1551,1451,0,0
decode,chatcmpl-800d94b426caa75f-b7ce4450,3168344.090774,0.000040,1,1,1553,1452,0,0
decode,chatcmpl-800d94b426caa75f-b7ce4450,3168344.104540,0.000042,1,1,1555,1453,0,0
decode,chatcmpl-800d94b426caa75f-b7ce4450,3168344.118274,0.000039,1,1,1557,1454,0,0
decode,chatcmpl-800d94b426caa75f-b7ce4450,3168344.132014,0.000040,1,1,1559,1455,0,0
decode,chatcmpl-800d94b426caa75f-b7ce4450,3168344.145754,0.000041,1,1,1561,1456,0,0
decode,chatcmpl-800d94b426caa75f-b7ce4450,3168344.159515,0.000040,1,1,1563,1457,0,0
decode,chatcmpl-800d94b426caa75f-b7ce4450,3168344.173258,0.000041,1,1,1565,1458,0,0
decode,chatcmpl-800d94b426caa75f-b7ce4450,3168344.186994,0.000040,1,1,1567,1459,0,0
decode,chatcmpl-800d94b426caa75f-b7ce4450,3168344.200768,0.000042,1,1,1569,1460,0,0
decode,chatcmpl-800d94b426caa75f-b7ce4450,3168344.214520,0.000040,1,1,1571,1461,0,0
decode,chatcmpl-800d94b426caa75f-b7ce4450,3168344.228274,0.000041,1,1,1573,1462,0,0
decode,chatcmpl-800d94b426caa75f-b7ce4450,3168344.242011,0.000041,1,1,1575,1463,0,0
decode,chatcmpl-800d94b426caa75f-b7ce4450,3168344.255748,0.000041,1,1,1577,1464,0,0
decode,chatcmpl-800d94b426caa75f-b7ce4450,3168344.269483,0.000041,1,1,1579,1465,0,0
decode,chatcmpl-800d94b426caa75f-b7ce4450,3168344.283202,0.000042,1,1,1581,1466,0,0
decode,chatcmpl-800d94b426caa75f-b7ce4450,3168344.296956,0.000043,1,1,1583,1467,0,0
decode,chatcmpl-800d94b426caa75f-b7ce4450,3168344.310716,0.000041,1,1,1585,1468,0,0
decode,chatcmpl-800d94b426caa75f-b7ce4450,3168344.324485,0.000042,1,1,1587,1469,0,0
decode,chatcmpl-800d94b426caa75f-b7ce4450,3168344.338229,0.000041,1,1,1589,1470,0,0
decode,chatcmpl-800d94b426caa75f-b7ce4450,3168344.351987,0.000046,1,1,1591,1471,0,0
decode,chatcmpl-800d94b426caa75f-b7ce4450,3168344.365736,0.000040,1,1,1593,1472,0,0
decode,chatcmpl-800d94b426caa75f-b7ce4450,3168344.379480,0.000041,1,1,1595,1473,0,0
decode,chatcmpl-800d94b426caa75f-b7ce4450,3168344.393234,0.000041,1,1,1597,1474,0,0
decode,chatcmpl-800d94b426caa75f-b7ce4450,3168344.406990,0.000040,1,1,1599,1475,0,0
decode,chatcmpl-800d94b426caa75f-b7ce4450,3168344.420742,0.000039,1,1,1601,1476,0,0
decode,chatcmpl-800d94b426caa75f-b7ce4450,3168344.434480,0.000042,1,1,1603,1477,0,0
decode,chatcmpl-800d94b426caa75f-b7ce4450,3168344.448226,0.000042,1,1,1605,1478,0,0
decode,chatcmpl-800d94b426caa75f-b7ce4450,3168344.461953,0.000041,1,1,1607,1479,0,0
decode,chatcmpl-800d94b426caa75f-b7ce4450,3168344.475681,0.000040,1,1,1609,1480,0,0
decode,chatcmpl-800d94b426caa75f-b7ce4450,3168344.489423,0.000039,1,1,1611,1481,0,0
decode,chatcmpl-800d94b426caa75f-b7ce4450,3168344.503164,0.000040,1,1,1613,1482,0,0
decode,chatcmpl-800d94b426caa75f-b7ce4450,3168344.516939,0.000041,1,1,1615,1483,0,0
decode,chatcmpl-800d94b426caa75f-b7ce4450,3168344.530676,0.000040,1,1,1617,1484,0,0
decode,chatcmpl-800d94b426caa75f-b7ce4450,3168344.544439,0.000043,1,1,1619,1485,0,0
decode,chatcmpl-800d94b426caa75f-b7ce4450,3168344.558185,0.000040,1,1,1621,1486,0,0
decode,chatcmpl-800d94b426caa75f-b7ce4450,3168344.571929,0.000041,1,1,1623,1487,0,0
decode,chatcmpl-800d94b426caa75f-b7ce4450,3168344.585693,0.000041,1,1,1625,1488,0,0
decode,chatcmpl-800d94b426caa75f-b7ce4450,3168344.599427,0.000040,1,1,1627,1489,0,0
decode,chatcmpl-800d94b426caa75f-b7ce4450,3168344.613175,0.000042,1,1,1629,1490,0,0
decode,chatcmpl-800d94b426caa75f-b7ce4450,3168344.626914,0.000040,1,1,1631,1491,0,0
decode,chatcmpl-800d94b426caa75f-b7ce4450,3168344.640661,0.000041,1,1,1633,1492,0,0
decode,chatcmpl-800d94b426caa75f-b7ce4450,3168344.654429,0.000043,1,1,1635,1493,0,0
decode,chatcmpl-800d94b426caa75f-b7ce4450,3168344.668163,0.000042,1,1,1637,1494,0,0
decode,,3168344.681897,0.000087,0,0,,,0,0
decode,,3168344.682220,0.000117,0,0,,,0,0
prefill,chatcmpl-a82b960b8ef2cb21-bee4cbe0,3168344.760300,0.000598,1,1363,1363,0,1,0
encoder,chatcmpl-a82b960b8ef2cb21-bee4cbe0,3168344.762490,0.374947,1,0,,, 1,0
decode,chatcmpl-a82b960b8ef2cb21-bee4cbe0,3168345.291323,0.000045,1,1,1364,1363,0,0
decode,chatcmpl-a82b960b8ef2cb21-bee4cbe0,3168345.305481,0.000043,1,1,1366,1364,0,0
decode,chatcmpl-a82b960b8ef2cb21-bee4cbe0,3168345.319283,0.000040,1,1,1368,1365,0,0
decode,chatcmpl-a82b960b8ef2cb21-bee4cbe0,3168345.333143,0.000043,1,1,1370,1366,0,0
decode,chatcmpl-a82b960b8ef2cb21-bee4cbe0,3168345.346910,0.000043,1,1,1372,1367,0,0
decode,chatcmpl-a82b960b8ef2cb21-bee4cbe0,3168345.360666,0.000045,1,1,1374,1368,0,0
decode,chatcmpl-a82b960b8ef2cb21-bee4cbe0,3168345.374437,0.000041,1,1,1376,1369,0,0
decode,chatcmpl-a82b960b8ef2cb21-bee4cbe0,3168345.388176,0.000041,1,1,1378,1370,0,0
decode,chatcmpl-a82b960b8ef2cb21-bee4cbe0,3168345.401933,0.000041,1,1,1380,1371,0,0
decode,chatcmpl-a82b960b8ef2cb21-bee4cbe0,3168345.415673,0.000042,1,1,1382,1372,0,0
decode,chatcmpl-a82b960b8ef2cb21-bee4cbe0,3168345.429423,0.000041,1,1,1384,1373,0,0
decode,chatcmpl-a82b960b8ef2cb21-bee4cbe0,3168345.443180,0.000043,1,1,1386,1374,0,0
decode,chatcmpl-a82b960b8ef2cb21-bee4cbe0,3168345.456923,0.000041,1,1,1388,1375,0,0
decode,chatcmpl-a82b960b8ef2cb21-bee4cbe0,3168345.470651,0.000041,1,1,1390,1376,0,0
decode,chatcmpl-a82b960b8ef2cb21-bee4cbe0,3168345.484513,0.000040,1,1,1392,1377,0,0
decode,chatcmpl-a82b960b8ef2cb21-bee4cbe0,3168345.498252,0.000041,1,1,1394,1378,0,0
decode,chatcmpl-a82b960b8ef2cb21-bee4cbe0,3168345.512007,0.000040,1,1,1396,1379,0,0
decode,chatcmpl-a82b960b8ef2cb21-bee4cbe0,3168345.525742,0.000041,1,1,1398,1380,0,0
decode,chatcmpl-a82b960b8ef2cb21-bee4cbe0,3168345.539479,0.000040,1,1,1400,1381,0,0
decode,chatcmpl-a82b960b8ef2cb21-bee4cbe0,3168345.553238,0.000041,1,1,1402,1382,0,0
decode,chatcmpl-a82b960b8ef2cb21-bee4cbe0,3168345.566979,0.000042,1,1,1404,1383,0,0
decode,chatcmpl-a82b960b8ef2cb21-bee4cbe0,3168345.580748,0.000041,1,1,1406,1384,0,0
decode,chatcmpl-a82b960b8ef2cb21-bee4cbe0,3168345.594518,0.000044,1,1,1408,1385,0,0
decode,chatcmpl-a82b960b8ef2cb21-bee4cbe0,3168345.608269,0.000041,1,1,1410,1386,0,0
decode,chatcmpl-a82b960b8ef2cb21-bee4cbe0,3168345.622013,0.000041,1,1,1412,1387,0,0
decode,chatcmpl-a82b960b8ef2cb21-bee4cbe0,3168345.635849,0.000040,1,1,1414,1388,0,0
decode,chatcmpl-a82b960b8ef2cb21-bee4cbe0,3168345.649595,0.000041,1,1,1416,1389,0,0
decode,chatcmpl-a82b960b8ef2cb21-bee4cbe0,3168345.663338,0.000040,1,1,1418,1390,0,0
decode,chatcmpl-a82b960b8ef2cb21-bee4cbe0,3168345.677102,0.000042,1,1,1420,1391,0,0
decode,chatcmpl-a82b960b8ef2cb21-bee4cbe0,3168345.690842,0.000041,1,1,1422,1392,0,0
decode,chatcmpl-a82b960b8ef2cb21-bee4cbe0,3168345.704594,0.000041,1,1,1424,1393,0,0
decode,chatcmpl-a82b960b8ef2cb21-bee4cbe0,3168345.718358,0.000040,1,1,1426,1394,0,0
decode,chatcmpl-a82b960b8ef2cb21-bee4cbe0,3168345.732119,0.000041,1,1,1428,1395,0,0
decode,chatcmpl-a82b960b8ef2cb21-bee4cbe0,3168345.745871,0.000042,1,1,1430,1396,0,0
decode,chatcmpl-a82b960b8ef2cb21-bee4cbe0,3168345.759632,0.000041,1,1,1432,1397,0,0
decode,chatcmpl-a82b960b8ef2cb21-bee4cbe0,3168345.773373,0.000040,1,1,1434,1398,0,0
decode,chatcmpl-a82b960b8ef2cb21-bee4cbe0,3168345.787198,0.000041,1,1,1436,1399,0,0
decode,chatcmpl-a82b960b8ef2cb21-bee4cbe0,3168345.800954,0.000041,1,1,1438,1400,0,0
decode,chatcmpl-a82b960b8ef2cb21-bee4cbe0,3168345.814703,0.000041,1,1,1440,1401,0,0
decode,chatcmpl-a82b960b8ef2cb21-bee4cbe0,3168345.828470,0.000040,1,1,1442,1402,0,0
decode,chatcmpl-a82b960b8ef2cb21-bee4cbe0,3168345.842228,0.000041,1,1,1444,1403,0,0
decode,chatcmpl-a82b960b8ef2cb21-bee4cbe0,3168345.855959,0.000040,1,1,1446,1404,0,0
decode,chatcmpl-a82b960b8ef2cb21-bee4cbe0,3168345.869706,0.000041,1,1,1448,1405,0,0
decode,chatcmpl-a82b960b8ef2cb21-bee4cbe0,3168345.883464,0.000042,1,1,1450,1406,0,0
decode,chatcmpl-a82b960b8ef2cb21-bee4cbe0,3168345.897227,0.000042,1,1,1452,1407,0,0
decode,chatcmpl-a82b960b8ef2cb21-bee4cbe0,3168345.910953,0.000051,1,1,1454,1408,0,0
decode,chatcmpl-a82b960b8ef2cb21-bee4cbe0,3168345.924711,0.000039,1,1,1456,1409,0,0
decode,chatcmpl-a82b960b8ef2cb21-bee4cbe0,3168345.938552,0.000041,1,1,1458,1410,0,0
decode,chatcmpl-a82b960b8ef2cb21-bee4cbe0,3168345.952321,0.000042,1,1,1460,1411,0,0
decode,chatcmpl-a82b960b8ef2cb21-bee4cbe0,3168345.966069,0.000042,1,1,1462,1412,0,0
decode,chatcmpl-a82b960b8ef2cb21-bee4cbe0,3168345.979817,0.000040,1,1,1464,1413,0,0
decode,chatcmpl-a82b960b8ef2cb21-bee4cbe0,3168345.993588,0.000041,1,1,1466,1414,0,0
decode,chatcmpl-a82b960b8ef2cb21-bee4cbe0,3168346.007336,0.000042,1,1,1468,1415,0,0
decode,chatcmpl-a82b960b8ef2cb21-bee4cbe0,3168346.021110,0.000042,1,1,1470,1416,0,0
decode,chatcmpl-a82b960b8ef2cb21-bee4cbe0,3168346.034876,0.000043,1,1,1472,1417,0,0
decode,chatcmpl-a82b960b8ef2cb21-bee4cbe0,3168346.048649,0.000041,1,1,1474,1418,0,0
decode,chatcmpl-a82b960b8ef2cb21-bee4cbe0,3168346.062398,0.000041,1,1,1476,1419,0,0
decode,chatcmpl-a82b960b8ef2cb21-bee4cbe0,3168346.076134,0.000092,1,1,1478,1420,0,0
decode,chatcmpl-a82b960b8ef2cb21-bee4cbe0,3168346.089974,0.000043,1,1,1480,1421,0,0
decode,chatcmpl-a82b960b8ef2cb21-bee4cbe0,3168346.103712,0.000039,1,1,1482,1422,0,0
decode,chatcmpl-a82b960b8ef2cb21-bee4cbe0,3168346.117452,0.000042,1,1,1484,1423,0,0
decode,chatcmpl-a82b960b8ef2cb21-bee4cbe0,3168346.131183,0.000042,1,1,1486,1424,0,0
decode,chatcmpl-a82b960b8ef2cb21-bee4cbe0,3168346.144934,0.000040,1,1,1488,1425,0,0
decode,chatcmpl-a82b960b8ef2cb21-bee4cbe0,3168346.158683,0.000042,1,1,1490,1426,0,0
decode,chatcmpl-a82b960b8ef2cb21-bee4cbe0,3168346.172450,0.000039,1,1,1492,1427,0,0
decode,chatcmpl-a82b960b8ef2cb21-bee4cbe0,3168346.186193,0.000041,1,1,1494,1428,0,0
decode,chatcmpl-a82b960b8ef2cb21-bee4cbe0,3168346.199936,0.000041,1,1,1496,1429,0,0
decode,chatcmpl-a82b960b8ef2cb21-bee4cbe0,3168346.213654,0.000040,1,1,1498,1430,0,0
decode,chatcmpl-a82b960b8ef2cb21-bee4cbe0,3168346.227407,0.000040,1,1,1500,1431,0,0
decode,chatcmpl-a82b960b8ef2cb21-bee4cbe0,3168346.241245,0.000042,1,1,1502,1432,0,0
decode,chatcmpl-a82b960b8ef2cb21-bee4cbe0,3168346.254994,0.000041,1,1,1504,1433,0,0
decode,chatcmpl-a82b960b8ef2cb21-bee4cbe0,3168346.268744,0.000041,1,1,1506,1434,0,0
decode,chatcmpl-a82b960b8ef2cb21-bee4cbe0,3168346.282491,0.000042,1,1,1508,1435,0,0
decode,chatcmpl-a82b960b8ef2cb21-bee4cbe0,3168346.296265,0.000040,1,1,1510,1436,0,0
decode,chatcmpl-a82b960b8ef2cb21-bee4cbe0,3168346.310010,0.000040,1,1,1512,1437,0,0
decode,chatcmpl-a82b960b8ef2cb21-bee4cbe0,3168346.323749,0.000040,1,1,1514,1438,0,0
decode,chatcmpl-a82b960b8ef2cb21-bee4cbe0,3168346.337506,0.000041,1,1,1516,1439,0,0
decode,chatcmpl-a82b960b8ef2cb21-bee4cbe0,3168346.351253,0.000041,1,1,1518,1440,0,0
decode,chatcmpl-a82b960b8ef2cb21-bee4cbe0,3168346.364977,0.000041,1,1,1520,1441,0,0
decode,chatcmpl-a82b960b8ef2cb21-bee4cbe0,3168346.378721,0.000041,1,1,1522,1442,0,0
decode,chatcmpl-a82b960b8ef2cb21-bee4cbe0,3168346.392577,0.000041,1,1,1524,1443,0,0
decode,chatcmpl-a82b960b8ef2cb21-bee4cbe0,3168346.406336,0.000041,1,1,1526,1444,0,0
decode,chatcmpl-a82b960b8ef2cb21-bee4cbe0,3168346.420084,0.000042,1,1,1528,1445,0,0
decode,chatcmpl-a82b960b8ef2cb21-bee4cbe0,3168346.433851,0.000041,1,1,1530,1446,0,0
decode,chatcmpl-a82b960b8ef2cb21-bee4cbe0,3168346.447611,0.000041,1,1,1532,1447,0,0
decode,chatcmpl-a82b960b8ef2cb21-bee4cbe0,3168346.461372,0.000040,1,1,1534,1448,0,0
decode,chatcmpl-a82b960b8ef2cb21-bee4cbe0,3168346.475120,0.000041,1,1,1536,1449,0,0
decode,chatcmpl-a82b960b8ef2cb21-bee4cbe0,3168346.488881,0.000041,1,1,1538,1450,0,0
decode,chatcmpl-a82b960b8ef2cb21-bee4cbe0,3168346.502634,0.000042,1,1,1540,1451,0,0
decode,chatcmpl-a82b960b8ef2cb21-bee4cbe0,3168346.516379,0.000041,1,1,1542,1452,0,0
decode,chatcmpl-a82b960b8ef2cb21-bee4cbe0,3168346.530119,0.000041,1,1,1544,1453,0,0
decode,chatcmpl-a82b960b8ef2cb21-bee4cbe0,3168346.543963,0.000046,1,1,1546,1454,0,0
decode,chatcmpl-a82b960b8ef2cb21-bee4cbe0,3168346.557725,0.000040,1,1,1548,1455,0,0
decode,chatcmpl-a82b960b8ef2cb21-bee4cbe0,3168346.571483,0.000039,1,1,1550,1456,0,0
decode,chatcmpl-a82b960b8ef2cb21-bee4cbe0,3168346.585244,0.000042,1,1,1552,1457,0,0
decode,chatcmpl-a82b960b8ef2cb21-bee4cbe0,3168346.598993,0.000040,1,1,1554,1458,0,0
decode,chatcmpl-a82b960b8ef2cb21-bee4cbe0,3168346.612764,0.000041,1,1,1556,1459,0,0
decode,chatcmpl-a82b960b8ef2cb21-bee4cbe0,3168346.626509,0.000041,1,1,1558,1460,0,0
decode,chatcmpl-a82b960b8ef2cb21-bee4cbe0,3168346.640243,0.000041,1,1,1560,1461,0,0
decode,chatcmpl-a82b960b8ef2cb21-bee4cbe0,3168346.653991,0.000040,1,1,1562,1462,0,0
decode,chatcmpl-a82b960b8ef2cb21-bee4cbe0,3168346.667740,0.000040,1,1,1564,1463,0,0
decode,chatcmpl-a82b960b8ef2cb21-bee4cbe0,3168346.681488,0.000042,1,1,1566,1464,0,0
decode,chatcmpl-a82b960b8ef2cb21-bee4cbe0,3168346.695239,0.000040,1,1,1568,1465,0,0
decode,chatcmpl-a82b960b8ef2cb21-bee4cbe0,3168346.708990,0.000043,1,1,1570,1466,0,0
decode,chatcmpl-a82b960b8ef2cb21-bee4cbe0,3168346.722743,0.000040,1,1,1572,1467,0,0
decode,chatcmpl-a82b960b8ef2cb21-bee4cbe0,3168346.736497,0.000041,1,1,1574,1468,0,0
decode,chatcmpl-a82b960b8ef2cb21-bee4cbe0,3168346.750240,0.000039,1,1,1576,1469,0,0
decode,chatcmpl-a82b960b8ef2cb21-bee4cbe0,3168346.763994,0.000045,1,1,1578,1470,0,0
decode,chatcmpl-a82b960b8ef2cb21-bee4cbe0,3168346.777738,0.000041,1,1,1580,1471,0,0
decode,chatcmpl-a82b960b8ef2cb21-bee4cbe0,3168346.791480,0.000042,1,1,1582,1472,0,0
decode,chatcmpl-a82b960b8ef2cb21-bee4cbe0,3168346.805238,0.000041,1,1,1584,1473,0,0
decode,chatcmpl-a82b960b8ef2cb21-bee4cbe0,3168346.818991,0.000040,1,1,1586,1474,0,0
decode,chatcmpl-a82b960b8ef2cb21-bee4cbe0,3168346.832741,0.000040,1,1,1588,1475,0,0
decode,chatcmpl-a82b960b8ef2cb21-bee4cbe0,3168346.846492,0.000042,1,1,1590,1476,0,0
decode,chatcmpl-a82b960b8ef2cb21-bee4cbe0,3168346.860247,0.000041,1,1,1592,1477,0,0
decode,chatcmpl-a82b960b8ef2cb21-bee4cbe0,3168346.873972,0.000041,1,1,1594,1478,0,0
decode,chatcmpl-a82b960b8ef2cb21-bee4cbe0,3168346.887704,0.000041,1,1,1596,1479,0,0
decode,chatcmpl-a82b960b8ef2cb21-bee4cbe0,3168346.901452,0.000042,1,1,1598,1480,0,0
decode,chatcmpl-a82b960b8ef2cb21-bee4cbe0,3168346.915192,0.000040,1,1,1600,1481,0,0
decode,chatcmpl-a82b960b8ef2cb21-bee4cbe0,3168346.928950,0.000040,1,1,1602,1482,0,0
decode,chatcmpl-a82b960b8ef2cb21-bee4cbe0,3168346.942711,0.000040,1,1,1604,1483,0,0
decode,chatcmpl-a82b960b8ef2cb21-bee4cbe0,3168346.956470,0.000041,1,1,1606,1484,0,0
decode,chatcmpl-a82b960b8ef2cb21-bee4cbe0,3168346.970200,0.000039,1,1,1608,1485,0,0
decode,chatcmpl-a82b960b8ef2cb21-bee4cbe0,3168346.983945,0.000041,1,1,1610,1486,0,0
decode,chatcmpl-a82b960b8ef2cb21-bee4cbe0,3168346.997688,0.000040,1,1,1612,1487,0,0
decode,chatcmpl-a82b960b8ef2cb21-bee4cbe0,3168347.011427,0.000042,1,1,1614,1488,0,0
decode,chatcmpl-a82b960b8ef2cb21-bee4cbe0,3168347.025192,0.000040,1,1,1616,1489,0,0
decode,chatcmpl-a82b960b8ef2cb21-bee4cbe0,3168347.038927,0.000042,1,1,1618,1490,0,0
decode,chatcmpl-a82b960b8ef2cb21-bee4cbe0,3168347.052689,0.000042,1,1,1620,1491,0,0
decode,chatcmpl-a82b960b8ef2cb21-bee4cbe0,3168347.066432,0.000041,1,1,1622,1492,0,0
decode,chatcmpl-a82b960b8ef2cb21-bee4cbe0,3168347.080169,0.000042,1,1,1624,1493,0,0
decode,chatcmpl-a82b960b8ef2cb21-bee4cbe0,3168347.093905,0.000042,1,1,1626,1494,0,0
decode,chatcmpl-a82b960b8ef2cb21-bee4cbe0,3168347.107668,0.000041,1,1,1628,1495,0,0
decode,chatcmpl-a82b960b8ef2cb21-bee4cbe0,3168347.121415,0.000042,1,1,1630,1496,0,0
decode,chatcmpl-a82b960b8ef2cb21-bee4cbe0,3168347.135155,0.000041,1,1,1632,1497,0,0
decode,chatcmpl-a82b960b8ef2cb21-bee4cbe0,3168347.148918,0.000040,1,1,1634,1498,0,0
decode,chatcmpl-a82b960b8ef2cb21-bee4cbe0,3168347.162651,0.000040,1,1,1636,1499,0,0
decode,chatcmpl-a82b960b8ef2cb21-bee4cbe0,3168347.176402,0.000040,1,1,1638,1500,0,0
decode,chatcmpl-a82b960b8ef2cb21-bee4cbe0,3168347.190139,0.000040,1,1,1640,1501,0,0
decode,,3168347.203885,0.000086,0,0,,,0,0
decode,,3168347.204251,0.000056,0,0,,,0,0
prefill,chatcmpl-b0a5767456077f0f-8bf316f6,3168347.284090,0.000552,1,1371,1371,0,1,0
encoder,chatcmpl-b0a5767456077f0f-8bf316f6,3168347.286229,0.375207,1,0,,, 1,0
decode,chatcmpl-b0a5767456077f0f-8bf316f6,3168347.815364,0.000043,1,1,1372,1371,0,0
decode,chatcmpl-b0a5767456077f0f-8bf316f6,3168347.829523,0.000040,1,1,1374,1372,0,0
decode,chatcmpl-b0a5767456077f0f-8bf316f6,3168347.843312,0.000041,1,1,1376,1373,0,0
decode,chatcmpl-b0a5767456077f0f-8bf316f6,3168347.857115,0.000041,1,1,1378,1374,0,0
decode,chatcmpl-b0a5767456077f0f-8bf316f6,3168347.870878,0.000041,1,1,1380,1375,0,0
decode,chatcmpl-b0a5767456077f0f-8bf316f6,3168347.884669,0.000042,1,1,1382,1376,0,0
decode,chatcmpl-b0a5767456077f0f-8bf316f6,3168347.898432,0.000042,1,1,1384,1377,0,0
decode,chatcmpl-b0a5767456077f0f-8bf316f6,3168347.912191,0.000041,1,1,1386,1378,0,0
decode,chatcmpl-b0a5767456077f0f-8bf316f6,3168347.926026,0.000043,1,1,1388,1379,0,0
decode,chatcmpl-b0a5767456077f0f-8bf316f6,3168347.939767,0.000042,1,1,1390,1380,0,0
decode,chatcmpl-b0a5767456077f0f-8bf316f6,3168347.953519,0.000039,1,1,1392,1381,0,0
decode,chatcmpl-b0a5767456077f0f-8bf316f6,3168347.967243,0.000042,1,1,1394,1382,0,0
decode,chatcmpl-b0a5767456077f0f-8bf316f6,3168347.981029,0.000042,1,1,1396,1383,0,0
decode,chatcmpl-b0a5767456077f0f-8bf316f6,3168347.994781,0.000041,1,1,1398,1384,0,0
decode,chatcmpl-b0a5767456077f0f-8bf316f6,3168348.008539,0.000042,1,1,1400,1385,0,0
decode,chatcmpl-b0a5767456077f0f-8bf316f6,3168348.022292,0.000041,1,1,1402,1386,0,0
decode,chatcmpl-b0a5767456077f0f-8bf316f6,3168348.036030,0.000041,1,1,1404,1387,0,0
decode,chatcmpl-b0a5767456077f0f-8bf316f6,3168348.049783,0.000041,1,1,1406,1388,0,0
decode,chatcmpl-b0a5767456077f0f-8bf316f6,3168348.063532,0.000040,1,1,1408,1389,0,0
decode,chatcmpl-b0a5767456077f0f-8bf316f6,3168348.077399,0.000042,1,1,1410,1390,0,0
decode,chatcmpl-b0a5767456077f0f-8bf316f6,3168348.091152,0.000041,1,1,1412,1391,0,0
decode,chatcmpl-b0a5767456077f0f-8bf316f6,3168348.104914,0.000040,1,1,1414,1392,0,0
decode,chatcmpl-b0a5767456077f0f-8bf316f6,3168348.118650,0.000042,1,1,1416,1393,0,0
decode,chatcmpl-b0a5767456077f0f-8bf316f6,3168348.132412,0.000042,1,1,1418,1394,0,0
decode,chatcmpl-b0a5767456077f0f-8bf316f6,3168348.146155,0.000041,1,1,1420,1395,0,0
decode,chatcmpl-b0a5767456077f0f-8bf316f6,3168348.159895,0.000043,1,1,1422,1396,0,0
decode,chatcmpl-b0a5767456077f0f-8bf316f6,3168348.173649,0.000041,1,1,1424,1397,0,0
decode,chatcmpl-b0a5767456077f0f-8bf316f6,3168348.187410,0.000040,1,1,1426,1398,0,0
decode,chatcmpl-b0a5767456077f0f-8bf316f6,3168348.201239,0.000042,1,1,1428,1399,0,0
decode,chatcmpl-b0a5767456077f0f-8bf316f6,3168348.214930,0.000041,1,1,1430,1400,0,0
decode,chatcmpl-b0a5767456077f0f-8bf316f6,3168348.228818,0.000042,1,1,1432,1401,0,0
decode,chatcmpl-b0a5767456077f0f-8bf316f6,3168348.242578,0.000040,1,1,1434,1402,0,0
decode,chatcmpl-b0a5767456077f0f-8bf316f6,3168348.256320,0.000042,1,1,1436,1403,0,0
decode,chatcmpl-b0a5767456077f0f-8bf316f6,3168348.270087,0.000041,1,1,1438,1404,0,0
decode,chatcmpl-b0a5767456077f0f-8bf316f6,3168348.283826,0.000042,1,1,1440,1405,0,0
decode,chatcmpl-b0a5767456077f0f-8bf316f6,3168348.297565,0.000044,1,1,1442,1406,0,0
decode,chatcmpl-b0a5767456077f0f-8bf316f6,3168348.311311,0.000042,1,1,1444,1407,0,0
decode,chatcmpl-b0a5767456077f0f-8bf316f6,3168348.325067,0.000053,1,1,1446,1408,0,0
decode,chatcmpl-b0a5767456077f0f-8bf316f6,3168348.338825,0.000042,1,1,1448,1409,0,0
decode,chatcmpl-b0a5767456077f0f-8bf316f6,3168348.352607,0.000043,1,1,1450,1410,0,0
decode,chatcmpl-b0a5767456077f0f-8bf316f6,3168348.366357,0.000041,1,1,1452,1411,0,0
decode,chatcmpl-b0a5767456077f0f-8bf316f6,3168348.380187,0.000039,1,1,1454,1412,0,0
decode,chatcmpl-b0a5767456077f0f-8bf316f6,3168348.393922,0.000041,1,1,1456,1413,0,0
decode,chatcmpl-b0a5767456077f0f-8bf316f6,3168348.407655,0.000041,1,1,1458,1414,0,0
decode,chatcmpl-b0a5767456077f0f-8bf316f6,3168348.421751,0.000044,1,1,1460,1415,0,0
decode,chatcmpl-b0a5767456077f0f-8bf316f6,3168348.435635,0.000044,1,1,1462,1416,0,0
decode,chatcmpl-b0a5767456077f0f-8bf316f6,3168348.449461,0.000041,1,1,1464,1417,0,0
decode,chatcmpl-b0a5767456077f0f-8bf316f6,3168348.463269,0.000041,1,1,1466,1418,0,0
decode,chatcmpl-b0a5767456077f0f-8bf316f6,3168348.477078,0.000041,1,1,1468,1419,0,0
decode,chatcmpl-b0a5767456077f0f-8bf316f6,3168348.490872,0.000043,1,1,1470,1420,0,0
decode,chatcmpl-b0a5767456077f0f-8bf316f6,3168348.504683,0.000043,1,1,1472,1421,0,0
decode,chatcmpl-b0a5767456077f0f-8bf316f6,3168348.518490,0.000042,1,1,1474,1422,0,0
decode,chatcmpl-b0a5767456077f0f-8bf316f6,3168348.532418,0.000043,1,1,1476,1423,0,0
decode,chatcmpl-b0a5767456077f0f-8bf316f6,3168348.546218,0.000042,1,1,1478,1424,0,0
decode,chatcmpl-b0a5767456077f0f-8bf316f6,3168348.560012,0.000042,1,1,1480,1425,0,0
decode,chatcmpl-b0a5767456077f0f-8bf316f6,3168348.573811,0.000043,1,1,1482,1426,0,0
decode,chatcmpl-b0a5767456077f0f-8bf316f6,3168348.587624,0.000042,1,1,1484,1427,0,0
decode,chatcmpl-b0a5767456077f0f-8bf316f6,3168348.601430,0.000043,1,1,1486,1428,0,0
decode,chatcmpl-b0a5767456077f0f-8bf316f6,3168348.615216,0.000042,1,1,1488,1429,0,0
decode,chatcmpl-b0a5767456077f0f-8bf316f6,3168348.629034,0.000041,1,1,1490,1430,0,0
decode,chatcmpl-b0a5767456077f0f-8bf316f6,3168348.642845,0.000041,1,1,1492,1431,0,0
decode,chatcmpl-b0a5767456077f0f-8bf316f6,3168348.656657,0.000043,1,1,1494,1432,0,0
decode,chatcmpl-b0a5767456077f0f-8bf316f6,3168348.670434,0.000042,1,1,1496,1433,0,0
decode,chatcmpl-b0a5767456077f0f-8bf316f6,3168348.684363,0.000041,1,1,1498,1434,0,0
decode,chatcmpl-b0a5767456077f0f-8bf316f6,3168348.698140,0.000043,1,1,1500,1435,0,0
decode,chatcmpl-b0a5767456077f0f-8bf316f6,3168348.711926,0.000042,1,1,1502,1436,0,0
decode,chatcmpl-b0a5767456077f0f-8bf316f6,3168348.725724,0.000042,1,1,1504,1437,0,0
decode,chatcmpl-b0a5767456077f0f-8bf316f6,3168348.739512,0.000041,1,1,1506,1438,0,0
decode,chatcmpl-b0a5767456077f0f-8bf316f6,3168348.753326,0.000042,1,1,1508,1439,0,0
decode,chatcmpl-b0a5767456077f0f-8bf316f6,3168348.767127,0.000042,1,1,1510,1440,0,0
decode,chatcmpl-b0a5767456077f0f-8bf316f6,3168348.780941,0.000043,1,1,1512,1441,0,0
decode,chatcmpl-b0a5767456077f0f-8bf316f6,3168348.794748,0.000043,1,1,1514,1442,0,0
decode,chatcmpl-b0a5767456077f0f-8bf316f6,3168348.808567,0.000042,1,1,1516,1443,0,0
decode,chatcmpl-b0a5767456077f0f-8bf316f6,3168348.822354,0.000041,1,1,1518,1444,0,0
decode,chatcmpl-b0a5767456077f0f-8bf316f6,3168348.836256,0.000043,1,1,1520,1445,0,0
decode,chatcmpl-b0a5767456077f0f-8bf316f6,3168348.850062,0.000043,1,1,1522,1446,0,0
decode,chatcmpl-b0a5767456077f0f-8bf316f6,3168348.863880,0.000040,1,1,1524,1447,0,0
decode,chatcmpl-b0a5767456077f0f-8bf316f6,3168348.877670,0.000042,1,1,1526,1448,0,0
decode,chatcmpl-b0a5767456077f0f-8bf316f6,3168348.891463,0.000043,1,1,1528,1449,0,0
decode,chatcmpl-b0a5767456077f0f-8bf316f6,3168348.905263,0.000042,1,1,1530,1450,0,0
decode,chatcmpl-b0a5767456077f0f-8bf316f6,3168348.919059,0.000043,1,1,1532,1451,0,0
decode,chatcmpl-b0a5767456077f0f-8bf316f6,3168348.932894,0.000043,1,1,1534,1452,0,0
decode,chatcmpl-b0a5767456077f0f-8bf316f6,3168348.946709,0.000041,1,1,1536,1453,0,0
decode,chatcmpl-b0a5767456077f0f-8bf316f6,3168348.960522,0.000041,1,1,1538,1454,0,0
decode,chatcmpl-b0a5767456077f0f-8bf316f6,3168348.974293,0.000043,1,1,1540,1455,0,0
decode,chatcmpl-b0a5767456077f0f-8bf316f6,3168348.988209,0.000042,1,1,1542,1456,0,0
decode,chatcmpl-b0a5767456077f0f-8bf316f6,3168349.002000,0.000044,1,1,1544,1457,0,0
decode,chatcmpl-b0a5767456077f0f-8bf316f6,3168349.015808,0.000042,1,1,1546,1458,0,0
decode,chatcmpl-b0a5767456077f0f-8bf316f6,3168349.029613,0.000043,1,1,1548,1459,0,0
decode,chatcmpl-b0a5767456077f0f-8bf316f6,3168349.043422,0.000043,1,1,1550,1460,0,0
decode,chatcmpl-b0a5767456077f0f-8bf316f6,3168349.057250,0.000042,1,1,1552,1461,0,0
decode,chatcmpl-b0a5767456077f0f-8bf316f6,3168349.071044,0.000043,1,1,1554,1462,0,0
decode,chatcmpl-b0a5767456077f0f-8bf316f6,3168349.084872,0.000042,1,1,1556,1463,0,0
decode,chatcmpl-b0a5767456077f0f-8bf316f6,3168349.098680,0.000043,1,1,1558,1464,0,0
decode,chatcmpl-b0a5767456077f0f-8bf316f6,3168349.112497,0.000041,1,1,1560,1465,0,0
decode,chatcmpl-b0a5767456077f0f-8bf316f6,3168349.126292,0.000043,1,1,1562,1466,0,0
decode,chatcmpl-b0a5767456077f0f-8bf316f6,3168349.140190,0.000042,1,1,1564,1467,0,0
decode,chatcmpl-b0a5767456077f0f-8bf316f6,3168349.153988,0.000041,1,1,1566,1468,0,0
decode,chatcmpl-b0a5767456077f0f-8bf316f6,3168349.167757,0.000043,1,1,1568,1469,0,0
decode,chatcmpl-b0a5767456077f0f-8bf316f6,3168349.181559,0.000041,1,1,1570,1470,0,0
decode,chatcmpl-b0a5767456077f0f-8bf316f6,3168349.195367,0.000042,1,1,1572,1471,0,0
decode,chatcmpl-b0a5767456077f0f-8bf316f6,3168349.209168,0.000041,1,1,1574,1472,0,0
decode,,3168349.222942,0.000086,0,0,,,0,0
decode,,3168349.223314,0.000077,0,0,,,0,0
prefill,chatcmpl-920cce84f931287b-891cf7cc,3168349.302766,0.000557,1,1330,1330,0,1,0
encoder,chatcmpl-920cce84f931287b-891cf7cc,3168349.304896,0.375548,1,0,,, 1,0
decode,chatcmpl-920cce84f931287b-891cf7cc,3168349.830164,0.000048,1,1,1331,1330,0,0
decode,chatcmpl-920cce84f931287b-891cf7cc,3168349.844341,0.000042,1,1,1333,1331,0,0
decode,chatcmpl-920cce84f931287b-891cf7cc,3168349.858205,0.000042,1,1,1335,1332,0,0
decode,chatcmpl-920cce84f931287b-891cf7cc,3168349.872033,0.000041,1,1,1337,1333,0,0
decode,chatcmpl-920cce84f931287b-891cf7cc,3168349.885849,0.000044,1,1,1339,1334,0,0
decode,chatcmpl-920cce84f931287b-891cf7cc,3168349.899654,0.000041,1,1,1341,1335,0,0
decode,chatcmpl-920cce84f931287b-891cf7cc,3168349.913482,0.000043,1,1,1343,1336,0,0
decode,chatcmpl-920cce84f931287b-891cf7cc,3168349.927284,0.000042,1,1,1345,1337,0,0
decode,chatcmpl-920cce84f931287b-891cf7cc,3168349.941104,0.000043,1,1,1347,1338,0,0
decode,chatcmpl-920cce84f931287b-891cf7cc,3168349.954918,0.000042,1,1,1349,1339,0,0
decode,chatcmpl-920cce84f931287b-891cf7cc,3168349.968781,0.000040,1,1,1351,1340,0,0
decode,chatcmpl-920cce84f931287b-891cf7cc,3168349.982568,0.000042,1,1,1353,1341,0,0
decode,chatcmpl-920cce84f931287b-891cf7cc,3168349.996370,0.000041,1,1,1355,1342,0,0
decode,chatcmpl-920cce84f931287b-891cf7cc,3168350.010169,0.000041,1,1,1357,1343,0,0
decode,chatcmpl-920cce84f931287b-891cf7cc,3168350.023970,0.000048,1,1,1359,1344,0,0
decode,chatcmpl-920cce84f931287b-891cf7cc,3168350.037767,0.000041,1,1,1361,1345,0,0
decode,chatcmpl-920cce84f931287b-891cf7cc,3168350.051548,0.000041,1,1,1363,1346,0,0
decode,chatcmpl-920cce84f931287b-891cf7cc,3168350.065354,0.000043,1,1,1365,1347,0,0
decode,chatcmpl-920cce84f931287b-891cf7cc,3168350.079154,0.000041,1,1,1367,1348,0,0
decode,chatcmpl-920cce84f931287b-891cf7cc,3168350.092950,0.000042,1,1,1369,1349,0,0
decode,chatcmpl-920cce84f931287b-891cf7cc,3168350.106736,0.000043,1,1,1371,1350,0,0
decode,chatcmpl-920cce84f931287b-891cf7cc,3168350.120571,0.000043,1,1,1373,1351,0,0
decode,chatcmpl-920cce84f931287b-891cf7cc,3168350.134383,0.000042,1,1,1375,1352,0,0
decode,chatcmpl-920cce84f931287b-891cf7cc,3168350.148170,0.000041,1,1,1377,1353,0,0
decode,chatcmpl-920cce84f931287b-891cf7cc,3168350.161985,0.000042,1,1,1379,1354,0,0
decode,chatcmpl-920cce84f931287b-891cf7cc,3168350.175798,0.000042,1,1,1381,1355,0,0
decode,chatcmpl-920cce84f931287b-891cf7cc,3168350.189607,0.000043,1,1,1383,1356,0,0
decode,chatcmpl-920cce84f931287b-891cf7cc,3168350.203405,0.000043,1,1,1385,1357,0,0
decode,chatcmpl-920cce84f931287b-891cf7cc,3168350.217213,0.000043,1,1,1387,1358,0,0
decode,chatcmpl-920cce84f931287b-891cf7cc,3168350.230995,0.000043,1,1,1389,1359,0,0
decode,chatcmpl-920cce84f931287b-891cf7cc,3168350.244811,0.000042,1,1,1391,1360,0,0
decode,chatcmpl-920cce84f931287b-891cf7cc,3168350.258614,0.000041,1,1,1393,1361,0,0
decode,chatcmpl-920cce84f931287b-891cf7cc,3168350.272423,0.000041,1,1,1395,1362,0,0
decode,chatcmpl-920cce84f931287b-891cf7cc,3168350.286223,0.000041,1,1,1397,1363,0,0
decode,chatcmpl-920cce84f931287b-891cf7cc,3168350.300014,0.000042,1,1,1399,1364,0,0
decode,chatcmpl-920cce84f931287b-891cf7cc,3168350.313800,0.000041,1,1,1401,1365,0,0
decode,chatcmpl-920cce84f931287b-891cf7cc,3168350.327596,0.000042,1,1,1403,1366,0,0
decode,chatcmpl-920cce84f931287b-891cf7cc,3168350.341403,0.000041,1,1,1405,1367,0,0
decode,chatcmpl-920cce84f931287b-891cf7cc,3168350.355183,0.000043,1,1,1407,1368,0,0
decode,chatcmpl-920cce84f931287b-891cf7cc,3168350.368997,0.000041,1,1,1409,1369,0,0
decode,chatcmpl-920cce84f931287b-891cf7cc,3168350.382774,0.000042,1,1,1411,1370,0,0
decode,chatcmpl-920cce84f931287b-891cf7cc,3168350.396576,0.000042,1,1,1413,1371,0,0
decode,chatcmpl-920cce84f931287b-891cf7cc,3168350.410361,0.000043,1,1,1415,1372,0,0
decode,chatcmpl-920cce84f931287b-891cf7cc,3168350.424154,0.000043,1,1,1417,1373,0,0
decode,chatcmpl-920cce84f931287b-891cf7cc,3168350.437953,0.000043,1,1,1419,1374,0,0
decode,chatcmpl-920cce84f931287b-891cf7cc,3168350.451758,0.000041,1,1,1421,1375,0,0
decode,chatcmpl-920cce84f931287b-891cf7cc,3168350.465561,0.000043,1,1,1423,1376,0,0
decode,chatcmpl-920cce84f931287b-891cf7cc,3168350.479357,0.000044,1,1,1425,1377,0,0
decode,chatcmpl-920cce84f931287b-891cf7cc,3168350.493164,0.000043,1,1,1427,1378,0,0
decode,chatcmpl-920cce84f931287b-891cf7cc,3168350.506963,0.000042,1,1,1429,1379,0,0
decode,chatcmpl-920cce84f931287b-891cf7cc,3168350.520774,0.000041,1,1,1431,1380,0,0
decode,chatcmpl-920cce84f931287b-891cf7cc,3168350.534565,0.000042,1,1,1433,1381,0,0
decode,chatcmpl-920cce84f931287b-891cf7cc,3168350.548356,0.000044,1,1,1435,1382,0,0
decode,chatcmpl-920cce84f931287b-891cf7cc,3168350.562153,0.000040,1,1,1437,1383,0,0
decode,chatcmpl-920cce84f931287b-891cf7cc,3168350.575950,0.000040,1,1,1439,1384,0,0
decode,chatcmpl-920cce84f931287b-891cf7cc,3168350.589754,0.000044,1,1,1441,1385,0,0
decode,chatcmpl-920cce84f931287b-891cf7cc,3168350.603548,0.000042,1,1,1443,1386,0,0
decode,chatcmpl-920cce84f931287b-891cf7cc,3168350.617364,0.000042,1,1,1445,1387,0,0
decode,chatcmpl-920cce84f931287b-891cf7cc,3168350.631132,0.000042,1,1,1447,1388,0,0
decode,chatcmpl-920cce84f931287b-891cf7cc,3168350.644939,0.000041,1,1,1449,1389,0,0
decode,chatcmpl-920cce84f931287b-891cf7cc,3168350.658726,0.000041,1,1,1451,1390,0,0
decode,chatcmpl-920cce84f931287b-891cf7cc,3168350.672645,0.000042,1,1,1453,1391,0,0
decode,chatcmpl-920cce84f931287b-891cf7cc,3168350.686463,0.000042,1,1,1455,1392,0,0
decode,chatcmpl-920cce84f931287b-891cf7cc,3168350.700282,0.000043,1,1,1457,1393,0,0
decode,chatcmpl-920cce84f931287b-891cf7cc,3168350.714073,0.000042,1,1,1459,1394,0,0
decode,chatcmpl-920cce84f931287b-891cf7cc,3168350.727874,0.000043,1,1,1461,1395,0,0
decode,chatcmpl-920cce84f931287b-891cf7cc,3168350.741683,0.000042,1,1,1463,1396,0,0
decode,chatcmpl-920cce84f931287b-891cf7cc,3168350.755470,0.000041,1,1,1465,1397,0,0
decode,chatcmpl-920cce84f931287b-891cf7cc,3168350.769243,0.000041,1,1,1467,1398,0,0
decode,chatcmpl-920cce84f931287b-891cf7cc,3168350.783058,0.000042,1,1,1469,1399,0,0
decode,chatcmpl-920cce84f931287b-891cf7cc,3168350.796863,0.000043,1,1,1471,1400,0,0
decode,chatcmpl-920cce84f931287b-891cf7cc,3168350.810655,0.000042,1,1,1473,1401,0,0
decode,chatcmpl-920cce84f931287b-891cf7cc,3168350.824566,0.000041,1,1,1475,1402,0,0
decode,chatcmpl-920cce84f931287b-891cf7cc,3168350.838384,0.000041,1,1,1477,1403,0,0
decode,chatcmpl-920cce84f931287b-891cf7cc,3168350.852185,0.000043,1,1,1479,1404,0,0
decode,chatcmpl-920cce84f931287b-891cf7cc,3168350.865971,0.000042,1,1,1481,1405,0,0
decode,chatcmpl-920cce84f931287b-891cf7cc,3168350.879776,0.000042,1,1,1483,1406,0,0
decode,chatcmpl-920cce84f931287b-891cf7cc,3168350.893578,0.000041,1,1,1485,1407,0,0
decode,chatcmpl-920cce84f931287b-891cf7cc,3168350.907380,0.000052,1,1,1487,1408,0,0
decode,chatcmpl-920cce84f931287b-891cf7cc,3168350.921199,0.000043,1,1,1489,1409,0,0
decode,chatcmpl-920cce84f931287b-891cf7cc,3168350.935013,0.000043,1,1,1491,1410,0,0
decode,chatcmpl-920cce84f931287b-891cf7cc,3168350.948815,0.000042,1,1,1493,1411,0,0
decode,chatcmpl-920cce84f931287b-891cf7cc,3168350.962603,0.000041,1,1,1495,1412,0,0
decode,chatcmpl-920cce84f931287b-891cf7cc,3168350.976511,0.000040,1,1,1497,1413,0,0
decode,chatcmpl-920cce84f931287b-891cf7cc,3168350.990303,0.000044,1,1,1499,1414,0,0
decode,chatcmpl-920cce84f931287b-891cf7cc,3168351.004110,0.000041,1,1,1501,1415,0,0
decode,chatcmpl-920cce84f931287b-891cf7cc,3168351.017898,0.000042,1,1,1503,1416,0,0
decode,chatcmpl-920cce84f931287b-891cf7cc,3168351.031683,0.000043,1,1,1505,1417,0,0
decode,chatcmpl-920cce84f931287b-891cf7cc,3168351.045493,0.000043,1,1,1507,1418,0,0
decode,chatcmpl-920cce84f931287b-891cf7cc,3168351.059310,0.000041,1,1,1509,1419,0,0
decode,chatcmpl-920cce84f931287b-891cf7cc,3168351.073111,0.000041,1,1,1511,1420,0,0
decode,chatcmpl-920cce84f931287b-891cf7cc,3168351.086916,0.000042,1,1,1513,1421,0,0
decode,chatcmpl-920cce84f931287b-891cf7cc,3168351.100701,0.000041,1,1,1515,1422,0,0
decode,chatcmpl-920cce84f931287b-891cf7cc,3168351.114477,0.000042,1,1,1517,1423,0,0
decode,chatcmpl-920cce84f931287b-891cf7cc,3168351.128390,0.000040,1,1,1519,1424,0,0
decode,chatcmpl-920cce84f931287b-891cf7cc,3168351.142195,0.000043,1,1,1521,1425,0,0
decode,chatcmpl-920cce84f931287b-891cf7cc,3168351.155979,0.000049,1,1,1523,1426,0,0
decode,chatcmpl-920cce84f931287b-891cf7cc,3168351.169789,0.000039,1,1,1525,1427,0,0
decode,chatcmpl-920cce84f931287b-891cf7cc,3168351.183585,0.000042,1,1,1527,1428,0,0
decode,chatcmpl-920cce84f931287b-891cf7cc,3168351.197388,0.000043,1,1,1529,1429,0,0
decode,chatcmpl-920cce84f931287b-891cf7cc,3168351.211172,0.000042,1,1,1531,1430,0,0
decode,chatcmpl-920cce84f931287b-891cf7cc,3168351.224963,0.000041,1,1,1533,1431,0,0
decode,chatcmpl-920cce84f931287b-891cf7cc,3168351.238768,0.000042,1,1,1535,1432,0,0
decode,chatcmpl-920cce84f931287b-891cf7cc,3168351.252571,0.000041,1,1,1537,1433,0,0
decode,chatcmpl-920cce84f931287b-891cf7cc,3168351.266348,0.000042,1,1,1539,1434,0,0
decode,chatcmpl-920cce84f931287b-891cf7cc,3168351.280246,0.000042,1,1,1541,1435,0,0
decode,chatcmpl-920cce84f931287b-891cf7cc,3168351.294026,0.000043,1,1,1543,1436,0,0
decode,chatcmpl-920cce84f931287b-891cf7cc,3168351.307812,0.000042,1,1,1545,1437,0,0
decode,,3168351.321617,0.000090,0,0,,,0,0
decode,,3168351.321945,0.000119,0,0,,,0,0
prefill,chatcmpl-b6f8043bac0f1ad6-971b21b5,3168351.401584,0.000494,1,1351,1351,0,1,0
encoder,chatcmpl-b6f8043bac0f1ad6-971b21b5,3168351.403614,0.375583,1,0,,, 1,0
decode,chatcmpl-b6f8043bac0f1ad6-971b21b5,3168351.931367,0.000045,1,1,1352,1351,0,0
decode,chatcmpl-b6f8043bac0f1ad6-971b21b5,3168351.945593,0.000044,1,1,1354,1352,0,0
decode,chatcmpl-b6f8043bac0f1ad6-971b21b5,3168351.959564,0.000042,1,1,1356,1353,0,0
decode,chatcmpl-b6f8043bac0f1ad6-971b21b5,3168351.973407,0.000043,1,1,1358,1354,0,0
decode,chatcmpl-b6f8043bac0f1ad6-971b21b5,3168351.987237,0.000043,1,1,1360,1355,0,0
decode,chatcmpl-b6f8043bac0f1ad6-971b21b5,3168352.001045,0.000043,1,1,1362,1356,0,0
decode,chatcmpl-b6f8043bac0f1ad6-971b21b5,3168352.014859,0.000041,1,1,1364,1357,0,0
decode,chatcmpl-b6f8043bac0f1ad6-971b21b5,3168352.028719,0.000042,1,1,1366,1358,0,0
decode,chatcmpl-b6f8043bac0f1ad6-971b21b5,3168352.042475,0.000042,1,1,1368,1359,0,0
decode,chatcmpl-b6f8043bac0f1ad6-971b21b5,3168352.056274,0.000043,1,1,1370,1360,0,0
decode,chatcmpl-b6f8043bac0f1ad6-971b21b5,3168352.070082,0.000043,1,1,1372,1361,0,0
decode,chatcmpl-b6f8043bac0f1ad6-971b21b5,3168352.083896,0.000040,1,1,1374,1362,0,0
decode,chatcmpl-b6f8043bac0f1ad6-971b21b5,3168352.097710,0.000044,1,1,1376,1363,0,0
decode,chatcmpl-b6f8043bac0f1ad6-971b21b5,3168352.111623,0.000043,1,1,1378,1364,0,0
decode,chatcmpl-b6f8043bac0f1ad6-971b21b5,3168352.125433,0.000042,1,1,1380,1365,0,0
decode,chatcmpl-b6f8043bac0f1ad6-971b21b5,3168352.139238,0.000043,1,1,1382,1366,0,0
decode,chatcmpl-b6f8043bac0f1ad6-971b21b5,3168352.153065,0.000042,1,1,1384,1367,0,0
decode,chatcmpl-b6f8043bac0f1ad6-971b21b5,3168352.166866,0.000041,1,1,1386,1368,0,0
decode,chatcmpl-b6f8043bac0f1ad6-971b21b5,3168352.180692,0.000043,1,1,1388,1369,0,0
decode,chatcmpl-b6f8043bac0f1ad6-971b21b5,3168352.194500,0.000042,1,1,1390,1370,0,0
decode,chatcmpl-b6f8043bac0f1ad6-971b21b5,3168352.208295,0.000042,1,1,1392,1371,0,0
decode,chatcmpl-b6f8043bac0f1ad6-971b21b5,3168352.222097,0.000043,1,1,1394,1372,0,0
decode,chatcmpl-b6f8043bac0f1ad6-971b21b5,3168352.235906,0.000042,1,1,1396,1373,0,0
decode,chatcmpl-b6f8043bac0f1ad6-971b21b5,3168352.249721,0.000042,1,1,1398,1374,0,0
decode,chatcmpl-b6f8043bac0f1ad6-971b21b5,3168352.263649,0.000042,1,1,1400,1375,0,0
decode,chatcmpl-b6f8043bac0f1ad6-971b21b5,3168352.277443,0.000044,1,1,1402,1376,0,0
decode,chatcmpl-b6f8043bac0f1ad6-971b21b5,3168352.291218,0.000042,1,1,1404,1377,0,0
decode,chatcmpl-b6f8043bac0f1ad6-971b21b5,3168352.305026,0.000040,1,1,1406,1378,0,0
decode,chatcmpl-b6f8043bac0f1ad6-971b21b5,3168352.318833,0.000040,1,1,1408,1379,0,0
decode,chatcmpl-b6f8043bac0f1ad6-971b21b5,3168352.332652,0.000043,1,1,1410,1380,0,0
decode,chatcmpl-b6f8043bac0f1ad6-971b21b5,3168352.346451,0.000042,1,1,1412,1381,0,0
decode,chatcmpl-b6f8043bac0f1ad6-971b21b5,3168352.360259,0.000043,1,1,1414,1382,0,0
decode,chatcmpl-b6f8043bac0f1ad6-971b21b5,3168352.374051,0.000043,1,1,1416,1383,0,0
decode,chatcmpl-b6f8043bac0f1ad6-971b21b5,3168352.387844,0.000044,1,1,1418,1384,0,0
decode,chatcmpl-b6f8043bac0f1ad6-971b21b5,3168352.401654,0.000043,1,1,1420,1385,0,0
decode,chatcmpl-b6f8043bac0f1ad6-971b21b5,3168352.415469,0.000042,1,1,1422,1386,0,0
decode,chatcmpl-b6f8043bac0f1ad6-971b21b5,3168352.429278,0.000042,1,1,1424,1387,0,0
decode,chatcmpl-b6f8043bac0f1ad6-971b21b5,3168352.443090,0.000043,1,1,1426,1388,0,0
decode,chatcmpl-b6f8043bac0f1ad6-971b21b5,3168352.456904,0.000042,1,1,1428,1389,0,0
decode,chatcmpl-b6f8043bac0f1ad6-971b21b5,3168352.470714,0.000043,1,1,1430,1390,0,0
decode,chatcmpl-b6f8043bac0f1ad6-971b21b5,3168352.484532,0.000041,1,1,1432,1391,0,0
decode,chatcmpl-b6f8043bac0f1ad6-971b21b5,3168352.498325,0.000044,1,1,1434,1392,0,0
decode,chatcmpl-b6f8043bac0f1ad6-971b21b5,3168352.512110,0.000091,1,1,1436,1393,0,0
decode,chatcmpl-b6f8043bac0f1ad6-971b21b5,3168352.525910,0.000043,1,1,1438,1394,0,0
decode,chatcmpl-b6f8043bac0f1ad6-971b21b5,3168352.539702,0.000044,1,1,1440,1395,0,0
decode,chatcmpl-b6f8043bac0f1ad6-971b21b5,3168352.553497,0.000042,1,1,1442,1396,0,0
decode,chatcmpl-b6f8043bac0f1ad6-971b21b5,3168352.567289,0.000042,1,1,1444,1397,0,0
decode,chatcmpl-b6f8043bac0f1ad6-971b21b5,3168352.581091,0.000044,1,1,1446,1398,0,0
decode,chatcmpl-b6f8043bac0f1ad6-971b21b5,3168352.594880,0.000042,1,1,1448,1399,0,0
decode,chatcmpl-b6f8043bac0f1ad6-971b21b5,3168352.608696,0.000042,1,1,1450,1400,0,0
decode,chatcmpl-b6f8043bac0f1ad6-971b21b5,3168352.622490,0.000042,1,1,1452,1401,0,0
decode,chatcmpl-b6f8043bac0f1ad6-971b21b5,3168352.636283,0.000043,1,1,1454,1402,0,0
decode,chatcmpl-b6f8043bac0f1ad6-971b21b5,3168352.650098,0.000043,1,1,1456,1403,0,0
decode,chatcmpl-b6f8043bac0f1ad6-971b21b5,3168352.663902,0.000041,1,1,1458,1404,0,0
decode,chatcmpl-b6f8043bac0f1ad6-971b21b5,3168352.677721,0.000042,1,1,1460,1405,0,0
decode,chatcmpl-b6f8043bac0f1ad6-971b21b5,3168352.691509,0.000041,1,1,1462,1406,0,0
decode,chatcmpl-b6f8043bac0f1ad6-971b21b5,3168352.705317,0.000044,1,1,1464,1407,0,0
decode,chatcmpl-b6f8043bac0f1ad6-971b21b5,3168352.719126,0.000053,1,1,1466,1408,0,0
decode,chatcmpl-b6f8043bac0f1ad6-971b21b5,3168352.732954,0.000043,1,1,1468,1409,0,0
decode,chatcmpl-b6f8043bac0f1ad6-971b21b5,3168352.746754,0.000042,1,1,1470,1410,0,0
decode,chatcmpl-b6f8043bac0f1ad6-971b21b5,3168352.760560,0.000043,1,1,1472,1411,0,0
decode,chatcmpl-b6f8043bac0f1ad6-971b21b5,3168352.774351,0.000042,1,1,1474,1412,0,0
decode,chatcmpl-b6f8043bac0f1ad6-971b21b5,3168352.788163,0.000044,1,1,1476,1413,0,0
decode,chatcmpl-b6f8043bac0f1ad6-971b21b5,3168352.801966,0.000042,1,1,1478,1414,0,0
decode,chatcmpl-b6f8043bac0f1ad6-971b21b5,3168352.815766,0.000043,1,1,1480,1415,0,0
decode,chatcmpl-b6f8043bac0f1ad6-971b21b5,3168352.829570,0.000041,1,1,1482,1416,0,0
decode,chatcmpl-b6f8043bac0f1ad6-971b21b5,3168352.843374,0.000043,1,1,1484,1417,0,0
decode,chatcmpl-b6f8043bac0f1ad6-971b21b5,3168352.857189,0.000043,1,1,1486,1418,0,0
decode,chatcmpl-b6f8043bac0f1ad6-971b21b5,3168352.870987,0.000041,1,1,1488,1419,0,0
decode,chatcmpl-b6f8043bac0f1ad6-971b21b5,3168352.884804,0.000040,1,1,1490,1420,0,0
decode,chatcmpl-b6f8043bac0f1ad6-971b21b5,3168352.898584,0.000042,1,1,1492,1421,0,0
decode,chatcmpl-b6f8043bac0f1ad6-971b21b5,3168352.912386,0.000041,1,1,1494,1422,0,0
decode,chatcmpl-b6f8043bac0f1ad6-971b21b5,3168352.926188,0.000042,1,1,1496,1423,0,0
decode,chatcmpl-b6f8043bac0f1ad6-971b21b5,3168352.939982,0.000047,1,1,1498,1424,0,0
decode,chatcmpl-b6f8043bac0f1ad6-971b21b5,3168352.953787,0.000043,1,1,1500,1425,0,0
decode,chatcmpl-b6f8043bac0f1ad6-971b21b5,3168352.967582,0.000043,1,1,1502,1426,0,0
decode,chatcmpl-b6f8043bac0f1ad6-971b21b5,3168352.981384,0.000042,1,1,1504,1427,0,0
decode,chatcmpl-b6f8043bac0f1ad6-971b21b5,3168352.995180,0.000042,1,1,1506,1428,0,0
decode,chatcmpl-b6f8043bac0f1ad6-971b21b5,3168353.009007,0.000041,1,1,1508,1429,0,0
decode,chatcmpl-b6f8043bac0f1ad6-971b21b5,3168353.022813,0.000041,1,1,1510,1430,0,0
decode,chatcmpl-b6f8043bac0f1ad6-971b21b5,3168353.036631,0.000044,1,1,1512,1431,0,0
decode,chatcmpl-b6f8043bac0f1ad6-971b21b5,3168353.050416,0.000044,1,1,1514,1432,0,0
decode,chatcmpl-b6f8043bac0f1ad6-971b21b5,3168353.064212,0.000041,1,1,1516,1433,0,0
decode,chatcmpl-b6f8043bac0f1ad6-971b21b5,3168353.078012,0.000043,1,1,1518,1434,0,0
decode,chatcmpl-b6f8043bac0f1ad6-971b21b5,3168353.091801,0.000040,1,1,1520,1435,0,0
decode,chatcmpl-b6f8043bac0f1ad6-971b21b5,3168353.105607,0.000042,1,1,1522,1436,0,0
decode,chatcmpl-b6f8043bac0f1ad6-971b21b5,3168353.119411,0.000043,1,1,1524,1437,0,0
decode,chatcmpl-b6f8043bac0f1ad6-971b21b5,3168353.133212,0.000041,1,1,1526,1438,0,0
decode,chatcmpl-b6f8043bac0f1ad6-971b21b5,3168353.147009,0.000044,1,1,1528,1439,0,0
decode,chatcmpl-b6f8043bac0f1ad6-971b21b5,3168353.160838,0.000042,1,1,1530,1440,0,0
decode,chatcmpl-b6f8043bac0f1ad6-971b21b5,3168353.174643,0.000042,1,1,1532,1441,0,0
decode,chatcmpl-b6f8043bac0f1ad6-971b21b5,3168353.188456,0.000042,1,1,1534,1442,0,0
decode,chatcmpl-b6f8043bac0f1ad6-971b21b5,3168353.202249,0.000042,1,1,1536,1443,0,0
decode,chatcmpl-b6f8043bac0f1ad6-971b21b5,3168353.216052,0.000043,1,1,1538,1444,0,0
decode,chatcmpl-b6f8043bac0f1ad6-971b21b5,3168353.229839,0.000043,1,1,1540,1445,0,0
decode,chatcmpl-b6f8043bac0f1ad6-971b21b5,3168353.243623,0.000043,1,1,1542,1446,0,0
decode,chatcmpl-b6f8043bac0f1ad6-971b21b5,3168353.257417,0.000041,1,1,1544,1447,0,0
decode,chatcmpl-b6f8043bac0f1ad6-971b21b5,3168353.271205,0.000042,1,1,1546,1448,0,0
decode,chatcmpl-b6f8043bac0f1ad6-971b21b5,3168353.285014,0.000043,1,1,1548,1449,0,0
decode,chatcmpl-b6f8043bac0f1ad6-971b21b5,3168353.298809,0.000042,1,1,1550,1450,0,0
decode,chatcmpl-b6f8043bac0f1ad6-971b21b5,3168353.312614,0.000042,1,1,1552,1451,0,0
decode,chatcmpl-b6f8043bac0f1ad6-971b21b5,3168353.326420,0.000042,1,1,1554,1452,0,0
decode,chatcmpl-b6f8043bac0f1ad6-971b21b5,3168353.340224,0.000041,1,1,1556,1453,0,0
decode,chatcmpl-b6f8043bac0f1ad6-971b21b5,3168353.354020,0.000042,1,1,1558,1454,0,0
decode,chatcmpl-b6f8043bac0f1ad6-971b21b5,3168353.367824,0.000043,1,1,1560,1455,0,0
decode,chatcmpl-b6f8043bac0f1ad6-971b21b5,3168353.381617,0.000042,1,1,1562,1456,0,0
decode,chatcmpl-b6f8043bac0f1ad6-971b21b5,3168353.395409,0.000041,1,1,1564,1457,0,0
decode,chatcmpl-b6f8043bac0f1ad6-971b21b5,3168353.409211,0.000041,1,1,1566,1458,0,0
decode,chatcmpl-b6f8043bac0f1ad6-971b21b5,3168353.423009,0.000042,1,1,1568,1459,0,0
decode,chatcmpl-b6f8043bac0f1ad6-971b21b5,3168353.436815,0.000042,1,1,1570,1460,0,0
decode,chatcmpl-b6f8043bac0f1ad6-971b21b5,3168353.450612,0.000041,1,1,1572,1461,0,0
decode,chatcmpl-b6f8043bac0f1ad6-971b21b5,3168353.464416,0.000042,1,1,1574,1462,0,0
decode,chatcmpl-b6f8043bac0f1ad6-971b21b5,3168353.478229,0.000042,1,1,1576,1463,0,0
decode,chatcmpl-b6f8043bac0f1ad6-971b21b5,3168353.492027,0.000041,1,1,1578,1464,0,0
decode,chatcmpl-b6f8043bac0f1ad6-971b21b5,3168353.505805,0.000042,1,1,1580,1465,0,0
decode,chatcmpl-b6f8043bac0f1ad6-971b21b5,3168353.519603,0.000041,1,1,1582,1466,0,0
decode,chatcmpl-b6f8043bac0f1ad6-971b21b5,3168353.533404,0.000042,1,1,1584,1467,0,0
decode,chatcmpl-b6f8043bac0f1ad6-971b21b5,3168353.547218,0.000042,1,1,1586,1468,0,0
decode,chatcmpl-b6f8043bac0f1ad6-971b21b5,3168353.561028,0.000041,1,1,1588,1469,0,0
decode,,3168353.574824,0.000095,0,0,,,0,0
decode,,3168353.575141,0.000116,0,0,,,0,0
prefill,chatcmpl-84ad9c87ddc00d9d-9e86466e,3168353.654688,0.000545,1,1346,1346,0,1,0
encoder,chatcmpl-84ad9c87ddc00d9d-9e86466e,3168353.656821,0.375730,1,0,,, 1,0
decode,chatcmpl-84ad9c87ddc00d9d-9e86466e,3168354.184571,0.000045,1,1,1347,1346,0,0
decode,chatcmpl-84ad9c87ddc00d9d-9e86466e,3168354.198721,0.000044,1,1,1349,1347,0,0
decode,chatcmpl-84ad9c87ddc00d9d-9e86466e,3168354.212584,0.000042,1,1,1351,1348,0,0
decode,chatcmpl-84ad9c87ddc00d9d-9e86466e,3168354.226428,0.000044,1,1,1353,1349,0,0
decode,chatcmpl-84ad9c87ddc00d9d-9e86466e,3168354.240246,0.000042,1,1,1355,1350,0,0
decode,chatcmpl-84ad9c87ddc00d9d-9e86466e,3168354.254167,0.000043,1,1,1357,1351,0,0
decode,chatcmpl-84ad9c87ddc00d9d-9e86466e,3168354.267951,0.000042,1,1,1359,1352,0,0
decode,chatcmpl-84ad9c87ddc00d9d-9e86466e,3168354.281746,0.000042,1,1,1361,1353,0,0
decode,chatcmpl-84ad9c87ddc00d9d-9e86466e,3168354.295547,0.000043,1,1,1363,1354,0,0
decode,chatcmpl-84ad9c87ddc00d9d-9e86466e,3168354.309359,0.000042,1,1,1365,1355,0,0
decode,chatcmpl-84ad9c87ddc00d9d-9e86466e,3168354.323153,0.000042,1,1,1367,1356,0,0
decode,chatcmpl-84ad9c87ddc00d9d-9e86466e,3168354.336961,0.000041,1,1,1369,1357,0,0
decode,chatcmpl-84ad9c87ddc00d9d-9e86466e,3168354.350775,0.000043,1,1,1371,1358,0,0
decode,chatcmpl-84ad9c87ddc00d9d-9e86466e,3168354.364591,0.000044,1,1,1373,1359,0,0
decode,chatcmpl-84ad9c87ddc00d9d-9e86466e,3168354.378381,0.000043,1,1,1375,1360,0,0
decode,chatcmpl-84ad9c87ddc00d9d-9e86466e,3168354.392177,0.000043,1,1,1377,1361,0,0
decode,chatcmpl-84ad9c87ddc00d9d-9e86466e,3168354.406083,0.000042,1,1,1379,1362,0,0
decode,chatcmpl-84ad9c87ddc00d9d-9e86466e,3168354.419875,0.000045,1,1,1381,1363,0,0
decode,chatcmpl-84ad9c87ddc00d9d-9e86466e,3168354.433667,0.000042,1,1,1383,1364,0,0
decode,chatcmpl-84ad9c87ddc00d9d-9e86466e,3168354.447450,0.000042,1,1,1385,1365,0,0
decode,chatcmpl-84ad9c87ddc00d9d-9e86466e,3168354.461261,0.000043,1,1,1387,1366,0,0
decode,chatcmpl-84ad9c87ddc00d9d-9e86466e,3168354.475060,0.000042,1,1,1389,1367,0,0
decode,chatcmpl-84ad9c87ddc00d9d-9e86466e,3168354.488869,0.000043,1,1,1391,1368,0,0
decode,chatcmpl-84ad9c87ddc00d9d-9e86466e,3168354.502653,0.000042,1,1,1393,1369,0,0
decode,chatcmpl-84ad9c87ddc00d9d-9e86466e,3168354.516468,0.000043,1,1,1395,1370,0,0
decode,chatcmpl-84ad9c87ddc00d9d-9e86466e,3168354.530270,0.000042,1,1,1397,1371,0,0
decode,chatcmpl-84ad9c87ddc00d9d-9e86466e,3168354.544077,0.000042,1,1,1399,1372,0,0
decode,chatcmpl-84ad9c87ddc00d9d-9e86466e,3168354.557982,0.000042,1,1,1401,1373,0,0
decode,chatcmpl-84ad9c87ddc00d9d-9e86466e,3168354.571788,0.000043,1,1,1403,1374,0,0
decode,chatcmpl-84ad9c87ddc00d9d-9e86466e,3168354.585584,0.000044,1,1,1405,1375,0,0
decode,chatcmpl-84ad9c87ddc00d9d-9e86466e,3168354.599386,0.000042,1,1,1407,1376,0,0
decode,chatcmpl-84ad9c87ddc00d9d-9e86466e,3168354.613231,0.000043,1,1,1409,1377,0,0
decode,chatcmpl-84ad9c87ddc00d9d-9e86466e,3168354.627019,0.000041,1,1,1411,1378,0,0
decode,chatcmpl-84ad9c87ddc00d9d-9e86466e,3168354.640816,0.000041,1,1,1413,1379,0,0
decode,chatcmpl-84ad9c87ddc00d9d-9e86466e,3168354.654602,0.000043,1,1,1415,1380,0,0
decode,chatcmpl-84ad9c87ddc00d9d-9e86466e,3168354.668436,0.000043,1,1,1417,1381,0,0
decode,chatcmpl-84ad9c87ddc00d9d-9e86466e,3168354.682246,0.000043,1,1,1419,1382,0,0
decode,chatcmpl-84ad9c87ddc00d9d-9e86466e,3168354.696046,0.000043,1,1,1421,1383,0,0
decode,chatcmpl-84ad9c87ddc00d9d-9e86466e,3168354.709957,0.000042,1,1,1423,1384,0,0
decode,chatcmpl-84ad9c87ddc00d9d-9e86466e,3168354.723755,0.000043,1,1,1425,1385,0,0
decode,chatcmpl-84ad9c87ddc00d9d-9e86466e,3168354.737563,0.000042,1,1,1427,1386,0,0
decode,chatcmpl-84ad9c87ddc00d9d-9e86466e,3168354.751350,0.000043,1,1,1429,1387,0,0
decode,chatcmpl-84ad9c87ddc00d9d-9e86466e,3168354.765185,0.000041,1,1,1431,1388,0,0
decode,chatcmpl-84ad9c87ddc00d9d-9e86466e,3168354.778977,0.000042,1,1,1433,1389,0,0
decode,chatcmpl-84ad9c87ddc00d9d-9e86466e,3168354.792776,0.000043,1,1,1435,1390,0,0
decode,chatcmpl-84ad9c87ddc00d9d-9e86466e,3168354.806573,0.000042,1,1,1437,1391,0,0
decode,chatcmpl-84ad9c87ddc00d9d-9e86466e,3168354.820408,0.000044,1,1,1439,1392,0,0
decode,chatcmpl-84ad9c87ddc00d9d-9e86466e,3168354.834201,0.000043,1,1,1441,1393,0,0
decode,chatcmpl-84ad9c87ddc00d9d-9e86466e,3168354.848022,0.000042,1,1,1443,1394,0,0
decode,chatcmpl-84ad9c87ddc00d9d-9e86466e,3168354.861925,0.000042,1,1,1445,1395,0,0
decode,chatcmpl-84ad9c87ddc00d9d-9e86466e,3168354.875714,0.000043,1,1,1447,1396,0,0
decode,chatcmpl-84ad9c87ddc00d9d-9e86466e,3168354.889523,0.000041,1,1,1449,1397,0,0
decode,chatcmpl-84ad9c87ddc00d9d-9e86466e,3168354.903322,0.000043,1,1,1451,1398,0,0
decode,chatcmpl-84ad9c87ddc00d9d-9e86466e,3168354.917140,0.000043,1,1,1453,1399,0,0
decode,chatcmpl-84ad9c87ddc00d9d-9e86466e,3168354.930931,0.000042,1,1,1455,1400,0,0
decode,chatcmpl-84ad9c87ddc00d9d-9e86466e,3168354.944740,0.000043,1,1,1457,1401,0,0
decode,chatcmpl-84ad9c87ddc00d9d-9e86466e,3168354.958540,0.000043,1,1,1459,1402,0,0
decode,chatcmpl-84ad9c87ddc00d9d-9e86466e,3168354.972343,0.000042,1,1,1461,1403,0,0
decode,chatcmpl-84ad9c87ddc00d9d-9e86466e,3168354.986121,0.000043,1,1,1463,1404,0,0
decode,chatcmpl-84ad9c87ddc00d9d-9e86466e,3168354.999909,0.000042,1,1,1465,1405,0,0
decode,chatcmpl-84ad9c87ddc00d9d-9e86466e,3168355.013824,0.000043,1,1,1467,1406,0,0
decode,chatcmpl-84ad9c87ddc00d9d-9e86466e,3168355.027615,0.000042,1,1,1469,1407,0,0
decode,chatcmpl-84ad9c87ddc00d9d-9e86466e,3168355.041414,0.000056,1,1,1471,1408,0,0
decode,chatcmpl-84ad9c87ddc00d9d-9e86466e,3168355.055232,0.000042,1,1,1473,1409,0,0
decode,chatcmpl-84ad9c87ddc00d9d-9e86466e,3168355.069066,0.000042,1,1,1475,1410,0,0
decode,chatcmpl-84ad9c87ddc00d9d-9e86466e,3168355.082866,0.000042,1,1,1477,1411,0,0
decode,chatcmpl-84ad9c87ddc00d9d-9e86466e,3168355.096662,0.000042,1,1,1479,1412,0,0
decode,chatcmpl-84ad9c87ddc00d9d-9e86466e,3168355.110460,0.000043,1,1,1481,1413,0,0
decode,chatcmpl-84ad9c87ddc00d9d-9e86466e,3168355.124280,0.000043,1,1,1483,1414,0,0
decode,chatcmpl-84ad9c87ddc00d9d-9e86466e,3168355.138071,0.000046,1,1,1485,1415,0,0
decode,chatcmpl-84ad9c87ddc00d9d-9e86466e,3168355.151865,0.000042,1,1,1487,1416,0,0
decode,chatcmpl-84ad9c87ddc00d9d-9e86466e,3168355.165779,0.000042,1,1,1489,1417,0,0
decode,chatcmpl-84ad9c87ddc00d9d-9e86466e,3168355.179592,0.000042,1,1,1491,1418,0,0
decode,chatcmpl-84ad9c87ddc00d9d-9e86466e,3168355.193387,0.000043,1,1,1493,1419,0,0
decode,chatcmpl-84ad9c87ddc00d9d-9e86466e,3168355.207172,0.000041,1,1,1495,1420,0,0
decode,chatcmpl-84ad9c87ddc00d9d-9e86466e,3168355.220985,0.000042,1,1,1497,1421,0,0
decode,chatcmpl-84ad9c87ddc00d9d-9e86466e,3168355.234776,0.000041,1,1,1499,1422,0,0
decode,chatcmpl-84ad9c87ddc00d9d-9e86466e,3168355.248566,0.000042,1,1,1501,1423,0,0
decode,chatcmpl-84ad9c87ddc00d9d-9e86466e,3168355.262358,0.000042,1,1,1503,1424,0,0
decode,chatcmpl-84ad9c87ddc00d9d-9e86466e,3168355.276155,0.000044,1,1,1505,1425,0,0
decode,chatcmpl-84ad9c87ddc00d9d-9e86466e,3168355.289954,0.000043,1,1,1507,1426,0,0
decode,chatcmpl-84ad9c87ddc00d9d-9e86466e,3168355.303735,0.000043,1,1,1509,1427,0,0
decode,chatcmpl-84ad9c87ddc00d9d-9e86466e,3168355.317631,0.000043,1,1,1511,1428,0,0
decode,chatcmpl-84ad9c87ddc00d9d-9e86466e,3168355.331428,0.000043,1,1,1513,1429,0,0
decode,chatcmpl-84ad9c87ddc00d9d-9e86466e,3168355.345239,0.000043,1,1,1515,1430,0,0
decode,chatcmpl-84ad9c87ddc00d9d-9e86466e,3168355.359042,0.000043,1,1,1517,1431,0,0
decode,chatcmpl-84ad9c87ddc00d9d-9e86466e,3168355.372857,0.000040,1,1,1519,1432,0,0
decode,chatcmpl-84ad9c87ddc00d9d-9e86466e,3168355.386654,0.000042,1,1,1521,1433,0,0
decode,chatcmpl-84ad9c87ddc00d9d-9e86466e,3168355.400456,0.000044,1,1,1523,1434,0,0
decode,chatcmpl-84ad9c87ddc00d9d-9e86466e,3168355.414244,0.000042,1,1,1525,1435,0,0
decode,chatcmpl-84ad9c87ddc00d9d-9e86466e,3168355.428055,0.000042,1,1,1527,1436,0,0
decode,chatcmpl-84ad9c87ddc00d9d-9e86466e,3168355.441859,0.000041,1,1,1529,1437,0,0
decode,chatcmpl-84ad9c87ddc00d9d-9e86466e,3168355.455650,0.000043,1,1,1531,1438,0,0
decode,chatcmpl-84ad9c87ddc00d9d-9e86466e,3168355.469560,0.000043,1,1,1533,1439,0,0
decode,chatcmpl-84ad9c87ddc00d9d-9e86466e,3168355.483358,0.000042,1,1,1535,1440,0,0
decode,chatcmpl-84ad9c87ddc00d9d-9e86466e,3168355.497178,0.000042,1,1,1537,1441,0,0
decode,chatcmpl-84ad9c87ddc00d9d-9e86466e,3168355.510987,0.000042,1,1,1539,1442,0,0
decode,chatcmpl-84ad9c87ddc00d9d-9e86466e,3168355.524795,0.000043,1,1,1541,1443,0,0
decode,chatcmpl-84ad9c87ddc00d9d-9e86466e,3168355.538584,0.000042,1,1,1543,1444,0,0
decode,chatcmpl-84ad9c87ddc00d9d-9e86466e,3168355.552404,0.000041,1,1,1545,1445,0,0
decode,chatcmpl-84ad9c87ddc00d9d-9e86466e,3168355.566200,0.000042,1,1,1547,1446,0,0
decode,chatcmpl-84ad9c87ddc00d9d-9e86466e,3168355.579984,0.000058,1,1,1549,1447,0,0
decode,chatcmpl-84ad9c87ddc00d9d-9e86466e,3168355.593791,0.000044,1,1,1551,1448,0,0
decode,chatcmpl-84ad9c87ddc00d9d-9e86466e,3168355.607590,0.000042,1,1,1553,1449,0,0
decode,chatcmpl-84ad9c87ddc00d9d-9e86466e,3168355.621512,0.000041,1,1,1555,1450,0,0
decode,chatcmpl-84ad9c87ddc00d9d-9e86466e,3168355.635312,0.000041,1,1,1557,1451,0,0
decode,chatcmpl-84ad9c87ddc00d9d-9e86466e,3168355.649118,0.000043,1,1,1559,1452,0,0
decode,chatcmpl-84ad9c87ddc00d9d-9e86466e,3168355.662901,0.000042,1,1,1561,1453,0,0
decode,chatcmpl-84ad9c87ddc00d9d-9e86466e,3168355.676718,0.000041,1,1,1563,1454,0,0
decode,chatcmpl-84ad9c87ddc00d9d-9e86466e,3168355.690500,0.000044,1,1,1565,1455,0,0
decode,chatcmpl-84ad9c87ddc00d9d-9e86466e,3168355.704283,0.000040,1,1,1567,1456,0,0
decode,chatcmpl-84ad9c87ddc00d9d-9e86466e,3168355.718062,0.000041,1,1,1569,1457,0,0
decode,chatcmpl-84ad9c87ddc00d9d-9e86466e,3168355.731865,0.000041,1,1,1571,1458,0,0
decode,chatcmpl-84ad9c87ddc00d9d-9e86466e,3168355.745664,0.000041,1,1,1573,1459,0,0
decode,chatcmpl-84ad9c87ddc00d9d-9e86466e,3168355.759448,0.000042,1,1,1575,1460,0,0
decode,chatcmpl-84ad9c87ddc00d9d-9e86466e,3168355.773251,0.000042,1,1,1577,1461,0,0
decode,chatcmpl-84ad9c87ddc00d9d-9e86466e,3168355.787042,0.000042,1,1,1579,1462,0,0
decode,,3168355.800829,0.000090,0,0,,,0,0
decode,,3168355.801209,0.000057,0,0,,,0,0
prefill,chatcmpl-a7de0f2433c9b72c-8d1063b7,3168355.880116,0.000665,1,1403,1403,0,1,0
encoder,chatcmpl-a7de0f2433c9b72c-8d1063b7,3168355.882417,0.375097,1,0,,, 1,0
decode,chatcmpl-a7de0f2433c9b72c-8d1063b7,3168356.416219,0.000046,1,1,1404,1403,0,0
decode,chatcmpl-a7de0f2433c9b72c-8d1063b7,3168356.430421,0.000042,1,1,1406,1404,0,0
decode,chatcmpl-a7de0f2433c9b72c-8d1063b7,3168356.444282,0.000040,1,1,1408,1405,0,0
decode,chatcmpl-a7de0f2433c9b72c-8d1063b7,3168356.458109,0.000044,1,1,1410,1406,0,0
decode,chatcmpl-a7de0f2433c9b72c-8d1063b7,3168356.471921,0.000042,1,1,1412,1407,0,0
decode,chatcmpl-a7de0f2433c9b72c-8d1063b7,3168356.485728,0.000053,1,1,1414,1408,0,0
decode,chatcmpl-a7de0f2433c9b72c-8d1063b7,3168356.499534,0.000042,1,1,1416,1409,0,0
decode,chatcmpl-a7de0f2433c9b72c-8d1063b7,3168356.513343,0.000041,1,1,1418,1410,0,0
decode,chatcmpl-a7de0f2433c9b72c-8d1063b7,3168356.527141,0.000043,1,1,1420,1411,0,0
decode,chatcmpl-a7de0f2433c9b72c-8d1063b7,3168356.540977,0.000043,1,1,1422,1412,0,0
decode,chatcmpl-a7de0f2433c9b72c-8d1063b7,3168356.554893,0.000040,1,1,1424,1413,0,0
decode,chatcmpl-a7de0f2433c9b72c-8d1063b7,3168356.568710,0.000040,1,1,1426,1414,0,0
decode,chatcmpl-a7de0f2433c9b72c-8d1063b7,3168356.582513,0.000043,1,1,1428,1415,0,0
decode,chatcmpl-a7de0f2433c9b72c-8d1063b7,3168356.596323,0.000040,1,1,1430,1416,0,0
decode,chatcmpl-a7de0f2433c9b72c-8d1063b7,3168356.610115,0.000042,1,1,1432,1417,0,0
decode,chatcmpl-a7de0f2433c9b72c-8d1063b7,3168356.623924,0.000043,1,1,1434,1418,0,0
decode,chatcmpl-a7de0f2433c9b72c-8d1063b7,3168356.637752,0.000044,1,1,1436,1419,0,0
decode,chatcmpl-a7de0f2433c9b72c-8d1063b7,3168356.651547,0.000042,1,1,1438,1420,0,0
decode,chatcmpl-a7de0f2433c9b72c-8d1063b7,3168356.665363,0.000042,1,1,1440,1421,0,0
decode,chatcmpl-a7de0f2433c9b72c-8d1063b7,3168356.679148,0.000042,1,1,1442,1422,0,0
decode,chatcmpl-a7de0f2433c9b72c-8d1063b7,3168356.692983,0.000042,1,1,1444,1423,0,0
decode,chatcmpl-a7de0f2433c9b72c-8d1063b7,3168356.706902,0.000042,1,1,1446,1424,0,0
decode,chatcmpl-a7de0f2433c9b72c-8d1063b7,3168356.720718,0.000043,1,1,1448,1425,0,0
decode,chatcmpl-a7de0f2433c9b72c-8d1063b7,3168356.734495,0.000042,1,1,1450,1426,0,0
decode,chatcmpl-a7de0f2433c9b72c-8d1063b7,3168356.748297,0.000043,1,1,1452,1427,0,0
decode,chatcmpl-a7de0f2433c9b72c-8d1063b7,3168356.762106,0.000044,1,1,1454,1428,0,0
decode,chatcmpl-a7de0f2433c9b72c-8d1063b7,3168356.775911,0.000043,1,1,1456,1429,0,0
decode,chatcmpl-a7de0f2433c9b72c-8d1063b7,3168356.789719,0.000042,1,1,1458,1430,0,0
decode,chatcmpl-a7de0f2433c9b72c-8d1063b7,3168356.803531,0.000043,1,1,1460,1431,0,0
decode,chatcmpl-a7de0f2433c9b72c-8d1063b7,3168356.817586,0.000042,1,1,1462,1432,0,0
decode,chatcmpl-a7de0f2433c9b72c-8d1063b7,3168356.831341,0.000041,1,1,1464,1433,0,0
decode,chatcmpl-a7de0f2433c9b72c-8d1063b7,3168356.845158,0.000043,1,1,1466,1434,0,0
decode,chatcmpl-a7de0f2433c9b72c-8d1063b7,3168356.859077,0.000042,1,1,1468,1435,0,0
decode,chatcmpl-a7de0f2433c9b72c-8d1063b7,3168356.872904,0.000044,1,1,1470,1436,0,0
decode,chatcmpl-a7de0f2433c9b72c-8d1063b7,3168356.886688,0.000041,1,1,1472,1437,0,0
decode,chatcmpl-a7de0f2433c9b72c-8d1063b7,3168356.900496,0.000042,1,1,1474,1438,0,0
decode,chatcmpl-a7de0f2433c9b72c-8d1063b7,3168356.914296,0.000042,1,1,1476,1439,0,0
decode,chatcmpl-a7de0f2433c9b72c-8d1063b7,3168356.928100,0.000043,1,1,1478,1440,0,0
decode,chatcmpl-a7de0f2433c9b72c-8d1063b7,3168356.941892,0.000045,1,1,1480,1441,0,0
decode,chatcmpl-a7de0f2433c9b72c-8d1063b7,3168356.955694,0.000042,1,1,1482,1442,0,0
decode,chatcmpl-a7de0f2433c9b72c-8d1063b7,3168356.969495,0.000044,1,1,1484,1443,0,0
decode,chatcmpl-a7de0f2433c9b72c-8d1063b7,3168356.983287,0.000042,1,1,1486,1444,0,0
decode,chatcmpl-a7de0f2433c9b72c-8d1063b7,3168356.997075,0.000041,1,1,1488,1445,0,0
decode,chatcmpl-a7de0f2433c9b72c-8d1063b7,3168357.011000,0.000043,1,1,1490,1446,0,0
decode,chatcmpl-a7de0f2433c9b72c-8d1063b7,3168357.024843,0.000042,1,1,1492,1447,0,0
decode,chatcmpl-a7de0f2433c9b72c-8d1063b7,3168357.038631,0.000042,1,1,1494,1448,0,0
decode,chatcmpl-a7de0f2433c9b72c-8d1063b7,3168357.052446,0.000043,1,1,1496,1449,0,0
decode,chatcmpl-a7de0f2433c9b72c-8d1063b7,3168357.066245,0.000043,1,1,1498,1450,0,0
decode,chatcmpl-a7de0f2433c9b72c-8d1063b7,3168357.080090,0.000042,1,1,1500,1451,0,0
decode,chatcmpl-a7de0f2433c9b72c-8d1063b7,3168357.093832,0.000043,1,1,1502,1452,0,0
decode,chatcmpl-a7de0f2433c9b72c-8d1063b7,3168357.107616,0.000042,1,1,1504,1453,0,0
decode,chatcmpl-a7de0f2433c9b72c-8d1063b7,3168357.121411,0.000043,1,1,1506,1454,0,0
decode,chatcmpl-a7de0f2433c9b72c-8d1063b7,3168357.135211,0.000043,1,1,1508,1455,0,0
decode,chatcmpl-a7de0f2433c9b72c-8d1063b7,3168357.149015,0.000043,1,1,1510,1456,0,0
decode,chatcmpl-a7de0f2433c9b72c-8d1063b7,3168357.162924,0.000041,1,1,1512,1457,0,0
decode,chatcmpl-a7de0f2433c9b72c-8d1063b7,3168357.176734,0.000043,1,1,1514,1458,0,0
decode,chatcmpl-a7de0f2433c9b72c-8d1063b7,3168357.190531,0.000041,1,1,1516,1459,0,0
decode,chatcmpl-a7de0f2433c9b72c-8d1063b7,3168357.204334,0.000042,1,1,1518,1460,0,0
decode,chatcmpl-a7de0f2433c9b72c-8d1063b7,3168357.218147,0.000041,1,1,1520,1461,0,0
decode,chatcmpl-a7de0f2433c9b72c-8d1063b7,3168357.231976,0.000048,1,1,1522,1462,0,0
decode,chatcmpl-a7de0f2433c9b72c-8d1063b7,3168357.245771,0.000043,1,1,1524,1463,0,0
decode,chatcmpl-a7de0f2433c9b72c-8d1063b7,3168357.259568,0.000043,1,1,1526,1464,0,0
decode,chatcmpl-a7de0f2433c9b72c-8d1063b7,3168357.273388,0.000043,1,1,1528,1465,0,0
decode,chatcmpl-a7de0f2433c9b72c-8d1063b7,3168357.287213,0.000041,1,1,1530,1466,0,0
decode,chatcmpl-a7de0f2433c9b72c-8d1063b7,3168357.301013,0.000042,1,1,1532,1467,0,0
decode,chatcmpl-a7de0f2433c9b72c-8d1063b7,3168357.314923,0.000041,1,1,1534,1468,0,0
decode,chatcmpl-a7de0f2433c9b72c-8d1063b7,3168357.328723,0.000044,1,1,1536,1469,0,0
decode,chatcmpl-a7de0f2433c9b72c-8d1063b7,3168357.342508,0.000044,1,1,1538,1470,0,0
decode,chatcmpl-a7de0f2433c9b72c-8d1063b7,3168357.356317,0.000043,1,1,1540,1471,0,0
decode,chatcmpl-a7de0f2433c9b72c-8d1063b7,3168357.370112,0.000043,1,1,1542,1472,0,0
decode,chatcmpl-a7de0f2433c9b72c-8d1063b7,3168357.383887,0.000042,1,1,1544,1473,0,0
decode,chatcmpl-a7de0f2433c9b72c-8d1063b7,3168357.397682,0.000043,1,1,1546,1474,0,0
decode,chatcmpl-a7de0f2433c9b72c-8d1063b7,3168357.411464,0.000041,1,1,1548,1475,0,0
decode,chatcmpl-a7de0f2433c9b72c-8d1063b7,3168357.425282,0.000043,1,1,1550,1476,0,0
decode,chatcmpl-a7de0f2433c9b72c-8d1063b7,3168357.439074,0.000042,1,1,1552,1477,0,0
decode,chatcmpl-a7de0f2433c9b72c-8d1063b7,3168357.452885,0.000041,1,1,1554,1478,0,0
decode,chatcmpl-a7de0f2433c9b72c-8d1063b7,3168357.466781,0.000042,1,1,1556,1479,0,0
decode,chatcmpl-a7de0f2433c9b72c-8d1063b7,3168357.480601,0.000043,1,1,1558,1480,0,0
decode,chatcmpl-a7de0f2433c9b72c-8d1063b7,3168357.494411,0.000043,1,1,1560,1481,0,0
decode,chatcmpl-a7de0f2433c9b72c-8d1063b7,3168357.508203,0.000041,1,1,1562,1482,0,0
decode,chatcmpl-a7de0f2433c9b72c-8d1063b7,3168357.522003,0.000041,1,1,1564,1483,0,0
decode,chatcmpl-a7de0f2433c9b72c-8d1063b7,3168357.535788,0.000042,1,1,1566,1484,0,0
decode,chatcmpl-a7de0f2433c9b72c-8d1063b7,3168357.549580,0.000043,1,1,1568,1485,0,0
decode,chatcmpl-a7de0f2433c9b72c-8d1063b7,3168357.563373,0.000042,1,1,1570,1486,0,0
decode,chatcmpl-a7de0f2433c9b72c-8d1063b7,3168357.577180,0.000043,1,1,1572,1487,0,0
decode,chatcmpl-a7de0f2433c9b72c-8d1063b7,3168357.590957,0.000044,1,1,1574,1488,0,0
decode,chatcmpl-a7de0f2433c9b72c-8d1063b7,3168357.604762,0.000041,1,1,1576,1489,0,0
decode,chatcmpl-a7de0f2433c9b72c-8d1063b7,3168357.618657,0.000043,1,1,1578,1490,0,0
decode,chatcmpl-a7de0f2433c9b72c-8d1063b7,3168357.632454,0.000043,1,1,1580,1491,0,0
decode,chatcmpl-a7de0f2433c9b72c-8d1063b7,3168357.646247,0.000043,1,1,1582,1492,0,0
decode,chatcmpl-a7de0f2433c9b72c-8d1063b7,3168357.660043,0.000042,1,1,1584,1493,0,0
decode,chatcmpl-a7de0f2433c9b72c-8d1063b7,3168357.673850,0.000041,1,1,1586,1494,0,0
decode,chatcmpl-a7de0f2433c9b72c-8d1063b7,3168357.687645,0.000042,1,1,1588,1495,0,0
decode,chatcmpl-a7de0f2433c9b72c-8d1063b7,3168357.701454,0.000045,1,1,1590,1496,0,0
decode,chatcmpl-a7de0f2433c9b72c-8d1063b7,3168357.715253,0.000043,1,1,1592,1497,0,0
decode,chatcmpl-a7de0f2433c9b72c-8d1063b7,3168357.729069,0.000042,1,1,1594,1498,0,0
decode,chatcmpl-a7de0f2433c9b72c-8d1063b7,3168357.742855,0.000040,1,1,1596,1499,0,0
decode,chatcmpl-a7de0f2433c9b72c-8d1063b7,3168357.756684,0.000042,1,1,1598,1500,0,0
decode,chatcmpl-a7de0f2433c9b72c-8d1063b7,3168357.770608,0.000041,1,1,1600,1501,0,0
decode,chatcmpl-a7de0f2433c9b72c-8d1063b7,3168357.784433,0.000043,1,1,1602,1502,0,0
decode,chatcmpl-a7de0f2433c9b72c-8d1063b7,3168357.798261,0.000044,1,1,1604,1503,0,0
decode,chatcmpl-a7de0f2433c9b72c-8d1063b7,3168357.812091,0.000042,1,1,1606,1504,0,0
decode,chatcmpl-a7de0f2433c9b72c-8d1063b7,3168357.825894,0.000042,1,1,1608,1505,0,0
decode,chatcmpl-a7de0f2433c9b72c-8d1063b7,3168357.839687,0.000043,1,1,1610,1506,0,0
decode,chatcmpl-a7de0f2433c9b72c-8d1063b7,3168357.853493,0.000042,1,1,1612,1507,0,0
decode,chatcmpl-a7de0f2433c9b72c-8d1063b7,3168357.867289,0.000042,1,1,1614,1508,0,0
decode,chatcmpl-a7de0f2433c9b72c-8d1063b7,3168357.881074,0.000042,1,1,1616,1509,0,0
decode,chatcmpl-a7de0f2433c9b72c-8d1063b7,3168357.894871,0.000042,1,1,1618,1510,0,0
decode,chatcmpl-a7de0f2433c9b72c-8d1063b7,3168357.908670,0.000044,1,1,1620,1511,0,0
decode,chatcmpl-a7de0f2433c9b72c-8d1063b7,3168357.922607,0.000042,1,1,1622,1512,0,0
decode,chatcmpl-a7de0f2433c9b72c-8d1063b7,3168357.936414,0.000042,1,1,1624,1513,0,0
decode,chatcmpl-a7de0f2433c9b72c-8d1063b7,3168357.950212,0.000042,1,1,1626,1514,0,0
decode,chatcmpl-a7de0f2433c9b72c-8d1063b7,3168357.964000,0.000045,1,1,1628,1515,0,0
decode,chatcmpl-a7de0f2433c9b72c-8d1063b7,3168357.977797,0.000042,1,1,1630,1516,0,0
decode,chatcmpl-a7de0f2433c9b72c-8d1063b7,3168357.991575,0.000043,1,1,1632,1517,0,0
decode,chatcmpl-a7de0f2433c9b72c-8d1063b7,3168358.005361,0.000044,1,1,1634,1518,0,0
decode,chatcmpl-a7de0f2433c9b72c-8d1063b7,3168358.019153,0.000042,1,1,1636,1519,0,0
decode,chatcmpl-a7de0f2433c9b72c-8d1063b7,3168358.032974,0.000041,1,1,1638,1520,0,0
decode,chatcmpl-a7de0f2433c9b72c-8d1063b7,3168358.046754,0.000042,1,1,1640,1521,0,0
decode,chatcmpl-a7de0f2433c9b72c-8d1063b7,3168358.060568,0.000043,1,1,1642,1522,0,0
decode,chatcmpl-a7de0f2433c9b72c-8d1063b7,3168358.074478,0.000040,1,1,1644,1523,0,0
decode,chatcmpl-a7de0f2433c9b72c-8d1063b7,3168358.088278,0.000043,1,1,1646,1524,0,0
decode,,3168358.102057,0.000088,0,0,,,0,0
decode,,3168358.102388,0.000146,0,0,,,0,0
